--common begin
/* Drop Tables */
DROP TABLE SYS_DATA_PERMISSION_FILTER CASCADE CONSTRAINTS;
DROP TABLE SYS_MODULE_DEFINITION CASCADE CONSTRAINTS;
DROP TABLE SYS_USER_TO_PRIVILEGE CASCADE CONSTRAINTS;
DROP TABLE SYS_ROLE_TO_PRIVILEGE CASCADE CONSTRAINTS;
DROP TABLE SYS_PRIVILEGE CASCADE CONSTRAINTS;
DROP TABLE SYS_USER_TO_ROLE CASCADE CONSTRAINTS;
DROP TABLE SYS_ROLE CASCADE CONSTRAINTS;
DROP TABLE SYS_USER CASCADE CONSTRAINTS;
DROP TABLE SYS_DEPARTMENT CASCADE CONSTRAINTS;
DROP TABLE SYS_MENU CASCADE CONSTRAINTS;
DROP TABLE SYS_MESSAGE CASCADE CONSTRAINTS;
DROP TABLE SYS_DICTIONARY_GROUP CASCADE CONSTRAINTS;
DROP TABLE SYS_DICTIONARY CASCADE CONSTRAINTS;
DROP TABLE SYS_LOG_LOG CASCADE CONSTRAINTS;
DROP TABLE SYS_LOG_PARAM CASCADE CONSTRAINTS;
DROP TABLE EXCEPTION_LOG CASCADE CONSTRAINTS;
DROP TABLE SYS_THEME_SKIN CASCADE CONSTRAINTS;
DROP TABLE DT_UPLOAD_FILE CASCADE CONSTRAINTS;

/* Create Tables */
CREATE TABLE SYS_USER_TO_PRIVILEGE
(
	SYS_USER_ID varchar2(50) NOT NULL,
	SYS_PRIVILEGE_ID varchar2(50) NOT NULL,
	PRIMARY KEY (SYS_USER_ID, SYS_PRIVILEGE_ID)
);

CREATE TABLE SYS_ROLE_TO_PRIVILEGE
(
	SYS_ROLE_ID varchar2(50) NOT NULL,
	SYS_PRIVILEGE_ID varchar2(50) NOT NULL,
	PRIMARY KEY (SYS_ROLE_ID, SYS_PRIVILEGE_ID)
);

CREATE TABLE SYS_PRIVILEGE
(
	SYS_PRIVILEGE_ID varchar2(50) NOT NULL,
	SYS_MENU_ID varchar2(50) NOT NULL,
	PRIVILEGE_CODE varchar2(100),
	PRIVILEGE_NAME varchar2(100),
	DESCRIPTION varchar2(500),
	USERS_COUNT number,
	ROLES_COUNT number,
	ALL_USERS_COUNT number,
	DISPLAY_ORDER number,
	PRIMARY KEY (SYS_PRIVILEGE_ID),
	CONSTRAINT UK_PRIVILEGE_NAME UNIQUE (PRIVILEGE_NAME)
);

CREATE TABLE SYS_USER_TO_ROLE
(
	SYS_USER_ID varchar2(50) NOT NULL,
	SYS_ROLE_ID varchar2(50) NOT NULL,
	PRIMARY KEY (SYS_USER_ID, SYS_ROLE_ID)
);

CREATE TABLE SYS_ROLE
(
	SYS_ROLE_ID varchar2(50) NOT NULL,
	ROLE_NAME varchar2(100) NOT NULL,
	DESCRIPTION varchar2(500),
	USERS_COUNT number,
	PRIVILEGES_COUNT number,
	DEPARTMENTS_COUNT number,
	CREATE_BY varchar2(100) NOT NULL,
	CREATE_DATE timestamp(0) NOT NULL,
	UPDATE_BY varchar2(100),
	UPDATE_DATE timestamp(0),
	PRIMARY KEY (SYS_ROLE_ID),
	CONSTRAINT UK_ROLE_NAME UNIQUE (ROLE_NAME)
);

CREATE TABLE SYS_DEPARTMENT
(
	SYS_DEPARTMENT_ID varchar2(50) NOT NULL,
	CODE varchar2(30),
	DEPARTMENT_NAME varchar2(100),
	PARENT_ID varchar2(50),
	DESCRIPTION varchar2(500),
	ADMIN_USER_ID varchar2(50),
	CREATE_BY varchar2(100) NOT NULL,
	CREATE_DATE timestamp(0) NOT NULL,
	UPDATE_BY varchar2(100),
	UPDATE_DATE timestamp(0),
	STATUS varchar2(2),
	PRIMARY KEY (SYS_DEPARTMENT_ID)
);

CREATE TABLE SYS_MENU
(
	SYS_MENU_ID varchar2(50) NOT NULL,
	PARENT_ID varchar2(50) NOT NULL,
	MENU_NAME varchar2(100) NOT NULL,
	MENU_URL varchar2(400),
	MENU_ICON varchar2(100),
	DISPLAY_ORDER number,
	PRIMARY KEY (SYS_MENU_ID)
);

CREATE TABLE SYS_MESSAGE (
  ID varchar(50) NOT NULL,
  TITLE varchar(250) DEFAULT NULL,
  CONTENT varchar(4000) DEFAULT NULL,
  SEND_DATE date DEFAULT NULL,
  SENDER_ID varchar(50) DEFAULT NULL,
  RECEIVER_ID varchar(50) DEFAULT NULL,
  STATE varchar(10) DEFAULT NULL,
  INSTANCE_ID varchar(50) DEFAULT NULL,
  PRIMARY KEY (ID)
);

CREATE TABLE SYS_MODULE_DEFINITION (
  ID varchar(50) NOT NULL,
  NAME varchar(50) DEFAULT NULL,
  DESCRIPTION varchar(500) DEFAULT NULL,
  DISPLAY_ORDER number,
  MENU_ID varchar(50) DEFAULT NULL,
  PRIMARY KEY (ID)
);

CREATE TABLE SYS_USER
(
	SYS_USER_ID varchar2(50) NOT NULL,
	USERNAME varchar2(100) NOT NULL,
	PASSWORD varchar2(100) NOT NULL,
	ENABLED char NOT NULL,
	STATE varchar2(4) NOT NULL,
	ROLES_COUNT number,
	PRIVILEGES_COUNT number,
	CREATE_BY varchar2(100) NOT NULL,
	CREATE_DATE timestamp(0) NOT NULL,
	UPDATE_BY varchar2(100),
	UPDATE_DATE timestamp(0),
	SYS_DEPARTMENT_ID varchar2(50),
	GENDER char NOT NULL,
	REAL_NAME varchar2(50),
	ID_CARD varchar2(20),
	ADDRESS varchar2(250),
	EMAIL varchar2(100),
	PHONE_NUMBER varchar2(100),
	IS_DEPARTMENT_ADMIN varchar2(4) DEFAULT '0',
	type                VARCHAR2(4) default '3',
	PRIMARY KEY (SYS_USER_ID)
);

CREATE TABLE SYS_DATA_PERMISSION_FILTER
(
	ID varchar2(50) NOT NULL,
	SYS_MENU_ID varchar2(50) NOT NULL,
	SYS_MENU_NAME varchar2(100) NOT NULL,
	DATA_FILTER varchar2(2000) DEFAULT NULL,
	DESCRIPTION varchar2(500) DEFAULT NULL,
	PRIMARY KEY (ID)
);

CREATE TABLE SYS_DICTIONARY_GROUP (
  ID varchar(50) NOT NULL,
  GROUP_KEY varchar(50) DEFAULT NULL,
  GROUP_NAME varchar(50) DEFAULT NULL,
  DESCRIPTION varchar(1000) DEFAULT NULL,
  PRIMARY KEY (ID)
);

CREATE TABLE SYS_DICTIONARY (
  ID varchar(50) NOT NULL,
  GROUP_ID varchar(50) DEFAULT NULL,
  DICT_KEY varchar(50) DEFAULT NULL,
  DICT_VALUE varchar(50) DEFAULT NULL,
  DICT_ORDER int DEFAULT '0',
  PRIMARY KEY (ID)
);

CREATE TABLE SYS_LOG_LOG
(
   SYS_LOG_LOG_ID VARCHAR2(50 BYTE) NOT NULL,
	ACCESS_URL VARCHAR2(500 BYTE) NOT NULL,
	ACCESS_NAME VARCHAR2(500 BYTE),
	LOG_DATE TIMESTAMP (0) NOT NULL,
	USERNAME VARCHAR2(100 BYTE),
	IP VARCHAR2(20 BYTE) NOT NULL,
	LOG_TYPE char(1) DEFAULT '1',
	PRIMARY KEY (SYS_LOG_LOG_ID)
);

CREATE TABLE SYS_LOG_PARAM
(
   SYS_LOG_PARAM_ID VARCHAR2(50 BYTE) NOT NULL,
	PARAM_NAME VARCHAR2(100 BYTE),
	PARAM_VALUE VARCHAR2(100 BYTE),
	SYS_LOG_LOG_ID VARCHAR2(50 BYTE) NOT NULL,
	PRIMARY KEY (SYS_LOG_PARAM_ID)
);

CREATE TABLE EXCEPTION_LOG
(
  LOG_ID     VARCHAR2(50) NOT NULL,
  ACCESSURL  VARCHAR2(500),
  METHODNAME VARCHAR2(50),
  USERNAME   VARCHAR2(100),
  IP         VARCHAR2(50),
  LOGPARAMS  VARCHAR2(2000),
  LOGDATE    TIMESTAMP(0) DEFAULT SYSDATE,
  TYPE       VARCHAR2(100),
  USERID     VARCHAR2(50),
  DEPARTNAME VARCHAR2(200),
  MESSAGE    clob
);

--添加系统主题配置表
-- Create table
CREATE TABLE SYS_THEME_SKIN
(
  USER_ID           VARCHAR2(50) NOT NULL,
  THEME_COLOR       VARCHAR2(50),
  LAYOUT            VARCHAR2(50),
  THEME_STYLE       VARCHAR2(50),
  HEADER            VARCHAR2(50),
  TOP_MENU_DROPDOWN VARCHAR2(50),
  SIDEBAR_MODE      VARCHAR2(50),
  SIDEBAR_MENU      VARCHAR2(50),
  SIDEBAR_STYLE     VARCHAR2(50),
  SIDEBAR_POSITION  VARCHAR2(50),
  FOOTER            VARCHAR2(50),
  CREATE_TIME       DATE
);

CREATE TABLE DT_UPLOAD_FILE
(
  UPLOAD_FILE_ID VARCHAR2(50) NOT NULL,
  FILE_NAME      VARCHAR2(200),
  FILE_PATH      VARCHAR2(200),
  FILE_TYPE      VARCHAR2(50),
  CREATE_DATE    DATE,
  SYS_USER_ID    VARCHAR2(50),
  BUSINESS_ID    VARCHAR2(50),
  FILE_VIEWPATH  VARCHAR2(200),
  ICON           VARCHAR2(200),
  PRIMARY KEY (UPLOAD_FILE_ID)
);

ALTER TABLE SYS_THEME_SKIN
ADD CONSTRAINT PK_SYS_THEME_SKIN PRIMARY KEY (USER_ID)
USING INDEX;


/* Create Foreign Keys */
ALTER TABLE SYS_USER_TO_PRIVILEGE
	ADD FOREIGN KEY (SYS_PRIVILEGE_ID)
	REFERENCES SYS_PRIVILEGE (SYS_PRIVILEGE_ID)
;


ALTER TABLE SYS_ROLE_TO_PRIVILEGE
	ADD FOREIGN KEY (SYS_PRIVILEGE_ID)
	REFERENCES SYS_PRIVILEGE (SYS_PRIVILEGE_ID)
;


ALTER TABLE SYS_ROLE_TO_PRIVILEGE
	ADD FOREIGN KEY (SYS_ROLE_ID)
	REFERENCES SYS_ROLE (SYS_ROLE_ID)
;


ALTER TABLE SYS_USER_TO_ROLE
	ADD FOREIGN KEY (SYS_ROLE_ID)
	REFERENCES SYS_ROLE (SYS_ROLE_ID)
;


ALTER TABLE SYS_USER
	ADD FOREIGN KEY (SYS_DEPARTMENT_ID)
	REFERENCES SYS_DEPARTMENT (SYS_DEPARTMENT_ID)
;


ALTER TABLE SYS_PRIVILEGE
	ADD FOREIGN KEY (SYS_MENU_ID)
	REFERENCES SYS_MENU (SYS_MENU_ID)
;


ALTER TABLE SYS_USER_TO_PRIVILEGE
	ADD FOREIGN KEY (SYS_USER_ID)
	REFERENCES SYS_USER (SYS_USER_ID)
;


ALTER TABLE SYS_USER_TO_ROLE
	ADD FOREIGN KEY (SYS_USER_ID)
	REFERENCES SYS_USER (SYS_USER_ID)
;

ALTER TABLE SYS_LOG_PARAM
	ADD FOREIGN KEY (SYS_LOG_LOG_ID)
	REFERENCES SYS_LOG_LOG (SYS_LOG_LOG_ID);

create index SYS_MODULE_IDX_MENU on SYS_MODULE_DEFINITION(MENU_ID);
alter table SYS_MODULE_DEFINITION
    add CONSTRAINT SYS_MODULE_FK_MENU
    FOREIGN KEY (MENU_ID)
    REFERENCES SYS_MENU (SYS_MENU_ID);

create index SYS_DATA_PERMISSION_IDX_MENU on SYS_DATA_PERMISSION_FILTER(SYS_MENU_ID);
alter table SYS_DATA_PERMISSION_FILTER
    add CONSTRAINT SYS_DATA_PERMISSION_FK_MENU
    FOREIGN KEY (SYS_MENU_ID)
    REFERENCES SYS_MENU (SYS_MENU_ID);

create index SYS_DICTIONARY_IDX_GROUP on SYS_DICTIONARY(GROUP_ID);
alter table SYS_DICTIONARY
    add CONSTRAINT SYS_DICTIONARY_FK_GROUP
    FOREIGN KEY (GROUP_ID)
    REFERENCES SYS_DICTIONARY_GROUP (ID);


/* Comments */
COMMENT ON TABLE SYS_DATA_PERMISSION_FILTER IS '数据权限表';
COMMENT ON COLUMN SYS_DATA_PERMISSION_FILTER.ID IS '数据权限ID';
COMMENT ON COLUMN SYS_DATA_PERMISSION_FILTER.SYS_MENU_ID IS '数据权限所属菜单ID';
COMMENT ON COLUMN SYS_DATA_PERMISSION_FILTER.SYS_MENU_NAME IS '数据权限所属菜单名称';
COMMENT ON COLUMN SYS_DATA_PERMISSION_FILTER.DATA_FILTER IS '过滤条件';
COMMENT ON COLUMN SYS_DATA_PERMISSION_FILTER.DESCRIPTION IS '说明描述';
COMMENT ON TABLE SYS_DEPARTMENT IS '部门表';
COMMENT ON COLUMN SYS_DEPARTMENT.SYS_DEPARTMENT_ID IS '部门ID';
COMMENT ON COLUMN SYS_DEPARTMENT.DEPARTMENT_NAME IS '部门名称';
COMMENT ON COLUMN SYS_DEPARTMENT.PARENT_ID IS '父部门ID';
COMMENT ON COLUMN SYS_DEPARTMENT.DESCRIPTION IS '描述';
COMMENT ON COLUMN SYS_DEPARTMENT.ADMIN_USER_ID IS '部门负责人用户ID';
COMMENT ON COLUMN SYS_DEPARTMENT.CREATE_BY IS '创建者';
COMMENT ON COLUMN SYS_DEPARTMENT.CREATE_DATE IS '创建时间';
COMMENT ON COLUMN SYS_DEPARTMENT.UPDATE_BY IS '更新者';
COMMENT ON COLUMN SYS_DEPARTMENT.UPDATE_DATE IS '更新时间';
COMMENT ON COLUMN SYS_DEPARTMENT.STATUS IS '状态 0-新增 1-删除';
COMMENT ON TABLE SYS_MENU IS '菜单表';
COMMENT ON COLUMN SYS_MENU.SYS_MENU_ID IS '菜单ID';
COMMENT ON COLUMN SYS_MENU.PARENT_ID IS '父菜单ID';
COMMENT ON COLUMN SYS_MENU.MENU_NAME IS '菜单名称';
COMMENT ON COLUMN SYS_MENU.MENU_URL IS '菜单URL';
COMMENT ON COLUMN SYS_MENU.MENU_ICON IS '菜单图表URL';
COMMENT ON COLUMN SYS_MENU.DISPLAY_ORDER IS '排列优先级';
COMMENT ON TABLE SYS_MESSAGE IS '系统消息表';
COMMENT ON COLUMN SYS_MESSAGE.ID IS '系统消息ID';
COMMENT ON COLUMN SYS_MESSAGE.TITLE IS '消息标题';
COMMENT ON COLUMN SYS_MESSAGE.CONTENT IS '消息内容';
COMMENT ON COLUMN SYS_MESSAGE.SEND_DATE IS '发送时间';
COMMENT ON COLUMN SYS_MESSAGE.SENDER_ID IS '发送用户ID';
COMMENT ON COLUMN SYS_MESSAGE.RECEIVER_ID IS '接受者ID';
COMMENT ON COLUMN SYS_MESSAGE.STATE IS '消息状态';
COMMENT ON COLUMN SYS_MESSAGE.INSTANCE_ID IS '消息实例ID';
COMMENT ON TABLE SYS_MODULE_DEFINITION IS '表单模块表';
COMMENT ON COLUMN SYS_MODULE_DEFINITION.ID IS '表单模块ID';
COMMENT ON COLUMN SYS_MODULE_DEFINITION.NAME IS '表单模块名称';
COMMENT ON COLUMN SYS_MODULE_DEFINITION.DESCRIPTION IS '描述';
COMMENT ON COLUMN SYS_MODULE_DEFINITION.DISPLAY_ORDER IS '排列优先级';
COMMENT ON COLUMN SYS_MODULE_DEFINITION.MENU_ID IS '菜单ID';
COMMENT ON TABLE SYS_PRIVILEGE IS '权限表';
COMMENT ON COLUMN SYS_PRIVILEGE.SYS_PRIVILEGE_ID IS '权限ID';
COMMENT ON COLUMN SYS_PRIVILEGE.SYS_MENU_ID IS '权限所属菜单ID';
COMMENT ON COLUMN SYS_PRIVILEGE.PRIVILEGE_CODE IS '功能权限编码';
COMMENT ON COLUMN SYS_PRIVILEGE.PRIVILEGE_NAME IS '功能权限名称';
COMMENT ON COLUMN SYS_PRIVILEGE.DESCRIPTION IS '说明描述';
COMMENT ON COLUMN SYS_PRIVILEGE.USERS_COUNT IS '用户数量';
COMMENT ON COLUMN SYS_PRIVILEGE.ROLES_COUNT IS '角色数量';
COMMENT ON COLUMN SYS_PRIVILEGE.ALL_USERS_COUNT IS '所有用户数量';
COMMENT ON COLUMN SYS_PRIVILEGE.DISPLAY_ORDER IS '排列优先级';
COMMENT ON TABLE SYS_ROLE IS '角色表';
COMMENT ON COLUMN SYS_ROLE.SYS_ROLE_ID IS '角色ID';
COMMENT ON COLUMN SYS_ROLE.ROLE_NAME IS '角色名称';
COMMENT ON COLUMN SYS_ROLE.DESCRIPTION IS '描述';
COMMENT ON COLUMN SYS_ROLE.USERS_COUNT IS '用户数量';
COMMENT ON COLUMN SYS_ROLE.PRIVILEGES_COUNT IS '权限数量';
COMMENT ON COLUMN SYS_ROLE.DEPARTMENTS_COUNT IS '部门数量';
COMMENT ON COLUMN SYS_ROLE.CREATE_BY IS '创建者';
COMMENT ON COLUMN SYS_ROLE.CREATE_DATE IS '创建时间';
COMMENT ON COLUMN SYS_ROLE.UPDATE_BY IS '更新者';
COMMENT ON COLUMN SYS_ROLE.UPDATE_DATE IS '更新时间';
COMMENT ON TABLE SYS_ROLE_TO_PRIVILEGE IS '角色权限表';
COMMENT ON COLUMN SYS_ROLE_TO_PRIVILEGE.SYS_ROLE_ID IS '角色ID';
COMMENT ON COLUMN SYS_ROLE_TO_PRIVILEGE.SYS_PRIVILEGE_ID IS '权限ID';
COMMENT ON TABLE SYS_USER IS '系统用户表';
COMMENT ON COLUMN SYS_USER.SYS_USER_ID IS '用户ID';
COMMENT ON COLUMN SYS_USER.USERNAME IS '用户名';
COMMENT ON COLUMN SYS_USER.PASSWORD IS '用户密码';
COMMENT ON COLUMN SYS_USER.ENABLED IS '是否可用：1可用;0不可用';
COMMENT ON COLUMN SYS_USER.STATE IS '状态：待审核(3), 通过(1), 不通过(2);';
COMMENT ON COLUMN SYS_USER.ROLES_COUNT IS '角色数量';
COMMENT ON COLUMN SYS_USER.PRIVILEGES_COUNT IS '权限数量';
COMMENT ON COLUMN SYS_USER.CREATE_BY IS '创建者';
COMMENT ON COLUMN SYS_USER.CREATE_DATE IS '创建时间';
COMMENT ON COLUMN SYS_USER.UPDATE_BY IS '更新者';
COMMENT ON COLUMN SYS_USER.UPDATE_DATE IS '更新时间';
COMMENT ON COLUMN SYS_USER.GENDER IS '用户性别';
COMMENT ON COLUMN SYS_USER.REAL_NAME IS '用户真实姓名';
COMMENT ON COLUMN SYS_USER.ID_CARD IS '用户身份证号';
COMMENT ON COLUMN SYS_USER.ADDRESS IS '用户地址';
COMMENT ON COLUMN SYS_USER.EMAIL IS '用户邮箱';
COMMENT ON COLUMN SYS_USER.PHONE_NUMBER IS '联系电话';
COMMENT ON COLUMN SYS_USER.IS_DEPARTMENT_ADMIN IS '是否是部门管理者';
COMMENT ON COLUMN SYS_USER.SYS_DEPARTMENT_ID IS '部门ID';
comment on column SYS_USER.TYPE is '帐号类型：管理员(0), 中心端(1), 业务端(2), 政务端(3);';
COMMENT ON TABLE SYS_USER_TO_PRIVILEGE IS '用户权限表';
COMMENT ON COLUMN SYS_USER_TO_PRIVILEGE.SYS_USER_ID IS '用户ID';
COMMENT ON COLUMN SYS_USER_TO_PRIVILEGE.SYS_PRIVILEGE_ID IS '权限ID';
COMMENT ON TABLE SYS_USER_TO_ROLE IS '用户角色表';
COMMENT ON COLUMN SYS_USER_TO_ROLE.SYS_USER_ID IS '用户ID';
COMMENT ON COLUMN SYS_USER_TO_ROLE.SYS_ROLE_ID IS '角色ID';
COMMENT ON TABLE SYS_DICTIONARY IS '字典表';
COMMENT ON COLUMN SYS_DICTIONARY.ID IS '字典ID';
COMMENT ON COLUMN SYS_DICTIONARY.GROUP_ID IS '字典组ID';
COMMENT ON COLUMN SYS_DICTIONARY.DICT_KEY IS '字典编码';
COMMENT ON COLUMN SYS_DICTIONARY.DICT_VALUE IS '字典值';
COMMENT ON COLUMN SYS_DICTIONARY.DICT_ORDER IS '字典排列优先级';
COMMENT ON TABLE SYS_DICTIONARY_GROUP IS '字典组表';
COMMENT ON COLUMN SYS_DICTIONARY_GROUP.ID IS '字典组ID';
COMMENT ON COLUMN SYS_DICTIONARY_GROUP.GROUP_KEY IS '字典组编码';
COMMENT ON COLUMN SYS_DICTIONARY_GROUP.GROUP_NAME IS '字典组名称';
COMMENT ON COLUMN SYS_DICTIONARY_GROUP.DESCRIPTION IS '描述';
COMMENT ON TABLE EXCEPTION_LOG IS '异常日志表';
COMMENT ON COLUMN EXCEPTION_LOG.LOG_ID IS '异常日志ID';
COMMENT ON COLUMN EXCEPTION_LOG.ACCESSURL IS '异常日志URL';
COMMENT ON COLUMN EXCEPTION_LOG.METHODNAME IS '异常方法名';
COMMENT ON COLUMN EXCEPTION_LOG.USERNAME IS '访问用户名';
COMMENT ON COLUMN EXCEPTION_LOG.IP IS '访问IP';
COMMENT ON COLUMN EXCEPTION_LOG.LOGPARAMS IS '异常日志参数';
COMMENT ON COLUMN EXCEPTION_LOG.LOGDATE IS '异常日志记录时间';
COMMENT ON COLUMN EXCEPTION_LOG.TYPE IS '异常日志类型';
COMMENT ON COLUMN EXCEPTION_LOG.USERID IS '异常日志访问用户ID';
COMMENT ON COLUMN EXCEPTION_LOG.DEPARTNAME IS '异常日志访问部门名称';
COMMENT ON COLUMN EXCEPTION_LOG.MESSAGE IS '异常详细信息';
COMMENT ON TABLE SYS_LOG_LOG IS '系统日志表';
COMMENT ON COLUMN SYS_LOG_LOG.SYS_LOG_LOG_ID IS '日志ID';
COMMENT ON COLUMN SYS_LOG_LOG.ACCESS_URL IS '日志URL';
COMMENT ON COLUMN SYS_LOG_LOG.ACCESS_NAME IS '日志功能名称';
COMMENT ON COLUMN SYS_LOG_LOG.LOG_DATE IS '日志记录时间';
COMMENT ON COLUMN SYS_LOG_LOG.USERNAME IS '日志访问用户名';
COMMENT ON COLUMN SYS_LOG_LOG.IP IS '日志访问IP';
COMMENT ON COLUMN SYS_LOG_LOG.LOG_TYPE IS '日志操作类型（0：登录日志 1：操作日志）';
COMMENT ON TABLE SYS_LOG_PARAM IS '日志记录参数表';
COMMENT ON COLUMN SYS_LOG_PARAM.SYS_LOG_PARAM_ID IS '日志参数ID';
COMMENT ON COLUMN SYS_LOG_PARAM.PARAM_NAME IS '日志参数名称';
COMMENT ON COLUMN SYS_LOG_PARAM.PARAM_VALUE IS '日志参数值';
COMMENT ON COLUMN SYS_LOG_PARAM.SYS_LOG_LOG_ID IS '参数所属系统日志ID';
COMMENT ON TABLE SYS_THEME_SKIN IS '系统主题配置表';
COMMENT ON COLUMN SYS_THEME_SKIN.USER_ID IS '用户ID';
COMMENT ON COLUMN SYS_THEME_SKIN.THEME_COLOR IS '主题颜色';
COMMENT ON COLUMN SYS_THEME_SKIN.LAYOUT IS '布局';
COMMENT ON COLUMN SYS_THEME_SKIN.THEME_STYLE IS '主题样式';
COMMENT ON COLUMN SYS_THEME_SKIN.HEADER IS '顶部';
COMMENT ON COLUMN SYS_THEME_SKIN.TOP_MENU_DROPDOWN IS '顶部下拉菜单皮肤';
COMMENT ON COLUMN SYS_THEME_SKIN.SIDEBAR_MODE IS '侧边栏模式';
COMMENT ON COLUMN SYS_THEME_SKIN.SIDEBAR_MENU IS '侧边栏菜单';
COMMENT ON COLUMN SYS_THEME_SKIN.SIDEBAR_STYLE IS '侧边栏样式';
COMMENT ON COLUMN SYS_THEME_SKIN.SIDEBAR_POSITION IS '侧边栏位置';
COMMENT ON COLUMN SYS_THEME_SKIN.FOOTER IS '底部';
COMMENT ON COLUMN SYS_THEME_SKIN.CREATE_TIME IS '创建时间';
COMMENT ON TABLE DT_UPLOAD_FILE IS '信用业务办理-上传资料文件路径表';
COMMENT ON COLUMN DT_UPLOAD_FILE.UPLOAD_FILE_ID IS '主键';
COMMENT ON COLUMN DT_UPLOAD_FILE.FILE_NAME IS '原始文件名';
COMMENT ON COLUMN DT_UPLOAD_FILE.FILE_PATH IS '服务器文件路径';
COMMENT ON COLUMN DT_UPLOAD_FILE.FILE_TYPE IS '文件类型';
COMMENT ON COLUMN DT_UPLOAD_FILE.CREATE_DATE IS '创建日期';
COMMENT ON COLUMN DT_UPLOAD_FILE.SYS_USER_ID IS '创建者';
COMMENT ON COLUMN DT_UPLOAD_FILE.BUSINESS_ID IS '业务ID';
COMMENT ON COLUMN DT_UPLOAD_FILE.FILE_VIEWPATH IS '文件浏览路径';
COMMENT ON COLUMN DT_UPLOAD_FILE.ICON IS '文件图标';

--定时器初始表
delete from qrtz_fired_triggers;
delete from qrtz_simple_triggers;
delete from qrtz_simprop_triggers;
delete from qrtz_cron_triggers;
delete from qrtz_blob_triggers;
delete from qrtz_triggers;
delete from qrtz_job_details;
delete from qrtz_calendars;
delete from qrtz_paused_trigger_grps;
delete from qrtz_locks;
delete from qrtz_scheduler_state;

drop table qrtz_calendars;
drop table qrtz_fired_triggers;
drop table qrtz_blob_triggers;
drop table qrtz_cron_triggers;
drop table qrtz_simple_triggers;
drop table qrtz_simprop_triggers;
drop table qrtz_triggers;
drop table qrtz_job_details;
drop table qrtz_paused_trigger_grps;
drop table qrtz_locks;
drop table qrtz_scheduler_state;

-- 存储每一个已配置的 Job 的详细信息
CREATE TABLE qrtz_job_details
  (
    SCHED_NAME VARCHAR2(120) NOT NULL,
    JOB_NAME  VARCHAR2(200) NOT NULL,
    JOB_GROUP VARCHAR2(200) NOT NULL,
    DESCRIPTION VARCHAR2(250) NULL,
    JOB_CLASS_NAME   VARCHAR2(250) NOT NULL,
    IS_DURABLE VARCHAR2(1) NOT NULL,
    IS_NONCONCURRENT VARCHAR2(1) NOT NULL,
    IS_UPDATE_DATA VARCHAR2(1) NOT NULL,
    REQUESTS_RECOVERY VARCHAR2(1) NOT NULL,
    JOB_DATA BLOB NULL,
    CONSTRAINT QRTZ_JOB_DETAILS_PK PRIMARY KEY (SCHED_NAME,JOB_NAME,JOB_GROUP)
);
--  存储已配置的 Trigger 的信息
CREATE TABLE qrtz_triggers
  (
    SCHED_NAME VARCHAR2(120) NOT NULL,
    TRIGGER_NAME VARCHAR2(200) NOT NULL,
    TRIGGER_GROUP VARCHAR2(200) NOT NULL,
    JOB_NAME  VARCHAR2(200) NOT NULL,
    JOB_GROUP VARCHAR2(200) NOT NULL,
    DESCRIPTION VARCHAR2(250) NULL,
    NEXT_FIRE_TIME NUMBER(13) NULL,
    PREV_FIRE_TIME NUMBER(13) NULL,
    PRIORITY NUMBER(13) NULL,
    TRIGGER_STATE VARCHAR2(16) NOT NULL,
    TRIGGER_TYPE VARCHAR2(8) NOT NULL,
    START_TIME NUMBER(13) NOT NULL,
    END_TIME NUMBER(13) NULL,
    CALENDAR_NAME VARCHAR2(200) NULL,
    MISFIRE_INSTR NUMBER(2) NULL,
    JOB_DATA BLOB NULL,
    CONSTRAINT QRTZ_TRIGGERS_PK PRIMARY KEY (SCHED_NAME,TRIGGER_NAME,TRIGGER_GROUP),
    CONSTRAINT QRTZ_TRIGGER_TO_JOBS_FK FOREIGN KEY (SCHED_NAME,JOB_NAME,JOB_GROUP)
      REFERENCES QRTZ_JOB_DETAILS(SCHED_NAME,JOB_NAME,JOB_GROUP)
);
-- 存储简单的 Trigger，包括重复次数，间隔，以及已触的次数
CREATE TABLE qrtz_simple_triggers
  (
    SCHED_NAME VARCHAR2(120) NOT NULL,
    TRIGGER_NAME VARCHAR2(200) NOT NULL,
    TRIGGER_GROUP VARCHAR2(200) NOT NULL,
    REPEAT_COUNT NUMBER(7) NOT NULL,
    REPEAT_INTERVAL NUMBER(12) NOT NULL,
    TIMES_TRIGGERED NUMBER(10) NOT NULL,
    CONSTRAINT QRTZ_SIMPLE_TRIG_PK PRIMARY KEY (SCHED_NAME,TRIGGER_NAME,TRIGGER_GROUP),
    CONSTRAINT QRTZ_SIMPLE_TRIG_TO_TRIG_FK FOREIGN KEY (SCHED_NAME,TRIGGER_NAME,TRIGGER_GROUP)
    REFERENCES QRTZ_TRIGGERS(SCHED_NAME,TRIGGER_NAME,TRIGGER_GROUP)
);
-- 存储 Cron Trigger，包括 Cron 表达式和时区信息
CREATE TABLE qrtz_cron_triggers
  (
    SCHED_NAME VARCHAR2(120) NOT NULL,
    TRIGGER_NAME VARCHAR2(200) NOT NULL,
    TRIGGER_GROUP VARCHAR2(200) NOT NULL,
    CRON_EXPRESSION VARCHAR2(120) NOT NULL,
    TIME_ZONE_ID VARCHAR2(80),
    CONSTRAINT QRTZ_CRON_TRIG_PK PRIMARY KEY (SCHED_NAME,TRIGGER_NAME,TRIGGER_GROUP),
    CONSTRAINT QRTZ_CRON_TRIG_TO_TRIG_FK FOREIGN KEY (SCHED_NAME,TRIGGER_NAME,TRIGGER_GROUP)
      REFERENCES QRTZ_TRIGGERS(SCHED_NAME,TRIGGER_NAME,TRIGGER_GROUP)
);
CREATE TABLE qrtz_simprop_triggers
  (
    SCHED_NAME VARCHAR2(120) NOT NULL,
    TRIGGER_NAME VARCHAR2(200) NOT NULL,
    TRIGGER_GROUP VARCHAR2(200) NOT NULL,
    STR_PROP_1 VARCHAR2(512) NULL,
    STR_PROP_2 VARCHAR2(512) NULL,
    STR_PROP_3 VARCHAR2(512) NULL,
    INT_PROP_1 NUMBER(10) NULL,
    INT_PROP_2 NUMBER(10) NULL,
    LONG_PROP_1 NUMBER(13) NULL,
    LONG_PROP_2 NUMBER(13) NULL,
    DEC_PROP_1 NUMERIC(13,4) NULL,
    DEC_PROP_2 NUMERIC(13,4) NULL,
    BOOL_PROP_1 VARCHAR2(1) NULL,
    BOOL_PROP_2 VARCHAR2(1) NULL,
    CONSTRAINT QRTZ_SIMPROP_TRIG_PK PRIMARY KEY (SCHED_NAME,TRIGGER_NAME,TRIGGER_GROUP),
    CONSTRAINT QRTZ_SIMPROP_TRIG_TO_TRIG_FK FOREIGN KEY (SCHED_NAME,TRIGGER_NAME,TRIGGER_GROUP)
      REFERENCES QRTZ_TRIGGERS(SCHED_NAME,TRIGGER_NAME,TRIGGER_GROUP)
);
-- Trigger 作为 Blob 类型存储(用于 Quartz 用户用 JDBC 创建他们自己定制的 Trigger 类型，<span style="color:#800080;">JobStore</span> 并不知道如何存储实例的时候)
CREATE TABLE qrtz_blob_triggers
  (
    SCHED_NAME VARCHAR2(120) NOT NULL,
    TRIGGER_NAME VARCHAR2(200) NOT NULL,
    TRIGGER_GROUP VARCHAR2(200) NOT NULL,
    BLOB_DATA BLOB NULL,
    CONSTRAINT QRTZ_BLOB_TRIG_PK PRIMARY KEY (SCHED_NAME,TRIGGER_NAME,TRIGGER_GROUP),
    CONSTRAINT QRTZ_BLOB_TRIG_TO_TRIG_FK FOREIGN KEY (SCHED_NAME,TRIGGER_NAME,TRIGGER_GROUP)
        REFERENCES QRTZ_TRIGGERS(SCHED_NAME,TRIGGER_NAME,TRIGGER_GROUP)
);
-- 以 Blob 类型存储 Quartz 的 Calendar 信息
CREATE TABLE qrtz_calendars
  (
    SCHED_NAME VARCHAR2(120) NOT NULL,
    CALENDAR_NAME  VARCHAR2(200) NOT NULL,
    CALENDAR BLOB NOT NULL,
    CONSTRAINT QRTZ_CALENDARS_PK PRIMARY KEY (SCHED_NAME,CALENDAR_NAME)
);
-- 存储已暂停的 Trigger 组的信息
CREATE TABLE qrtz_paused_trigger_grps
  (
    SCHED_NAME VARCHAR2(120) NOT NULL,
    TRIGGER_GROUP  VARCHAR2(200) NOT NULL,
    CONSTRAINT QRTZ_PAUSED_TRIG_GRPS_PK PRIMARY KEY (SCHED_NAME,TRIGGER_GROUP)
);
-- 存储与已触发的 Trigger 相关的状态信息，以及相联 Job 的执行信息
CREATE TABLE qrtz_fired_triggers
  (
    SCHED_NAME VARCHAR2(120) NOT NULL,
    ENTRY_ID VARCHAR2(95) NOT NULL,
    TRIGGER_NAME VARCHAR2(200) NOT NULL,
    TRIGGER_GROUP VARCHAR2(200) NOT NULL,
    INSTANCE_NAME VARCHAR2(200) NOT NULL,
    FIRED_TIME NUMBER(13) NOT NULL,
    PRIORITY NUMBER(13) NOT NULL,
    STATE VARCHAR2(16) NOT NULL,
    JOB_NAME VARCHAR2(200) NULL,
    JOB_GROUP VARCHAR2(200) NULL,
    IS_NONCONCURRENT VARCHAR2(1) NULL,
    REQUESTS_RECOVERY VARCHAR2(1) NULL,
    CONSTRAINT QRTZ_FIRED_TRIGGER_PK PRIMARY KEY (SCHED_NAME,ENTRY_ID)
);
-- 存储少量的有关 Scheduler 的状态信息，和别的 Scheduler 实例(假如是用于一个集群中)
CREATE TABLE qrtz_scheduler_state
  (
    SCHED_NAME VARCHAR2(120) NOT NULL,
    INSTANCE_NAME VARCHAR2(200) NOT NULL,
    LAST_CHECKIN_TIME NUMBER(13) NOT NULL,
    CHECKIN_INTERVAL NUMBER(13) NOT NULL,
    CONSTRAINT QRTZ_SCHEDULER_STATE_PK PRIMARY KEY (SCHED_NAME,INSTANCE_NAME)
);
-- 存储程序的悲观锁的信息(假如使用了悲观锁)
CREATE TABLE qrtz_locks
  (
    SCHED_NAME VARCHAR2(120) NOT NULL,
    LOCK_NAME  VARCHAR2(40) NOT NULL,
    CONSTRAINT QRTZ_LOCKS_PK PRIMARY KEY (SCHED_NAME,LOCK_NAME)
);

create index idx_qrtz_j_req_recovery on qrtz_job_details(SCHED_NAME,REQUESTS_RECOVERY);
create index idx_qrtz_j_grp on qrtz_job_details(SCHED_NAME,JOB_GROUP);

create index idx_qrtz_t_j on qrtz_triggers(SCHED_NAME,JOB_NAME,JOB_GROUP);
create index idx_qrtz_t_jg on qrtz_triggers(SCHED_NAME,JOB_GROUP);
create index idx_qrtz_t_c on qrtz_triggers(SCHED_NAME,CALENDAR_NAME);
create index idx_qrtz_t_g on qrtz_triggers(SCHED_NAME,TRIGGER_GROUP);
create index idx_qrtz_t_state on qrtz_triggers(SCHED_NAME,TRIGGER_STATE);
create index idx_qrtz_t_n_state on qrtz_triggers(SCHED_NAME,TRIGGER_NAME,TRIGGER_GROUP,TRIGGER_STATE);
create index idx_qrtz_t_n_g_state on qrtz_triggers(SCHED_NAME,TRIGGER_GROUP,TRIGGER_STATE);
create index idx_qrtz_t_next_fire_time on qrtz_triggers(SCHED_NAME,NEXT_FIRE_TIME);
create index idx_qrtz_t_nft_st on qrtz_triggers(SCHED_NAME,TRIGGER_STATE,NEXT_FIRE_TIME);
create index idx_qrtz_t_nft_misfire on qrtz_triggers(SCHED_NAME,MISFIRE_INSTR,NEXT_FIRE_TIME);
create index idx_qrtz_t_nft_st_misfire on qrtz_triggers(SCHED_NAME,MISFIRE_INSTR,NEXT_FIRE_TIME,TRIGGER_STATE);
create index idx_qrtz_t_nft_st_misfire_grp on qrtz_triggers(SCHED_NAME,MISFIRE_INSTR,NEXT_FIRE_TIME,TRIGGER_GROUP,TRIGGER_STATE);

create index idx_qrtz_ft_trig_inst_name on qrtz_fired_triggers(SCHED_NAME,INSTANCE_NAME);
create index idx_qrtz_ft_inst_job_req_rcvry on qrtz_fired_triggers(SCHED_NAME,INSTANCE_NAME,REQUESTS_RECOVERY);
create index idx_qrtz_ft_j_g on qrtz_fired_triggers(SCHED_NAME,JOB_NAME,JOB_GROUP);
create index idx_qrtz_ft_jg on qrtz_fired_triggers(SCHED_NAME,JOB_GROUP);
create index idx_qrtz_ft_t_g on qrtz_fired_triggers(SCHED_NAME,TRIGGER_NAME,TRIGGER_GROUP);
create index idx_qrtz_ft_tg on qrtz_fired_triggers(SCHED_NAME,TRIGGER_GROUP);

delete from SYS_DATA_PERMISSION_FILTER;
delete from SYS_MODULE_DEFINITION;
delete from SYS_USER_TO_PRIVILEGE;
delete from SYS_ROLE_TO_PRIVILEGE;
delete from SYS_ROLE;
delete from SYS_USER_TO_ROLE;
delete from SYS_PRIVILEGE;
delete from SYS_MENU;
delete from SYS_USER;
delete from SYS_DEPARTMENT;
delete from SYS_MESSAGE;
delete from SYS_DICTIONARY;
delete from SYS_DICTIONARY_GROUP;
delete from SYS_LOG_PARAM;
delete from SYS_LOG_LOG;
delete from EXCEPTION_LOG;

begin
--初始部门
insert into SYS_DEPARTMENT (sys_department_id, department_name, parent_id, description, admin_user_id, create_by, create_date, update_by, update_date, code, status) values ('8aa0bef8446c1a5e01446c1b29a20000', '信用中心', 'ROOT', '信用中心', null, 'admin', sysdate, 'admin', sysdate, 'A0000', '0');

--初始用户
insert into SYS_USER (sys_user_id, username, password, enabled, state, roles_count, privileges_count, create_by, create_date, update_by, update_date, sys_department_id, gender, real_name, id_card, address, email, phone_number, is_department_admin, type) values ('8aa0bef8446c32a301446c409a950002', 'admin', '96377e264442a028ce17c101b56df1a3', '1', '1', 0, 0, 'createBy', sysdate, 'admin', sysdate, '8aa0bef8446c1a5e01446c1b29a20000', '0', null,null,null,null,null, null, '0');
insert into SYS_USER (sys_user_id, username, password, enabled, state, roles_count, privileges_count, create_by, create_date, update_by, update_date, sys_department_id, gender, real_name, id_card, address, email, phone_number, is_department_admin, type) values ('2c90c281587631e00158763ecde70017', 'yewuduan', '4db29cefbbd3a79f84c819ec01b272c3', '1', '1', 0, 0, 'admin', sysdate, 'admin', sysdate, '8aa0bef8446c1a5e01446c1b29a20000', '1', null,null,null,null,null, null, '2');
insert into SYS_USER (sys_user_id, username, password, enabled, state, roles_count, privileges_count, create_by, create_date, update_by, update_date, sys_department_id, gender, real_name, id_card, address, email, phone_number, is_department_admin, type) values ('2c90c281587631e0015876412c9f0020', 'zhongxinduan', 'e0395e900dfa4c354ab72bde832d3015', '1', '1', 0, 0, 'admin', sysdate, 'admin', sysdate, '8aa0bef8446c1a5e01446c1b29a20000', '1', null,null,null,null,null, null, '1');

--初始角色
insert into SYS_ROLE (sys_role_id, role_name, description, users_count, privileges_count, departments_count, create_by, create_date, update_by, update_date) values ('40289454547b159d01547b1efe25000c', '公信力-政务端角色', '部门用户使用', 0, 0, 0, 'admin', sysdate, 'admin', sysdate);
insert into SYS_ROLE (sys_role_id, role_name, description, users_count, privileges_count, departments_count, create_by, create_date, update_by, update_date) values ('8aa0bef544713ca60144713d364a0000', '系统管理员角色', '系统管理员开发者使用拥有全部菜单权限', 0, 0, 0, 'createBy', sysdate, 'admin', sysdate);
insert into SYS_ROLE (sys_role_id, role_name, description, users_count, privileges_count, departments_count, create_by, create_date, update_by, update_date) values ('2c90c28158761b5501587622bd340011', '公信力-业务端角色', '信用服务中心大厅用户使用直接面向法人用户', 0, 0, 0, 'admin', sysdate, 'admin', sysdate);
insert into SYS_ROLE (sys_role_id, role_name, description, users_count, privileges_count, departments_count, create_by, create_date, update_by, update_date) values ('2c90c28158761b550158762482b50015', '公信力-中心端角色', '信用服务中心用户使用不是直接面向法人客户 ', 0, 0, 0, 'admin', sysdate, 'admin', sysdate);

insert into SYS_USER_TO_ROLE (sys_user_id, sys_role_id) values ('8aa0bef8446c32a301446c409a950002', '8aa0bef544713ca60144713d364a0000');
insert into SYS_USER_TO_ROLE (sys_user_id, sys_role_id) values ('2c90c281587631e0015876412c9f0020', '2c90c28158761b550158762482b50015');
insert into SYS_USER_TO_ROLE (sys_user_id, sys_role_id) values ('2c90c281587631e00158763ecde70017', '2c90c28158761b5501587622bd340011');

--根菜单
insert into SYS_MENU (sys_menu_id, parent_id, menu_name, menu_url, menu_icon, display_order) values ('ROOT', '0', '信用服务管理系统', null, 'fa fa-circle-o', 0);

--中心端菜单
insert into SYS_MENU (sys_menu_id, parent_id, menu_name, menu_url, menu_icon, display_order) values ('ROOT_1', 'ROOT', '公信力中心端', null, 'icon-home', 2);
insert into SYS_MENU (sys_menu_id, parent_id, menu_name, menu_url, menu_icon, display_order) values ('ROOT_2', 'ROOT', '公信力政务端', null, 'icon-drawer', 3);
insert into SYS_MENU (sys_menu_id, parent_id, menu_name, menu_url, menu_icon, display_order) values ('ROOT_3', 'ROOT', '公信力业务端', null, 'icon-briefcase', 1);

--系统管理菜单
insert into SYS_MENU (sys_menu_id, parent_id, menu_name, menu_url, menu_icon, display_order) values ('ROOT_1_1', 'ROOT_1', '系统管理', null, 'icon-settings', 99);
insert into SYS_MENU (sys_menu_id, parent_id, menu_name, menu_url, menu_icon, display_order) values ('5', 'ROOT_1_1', '菜单管理', 'system/menu/menu.action', 'fa fa-circle-o', 3500);
insert into SYS_MENU (sys_menu_id, parent_id, menu_name, menu_url, menu_icon, display_order) values ('6', 'ROOT_1_1', '权限管理', 'system/access/access.action', 'fa fa-circle-o', 3505);
insert into SYS_MENU (sys_menu_id, parent_id, menu_name, menu_url, menu_icon, display_order) values ('2', 'ROOT_1_1', '用户管理', 'system/user/user.action', 'fa fa-circle-o', 3510);
insert into SYS_MENU (sys_menu_id, parent_id, menu_name, menu_url, menu_icon, display_order) values ('3', 'ROOT_1_1', '角色管理', 'system/role/role.action', 'fa fa-circle-o', 3515);
insert into SYS_MENU (sys_menu_id, parent_id, menu_name, menu_url, menu_icon, display_order) values ('4', 'ROOT_1_1', '部门管理', 'system/department/department.action', 'fa fa-circle-o', 3520);
insert into SYS_MENU (sys_menu_id, parent_id, menu_name, menu_url, menu_icon, display_order) values ('9', 'ROOT_1_1', '定时任务管理', 'system/trigger/index.action', 'fa fa-circle-o', 3525);
insert into SYS_MENU (sys_menu_id, parent_id, menu_name, menu_url, menu_icon, display_order) values ('7', 'ROOT_1_1', '字典管理', 'system/dictionary/dictionary.action', 'fa fa-circle-o', 3530);

--日志查询菜单
insert into SYS_MENU (SYS_MENU_ID,PARENT_ID,MENU_NAME,MENU_URL,MENU_ICON,DISPLAY_ORDER) values ('8','ROOT_1','日志查询','','icon-magnifier',100);
insert into SYS_MENU (SYS_MENU_ID,PARENT_ID,MENU_NAME,MENU_URL,MENU_ICON,DISPLAY_ORDER) values ('10','8','登录日志','system/log/log.action','fa fa-circle-o',1001);
insert into SYS_MENU (SYS_MENU_ID,PARENT_ID,MENU_NAME,MENU_URL,MENU_ICON,DISPLAY_ORDER) values ('11','8','操作日志','system/log/operationlog.action','fa fa-circle-o',1002);
insert into SYS_MENU (SYS_MENU_ID,PARENT_ID,MENU_NAME,MENU_URL,MENU_ICON,DISPLAY_ORDER) values ('12','8','异常日志','expLog/expLog.action','fa fa-circle-o',1003);

--用户管理权限
insert into SYS_PRIVILEGE (SYS_PRIVILEGE_ID,SYS_MENU_ID,PRIVILEGE_CODE,PRIVILEGE_NAME,DESCRIPTION,USERS_COUNT,ROLES_COUNT,ALL_USERS_COUNT,DISPLAY_ORDER) values ('system.user.user.resetPassword','2','system.user.user.resetPassword','重置用户密码',null,null,null,null,17);
insert into SYS_PRIVILEGE (SYS_PRIVILEGE_ID,SYS_MENU_ID,PRIVILEGE_CODE,PRIVILEGE_NAME,DESCRIPTION,USERS_COUNT,ROLES_COUNT,ALL_USERS_COUNT,DISPLAY_ORDER) values ('system.user.user.query','2','system.user.user.query','查询用户','User Management',0,0,0,11);
insert into SYS_PRIVILEGE (SYS_PRIVILEGE_ID,SYS_MENU_ID,PRIVILEGE_CODE,PRIVILEGE_NAME,DESCRIPTION,USERS_COUNT,ROLES_COUNT,ALL_USERS_COUNT,DISPLAY_ORDER) values ('system.user.user.add','2','system.user.user.add','增加用户','User Management',0,0,0,12);
insert into SYS_PRIVILEGE (SYS_PRIVILEGE_ID,SYS_MENU_ID,PRIVILEGE_CODE,PRIVILEGE_NAME,DESCRIPTION,USERS_COUNT,ROLES_COUNT,ALL_USERS_COUNT,DISPLAY_ORDER) values ('system.user.user.delete','2','system.user.user.delete','删除用户','User Management',0,0,0,13);
insert into SYS_PRIVILEGE (SYS_PRIVILEGE_ID,SYS_MENU_ID,PRIVILEGE_CODE,PRIVILEGE_NAME,DESCRIPTION,USERS_COUNT,ROLES_COUNT,ALL_USERS_COUNT,DISPLAY_ORDER) values ('system.user.user.enable','2','system.user.user.enable','启用/禁用用户','User Management',0,0,0,14);
insert into SYS_PRIVILEGE (SYS_PRIVILEGE_ID,SYS_MENU_ID,PRIVILEGE_CODE,PRIVILEGE_NAME,DESCRIPTION,USERS_COUNT,ROLES_COUNT,ALL_USERS_COUNT,DISPLAY_ORDER) values ('system.user.user.edit','2','system.user.user.edit','修改用户信息','User Management',0,0,0,15);
insert into SYS_PRIVILEGE (SYS_PRIVILEGE_ID,SYS_MENU_ID,PRIVILEGE_CODE,PRIVILEGE_NAME,DESCRIPTION,USERS_COUNT,ROLES_COUNT,ALL_USERS_COUNT,DISPLAY_ORDER) values ('system.user.user.grant','2','system.user.user.grant','用户授权','User Management',0,0,0,16);

--角色管理权限
insert into SYS_PRIVILEGE (SYS_PRIVILEGE_ID,SYS_MENU_ID,PRIVILEGE_CODE,PRIVILEGE_NAME,DESCRIPTION,USERS_COUNT,ROLES_COUNT,ALL_USERS_COUNT,DISPLAY_ORDER) values ('system.user.role.query','3','system.user.role.query','查询角色',null,0,0,0,21);
insert into SYS_PRIVILEGE (SYS_PRIVILEGE_ID,SYS_MENU_ID,PRIVILEGE_CODE,PRIVILEGE_NAME,DESCRIPTION,USERS_COUNT,ROLES_COUNT,ALL_USERS_COUNT,DISPLAY_ORDER) values ('system.user.role.add','3','system.user.role.add','增加角色',null,0,0,0,22);
insert into SYS_PRIVILEGE (SYS_PRIVILEGE_ID,SYS_MENU_ID,PRIVILEGE_CODE,PRIVILEGE_NAME,DESCRIPTION,USERS_COUNT,ROLES_COUNT,ALL_USERS_COUNT,DISPLAY_ORDER) values ('system.user.role.delete','3','system.user.role.delete','删除角色',null,0,0,0,23);
insert into SYS_PRIVILEGE (SYS_PRIVILEGE_ID,SYS_MENU_ID,PRIVILEGE_CODE,PRIVILEGE_NAME,DESCRIPTION,USERS_COUNT,ROLES_COUNT,ALL_USERS_COUNT,DISPLAY_ORDER) values ('system.user.role.grant','3','system.user.role.grant','角色授权',null,0,0,0,24);

--部门管理权限
insert into SYS_PRIVILEGE (SYS_PRIVILEGE_ID,SYS_MENU_ID,PRIVILEGE_CODE,PRIVILEGE_NAME,DESCRIPTION,USERS_COUNT,ROLES_COUNT,ALL_USERS_COUNT,DISPLAY_ORDER) values ('system.user.department.query','4','system.user.department.query','查询部门',null,0,0,0,31);
insert into SYS_PRIVILEGE (SYS_PRIVILEGE_ID,SYS_MENU_ID,PRIVILEGE_CODE,PRIVILEGE_NAME,DESCRIPTION,USERS_COUNT,ROLES_COUNT,ALL_USERS_COUNT,DISPLAY_ORDER) values ('system.user.department.add','4','system.user.department.add','增加部门',null,0,0,0,32);
insert into SYS_PRIVILEGE (SYS_PRIVILEGE_ID,SYS_MENU_ID,PRIVILEGE_CODE,PRIVILEGE_NAME,DESCRIPTION,USERS_COUNT,ROLES_COUNT,ALL_USERS_COUNT,DISPLAY_ORDER) values ('system.user.department.delete','4','system.user.department.delete','删除部门',null,0,0,0,33);
insert into SYS_PRIVILEGE (SYS_PRIVILEGE_ID,SYS_MENU_ID,PRIVILEGE_CODE,PRIVILEGE_NAME,DESCRIPTION,USERS_COUNT,ROLES_COUNT,ALL_USERS_COUNT,DISPLAY_ORDER) values ('system.user.department.edit','4','system.user.department.edit','修改部门',null,0,0,0,34);

--菜单管理权限
insert into SYS_PRIVILEGE (SYS_PRIVILEGE_ID,SYS_MENU_ID,PRIVILEGE_CODE,PRIVILEGE_NAME,DESCRIPTION,USERS_COUNT,ROLES_COUNT,ALL_USERS_COUNT,DISPLAY_ORDER) values ('system.user.menu.query','5','system.user.menu.query','查询菜单',null,0,0,0,35);
insert into SYS_PRIVILEGE (SYS_PRIVILEGE_ID,SYS_MENU_ID,PRIVILEGE_CODE,PRIVILEGE_NAME,DESCRIPTION,USERS_COUNT,ROLES_COUNT,ALL_USERS_COUNT,DISPLAY_ORDER) values ('system.user.menu.add','5','system.user.menu.add','增加菜单',null,0,0,0,35);
insert into SYS_PRIVILEGE (SYS_PRIVILEGE_ID,SYS_MENU_ID,PRIVILEGE_CODE,PRIVILEGE_NAME,DESCRIPTION,USERS_COUNT,ROLES_COUNT,ALL_USERS_COUNT,DISPLAY_ORDER) values ('system.user.menu.edit','5','system.user.menu.edit','修改菜单',null,0,0,0,36);
insert into SYS_PRIVILEGE (SYS_PRIVILEGE_ID,SYS_MENU_ID,PRIVILEGE_CODE,PRIVILEGE_NAME,DESCRIPTION,USERS_COUNT,ROLES_COUNT,ALL_USERS_COUNT,DISPLAY_ORDER) values ('system.user.menu.delete','5','system.user.menu.delete','删除菜单',null,0,0,0,37);

--权限管理权限
insert into SYS_PRIVILEGE (SYS_PRIVILEGE_ID,SYS_MENU_ID,PRIVILEGE_CODE,PRIVILEGE_NAME,DESCRIPTION,USERS_COUNT,ROLES_COUNT,ALL_USERS_COUNT,DISPLAY_ORDER) values ('system.user.access.add','6','system.user.access.add','增加功能权限',null,0,0,0,38);
insert into SYS_PRIVILEGE (SYS_PRIVILEGE_ID,SYS_MENU_ID,PRIVILEGE_CODE,PRIVILEGE_NAME,DESCRIPTION,USERS_COUNT,ROLES_COUNT,ALL_USERS_COUNT,DISPLAY_ORDER) values ('system.user.access.edit','6','system.user.access.edit','修改功能权限',null,0,0,0,39);
insert into SYS_PRIVILEGE (SYS_PRIVILEGE_ID,SYS_MENU_ID,PRIVILEGE_CODE,PRIVILEGE_NAME,DESCRIPTION,USERS_COUNT,ROLES_COUNT,ALL_USERS_COUNT,DISPLAY_ORDER) values ('system.user.access.delete','6','system.user.access.delete','删除功能权限',null,0,0,0,40);
insert into SYS_PRIVILEGE (SYS_PRIVILEGE_ID,SYS_MENU_ID,PRIVILEGE_CODE,PRIVILEGE_NAME,DESCRIPTION,USERS_COUNT,ROLES_COUNT,ALL_USERS_COUNT,DISPLAY_ORDER) values ('system.user.access.query','6','system.user.access.query','查询功能权限',null,0,0,0,41);

--字典管理权限
insert into SYS_PRIVILEGE (SYS_PRIVILEGE_ID,SYS_MENU_ID,PRIVILEGE_CODE,PRIVILEGE_NAME,DESCRIPTION,USERS_COUNT,ROLES_COUNT,ALL_USERS_COUNT,DISPLAY_ORDER) values ('402882af505b177301505b254bc70003', '7','system.dictionary.query', '查询字典', null, null, null, null, 71);
insert into SYS_PRIVILEGE (SYS_PRIVILEGE_ID,SYS_MENU_ID,PRIVILEGE_CODE,PRIVILEGE_NAME,DESCRIPTION,USERS_COUNT,ROLES_COUNT,ALL_USERS_COUNT,DISPLAY_ORDER) values ('402882af505b177301505b25b1d10007', '7','system.dictionary.add', '增加字典', null, null, null, null, 72);
insert into SYS_PRIVILEGE (SYS_PRIVILEGE_ID,SYS_MENU_ID,PRIVILEGE_CODE,PRIVILEGE_NAME,DESCRIPTION,USERS_COUNT,ROLES_COUNT,ALL_USERS_COUNT,DISPLAY_ORDER) values ('402882af505b177301505b261219000a', '7','system.dictionary.edit', '修改字典', null, null, null, null, 73);
insert into SYS_PRIVILEGE (SYS_PRIVILEGE_ID,SYS_MENU_ID,PRIVILEGE_CODE,PRIVILEGE_NAME,DESCRIPTION,USERS_COUNT,ROLES_COUNT,ALL_USERS_COUNT,DISPLAY_ORDER) values ('402882af505b177301505b278ce80010', '7','system.dictionary.delete', '删除字典', null, null, null, null, 74);

--日志查询权限
insert into SYS_PRIVILEGE (SYS_PRIVILEGE_ID,SYS_MENU_ID,PRIVILEGE_CODE,PRIVILEGE_NAME,DESCRIPTION,USERS_COUNT,ROLES_COUNT,ALL_USERS_COUNT,DISPLAY_ORDER) values ('402894c255427025015542a3e1780056', '10', 'system.log.log.query', '登录日志查询', 'query and chart', null, null, null, null);
insert into SYS_PRIVILEGE (SYS_PRIVILEGE_ID,SYS_MENU_ID,PRIVILEGE_CODE,PRIVILEGE_NAME,DESCRIPTION,USERS_COUNT,ROLES_COUNT,ALL_USERS_COUNT,DISPLAY_ORDER) values ('402894d455a51be50155a5211543004b', '11', 'system.log.operation.query', '操作日志查询', null, null, null, null, null);
insert into SYS_PRIVILEGE (SYS_PRIVILEGE_ID,SYS_MENU_ID,PRIVILEGE_CODE,PRIVILEGE_NAME,DESCRIPTION,USERS_COUNT,ROLES_COUNT,ALL_USERS_COUNT,DISPLAY_ORDER) values ('402894c255427025015542a5793c0064', '12', 'system.log.explog.query', '异常日志查询', null, null, null, null, null);

--定时任务权限
insert into SYS_PRIVILEGE (SYS_PRIVILEGE_ID,SYS_MENU_ID,PRIVILEGE_CODE,PRIVILEGE_NAME,DESCRIPTION,USERS_COUNT,ROLES_COUNT,ALL_USERS_COUNT,DISPLAY_ORDER) values ('system.quartz.job.query','9','system.quartz.job.query','查询任务',null,null,null,null,51);
insert into SYS_PRIVILEGE (SYS_PRIVILEGE_ID,SYS_MENU_ID,PRIVILEGE_CODE,PRIVILEGE_NAME,DESCRIPTION,USERS_COUNT,ROLES_COUNT,ALL_USERS_COUNT,DISPLAY_ORDER) values ('system.quartz.trigger.create','9','system.quartz.trigger.create','创建触发器',null,null,null,null,52);
insert into SYS_PRIVILEGE (SYS_PRIVILEGE_ID,SYS_MENU_ID,PRIVILEGE_CODE,PRIVILEGE_NAME,DESCRIPTION,USERS_COUNT,ROLES_COUNT,ALL_USERS_COUNT,DISPLAY_ORDER) values ('system.quartz.trigger.pause','9','system.quartz.trigger.pause','暂停触发器',null,null,null,null,53);
insert into SYS_PRIVILEGE (SYS_PRIVILEGE_ID,SYS_MENU_ID,PRIVILEGE_CODE,PRIVILEGE_NAME,DESCRIPTION,USERS_COUNT,ROLES_COUNT,ALL_USERS_COUNT,DISPLAY_ORDER) values ('system.quartz.trigger.resume','9','system.quartz.trigger.resume','恢复触发器',null,null,null,null,54);
insert into SYS_PRIVILEGE (SYS_PRIVILEGE_ID,SYS_MENU_ID,PRIVILEGE_CODE,PRIVILEGE_NAME,DESCRIPTION,USERS_COUNT,ROLES_COUNT,ALL_USERS_COUNT,DISPLAY_ORDER) values ('system.quartz.trigger.delete','9','system.quartz.trigger.delete','移除触发器',null,null,null,null,55);

--定时任务授权
insert into sys_role_to_privilege (SYS_ROLE_ID, SYS_PRIVILEGE_ID) values ('2c90c28158761b550158762482b50015','system.quartz.job.query');
insert into sys_role_to_privilege (SYS_ROLE_ID, SYS_PRIVILEGE_ID) values ('2c90c28158761b550158762482b50015','system.quartz.trigger.create');
insert into sys_role_to_privilege (SYS_ROLE_ID, SYS_PRIVILEGE_ID) values ('2c90c28158761b550158762482b50015','system.quartz.trigger.pause');
insert into sys_role_to_privilege (SYS_ROLE_ID, SYS_PRIVILEGE_ID) values ('2c90c28158761b550158762482b50015','system.quartz.trigger.resume');
insert into sys_role_to_privilege (SYS_ROLE_ID, SYS_PRIVILEGE_ID) values ('2c90c28158761b550158762482b50015','system.quartz.trigger.delete');
insert into sys_role_to_privilege (SYS_ROLE_ID, SYS_PRIVILEGE_ID) values ('8aa0bef544713ca60144713d364a0000','system.quartz.job.query');
insert into sys_role_to_privilege (SYS_ROLE_ID, SYS_PRIVILEGE_ID) values ('8aa0bef544713ca60144713d364a0000','system.quartz.trigger.create');
insert into sys_role_to_privilege (SYS_ROLE_ID, SYS_PRIVILEGE_ID) values ('8aa0bef544713ca60144713d364a0000','system.quartz.trigger.pause');
insert into sys_role_to_privilege (SYS_ROLE_ID, SYS_PRIVILEGE_ID) values ('8aa0bef544713ca60144713d364a0000','system.quartz.trigger.resume');
insert into sys_role_to_privilege (SYS_ROLE_ID, SYS_PRIVILEGE_ID) values ('8aa0bef544713ca60144713d364a0000','system.quartz.trigger.delete');

--部门管理授权
insert into sys_role_to_privilege (SYS_ROLE_ID, SYS_PRIVILEGE_ID) values ('2c90c28158761b550158762482b50015','system.user.department.add');
insert into sys_role_to_privilege (SYS_ROLE_ID, SYS_PRIVILEGE_ID) values ('2c90c28158761b550158762482b50015','system.user.department.delete');
insert into sys_role_to_privilege (SYS_ROLE_ID, SYS_PRIVILEGE_ID) values ('2c90c28158761b550158762482b50015','system.user.department.edit');
insert into sys_role_to_privilege (SYS_ROLE_ID, SYS_PRIVILEGE_ID) values ('2c90c28158761b550158762482b50015','system.user.department.query');
insert into sys_role_to_privilege (SYS_ROLE_ID, SYS_PRIVILEGE_ID) values ('8aa0bef544713ca60144713d364a0000','system.user.department.add');
insert into sys_role_to_privilege (SYS_ROLE_ID, SYS_PRIVILEGE_ID) values ('8aa0bef544713ca60144713d364a0000','system.user.department.delete');
insert into sys_role_to_privilege (SYS_ROLE_ID, SYS_PRIVILEGE_ID) values ('8aa0bef544713ca60144713d364a0000','system.user.department.edit');
insert into sys_role_to_privilege (SYS_ROLE_ID, SYS_PRIVILEGE_ID) values ('8aa0bef544713ca60144713d364a0000','system.user.department.query');

--角色管理授权
insert into sys_role_to_privilege (SYS_ROLE_ID, SYS_PRIVILEGE_ID) values ('2c90c28158761b550158762482b50015','system.user.role.add');
insert into sys_role_to_privilege (SYS_ROLE_ID, SYS_PRIVILEGE_ID) values ('2c90c28158761b550158762482b50015','system.user.role.delete');
insert into sys_role_to_privilege (SYS_ROLE_ID, SYS_PRIVILEGE_ID) values ('2c90c28158761b550158762482b50015','system.user.role.grant');
insert into sys_role_to_privilege (SYS_ROLE_ID, SYS_PRIVILEGE_ID) values ('2c90c28158761b550158762482b50015','system.user.role.query');
insert into sys_role_to_privilege (SYS_ROLE_ID, SYS_PRIVILEGE_ID) values ('8aa0bef544713ca60144713d364a0000','system.user.role.add');
insert into sys_role_to_privilege (SYS_ROLE_ID, SYS_PRIVILEGE_ID) values ('8aa0bef544713ca60144713d364a0000','system.user.role.delete');
insert into sys_role_to_privilege (SYS_ROLE_ID, SYS_PRIVILEGE_ID) values ('8aa0bef544713ca60144713d364a0000','system.user.role.grant');
insert into sys_role_to_privilege (SYS_ROLE_ID, SYS_PRIVILEGE_ID) values ('8aa0bef544713ca60144713d364a0000','system.user.role.query');

--用户管理授权
insert into sys_role_to_privilege (SYS_ROLE_ID, SYS_PRIVILEGE_ID) values ('2c90c28158761b550158762482b50015','system.user.user.add');
insert into sys_role_to_privilege (SYS_ROLE_ID, SYS_PRIVILEGE_ID) values ('2c90c28158761b550158762482b50015','system.user.user.delete');
insert into sys_role_to_privilege (SYS_ROLE_ID, SYS_PRIVILEGE_ID) values ('2c90c28158761b550158762482b50015','system.user.user.edit');
insert into sys_role_to_privilege (SYS_ROLE_ID, SYS_PRIVILEGE_ID) values ('2c90c28158761b550158762482b50015','system.user.user.enable');
insert into sys_role_to_privilege (SYS_ROLE_ID, SYS_PRIVILEGE_ID) values ('2c90c28158761b550158762482b50015','system.user.user.grant');
insert into sys_role_to_privilege (SYS_ROLE_ID, SYS_PRIVILEGE_ID) values ('2c90c28158761b550158762482b50015','system.user.user.query');
insert into sys_role_to_privilege (SYS_ROLE_ID, SYS_PRIVILEGE_ID) values ('2c90c28158761b550158762482b50015','system.user.user.resetPassword');
insert into sys_role_to_privilege (SYS_ROLE_ID, SYS_PRIVILEGE_ID) values ('8aa0bef544713ca60144713d364a0000','system.user.user.add');
insert into sys_role_to_privilege (SYS_ROLE_ID, SYS_PRIVILEGE_ID) values ('8aa0bef544713ca60144713d364a0000','system.user.user.delete');
insert into sys_role_to_privilege (SYS_ROLE_ID, SYS_PRIVILEGE_ID) values ('8aa0bef544713ca60144713d364a0000','system.user.user.edit');
insert into sys_role_to_privilege (SYS_ROLE_ID, SYS_PRIVILEGE_ID) values ('8aa0bef544713ca60144713d364a0000','system.user.user.enable');
insert into sys_role_to_privilege (SYS_ROLE_ID, SYS_PRIVILEGE_ID) values ('8aa0bef544713ca60144713d364a0000','system.user.user.grant');
insert into sys_role_to_privilege (SYS_ROLE_ID, SYS_PRIVILEGE_ID) values ('8aa0bef544713ca60144713d364a0000','system.user.user.query');
insert into sys_role_to_privilege (SYS_ROLE_ID, SYS_PRIVILEGE_ID) values ('8aa0bef544713ca60144713d364a0000','system.user.user.resetPassword');

--菜单管理授权
insert into sys_role_to_privilege (SYS_ROLE_ID, SYS_PRIVILEGE_ID) values ('2c90c28158761b550158762482b50015','system.user.menu.query');
insert into sys_role_to_privilege (SYS_ROLE_ID, SYS_PRIVILEGE_ID) values ('2c90c28158761b550158762482b50015','system.user.menu.add');
insert into sys_role_to_privilege (SYS_ROLE_ID, SYS_PRIVILEGE_ID) values ('2c90c28158761b550158762482b50015','system.user.menu.edit');
insert into sys_role_to_privilege (SYS_ROLE_ID, SYS_PRIVILEGE_ID) values ('2c90c28158761b550158762482b50015','system.user.menu.delete');
insert into sys_role_to_privilege (SYS_ROLE_ID, SYS_PRIVILEGE_ID) values ('8aa0bef544713ca60144713d364a0000','system.user.menu.query');
insert into sys_role_to_privilege (SYS_ROLE_ID, SYS_PRIVILEGE_ID) values ('8aa0bef544713ca60144713d364a0000','system.user.menu.add');
insert into sys_role_to_privilege (SYS_ROLE_ID, SYS_PRIVILEGE_ID) values ('8aa0bef544713ca60144713d364a0000','system.user.menu.edit');
insert into sys_role_to_privilege (SYS_ROLE_ID, SYS_PRIVILEGE_ID) values ('8aa0bef544713ca60144713d364a0000','system.user.menu.delete');

--权限管理授权
insert into sys_role_to_privilege (SYS_ROLE_ID, SYS_PRIVILEGE_ID) values ('2c90c28158761b550158762482b50015','system.user.access.add');
insert into sys_role_to_privilege (SYS_ROLE_ID, SYS_PRIVILEGE_ID) values ('2c90c28158761b550158762482b50015','system.user.access.edit');
insert into sys_role_to_privilege (SYS_ROLE_ID, SYS_PRIVILEGE_ID) values ('2c90c28158761b550158762482b50015','system.user.access.delete');
insert into sys_role_to_privilege (SYS_ROLE_ID, SYS_PRIVILEGE_ID) values ('2c90c28158761b550158762482b50015','system.user.access.query');
insert into sys_role_to_privilege (SYS_ROLE_ID, SYS_PRIVILEGE_ID) values ('8aa0bef544713ca60144713d364a0000','system.user.access.add');
insert into sys_role_to_privilege (SYS_ROLE_ID, SYS_PRIVILEGE_ID) values ('8aa0bef544713ca60144713d364a0000','system.user.access.edit');
insert into sys_role_to_privilege (SYS_ROLE_ID, SYS_PRIVILEGE_ID) values ('8aa0bef544713ca60144713d364a0000','system.user.access.delete');
insert into sys_role_to_privilege (SYS_ROLE_ID, SYS_PRIVILEGE_ID) values ('8aa0bef544713ca60144713d364a0000','system.user.access.query');

--字典管理授权
insert into sys_role_to_privilege (SYS_ROLE_ID, SYS_PRIVILEGE_ID) values ('2c90c28158761b550158762482b50015','402882af505b177301505b254bc70003');
insert into sys_role_to_privilege (SYS_ROLE_ID, SYS_PRIVILEGE_ID) values ('2c90c28158761b550158762482b50015','402882af505b177301505b25b1d10007');
insert into sys_role_to_privilege (SYS_ROLE_ID, SYS_PRIVILEGE_ID) values ('2c90c28158761b550158762482b50015','402882af505b177301505b261219000a');
insert into sys_role_to_privilege (SYS_ROLE_ID, SYS_PRIVILEGE_ID) values ('2c90c28158761b550158762482b50015','402882af505b177301505b278ce80010');
insert into sys_role_to_privilege (SYS_ROLE_ID, SYS_PRIVILEGE_ID) values ('8aa0bef544713ca60144713d364a0000','402882af505b177301505b254bc70003');
insert into sys_role_to_privilege (SYS_ROLE_ID, SYS_PRIVILEGE_ID) values ('8aa0bef544713ca60144713d364a0000','402882af505b177301505b25b1d10007');
insert into sys_role_to_privilege (SYS_ROLE_ID, SYS_PRIVILEGE_ID) values ('8aa0bef544713ca60144713d364a0000','402882af505b177301505b261219000a');
insert into sys_role_to_privilege (SYS_ROLE_ID, SYS_PRIVILEGE_ID) values ('8aa0bef544713ca60144713d364a0000','402882af505b177301505b278ce80010');

--用户日志查询授权
insert into sys_role_to_privilege (SYS_ROLE_ID, SYS_PRIVILEGE_ID) values ('2c90c28158761b550158762482b50015','402894c255427025015542a3e1780056');
insert into sys_role_to_privilege (SYS_ROLE_ID, SYS_PRIVILEGE_ID) values ('2c90c28158761b550158762482b50015','402894d455a51be50155a5211543004b');
insert into sys_role_to_privilege (SYS_ROLE_ID, SYS_PRIVILEGE_ID) values ('2c90c28158761b550158762482b50015','402894c255427025015542a5793c0064');
insert into sys_role_to_privilege (SYS_ROLE_ID, SYS_PRIVILEGE_ID) values ('8aa0bef544713ca60144713d364a0000','402894c255427025015542a3e1780056');
insert into sys_role_to_privilege (SYS_ROLE_ID, SYS_PRIVILEGE_ID) values ('8aa0bef544713ca60144713d364a0000','402894d455a51be50155a5211543004b');
insert into sys_role_to_privilege (SYS_ROLE_ID, SYS_PRIVILEGE_ID) values ('8aa0bef544713ca60144713d364a0000','402894c255427025015542a5793c0064');

end;
/
commit;

drop table DOMAIN_CODE cascade constraints;
drop table INDUSTRY_CODE_NAME cascade constraints;
drop table INDUSTRY_CODE_RELATION cascade constraints;
drop table INDUSTRY_CODE_TYPE cascade constraints;
drop table INDUSTRY_TYPE cascade constraints;

create table DOMAIN_CODE
(
  qb_code VARCHAR2(50) not null,
  qb_name VARCHAR2(250)
)
;
comment on table DOMAIN_CODE
  is '标准产业自定义代码表（用于企业的行业产业查询）';
comment on column DOMAIN_CODE.qb_code
  is '标准产业自定义代码';
comment on column DOMAIN_CODE.qb_name
  is '标准产业名称';
alter table DOMAIN_CODE
  add primary key (QB_CODE);

create table INDUSTRY_CODE_NAME
(
  industry_code  VARCHAR2(50) not null,
  industry_name  VARCHAR2(250),
  industry_level NUMBER,
  parent_code    VARCHAR2(50)
)
;
comment on table INDUSTRY_CODE_NAME
  is '行业分级钻取维度表（用于多维统计）';
comment on column INDUSTRY_CODE_NAME.industry_code
  is '行业代码';
comment on column INDUSTRY_CODE_NAME.industry_name
  is '行业名称';
comment on column INDUSTRY_CODE_NAME.industry_level
  is '行业层级';
comment on column INDUSTRY_CODE_NAME.parent_code
  is '行业父节点';
alter table INDUSTRY_CODE_NAME
  add primary key (INDUSTRY_CODE);

create table INDUSTRY_CODE_RELATION
(
  industry_code VARCHAR2(50) not null,
  gb_name       VARCHAR2(250),
  gb_categories VARCHAR2(250),
  gb_code       VARCHAR2(50),
  qb_code       VARCHAR2(50)
)
;
comment on table INDUSTRY_CODE_RELATION
  is '行业产业代码对照表（用于企业的行业产业查询）';
comment on column INDUSTRY_CODE_RELATION.industry_code
  is '标准行业代码';
comment on column INDUSTRY_CODE_RELATION.gb_name
  is '标准行业名称';
comment on column INDUSTRY_CODE_RELATION.gb_categories
  is '标准行业代码名称';
comment on column INDUSTRY_CODE_RELATION.gb_code
  is '行业自定义代码';
comment on column INDUSTRY_CODE_RELATION.qb_code
  is '产业自定义代码';
alter table INDUSTRY_CODE_RELATION
  add primary key (INDUSTRY_CODE);

create table INDUSTRY_CODE_TYPE
(
  industry_code      VARCHAR2(50) not null,
  industry_type_code VARCHAR2(50)
)
;
comment on table INDUSTRY_CODE_TYPE
  is '企业代码和企业类型对照表（用于企业类型查询）';
comment on column INDUSTRY_CODE_TYPE.industry_code
  is '企业代码';
comment on column INDUSTRY_CODE_TYPE.industry_type_code
  is '企业类型自定义代码';
alter table INDUSTRY_CODE_TYPE
  add primary key (INDUSTRY_CODE);

create table INDUSTRY_TYPE
(
  industry_type_code VARCHAR2(50) not null,
  industry_type_name VARCHAR2(250)
)
;
comment on table INDUSTRY_TYPE
  is '企业类型自定义代码表（用于企业类型查询）';
comment on column INDUSTRY_TYPE.industry_type_code
  is '企业类型自定义代码';
comment on column INDUSTRY_TYPE.industry_type_name
  is '企业类型名称';
alter table INDUSTRY_TYPE
  add primary key (INDUSTRY_TYPE_CODE);

insert into DOMAIN_CODE (qb_code, qb_name)
values ('QB1', '第一产业');
insert into DOMAIN_CODE (qb_code, qb_name)
values ('QB2', '第二产业');
insert into DOMAIN_CODE (qb_code, qb_name)
values ('QB3', '第三产业');
commit;
prompt 3 records loaded
prompt Loading INDUSTRY_CODE_NAME...
insert into INDUSTRY_CODE_NAME (industry_code, industry_name, industry_level, parent_code)
values ('8314', '民族医院', 4, '831');
insert into INDUSTRY_CODE_NAME (industry_code, industry_name, industry_level, parent_code)
values ('8315', '专科医院', 4, '831');
insert into INDUSTRY_CODE_NAME (industry_code, industry_name, industry_level, parent_code)
values ('8316', '疗养院', 4, '831');
insert into INDUSTRY_CODE_NAME (industry_code, industry_name, industry_level, parent_code)
values ('832', '社区医疗与卫生院', 3, '83');
insert into INDUSTRY_CODE_NAME (industry_code, industry_name, industry_level, parent_code)
values ('8320', '社区医疗与卫生院', 4, '832');
insert into INDUSTRY_CODE_NAME (industry_code, industry_name, industry_level, parent_code)
values ('8321', '社区卫生服务中心（站）', 4, '832');
insert into INDUSTRY_CODE_NAME (industry_code, industry_name, industry_level, parent_code)
values ('8322', '街道卫生院', 4, '832');
insert into INDUSTRY_CODE_NAME (industry_code, industry_name, industry_level, parent_code)
values ('8323', '乡镇卫生院', 4, '832');
insert into INDUSTRY_CODE_NAME (industry_code, industry_name, industry_level, parent_code)
values ('833', '门诊部（所）', 3, '83');
insert into INDUSTRY_CODE_NAME (industry_code, industry_name, industry_level, parent_code)
values ('8330', '门诊部（所）', 4, '833');
insert into INDUSTRY_CODE_NAME (industry_code, industry_name, industry_level, parent_code)
values ('834', '计划生育技术服务活动', 3, '83');
insert into INDUSTRY_CODE_NAME (industry_code, industry_name, industry_level, parent_code)
values ('8340', '计划生育技术服务活动', 4, '834');
insert into INDUSTRY_CODE_NAME (industry_code, industry_name, industry_level, parent_code)
values ('835', '妇幼保健院（所、站）', 3, '83');
insert into INDUSTRY_CODE_NAME (industry_code, industry_name, industry_level, parent_code)
values ('8350', '妇幼保健院（所、站）', 4, '835');
insert into INDUSTRY_CODE_NAME (industry_code, industry_name, industry_level, parent_code)
values ('836', '专科疾病防治院（所、站）', 3, '83');
insert into INDUSTRY_CODE_NAME (industry_code, industry_name, industry_level, parent_code)
values ('8360', '专科疾病防治院（所、站）', 4, '836');
insert into INDUSTRY_CODE_NAME (industry_code, industry_name, industry_level, parent_code)
values ('837', '疾病预防控制中心', 3, '83');
insert into INDUSTRY_CODE_NAME (industry_code, industry_name, industry_level, parent_code)
values ('8370', '疾病预防控制中心', 4, '837');
insert into INDUSTRY_CODE_NAME (industry_code, industry_name, industry_level, parent_code)
values ('839', '其他卫生活动', 3, '83');
insert into INDUSTRY_CODE_NAME (industry_code, industry_name, industry_level, parent_code)
values ('8390', '其他卫生活动', 4, '839');
insert into INDUSTRY_CODE_NAME (industry_code, industry_name, industry_level, parent_code)
values ('84', '社会工作', 2, 'Q');
insert into INDUSTRY_CODE_NAME (industry_code, industry_name, industry_level, parent_code)
values ('841', '提供住宿社会工作', 3, '84');
insert into INDUSTRY_CODE_NAME (industry_code, industry_name, industry_level, parent_code)
values ('8410', '提供住宿社会工作', 4, '841');
insert into INDUSTRY_CODE_NAME (industry_code, industry_name, industry_level, parent_code)
values ('8411', '干部休养所', 4, '841');
insert into INDUSTRY_CODE_NAME (industry_code, industry_name, industry_level, parent_code)
values ('8412', '护理机构服务', 4, '841');
insert into INDUSTRY_CODE_NAME (industry_code, industry_name, industry_level, parent_code)
values ('8413', '精神康复服务', 4, '841');
insert into INDUSTRY_CODE_NAME (industry_code, industry_name, industry_level, parent_code)
values ('8414', '老年人、残疾人养护服务', 4, '841');
insert into INDUSTRY_CODE_NAME (industry_code, industry_name, industry_level, parent_code)
values ('8415', '孤残儿童收养和庇护服务', 4, '841');
insert into INDUSTRY_CODE_NAME (industry_code, industry_name, industry_level, parent_code)
values ('8419', '其他提供住宿社会救助', 4, '841');
insert into INDUSTRY_CODE_NAME (industry_code, industry_name, industry_level, parent_code)
values ('842', '不提供住宿社会工作', 3, '84');
insert into INDUSTRY_CODE_NAME (industry_code, industry_name, industry_level, parent_code)
values ('8420', '不提供住宿社会工作', 4, '842');
insert into INDUSTRY_CODE_NAME (industry_code, industry_name, industry_level, parent_code)
values ('8421', '社会看护与帮助服务', 4, '842');
insert into INDUSTRY_CODE_NAME (industry_code, industry_name, industry_level, parent_code)
values ('8429', '其他不提供住宿社会工作', 4, '842');
insert into INDUSTRY_CODE_NAME (industry_code, industry_name, industry_level, parent_code)
values ('85', '新闻和出版业', 2, 'R');
insert into INDUSTRY_CODE_NAME (industry_code, industry_name, industry_level, parent_code)
values ('851', '新闻业', 3, '85');
insert into INDUSTRY_CODE_NAME (industry_code, industry_name, industry_level, parent_code)
values ('8510', '新闻业', 4, '851');
insert into INDUSTRY_CODE_NAME (industry_code, industry_name, industry_level, parent_code)
values ('852', '出版业', 3, '85');
insert into INDUSTRY_CODE_NAME (industry_code, industry_name, industry_level, parent_code)
values ('8520', '出版业', 4, '852');
insert into INDUSTRY_CODE_NAME (industry_code, industry_name, industry_level, parent_code)
values ('8521', '图书出版', 4, '852');
insert into INDUSTRY_CODE_NAME (industry_code, industry_name, industry_level, parent_code)
values ('8522', '报纸出版', 4, '852');
insert into INDUSTRY_CODE_NAME (industry_code, industry_name, industry_level, parent_code)
values ('8523', '期刊出版', 4, '852');
insert into INDUSTRY_CODE_NAME (industry_code, industry_name, industry_level, parent_code)
values ('8524', '音像制品出版', 4, '852');
insert into INDUSTRY_CODE_NAME (industry_code, industry_name, industry_level, parent_code)
values ('8525', '电子出版物出版', 4, '852');
insert into INDUSTRY_CODE_NAME (industry_code, industry_name, industry_level, parent_code)
values ('8529', '其他出版业', 4, '852');
insert into INDUSTRY_CODE_NAME (industry_code, industry_name, industry_level, parent_code)
values ('86', '广播、电视、电影和影视录音制作业', 2, 'R');
insert into INDUSTRY_CODE_NAME (industry_code, industry_name, industry_level, parent_code)
values ('861', '广播', 3, '86');
insert into INDUSTRY_CODE_NAME (industry_code, industry_name, industry_level, parent_code)
values ('8610', '广播', 4, '861');
insert into INDUSTRY_CODE_NAME (industry_code, industry_name, industry_level, parent_code)
values ('862', '电视', 3, '86');
insert into INDUSTRY_CODE_NAME (industry_code, industry_name, industry_level, parent_code)
values ('8620', '电视', 4, '862');
insert into INDUSTRY_CODE_NAME (industry_code, industry_name, industry_level, parent_code)
values ('863', '电影和影视节目制作', 3, '86');
insert into INDUSTRY_CODE_NAME (industry_code, industry_name, industry_level, parent_code)
values ('8630', '电影和影视节目制作', 4, '863');
insert into INDUSTRY_CODE_NAME (industry_code, industry_name, industry_level, parent_code)
values ('864', '电影和影视节目发行', 3, '86');
insert into INDUSTRY_CODE_NAME (industry_code, industry_name, industry_level, parent_code)
values ('8640', '电影和影视节目发行', 4, '864');
insert into INDUSTRY_CODE_NAME (industry_code, industry_name, industry_level, parent_code)
values ('865', '电影放映', 3, '86');
insert into INDUSTRY_CODE_NAME (industry_code, industry_name, industry_level, parent_code)
values ('8650', '电影放映', 4, '865');
insert into INDUSTRY_CODE_NAME (industry_code, industry_name, industry_level, parent_code)
values ('866', '录音制作', 3, '86');
insert into INDUSTRY_CODE_NAME (industry_code, industry_name, industry_level, parent_code)
values ('8660', '录音制作', 4, '866');
insert into INDUSTRY_CODE_NAME (industry_code, industry_name, industry_level, parent_code)
values ('87', '文化艺术业', 2, 'R');
insert into INDUSTRY_CODE_NAME (industry_code, industry_name, industry_level, parent_code)
values ('871', '文艺创作与表演', 3, '87');
insert into INDUSTRY_CODE_NAME (industry_code, industry_name, industry_level, parent_code)
values ('8710', '文艺创作与表演', 4, '871');
insert into INDUSTRY_CODE_NAME (industry_code, industry_name, industry_level, parent_code)
values ('872', '艺术表演场馆', 3, '87');
insert into INDUSTRY_CODE_NAME (industry_code, industry_name, industry_level, parent_code)
values ('8720', '艺术表演场馆', 4, '872');
insert into INDUSTRY_CODE_NAME (industry_code, industry_name, industry_level, parent_code)
values ('873', '图书馆与档案馆', 3, '87');
insert into INDUSTRY_CODE_NAME (industry_code, industry_name, industry_level, parent_code)
values ('8730', '图书馆与档案馆', 4, '873');
insert into INDUSTRY_CODE_NAME (industry_code, industry_name, industry_level, parent_code)
values ('8731', '图书馆', 4, '873');
insert into INDUSTRY_CODE_NAME (industry_code, industry_name, industry_level, parent_code)
values ('8732', '档案馆', 4, '873');
insert into INDUSTRY_CODE_NAME (industry_code, industry_name, industry_level, parent_code)
values ('874', '文物及非物质文化遗产保护', 3, '87');
insert into INDUSTRY_CODE_NAME (industry_code, industry_name, industry_level, parent_code)
values ('8740', '文物及非物质文化遗产保护', 4, '874');
insert into INDUSTRY_CODE_NAME (industry_code, industry_name, industry_level, parent_code)
values ('875', '博物馆', 3, '87');
insert into INDUSTRY_CODE_NAME (industry_code, industry_name, industry_level, parent_code)
values ('8750', '博物馆', 4, '875');
insert into INDUSTRY_CODE_NAME (industry_code, industry_name, industry_level, parent_code)
values ('876', '烈士陵园、纪念馆', 3, '87');
insert into INDUSTRY_CODE_NAME (industry_code, industry_name, industry_level, parent_code)
values ('8760', '烈士陵园、纪念馆', 4, '876');
insert into INDUSTRY_CODE_NAME (industry_code, industry_name, industry_level, parent_code)
values ('877', '群众文化活动', 3, '87');
insert into INDUSTRY_CODE_NAME (industry_code, industry_name, industry_level, parent_code)
values ('8770', '群众文化活动', 4, '877');
insert into INDUSTRY_CODE_NAME (industry_code, industry_name, industry_level, parent_code)
values ('879', '其他文化艺术业', 3, '87');
insert into INDUSTRY_CODE_NAME (industry_code, industry_name, industry_level, parent_code)
values ('8790', '其他文化艺术业', 4, '879');
insert into INDUSTRY_CODE_NAME (industry_code, industry_name, industry_level, parent_code)
values ('88', '体育', 2, 'R');
insert into INDUSTRY_CODE_NAME (industry_code, industry_name, industry_level, parent_code)
values ('881', '体育组织', 3, '88');
insert into INDUSTRY_CODE_NAME (industry_code, industry_name, industry_level, parent_code)
values ('8810', '体育组织', 4, '881');
insert into INDUSTRY_CODE_NAME (industry_code, industry_name, industry_level, parent_code)
values ('882', '体育场馆', 3, '88');
insert into INDUSTRY_CODE_NAME (industry_code, industry_name, industry_level, parent_code)
values ('8820', '体育场馆', 4, '882');
insert into INDUSTRY_CODE_NAME (industry_code, industry_name, industry_level, parent_code)
values ('883', '休闲健身活动', 3, '88');
insert into INDUSTRY_CODE_NAME (industry_code, industry_name, industry_level, parent_code)
values ('8830', '休闲健身活动', 4, '883');
insert into INDUSTRY_CODE_NAME (industry_code, industry_name, industry_level, parent_code)
values ('889', '其他体育', 3, '88');
insert into INDUSTRY_CODE_NAME (industry_code, industry_name, industry_level, parent_code)
values ('8890', '其他体育', 4, '889');
insert into INDUSTRY_CODE_NAME (industry_code, industry_name, industry_level, parent_code)
values ('89', '娱乐业', 2, 'R');
insert into INDUSTRY_CODE_NAME (industry_code, industry_name, industry_level, parent_code)
values ('891', '室内娱乐活动', 3, '89');
insert into INDUSTRY_CODE_NAME (industry_code, industry_name, industry_level, parent_code)
values ('8910', '室内娱乐活动', 4, '891');
insert into INDUSTRY_CODE_NAME (industry_code, industry_name, industry_level, parent_code)
values ('8911', '歌舞厅娱乐活动', 4, '891');
insert into INDUSTRY_CODE_NAME (industry_code, industry_name, industry_level, parent_code)
values ('8912', '电子游艺厅娱乐活动', 4, '891');
insert into INDUSTRY_CODE_NAME (industry_code, industry_name, industry_level, parent_code)
values ('8913', '网吧活动', 4, '891');
insert into INDUSTRY_CODE_NAME (industry_code, industry_name, industry_level, parent_code)
values ('8919', '其他室内娱乐活动', 4, '891');
insert into INDUSTRY_CODE_NAME (industry_code, industry_name, industry_level, parent_code)
values ('892', '游乐园', 3, '89');
insert into INDUSTRY_CODE_NAME (industry_code, industry_name, industry_level, parent_code)
values ('8920', '游乐园', 4, '892');
insert into INDUSTRY_CODE_NAME (industry_code, industry_name, industry_level, parent_code)
values ('893', '彩票活动', 3, '89');
insert into INDUSTRY_CODE_NAME (industry_code, industry_name, industry_level, parent_code)
values ('8930', '彩票活动', 4, '893');
insert into INDUSTRY_CODE_NAME (industry_code, industry_name, industry_level, parent_code)
values ('894', '文化、娱乐、体育经纪代理', 3, '89');
insert into INDUSTRY_CODE_NAME (industry_code, industry_name, industry_level, parent_code)
values ('8940', '文化、娱乐、体育经纪代理', 4, '894');
insert into INDUSTRY_CODE_NAME (industry_code, industry_name, industry_level, parent_code)
values ('8941', '文化娱乐经纪人', 4, '894');
insert into INDUSTRY_CODE_NAME (industry_code, industry_name, industry_level, parent_code)
values ('8942', '体育经纪人', 4, '894');
commit;
prompt 100 records committed...
insert into INDUSTRY_CODE_NAME (industry_code, industry_name, industry_level, parent_code)
values ('8949', '其他文化艺术经纪代理', 4, '894');
insert into INDUSTRY_CODE_NAME (industry_code, industry_name, industry_level, parent_code)
values ('899', '其他娱乐业', 3, '89');
insert into INDUSTRY_CODE_NAME (industry_code, industry_name, industry_level, parent_code)
values ('8990', '其他娱乐业', 4, '899');
insert into INDUSTRY_CODE_NAME (industry_code, industry_name, industry_level, parent_code)
values ('90', '中国共产党机关', 2, 'S');
insert into INDUSTRY_CODE_NAME (industry_code, industry_name, industry_level, parent_code)
values ('900', '中国共产党机关', 3, '90');
insert into INDUSTRY_CODE_NAME (industry_code, industry_name, industry_level, parent_code)
values ('9000', '中国共产党机关', 4, '900');
insert into INDUSTRY_CODE_NAME (industry_code, industry_name, industry_level, parent_code)
values ('91', '国家机构', 2, 'S');
insert into INDUSTRY_CODE_NAME (industry_code, industry_name, industry_level, parent_code)
values ('911', '国家权力机构', 3, '91');
insert into INDUSTRY_CODE_NAME (industry_code, industry_name, industry_level, parent_code)
values ('9110', '国家权力机构', 4, '911');
insert into INDUSTRY_CODE_NAME (industry_code, industry_name, industry_level, parent_code)
values ('912', '国家行政机构', 3, '91');
insert into INDUSTRY_CODE_NAME (industry_code, industry_name, industry_level, parent_code)
values ('9120', '国家行政机构', 4, '912');
insert into INDUSTRY_CODE_NAME (industry_code, industry_name, industry_level, parent_code)
values ('9121', '综合事务管理机构', 4, '912');
insert into INDUSTRY_CODE_NAME (industry_code, industry_name, industry_level, parent_code)
values ('9122', '对外事务管理机构', 4, '912');
insert into INDUSTRY_CODE_NAME (industry_code, industry_name, industry_level, parent_code)
values ('9123', '公共安全管理机构', 4, '912');
insert into INDUSTRY_CODE_NAME (industry_code, industry_name, industry_level, parent_code)
values ('9124', '社会事务管理机构', 4, '912');
insert into INDUSTRY_CODE_NAME (industry_code, industry_name, industry_level, parent_code)
values ('9125', '经济事务管理机构', 4, '912');
insert into INDUSTRY_CODE_NAME (industry_code, industry_name, industry_level, parent_code)
values ('9126', '行政监督检查机构', 4, '912');
insert into INDUSTRY_CODE_NAME (industry_code, industry_name, industry_level, parent_code)
values ('913', '人民法院和人民检察院', 3, '91');
insert into INDUSTRY_CODE_NAME (industry_code, industry_name, industry_level, parent_code)
values ('9130', '人民法院和人民检察院', 4, '913');
insert into INDUSTRY_CODE_NAME (industry_code, industry_name, industry_level, parent_code)
values ('9131', '人民法院', 4, '913');
insert into INDUSTRY_CODE_NAME (industry_code, industry_name, industry_level, parent_code)
values ('9132', '人民检察院', 4, '913');
insert into INDUSTRY_CODE_NAME (industry_code, industry_name, industry_level, parent_code)
values ('919', '其他国家机构', 3, '91');
insert into INDUSTRY_CODE_NAME (industry_code, industry_name, industry_level, parent_code)
values ('9190', '其他国家机构', 4, '919');
insert into INDUSTRY_CODE_NAME (industry_code, industry_name, industry_level, parent_code)
values ('92', '人民政协、民主党派', 2, 'S');
insert into INDUSTRY_CODE_NAME (industry_code, industry_name, industry_level, parent_code)
values ('921', '人民政协', 3, '92');
insert into INDUSTRY_CODE_NAME (industry_code, industry_name, industry_level, parent_code)
values ('9210', '人民政协', 4, '921');
insert into INDUSTRY_CODE_NAME (industry_code, industry_name, industry_level, parent_code)
values ('922', '民主党派', 3, '92');
insert into INDUSTRY_CODE_NAME (industry_code, industry_name, industry_level, parent_code)
values ('9220', '民主党派', 4, '922');
insert into INDUSTRY_CODE_NAME (industry_code, industry_name, industry_level, parent_code)
values ('93', '社会保障', 2, 'S');
insert into INDUSTRY_CODE_NAME (industry_code, industry_name, industry_level, parent_code)
values ('930', '社会保障', 3, '93');
insert into INDUSTRY_CODE_NAME (industry_code, industry_name, industry_level, parent_code)
values ('9300', '社会保障', 4, '930');
insert into INDUSTRY_CODE_NAME (industry_code, industry_name, industry_level, parent_code)
values ('94', '群众团体、社会团体和其他成员组织', 2, 'S');
insert into INDUSTRY_CODE_NAME (industry_code, industry_name, industry_level, parent_code)
values ('941', '群众团体', 3, '93');
insert into INDUSTRY_CODE_NAME (industry_code, industry_name, industry_level, parent_code)
values ('9410', '群众团体', 4, '941');
insert into INDUSTRY_CODE_NAME (industry_code, industry_name, industry_level, parent_code)
values ('9411', '工会', 4, '941');
insert into INDUSTRY_CODE_NAME (industry_code, industry_name, industry_level, parent_code)
values ('9412', '妇联', 4, '941');
insert into INDUSTRY_CODE_NAME (industry_code, industry_name, industry_level, parent_code)
values ('9413', '共青团', 4, '941');
insert into INDUSTRY_CODE_NAME (industry_code, industry_name, industry_level, parent_code)
values ('9419', '其他群众团体', 4, '941');
insert into INDUSTRY_CODE_NAME (industry_code, industry_name, industry_level, parent_code)
values ('942', '社会团体', 3, '94');
insert into INDUSTRY_CODE_NAME (industry_code, industry_name, industry_level, parent_code)
values ('9420', '社会团体', 4, '942');
insert into INDUSTRY_CODE_NAME (industry_code, industry_name, industry_level, parent_code)
values ('9421', '专业性团体', 4, '942');
insert into INDUSTRY_CODE_NAME (industry_code, industry_name, industry_level, parent_code)
values ('9422', '行业性团体', 4, '942');
insert into INDUSTRY_CODE_NAME (industry_code, industry_name, industry_level, parent_code)
values ('9429', '其他社会团体', 4, '942');
insert into INDUSTRY_CODE_NAME (industry_code, industry_name, industry_level, parent_code)
values ('943', '基金会', 3, '94');
insert into INDUSTRY_CODE_NAME (industry_code, industry_name, industry_level, parent_code)
values ('9430', '基金会', 4, '943');
insert into INDUSTRY_CODE_NAME (industry_code, industry_name, industry_level, parent_code)
values ('944', '宗教组织', 3, '94');
insert into INDUSTRY_CODE_NAME (industry_code, industry_name, industry_level, parent_code)
values ('9440', '宗教组织', 4, '944');
insert into INDUSTRY_CODE_NAME (industry_code, industry_name, industry_level, parent_code)
values ('95', '基层群众自治组织', 2, 'S');
insert into INDUSTRY_CODE_NAME (industry_code, industry_name, industry_level, parent_code)
values ('951', '社区自治组织', 3, '95');
insert into INDUSTRY_CODE_NAME (industry_code, industry_name, industry_level, parent_code)
values ('9510', '社区自治组织', 4, '951');
insert into INDUSTRY_CODE_NAME (industry_code, industry_name, industry_level, parent_code)
values ('96', '国际组织', 2, 'T');
insert into INDUSTRY_CODE_NAME (industry_code, industry_name, industry_level, parent_code)
values ('960', '国际组织', 3, '96');
insert into INDUSTRY_CODE_NAME (industry_code, industry_name, industry_level, parent_code)
values ('9600', '国际组织', 4, '960');
insert into INDUSTRY_CODE_NAME (industry_code, industry_name, industry_level, parent_code)
values ('A', '农、林、牧、渔业', 1, null);
insert into INDUSTRY_CODE_NAME (industry_code, industry_name, industry_level, parent_code)
values ('B', '采矿业', 1, null);
insert into INDUSTRY_CODE_NAME (industry_code, industry_name, industry_level, parent_code)
values ('C', '制造业', 1, null);
insert into INDUSTRY_CODE_NAME (industry_code, industry_name, industry_level, parent_code)
values ('D', '电力、热力、燃气及水生产和供应业', 1, null);
insert into INDUSTRY_CODE_NAME (industry_code, industry_name, industry_level, parent_code)
values ('E', '建筑业', 1, null);
insert into INDUSTRY_CODE_NAME (industry_code, industry_name, industry_level, parent_code)
values ('F', '批发和零售业', 1, null);
insert into INDUSTRY_CODE_NAME (industry_code, industry_name, industry_level, parent_code)
values ('G', '交通运输、仓储和邮政业', 1, null);
insert into INDUSTRY_CODE_NAME (industry_code, industry_name, industry_level, parent_code)
values ('H', '住宿和餐饮业', 1, null);
insert into INDUSTRY_CODE_NAME (industry_code, industry_name, industry_level, parent_code)
values ('I', '信息传输软件和信息技术服务业', 1, null);
insert into INDUSTRY_CODE_NAME (industry_code, industry_name, industry_level, parent_code)
values ('J', '金融业', 1, null);
insert into INDUSTRY_CODE_NAME (industry_code, industry_name, industry_level, parent_code)
values ('K', '房地产业', 1, null);
insert into INDUSTRY_CODE_NAME (industry_code, industry_name, industry_level, parent_code)
values ('L', '租赁和商务服务业', 1, null);
insert into INDUSTRY_CODE_NAME (industry_code, industry_name, industry_level, parent_code)
values ('M', '科学研究和技术服务业', 1, null);
insert into INDUSTRY_CODE_NAME (industry_code, industry_name, industry_level, parent_code)
values ('N', '水利环境和公共设施管理业', 1, null);
insert into INDUSTRY_CODE_NAME (industry_code, industry_name, industry_level, parent_code)
values ('O', '居民服务修理和其他服务业', 1, null);
insert into INDUSTRY_CODE_NAME (industry_code, industry_name, industry_level, parent_code)
values ('P', '教育', 1, null);
insert into INDUSTRY_CODE_NAME (industry_code, industry_name, industry_level, parent_code)
values ('Q', '卫生和社会工作', 1, null);
insert into INDUSTRY_CODE_NAME (industry_code, industry_name, industry_level, parent_code)
values ('R', '文化体育和娱乐业', 1, null);
insert into INDUSTRY_CODE_NAME (industry_code, industry_name, industry_level, parent_code)
values ('S', '公共管理社会保障和社会组织', 1, null);
insert into INDUSTRY_CODE_NAME (industry_code, industry_name, industry_level, parent_code)
values ('T', '国际组织', 1, null);
insert into INDUSTRY_CODE_NAME (industry_code, industry_name, industry_level, parent_code)
values ('3353', '安全、消防用金属制品制造', 4, '335');
insert into INDUSTRY_CODE_NAME (industry_code, industry_name, industry_level, parent_code)
values ('3359', '其他建筑、安全用金属制品制造', 4, '335');
insert into INDUSTRY_CODE_NAME (industry_code, industry_name, industry_level, parent_code)
values ('336', '金属表面处理及热处理加工', 3, '33');
insert into INDUSTRY_CODE_NAME (industry_code, industry_name, industry_level, parent_code)
values ('3360', '金属表面处理及热处理加工', 4, '336');
insert into INDUSTRY_CODE_NAME (industry_code, industry_name, industry_level, parent_code)
values ('337', '搪瓷制品制造', 3, '33');
insert into INDUSTRY_CODE_NAME (industry_code, industry_name, industry_level, parent_code)
values ('3370', '搪瓷制品制造', 4, '337');
insert into INDUSTRY_CODE_NAME (industry_code, industry_name, industry_level, parent_code)
values ('3371', '生产专用搪瓷制品制造', 4, '337');
insert into INDUSTRY_CODE_NAME (industry_code, industry_name, industry_level, parent_code)
values ('3372', '建筑装饰搪瓷制品制造', 4, '337');
insert into INDUSTRY_CODE_NAME (industry_code, industry_name, industry_level, parent_code)
values ('3373', '搪瓷卫生洁具制造', 4, '337');
insert into INDUSTRY_CODE_NAME (industry_code, industry_name, industry_level, parent_code)
values ('3379', '搪瓷日用品及其他搪瓷制品制造', 4, '337');
insert into INDUSTRY_CODE_NAME (industry_code, industry_name, industry_level, parent_code)
values ('338', '金属制日用品制造', 3, '33');
insert into INDUSTRY_CODE_NAME (industry_code, industry_name, industry_level, parent_code)
values ('3380', '金属制日用品制造', 4, '338');
insert into INDUSTRY_CODE_NAME (industry_code, industry_name, industry_level, parent_code)
values ('3381', '金属制厨房用器具制造', 4, '338');
insert into INDUSTRY_CODE_NAME (industry_code, industry_name, industry_level, parent_code)
values ('3382', '金属制餐具和器皿制造', 4, '338');
insert into INDUSTRY_CODE_NAME (industry_code, industry_name, industry_level, parent_code)
values ('3383', '金属制卫生器具制造', 4, '338');
insert into INDUSTRY_CODE_NAME (industry_code, industry_name, industry_level, parent_code)
values ('3389', '其他金属制日用品制造', 4, '338');
insert into INDUSTRY_CODE_NAME (industry_code, industry_name, industry_level, parent_code)
values ('339', '其他金属制品制造', 3, '33');
insert into INDUSTRY_CODE_NAME (industry_code, industry_name, industry_level, parent_code)
values ('3390', '其他金属制品制造', 4, '339');
insert into INDUSTRY_CODE_NAME (industry_code, industry_name, industry_level, parent_code)
values ('3391', '锻件及粉末冶金制品制造', 4, '339');
insert into INDUSTRY_CODE_NAME (industry_code, industry_name, industry_level, parent_code)
values ('3392', '交通及公共管理用金属标牌制造', 4, '339');
insert into INDUSTRY_CODE_NAME (industry_code, industry_name, industry_level, parent_code)
values ('3399', '其他未列明金属制品制造', 4, '339');
insert into INDUSTRY_CODE_NAME (industry_code, industry_name, industry_level, parent_code)
values ('34', '通用设备制造业', 2, 'C');
insert into INDUSTRY_CODE_NAME (industry_code, industry_name, industry_level, parent_code)
values ('341', '锅炉及原动设备制造', 3, '34');
insert into INDUSTRY_CODE_NAME (industry_code, industry_name, industry_level, parent_code)
values ('3410', '锅炉及原动设备制造', 4, '341');
insert into INDUSTRY_CODE_NAME (industry_code, industry_name, industry_level, parent_code)
values ('3411', '锅炉及辅助设备制造', 4, '341');
insert into INDUSTRY_CODE_NAME (industry_code, industry_name, industry_level, parent_code)
values ('3412', '内燃机及配件制造', 4, '341');
insert into INDUSTRY_CODE_NAME (industry_code, industry_name, industry_level, parent_code)
values ('3413', '汽轮机及辅机制造', 4, '341');
commit;
prompt 200 records committed...
insert into INDUSTRY_CODE_NAME (industry_code, industry_name, industry_level, parent_code)
values ('3414', '水轮机及辅机制造', 4, '341');
insert into INDUSTRY_CODE_NAME (industry_code, industry_name, industry_level, parent_code)
values ('3415', '风能原动设备制造', 4, '341');
insert into INDUSTRY_CODE_NAME (industry_code, industry_name, industry_level, parent_code)
values ('3419', '其他原动设备制造', 4, '341');
insert into INDUSTRY_CODE_NAME (industry_code, industry_name, industry_level, parent_code)
values ('342', '金属加工机械制造', 3, '34');
insert into INDUSTRY_CODE_NAME (industry_code, industry_name, industry_level, parent_code)
values ('3420', '金属加工机械制造', 4, '342');
insert into INDUSTRY_CODE_NAME (industry_code, industry_name, industry_level, parent_code)
values ('3421', '金属切削机床制造', 4, '342');
insert into INDUSTRY_CODE_NAME (industry_code, industry_name, industry_level, parent_code)
values ('3422', '金属成形机床制造', 4, '342');
insert into INDUSTRY_CODE_NAME (industry_code, industry_name, industry_level, parent_code)
values ('3423', '铸造机械制造', 4, '342');
insert into INDUSTRY_CODE_NAME (industry_code, industry_name, industry_level, parent_code)
values ('3424', '金属切割及焊接设备制造', 4, '342');
insert into INDUSTRY_CODE_NAME (industry_code, industry_name, industry_level, parent_code)
values ('3425', '机床附件制造', 4, '342');
insert into INDUSTRY_CODE_NAME (industry_code, industry_name, industry_level, parent_code)
values ('3429', '其他金属加工机械制造', 4, '342');
insert into INDUSTRY_CODE_NAME (industry_code, industry_name, industry_level, parent_code)
values ('343', '物料搬运设备制造', 3, '34');
insert into INDUSTRY_CODE_NAME (industry_code, industry_name, industry_level, parent_code)
values ('3430', '物料搬运设备制造', 4, '343');
insert into INDUSTRY_CODE_NAME (industry_code, industry_name, industry_level, parent_code)
values ('3431', '轻小型起重设备制造', 4, '343');
insert into INDUSTRY_CODE_NAME (industry_code, industry_name, industry_level, parent_code)
values ('3432', '起重机制造', 4, '343');
insert into INDUSTRY_CODE_NAME (industry_code, industry_name, industry_level, parent_code)
values ('3433', '生产专用车辆制造', 4, '343');
insert into INDUSTRY_CODE_NAME (industry_code, industry_name, industry_level, parent_code)
values ('3434', '连续搬运设备制造', 4, '343');
insert into INDUSTRY_CODE_NAME (industry_code, industry_name, industry_level, parent_code)
values ('3435', '电梯、自动扶梯及升降机制造', 4, '343');
insert into INDUSTRY_CODE_NAME (industry_code, industry_name, industry_level, parent_code)
values ('3439', '其他物料搬运设备制造', 4, '343');
insert into INDUSTRY_CODE_NAME (industry_code, industry_name, industry_level, parent_code)
values ('344', '泵、阀门、压缩机及类似机械制造', 3, '34');
insert into INDUSTRY_CODE_NAME (industry_code, industry_name, industry_level, parent_code)
values ('3440', '泵、阀门、压缩机及类似机械制造', 4, '344');
insert into INDUSTRY_CODE_NAME (industry_code, industry_name, industry_level, parent_code)
values ('3441', '泵及真空设备制造', 4, '344');
insert into INDUSTRY_CODE_NAME (industry_code, industry_name, industry_level, parent_code)
values ('3442', '气体压缩机械制造', 4, '344');
insert into INDUSTRY_CODE_NAME (industry_code, industry_name, industry_level, parent_code)
values ('3443', '阀门和旋塞制造', 4, '344');
insert into INDUSTRY_CODE_NAME (industry_code, industry_name, industry_level, parent_code)
values ('3444', '液压和气压动力机械及元件制造', 4, '344');
insert into INDUSTRY_CODE_NAME (industry_code, industry_name, industry_level, parent_code)
values ('345', '轴承、齿轮和传动部件制造', 3, '34');
insert into INDUSTRY_CODE_NAME (industry_code, industry_name, industry_level, parent_code)
values ('3450', '轴承、齿轮和传动部件制造', 4, '345');
insert into INDUSTRY_CODE_NAME (industry_code, industry_name, industry_level, parent_code)
values ('3451', '轴承制造', 4, '345');
insert into INDUSTRY_CODE_NAME (industry_code, industry_name, industry_level, parent_code)
values ('3452', '齿轮及齿轮减、变速箱制造', 4, '345');
insert into INDUSTRY_CODE_NAME (industry_code, industry_name, industry_level, parent_code)
values ('3459', '其他传动部件制造', 4, '345');
insert into INDUSTRY_CODE_NAME (industry_code, industry_name, industry_level, parent_code)
values ('346', '烘炉、风机、衡器、包装等设备制造', 3, '34');
insert into INDUSTRY_CODE_NAME (industry_code, industry_name, industry_level, parent_code)
values ('3460', '烘炉、风机、衡器、包装等设备制造', 4, '346');
insert into INDUSTRY_CODE_NAME (industry_code, industry_name, industry_level, parent_code)
values ('3461', '烘炉、熔炉及电炉制造', 4, '346');
insert into INDUSTRY_CODE_NAME (industry_code, industry_name, industry_level, parent_code)
values ('3462', '风机、风扇制造', 4, '346');
insert into INDUSTRY_CODE_NAME (industry_code, industry_name, industry_level, parent_code)
values ('3463', '气体、液体分离及纯净设备制造', 4, '346');
insert into INDUSTRY_CODE_NAME (industry_code, industry_name, industry_level, parent_code)
values ('3464', '制冷、空调设备制造', 4, '346');
insert into INDUSTRY_CODE_NAME (industry_code, industry_name, industry_level, parent_code)
values ('3465', '风动和电动工具制造', 4, '346');
insert into INDUSTRY_CODE_NAME (industry_code, industry_name, industry_level, parent_code)
values ('3466', '喷枪及类似器具制造', 4, '346');
insert into INDUSTRY_CODE_NAME (industry_code, industry_name, industry_level, parent_code)
values ('3467', '衡器制造', 4, '346');
insert into INDUSTRY_CODE_NAME (industry_code, industry_name, industry_level, parent_code)
values ('3468', '包装专用设备制造', 4, '346');
insert into INDUSTRY_CODE_NAME (industry_code, industry_name, industry_level, parent_code)
values ('347', '文化、办公用机械制造', 3, '34');
insert into INDUSTRY_CODE_NAME (industry_code, industry_name, industry_level, parent_code)
values ('3470', '文化、办公用机械制造', 4, '347');
insert into INDUSTRY_CODE_NAME (industry_code, industry_name, industry_level, parent_code)
values ('3471', '电影机械制造', 4, '347');
insert into INDUSTRY_CODE_NAME (industry_code, industry_name, industry_level, parent_code)
values ('3472', '幻灯及投影设备制造', 4, '347');
insert into INDUSTRY_CODE_NAME (industry_code, industry_name, industry_level, parent_code)
values ('3473', '照相机及器材制造', 4, '347');
insert into INDUSTRY_CODE_NAME (industry_code, industry_name, industry_level, parent_code)
values ('3474', '复印和胶印设备制造', 4, '347');
insert into INDUSTRY_CODE_NAME (industry_code, industry_name, industry_level, parent_code)
values ('3475', '计算器及货币专用设备制造', 4, '347');
insert into INDUSTRY_CODE_NAME (industry_code, industry_name, industry_level, parent_code)
values ('3479', '其他文化、办公用机械制造', 4, '347');
insert into INDUSTRY_CODE_NAME (industry_code, industry_name, industry_level, parent_code)
values ('348', '通用零部件制造', 3, '34');
insert into INDUSTRY_CODE_NAME (industry_code, industry_name, industry_level, parent_code)
values ('3480', '通用零部件制造', 4, '348');
insert into INDUSTRY_CODE_NAME (industry_code, industry_name, industry_level, parent_code)
values ('3481', '金属密封件制造', 4, '348');
insert into INDUSTRY_CODE_NAME (industry_code, industry_name, industry_level, parent_code)
values ('3482', '紧固件制造', 4, '348');
insert into INDUSTRY_CODE_NAME (industry_code, industry_name, industry_level, parent_code)
values ('3483', '弹簧制造', 4, '348');
insert into INDUSTRY_CODE_NAME (industry_code, industry_name, industry_level, parent_code)
values ('3484', '机械零部件加工', 4, '348');
insert into INDUSTRY_CODE_NAME (industry_code, industry_name, industry_level, parent_code)
values ('3489', '其他通用零部件制造', 4, '348');
insert into INDUSTRY_CODE_NAME (industry_code, industry_name, industry_level, parent_code)
values ('349', '其他通用设备制造业', 3, '34');
insert into INDUSTRY_CODE_NAME (industry_code, industry_name, industry_level, parent_code)
values ('3490', '其他通用设备制造业', 4, '349');
insert into INDUSTRY_CODE_NAME (industry_code, industry_name, industry_level, parent_code)
values ('35', '专用设备制造业', 2, 'C');
insert into INDUSTRY_CODE_NAME (industry_code, industry_name, industry_level, parent_code)
values ('351', '采矿、冶金、建筑专用设备制造', 3, '35');
insert into INDUSTRY_CODE_NAME (industry_code, industry_name, industry_level, parent_code)
values ('3510', '采矿、冶金、建筑专用设备制造', 4, '351');
insert into INDUSTRY_CODE_NAME (industry_code, industry_name, industry_level, parent_code)
values ('3511', '矿山机械制造', 4, '351');
insert into INDUSTRY_CODE_NAME (industry_code, industry_name, industry_level, parent_code)
values ('3512', '石油钻采专用设备制造', 4, '351');
insert into INDUSTRY_CODE_NAME (industry_code, industry_name, industry_level, parent_code)
values ('3513', '建筑工程用机械制造', 4, '351');
insert into INDUSTRY_CODE_NAME (industry_code, industry_name, industry_level, parent_code)
values ('3514', '海洋工程专用设备制造', 4, '351');
insert into INDUSTRY_CODE_NAME (industry_code, industry_name, industry_level, parent_code)
values ('3515', '建筑材料生产专用机械制造', 4, '351');
insert into INDUSTRY_CODE_NAME (industry_code, industry_name, industry_level, parent_code)
values ('3516', '冶金专用设备制造', 4, '351');
insert into INDUSTRY_CODE_NAME (industry_code, industry_name, industry_level, parent_code)
values ('352', '化工、木材、非金属加工专用设备制造', 3, '35');
insert into INDUSTRY_CODE_NAME (industry_code, industry_name, industry_level, parent_code)
values ('3520', '化工、木材、非金属加工专用设备制造', 4, '352');
insert into INDUSTRY_CODE_NAME (industry_code, industry_name, industry_level, parent_code)
values ('3521', '炼油、化工生产专用设备制造', 4, '352');
insert into INDUSTRY_CODE_NAME (industry_code, industry_name, industry_level, parent_code)
values ('3522', '橡胶加工专用设备制造', 4, '352');
insert into INDUSTRY_CODE_NAME (industry_code, industry_name, industry_level, parent_code)
values ('3523', '塑料加工专用设备制造', 4, '352');
insert into INDUSTRY_CODE_NAME (industry_code, industry_name, industry_level, parent_code)
values ('3524', '木材加工机械制造', 4, '352');
insert into INDUSTRY_CODE_NAME (industry_code, industry_name, industry_level, parent_code)
values ('3525', '模具制造', 4, '352');
insert into INDUSTRY_CODE_NAME (industry_code, industry_name, industry_level, parent_code)
values ('3529', '其他非金属加工专用设备制造', 4, '352');
insert into INDUSTRY_CODE_NAME (industry_code, industry_name, industry_level, parent_code)
values ('353', '食品、饮料、烟草及饲料生产专用设备制造', 3, '35');
insert into INDUSTRY_CODE_NAME (industry_code, industry_name, industry_level, parent_code)
values ('3530', '食品、饮料、烟草及饲料生产专用设备制造', 4, '353');
insert into INDUSTRY_CODE_NAME (industry_code, industry_name, industry_level, parent_code)
values ('3531', '食品、酒、饮料及茶生产专用设备制造', 4, '353');
insert into INDUSTRY_CODE_NAME (industry_code, industry_name, industry_level, parent_code)
values ('3532', '农副食品加工专用设备制造', 4, '353');
insert into INDUSTRY_CODE_NAME (industry_code, industry_name, industry_level, parent_code)
values ('3533', '烟草生产专用设备制造', 4, '353');
insert into INDUSTRY_CODE_NAME (industry_code, industry_name, industry_level, parent_code)
values ('3534', '饲料生产专用设备制造', 4, '353');
insert into INDUSTRY_CODE_NAME (industry_code, industry_name, industry_level, parent_code)
values ('354', '印刷、制药、日化及日用品生产专用设备制造', 3, '35');
insert into INDUSTRY_CODE_NAME (industry_code, industry_name, industry_level, parent_code)
values ('3540', '印刷、制药、日化及日用品生产专用设备制造', 4, '354');
insert into INDUSTRY_CODE_NAME (industry_code, industry_name, industry_level, parent_code)
values ('3541', '制浆和造纸专用设备制造', 4, '354');
insert into INDUSTRY_CODE_NAME (industry_code, industry_name, industry_level, parent_code)
values ('3542', '印刷专用设备制造', 4, '354');
insert into INDUSTRY_CODE_NAME (industry_code, industry_name, industry_level, parent_code)
values ('3543', '日用化工专用设备制造', 4, '354');
insert into INDUSTRY_CODE_NAME (industry_code, industry_name, industry_level, parent_code)
values ('3544', '制药专用设备制造', 4, '354');
insert into INDUSTRY_CODE_NAME (industry_code, industry_name, industry_level, parent_code)
values ('3545', '照明器具生产专用设备制造', 4, '354');
insert into INDUSTRY_CODE_NAME (industry_code, industry_name, industry_level, parent_code)
values ('3546', '玻璃、陶瓷和搪瓷制品生产专用设备制造', 4, '354');
insert into INDUSTRY_CODE_NAME (industry_code, industry_name, industry_level, parent_code)
values ('3549', '其他日用品生产专用设备制造', 4, '354');
insert into INDUSTRY_CODE_NAME (industry_code, industry_name, industry_level, parent_code)
values ('355', '纺织、服装和皮革加工专用设备制造', 3, '35');
insert into INDUSTRY_CODE_NAME (industry_code, industry_name, industry_level, parent_code)
values ('3550', '纺织、服装和皮革加工专用设备制造', 4, '355');
insert into INDUSTRY_CODE_NAME (industry_code, industry_name, industry_level, parent_code)
values ('3551', '纺织专用设备制造', 4, '355');
insert into INDUSTRY_CODE_NAME (industry_code, industry_name, industry_level, parent_code)
values ('3552', '皮革、毛皮及其制品加工专用设备制造', 4, '355');
insert into INDUSTRY_CODE_NAME (industry_code, industry_name, industry_level, parent_code)
values ('3553', '缝制机械制造', 4, '355');
insert into INDUSTRY_CODE_NAME (industry_code, industry_name, industry_level, parent_code)
values ('3554', '洗涤机械制造', 4, '355');
insert into INDUSTRY_CODE_NAME (industry_code, industry_name, industry_level, parent_code)
values ('356', '电子和电工机械专用设备制造', 3, '35');
insert into INDUSTRY_CODE_NAME (industry_code, industry_name, industry_level, parent_code)
values ('3560', '电子和电工机械专用设备制造', 4, '356');
insert into INDUSTRY_CODE_NAME (industry_code, industry_name, industry_level, parent_code)
values ('3561', '电工机械专用设备制造', 4, '356');
insert into INDUSTRY_CODE_NAME (industry_code, industry_name, industry_level, parent_code)
values ('3562', '电子工业专用设备制造', 4, '356');
insert into INDUSTRY_CODE_NAME (industry_code, industry_name, industry_level, parent_code)
values ('357', '农、林、牧、渔专用机械制造', 3, '35');
commit;
prompt 300 records committed...
insert into INDUSTRY_CODE_NAME (industry_code, industry_name, industry_level, parent_code)
values ('3570', '农、林、牧、渔专用机械制造', 4, '357');
insert into INDUSTRY_CODE_NAME (industry_code, industry_name, industry_level, parent_code)
values ('3571', '拖拉机制造', 4, '357');
insert into INDUSTRY_CODE_NAME (industry_code, industry_name, industry_level, parent_code)
values ('3572', '机械化农业及园艺机具制造', 4, '357');
insert into INDUSTRY_CODE_NAME (industry_code, industry_name, industry_level, parent_code)
values ('3573', '营林及木竹采伐机械制造', 4, '357');
insert into INDUSTRY_CODE_NAME (industry_code, industry_name, industry_level, parent_code)
values ('3574', '畜牧机械制造', 4, '357');
insert into INDUSTRY_CODE_NAME (industry_code, industry_name, industry_level, parent_code)
values ('3575', '渔业机械制造', 4, '357');
insert into INDUSTRY_CODE_NAME (industry_code, industry_name, industry_level, parent_code)
values ('3576', '农林牧渔机械配件制造', 4, '357');
insert into INDUSTRY_CODE_NAME (industry_code, industry_name, industry_level, parent_code)
values ('3577', '棉花加工机械制造', 4, '357');
insert into INDUSTRY_CODE_NAME (industry_code, industry_name, industry_level, parent_code)
values ('3579', '其他农、林、牧、渔业机械制造', 4, '357');
insert into INDUSTRY_CODE_NAME (industry_code, industry_name, industry_level, parent_code)
values ('358', '医疗仪器设备及器械制造', 3, '35');
insert into INDUSTRY_CODE_NAME (industry_code, industry_name, industry_level, parent_code)
values ('3580', '医疗仪器设备及器械制造', 4, '358');
insert into INDUSTRY_CODE_NAME (industry_code, industry_name, industry_level, parent_code)
values ('3581', '医疗诊断、监护及治疗设备制造', 4, '358');
insert into INDUSTRY_CODE_NAME (industry_code, industry_name, industry_level, parent_code)
values ('3582', '口腔科用设备及器具制造', 4, '358');
insert into INDUSTRY_CODE_NAME (industry_code, industry_name, industry_level, parent_code)
values ('3583', '医疗实验室及医用消毒设备和器具制造', 4, '358');
insert into INDUSTRY_CODE_NAME (industry_code, industry_name, industry_level, parent_code)
values ('3584', '医疗、外科及兽医用器械制造', 4, '358');
insert into INDUSTRY_CODE_NAME (industry_code, industry_name, industry_level, parent_code)
values ('3585', '机械治疗及病房护理设备制造', 4, '358');
insert into INDUSTRY_CODE_NAME (industry_code, industry_name, industry_level, parent_code)
values ('3586', '假肢、人工器官及植（介）入器械制造', 4, '358');
insert into INDUSTRY_CODE_NAME (industry_code, industry_name, industry_level, parent_code)
values ('3589', '其他医疗设备及器械制造', 4, '358');
insert into INDUSTRY_CODE_NAME (industry_code, industry_name, industry_level, parent_code)
values ('359', '环保、社会公共服务及其他专用设备制造', 3, '35');
insert into INDUSTRY_CODE_NAME (industry_code, industry_name, industry_level, parent_code)
values ('3590', '环保、社会公共服务及其他专用设备制造', 4, '359');
insert into INDUSTRY_CODE_NAME (industry_code, industry_name, industry_level, parent_code)
values ('3591', '环境保护专用设备制造', 4, '359');
insert into INDUSTRY_CODE_NAME (industry_code, industry_name, industry_level, parent_code)
values ('3592', '地质勘查专用设备制造', 4, '359');
insert into INDUSTRY_CODE_NAME (industry_code, industry_name, industry_level, parent_code)
values ('3593', '邮政专用机械及器材制造', 4, '359');
insert into INDUSTRY_CODE_NAME (industry_code, industry_name, industry_level, parent_code)
values ('3594', '商业、饮食、服务专用设备制造', 4, '359');
insert into INDUSTRY_CODE_NAME (industry_code, industry_name, industry_level, parent_code)
values ('3595', '社会公共安全设备及器材制造', 4, '359');
insert into INDUSTRY_CODE_NAME (industry_code, industry_name, industry_level, parent_code)
values ('3596', '交通安全、管制及类似专用设备制造', 4, '359');
insert into INDUSTRY_CODE_NAME (industry_code, industry_name, industry_level, parent_code)
values ('3597', '水资源专用机械制造', 4, '359');
insert into INDUSTRY_CODE_NAME (industry_code, industry_name, industry_level, parent_code)
values ('3599', '其他专用设备制造', 4, '359');
insert into INDUSTRY_CODE_NAME (industry_code, industry_name, industry_level, parent_code)
values ('36', '汽车制造业', 2, 'C');
insert into INDUSTRY_CODE_NAME (industry_code, industry_name, industry_level, parent_code)
values ('361', '汽车整车制造', 3, '36');
insert into INDUSTRY_CODE_NAME (industry_code, industry_name, industry_level, parent_code)
values ('3610', '汽车整车制造', 4, '361');
insert into INDUSTRY_CODE_NAME (industry_code, industry_name, industry_level, parent_code)
values ('362', '改装汽车制造', 3, '36');
insert into INDUSTRY_CODE_NAME (industry_code, industry_name, industry_level, parent_code)
values ('3620', '改装汽车制造', 4, '362');
insert into INDUSTRY_CODE_NAME (industry_code, industry_name, industry_level, parent_code)
values ('363', '低速载货汽车制造', 3, '36');
insert into INDUSTRY_CODE_NAME (industry_code, industry_name, industry_level, parent_code)
values ('3630', '低速载货汽车制造', 4, '363');
insert into INDUSTRY_CODE_NAME (industry_code, industry_name, industry_level, parent_code)
values ('364', '电车制造', 3, '36');
insert into INDUSTRY_CODE_NAME (industry_code, industry_name, industry_level, parent_code)
values ('3640', '电车制造', 4, '364');
insert into INDUSTRY_CODE_NAME (industry_code, industry_name, industry_level, parent_code)
values ('365', '汽车车身、挂车制造', 3, '36');
insert into INDUSTRY_CODE_NAME (industry_code, industry_name, industry_level, parent_code)
values ('3650', '汽车车身、挂车制造', 4, '365');
insert into INDUSTRY_CODE_NAME (industry_code, industry_name, industry_level, parent_code)
values ('366', '汽车零部件及配件制造', 3, '36');
insert into INDUSTRY_CODE_NAME (industry_code, industry_name, industry_level, parent_code)
values ('3660', '汽车零部件及配件制造', 4, '366');
insert into INDUSTRY_CODE_NAME (industry_code, industry_name, industry_level, parent_code)
values ('37', '铁路、船舶、航空航天和其他运输设备制造业', 2, 'C');
insert into INDUSTRY_CODE_NAME (industry_code, industry_name, industry_level, parent_code)
values ('371', '铁路运输设备制造', 3, '37');
insert into INDUSTRY_CODE_NAME (industry_code, industry_name, industry_level, parent_code)
values ('3710', '铁路运输设备制造', 4, '371');
insert into INDUSTRY_CODE_NAME (industry_code, industry_name, industry_level, parent_code)
values ('3711', '铁路机车车辆及动车组制造', 4, '371');
insert into INDUSTRY_CODE_NAME (industry_code, industry_name, industry_level, parent_code)
values ('3712', '窄轨机车车辆制造', 4, '371');
insert into INDUSTRY_CODE_NAME (industry_code, industry_name, industry_level, parent_code)
values ('3713', '铁路机车车辆配件制造', 4, '371');
insert into INDUSTRY_CODE_NAME (industry_code, industry_name, industry_level, parent_code)
values ('3714', '铁路专用设备及器材、配件制造', 4, '371');
insert into INDUSTRY_CODE_NAME (industry_code, industry_name, industry_level, parent_code)
values ('3719', '其他铁路运输设备制造', 4, '371');
insert into INDUSTRY_CODE_NAME (industry_code, industry_name, industry_level, parent_code)
values ('372', '城市轨道交通设备制造', 3, '37');
insert into INDUSTRY_CODE_NAME (industry_code, industry_name, industry_level, parent_code)
values ('3720', '城市轨道交通设备制造', 4, '372');
insert into INDUSTRY_CODE_NAME (industry_code, industry_name, industry_level, parent_code)
values ('373', '船舶及相关装置制造', 3, '37');
insert into INDUSTRY_CODE_NAME (industry_code, industry_name, industry_level, parent_code)
values ('3730', '船舶及相关装置制造', 4, '373');
insert into INDUSTRY_CODE_NAME (industry_code, industry_name, industry_level, parent_code)
values ('3731', '金属船舶制造', 4, '373');
insert into INDUSTRY_CODE_NAME (industry_code, industry_name, industry_level, parent_code)
values ('3732', '非金属船舶制造', 4, '373');
insert into INDUSTRY_CODE_NAME (industry_code, industry_name, industry_level, parent_code)
values ('3733', '娱乐船和运动船制造', 4, '373');
insert into INDUSTRY_CODE_NAME (industry_code, industry_name, industry_level, parent_code)
values ('3734', '船用配套设备制造', 4, '373');
insert into INDUSTRY_CODE_NAME (industry_code, industry_name, industry_level, parent_code)
values ('3735', '船舶改装与拆除', 4, '373');
insert into INDUSTRY_CODE_NAME (industry_code, industry_name, industry_level, parent_code)
values ('3739', '航标器材及其他相关装置制造', 4, '373');
insert into INDUSTRY_CODE_NAME (industry_code, industry_name, industry_level, parent_code)
values ('374', '航空、航天器及设备制造', 3, '37');
insert into INDUSTRY_CODE_NAME (industry_code, industry_name, industry_level, parent_code)
values ('3740', '航空、航天器及设备制造', 4, '374');
insert into INDUSTRY_CODE_NAME (industry_code, industry_name, industry_level, parent_code)
values ('3741', '飞机制造', 4, '374');
insert into INDUSTRY_CODE_NAME (industry_code, industry_name, industry_level, parent_code)
values ('3742', '航天器制造', 4, '374');
insert into INDUSTRY_CODE_NAME (industry_code, industry_name, industry_level, parent_code)
values ('3743', '航空、航天相关设备制造', 4, '374');
insert into INDUSTRY_CODE_NAME (industry_code, industry_name, industry_level, parent_code)
values ('3749', '其他航空航天器制造', 4, '374');
insert into INDUSTRY_CODE_NAME (industry_code, industry_name, industry_level, parent_code)
values ('375', '摩托车制造', 3, '37');
insert into INDUSTRY_CODE_NAME (industry_code, industry_name, industry_level, parent_code)
values ('3750', '摩托车制造', 4, '375');
insert into INDUSTRY_CODE_NAME (industry_code, industry_name, industry_level, parent_code)
values ('3751', '摩托车整车制造', 4, '375');
insert into INDUSTRY_CODE_NAME (industry_code, industry_name, industry_level, parent_code)
values ('3752', '摩托车零部件及配件制造', 4, '375');
insert into INDUSTRY_CODE_NAME (industry_code, industry_name, industry_level, parent_code)
values ('376', '自行车制造', 3, '37');
insert into INDUSTRY_CODE_NAME (industry_code, industry_name, industry_level, parent_code)
values ('3760', '自行车制造', 4, '376');
insert into INDUSTRY_CODE_NAME (industry_code, industry_name, industry_level, parent_code)
values ('3761', '脚踏自行车及残疾人座车制造', 4, '376');
insert into INDUSTRY_CODE_NAME (industry_code, industry_name, industry_level, parent_code)
values ('3762', '助动自行车制造', 4, '376');
insert into INDUSTRY_CODE_NAME (industry_code, industry_name, industry_level, parent_code)
values ('377', '非公路休闲车及零配件制造', 3, '37');
insert into INDUSTRY_CODE_NAME (industry_code, industry_name, industry_level, parent_code)
values ('3770', '非公路休闲车及零配件制造', 4, '377');
insert into INDUSTRY_CODE_NAME (industry_code, industry_name, industry_level, parent_code)
values ('379', '潜水救捞及其他未列明运输设备制造', 3, '37');
insert into INDUSTRY_CODE_NAME (industry_code, industry_name, industry_level, parent_code)
values ('3790', '潜水救捞及其他未列明运输设备制造', 4, '379');
insert into INDUSTRY_CODE_NAME (industry_code, industry_name, industry_level, parent_code)
values ('3791', '潜水及水下救捞装备制造', 4, '379');
insert into INDUSTRY_CODE_NAME (industry_code, industry_name, industry_level, parent_code)
values ('3799', '其他未列明运输设备制造', 4, '379');
insert into INDUSTRY_CODE_NAME (industry_code, industry_name, industry_level, parent_code)
values ('38', '电气机械和器材制造业', 2, 'C');
insert into INDUSTRY_CODE_NAME (industry_code, industry_name, industry_level, parent_code)
values ('381', '电机制造', 3, '38');
insert into INDUSTRY_CODE_NAME (industry_code, industry_name, industry_level, parent_code)
values ('3810', '电机制造', 4, '381');
insert into INDUSTRY_CODE_NAME (industry_code, industry_name, industry_level, parent_code)
values ('3811', '发电机及发电机组制造', 4, '381');
insert into INDUSTRY_CODE_NAME (industry_code, industry_name, industry_level, parent_code)
values ('3812', '电动机制造', 4, '381');
insert into INDUSTRY_CODE_NAME (industry_code, industry_name, industry_level, parent_code)
values ('3819', '微电机及其他电机制造', 4, '381');
insert into INDUSTRY_CODE_NAME (industry_code, industry_name, industry_level, parent_code)
values ('382', '输配电及控制设备制造', 3, '38');
insert into INDUSTRY_CODE_NAME (industry_code, industry_name, industry_level, parent_code)
values ('3820', '输配电及控制设备制造', 4, '382');
insert into INDUSTRY_CODE_NAME (industry_code, industry_name, industry_level, parent_code)
values ('3821', '变压器、整流器和电感器制造', 4, '382');
insert into INDUSTRY_CODE_NAME (industry_code, industry_name, industry_level, parent_code)
values ('3822', '电容器及其配套设备制造', 4, '382');
insert into INDUSTRY_CODE_NAME (industry_code, industry_name, industry_level, parent_code)
values ('3823', '配电开关控制设备制造', 4, '382');
insert into INDUSTRY_CODE_NAME (industry_code, industry_name, industry_level, parent_code)
values ('3824', '电力电子元器件制造', 4, '382');
insert into INDUSTRY_CODE_NAME (industry_code, industry_name, industry_level, parent_code)
values ('3825', '光伏设备及元器件制造', 4, '382');
insert into INDUSTRY_CODE_NAME (industry_code, industry_name, industry_level, parent_code)
values ('3829', '其他输配电及控制设备制造', 4, '382');
insert into INDUSTRY_CODE_NAME (industry_code, industry_name, industry_level, parent_code)
values ('383', '电线、电缆、光缆及电工器材制造', 3, '38');
insert into INDUSTRY_CODE_NAME (industry_code, industry_name, industry_level, parent_code)
values ('3830', '电线、电缆、光缆及电工器材制造', 4, '383');
insert into INDUSTRY_CODE_NAME (industry_code, industry_name, industry_level, parent_code)
values ('3831', '电线、电缆制造', 4, '383');
insert into INDUSTRY_CODE_NAME (industry_code, industry_name, industry_level, parent_code)
values ('3832', '光纤、光缆制造', 4, '383');
insert into INDUSTRY_CODE_NAME (industry_code, industry_name, industry_level, parent_code)
values ('3833', '绝缘制品制造', 4, '383');
insert into INDUSTRY_CODE_NAME (industry_code, industry_name, industry_level, parent_code)
values ('3839', '其他电工器材制造', 4, '383');
insert into INDUSTRY_CODE_NAME (industry_code, industry_name, industry_level, parent_code)
values ('384', '电池制造', 3, '38');
commit;
prompt 400 records committed...
insert into INDUSTRY_CODE_NAME (industry_code, industry_name, industry_level, parent_code)
values ('3840', '电池制造', 4, '384');
insert into INDUSTRY_CODE_NAME (industry_code, industry_name, industry_level, parent_code)
values ('3841', '锂离子电池制造', 4, '384');
insert into INDUSTRY_CODE_NAME (industry_code, industry_name, industry_level, parent_code)
values ('3842', '镍氢电池制造', 4, '384');
insert into INDUSTRY_CODE_NAME (industry_code, industry_name, industry_level, parent_code)
values ('3849', '其他电池制造', 4, '384');
insert into INDUSTRY_CODE_NAME (industry_code, industry_name, industry_level, parent_code)
values ('385', '家用电力器具制造', 3, '38');
insert into INDUSTRY_CODE_NAME (industry_code, industry_name, industry_level, parent_code)
values ('3850', '家用电力器具制造', 4, '385');
insert into INDUSTRY_CODE_NAME (industry_code, industry_name, industry_level, parent_code)
values ('3851', '家用制冷电器具制造', 4, '385');
insert into INDUSTRY_CODE_NAME (industry_code, industry_name, industry_level, parent_code)
values ('3852', '家用空气调节器制造', 4, '385');
insert into INDUSTRY_CODE_NAME (industry_code, industry_name, industry_level, parent_code)
values ('3853', '家用通风电器具制造', 4, '385');
insert into INDUSTRY_CODE_NAME (industry_code, industry_name, industry_level, parent_code)
values ('3854', '家用厨房电器具制造', 4, '385');
insert into INDUSTRY_CODE_NAME (industry_code, industry_name, industry_level, parent_code)
values ('3855', '家用清洁卫生电器具制造', 4, '385');
insert into INDUSTRY_CODE_NAME (industry_code, industry_name, industry_level, parent_code)
values ('3856', '家用美容、保健电器具制造', 4, '385');
insert into INDUSTRY_CODE_NAME (industry_code, industry_name, industry_level, parent_code)
values ('3857', '家用电力器具专用配件制造', 4, '385');
insert into INDUSTRY_CODE_NAME (industry_code, industry_name, industry_level, parent_code)
values ('3859', '其他家用电力器具制造', 4, '385');
insert into INDUSTRY_CODE_NAME (industry_code, industry_name, industry_level, parent_code)
values ('386', '非电力家用器具制造', 3, '38');
insert into INDUSTRY_CODE_NAME (industry_code, industry_name, industry_level, parent_code)
values ('3860', '非电力家用器具制造', 4, '386');
insert into INDUSTRY_CODE_NAME (industry_code, industry_name, industry_level, parent_code)
values ('3861', '燃气、太阳能及类似能源家用器具制造', 4, '386');
insert into INDUSTRY_CODE_NAME (industry_code, industry_name, industry_level, parent_code)
values ('3869', '其他非电力家用器具制造', 4, '386');
insert into INDUSTRY_CODE_NAME (industry_code, industry_name, industry_level, parent_code)
values ('387', '照明器具制造', 3, '38');
insert into INDUSTRY_CODE_NAME (industry_code, industry_name, industry_level, parent_code)
values ('3870', '照明器具制造', 4, '387');
insert into INDUSTRY_CODE_NAME (industry_code, industry_name, industry_level, parent_code)
values ('3871', '电光源制造', 4, '387');
insert into INDUSTRY_CODE_NAME (industry_code, industry_name, industry_level, parent_code)
values ('3872', '照明灯具制造', 4, '387');
insert into INDUSTRY_CODE_NAME (industry_code, industry_name, industry_level, parent_code)
values ('3879', '灯用电器附件及其他照明器具制造', 4, '387');
insert into INDUSTRY_CODE_NAME (industry_code, industry_name, industry_level, parent_code)
values ('389', '其他电气机械及器材制造', 3, '38');
insert into INDUSTRY_CODE_NAME (industry_code, industry_name, industry_level, parent_code)
values ('3890', '其他电气机械及器材制造', 4, '389');
insert into INDUSTRY_CODE_NAME (industry_code, industry_name, industry_level, parent_code)
values ('3891', '电气信号设备装置制造', 4, '389');
insert into INDUSTRY_CODE_NAME (industry_code, industry_name, industry_level, parent_code)
values ('3899', '其他未列明电气机械及器材制造', 4, '389');
insert into INDUSTRY_CODE_NAME (industry_code, industry_name, industry_level, parent_code)
values ('39', '计算机、通信和其他电子设备制造业', 2, 'C');
insert into INDUSTRY_CODE_NAME (industry_code, industry_name, industry_level, parent_code)
values ('391', '计算机制造', 3, '39');
insert into INDUSTRY_CODE_NAME (industry_code, industry_name, industry_level, parent_code)
values ('3910', '计算机制造', 4, '391');
insert into INDUSTRY_CODE_NAME (industry_code, industry_name, industry_level, parent_code)
values ('3911', '计算机整机制造', 4, '391');
insert into INDUSTRY_CODE_NAME (industry_code, industry_name, industry_level, parent_code)
values ('3912', '计算机零部件制造', 4, '391');
insert into INDUSTRY_CODE_NAME (industry_code, industry_name, industry_level, parent_code)
values ('3913', '计算机外围设备制造', 4, '391');
insert into INDUSTRY_CODE_NAME (industry_code, industry_name, industry_level, parent_code)
values ('3919', '其他计算机制造', 4, '391');
insert into INDUSTRY_CODE_NAME (industry_code, industry_name, industry_level, parent_code)
values ('392', '通信设备制造', 3, '39');
insert into INDUSTRY_CODE_NAME (industry_code, industry_name, industry_level, parent_code)
values ('3920', '通信设备制造', 4, '392');
insert into INDUSTRY_CODE_NAME (industry_code, industry_name, industry_level, parent_code)
values ('3921', '通信系统设备制造', 4, '392');
insert into INDUSTRY_CODE_NAME (industry_code, industry_name, industry_level, parent_code)
values ('3922', '通信终端设备制造', 4, '392');
insert into INDUSTRY_CODE_NAME (industry_code, industry_name, industry_level, parent_code)
values ('393', '广播电视设备制造', 3, '39');
insert into INDUSTRY_CODE_NAME (industry_code, industry_name, industry_level, parent_code)
values ('3930', '广播电视设备制造', 4, '393');
insert into INDUSTRY_CODE_NAME (industry_code, industry_name, industry_level, parent_code)
values ('3931', '广播电视节目制作及发射设备制造', 4, '393');
insert into INDUSTRY_CODE_NAME (industry_code, industry_name, industry_level, parent_code)
values ('3932', '广播电视接收设备及器材制造', 4, '393');
insert into INDUSTRY_CODE_NAME (industry_code, industry_name, industry_level, parent_code)
values ('3939', '应用电视设备及其他广播电视设备制造', 4, '393');
insert into INDUSTRY_CODE_NAME (industry_code, industry_name, industry_level, parent_code)
values ('394', '雷达及配套设备制造', 3, '39');
insert into INDUSTRY_CODE_NAME (industry_code, industry_name, industry_level, parent_code)
values ('3940', '雷达及配套设备制造', 4, '394');
insert into INDUSTRY_CODE_NAME (industry_code, industry_name, industry_level, parent_code)
values ('395', '视听设备制造', 3, '39');
insert into INDUSTRY_CODE_NAME (industry_code, industry_name, industry_level, parent_code)
values ('3950', '视听设备制造', 4, '395');
insert into INDUSTRY_CODE_NAME (industry_code, industry_name, industry_level, parent_code)
values ('3951', '电视机制造', 4, '395');
insert into INDUSTRY_CODE_NAME (industry_code, industry_name, industry_level, parent_code)
values ('3952', '音响设备制造', 4, '395');
insert into INDUSTRY_CODE_NAME (industry_code, industry_name, industry_level, parent_code)
values ('3953', '影视录放设备制造', 4, '395');
insert into INDUSTRY_CODE_NAME (industry_code, industry_name, industry_level, parent_code)
values ('396', '电子器件制造', 3, '39');
insert into INDUSTRY_CODE_NAME (industry_code, industry_name, industry_level, parent_code)
values ('3960', '电子器件制造', 4, '396');
insert into INDUSTRY_CODE_NAME (industry_code, industry_name, industry_level, parent_code)
values ('3961', '电子真空器件制造', 4, '396');
insert into INDUSTRY_CODE_NAME (industry_code, industry_name, industry_level, parent_code)
values ('3962', '半导体分立器件制造', 4, '396');
insert into INDUSTRY_CODE_NAME (industry_code, industry_name, industry_level, parent_code)
values ('3963', '集成电路制造', 4, '396');
insert into INDUSTRY_CODE_NAME (industry_code, industry_name, industry_level, parent_code)
values ('3969', '光电子器件及其他电子器件制造', 4, '396');
insert into INDUSTRY_CODE_NAME (industry_code, industry_name, industry_level, parent_code)
values ('397', '电子元件制造', 3, '39');
insert into INDUSTRY_CODE_NAME (industry_code, industry_name, industry_level, parent_code)
values ('3970', '电子元件制造', 4, '397');
insert into INDUSTRY_CODE_NAME (industry_code, industry_name, industry_level, parent_code)
values ('3971', '电子元件及组件制造', 4, '397');
insert into INDUSTRY_CODE_NAME (industry_code, industry_name, industry_level, parent_code)
values ('3972', '印制电路板制造', 4, '397');
insert into INDUSTRY_CODE_NAME (industry_code, industry_name, industry_level, parent_code)
values ('399', '其他电子设备制造', 3, '39');
insert into INDUSTRY_CODE_NAME (industry_code, industry_name, industry_level, parent_code)
values ('3990', '其他电子设备制造', 4, '399');
insert into INDUSTRY_CODE_NAME (industry_code, industry_name, industry_level, parent_code)
values ('40', '仪器仪表制造业', 2, 'C');
insert into INDUSTRY_CODE_NAME (industry_code, industry_name, industry_level, parent_code)
values ('401', '通用仪器仪表制造', 3, '40');
insert into INDUSTRY_CODE_NAME (industry_code, industry_name, industry_level, parent_code)
values ('4010', '通用仪器仪表制造', 4, '401');
insert into INDUSTRY_CODE_NAME (industry_code, industry_name, industry_level, parent_code)
values ('4011', '工业自动控制系统装置制造', 4, '401');
insert into INDUSTRY_CODE_NAME (industry_code, industry_name, industry_level, parent_code)
values ('4012', '电工仪器仪表制造', 4, '401');
insert into INDUSTRY_CODE_NAME (industry_code, industry_name, industry_level, parent_code)
values ('4013', '绘图、计算及测量仪器制造', 4, '401');
insert into INDUSTRY_CODE_NAME (industry_code, industry_name, industry_level, parent_code)
values ('4014', '实验分析仪器制造', 4, '401');
insert into INDUSTRY_CODE_NAME (industry_code, industry_name, industry_level, parent_code)
values ('4015', '试验机制造', 4, '401');
insert into INDUSTRY_CODE_NAME (industry_code, industry_name, industry_level, parent_code)
values ('4019', '供应用仪表及其他通用仪器制造', 4, '401');
insert into INDUSTRY_CODE_NAME (industry_code, industry_name, industry_level, parent_code)
values ('402', '专用仪器仪表制造', 3, '40');
insert into INDUSTRY_CODE_NAME (industry_code, industry_name, industry_level, parent_code)
values ('4020', '专用仪器仪表制造', 4, '402');
insert into INDUSTRY_CODE_NAME (industry_code, industry_name, industry_level, parent_code)
values ('4021', '环境监测专用仪器仪表制造', 4, '402');
insert into INDUSTRY_CODE_NAME (industry_code, industry_name, industry_level, parent_code)
values ('4022', '运输设备及生产用计数仪表制造', 4, '402');
insert into INDUSTRY_CODE_NAME (industry_code, industry_name, industry_level, parent_code)
values ('4023', '导航、气象及海洋专用仪器制造', 4, '402');
insert into INDUSTRY_CODE_NAME (industry_code, industry_name, industry_level, parent_code)
values ('4024', '农林牧渔专用仪器仪表制造', 4, '402');
insert into INDUSTRY_CODE_NAME (industry_code, industry_name, industry_level, parent_code)
values ('4025', '地质勘探和地震专用仪器制造', 4, '402');
insert into INDUSTRY_CODE_NAME (industry_code, industry_name, industry_level, parent_code)
values ('4026', '教学专用仪器制造', 4, '402');
insert into INDUSTRY_CODE_NAME (industry_code, industry_name, industry_level, parent_code)
values ('4027', '核子及核辐射测量仪器制造', 4, '402');
insert into INDUSTRY_CODE_NAME (industry_code, industry_name, industry_level, parent_code)
values ('4028', '电子测量仪器制造', 4, '402');
insert into INDUSTRY_CODE_NAME (industry_code, industry_name, industry_level, parent_code)
values ('4029', '其他专用仪器制造', 4, '402');
insert into INDUSTRY_CODE_NAME (industry_code, industry_name, industry_level, parent_code)
values ('403', '钟表与计时仪器制造', 3, '40');
insert into INDUSTRY_CODE_NAME (industry_code, industry_name, industry_level, parent_code)
values ('4030', '钟表与计时仪器制造', 4, '403');
insert into INDUSTRY_CODE_NAME (industry_code, industry_name, industry_level, parent_code)
values ('404', '光学仪器及眼镜制造', 3, '40');
insert into INDUSTRY_CODE_NAME (industry_code, industry_name, industry_level, parent_code)
values ('4040', '光学仪器及眼镜制造', 4, '404');
insert into INDUSTRY_CODE_NAME (industry_code, industry_name, industry_level, parent_code)
values ('4041', '光学仪器制造', 4, '404');
insert into INDUSTRY_CODE_NAME (industry_code, industry_name, industry_level, parent_code)
values ('4042', '眼镜制造', 4, '404');
insert into INDUSTRY_CODE_NAME (industry_code, industry_name, industry_level, parent_code)
values ('409', '其他仪器仪表制造业', 3, '40');
insert into INDUSTRY_CODE_NAME (industry_code, industry_name, industry_level, parent_code)
values ('4090', '其他仪器仪表制造业', 4, '409');
insert into INDUSTRY_CODE_NAME (industry_code, industry_name, industry_level, parent_code)
values ('41', '其他制造业', 2, 'C');
insert into INDUSTRY_CODE_NAME (industry_code, industry_name, industry_level, parent_code)
values ('411', '日用杂品制造', 3, '41');
insert into INDUSTRY_CODE_NAME (industry_code, industry_name, industry_level, parent_code)
values ('4110', '日用杂品制造', 4, '411');
insert into INDUSTRY_CODE_NAME (industry_code, industry_name, industry_level, parent_code)
values ('4111', '鬃毛加工、制刷及清扫工具制造', 4, '411');
insert into INDUSTRY_CODE_NAME (industry_code, industry_name, industry_level, parent_code)
values ('4119', '其他日用杂品制造', 4, '411');
insert into INDUSTRY_CODE_NAME (industry_code, industry_name, industry_level, parent_code)
values ('412', '煤制品制造', 3, '41');
insert into INDUSTRY_CODE_NAME (industry_code, industry_name, industry_level, parent_code)
values ('4120', '煤制品制造', 4, '412');
insert into INDUSTRY_CODE_NAME (industry_code, industry_name, industry_level, parent_code)
values ('413', '核辐射加工', 3, '41');
insert into INDUSTRY_CODE_NAME (industry_code, industry_name, industry_level, parent_code)
values ('4130', '核辐射加工', 4, '413');
insert into INDUSTRY_CODE_NAME (industry_code, industry_name, industry_level, parent_code)
values ('419', '其他未列明制造业', 3, '41');
commit;
prompt 500 records committed...
insert into INDUSTRY_CODE_NAME (industry_code, industry_name, industry_level, parent_code)
values ('4190', '其他未列明制造业', 4, '419');
insert into INDUSTRY_CODE_NAME (industry_code, industry_name, industry_level, parent_code)
values ('42', '废弃资源综合利用业', 2, 'C');
insert into INDUSTRY_CODE_NAME (industry_code, industry_name, industry_level, parent_code)
values ('421', '金属废料和碎屑加工处理', 3, '42');
insert into INDUSTRY_CODE_NAME (industry_code, industry_name, industry_level, parent_code)
values ('4210', '金属废料和碎屑加工处理', 4, '421');
insert into INDUSTRY_CODE_NAME (industry_code, industry_name, industry_level, parent_code)
values ('422', '非金属废料和碎屑加工处理', 3, '42');
insert into INDUSTRY_CODE_NAME (industry_code, industry_name, industry_level, parent_code)
values ('4220', '非金属废料和碎屑加工处理', 4, '422');
insert into INDUSTRY_CODE_NAME (industry_code, industry_name, industry_level, parent_code)
values ('43', '金属制品、机械和设备修理业', 2, 'C');
insert into INDUSTRY_CODE_NAME (industry_code, industry_name, industry_level, parent_code)
values ('431', '金属制品修理', 3, '43');
insert into INDUSTRY_CODE_NAME (industry_code, industry_name, industry_level, parent_code)
values ('4310', '金属制品修理', 4, '431');
insert into INDUSTRY_CODE_NAME (industry_code, industry_name, industry_level, parent_code)
values ('432', '通用设备修理', 3, '43');
insert into INDUSTRY_CODE_NAME (industry_code, industry_name, industry_level, parent_code)
values ('4320', '通用设备修理', 4, '432');
insert into INDUSTRY_CODE_NAME (industry_code, industry_name, industry_level, parent_code)
values ('433', '专用设备修理', 3, '43');
insert into INDUSTRY_CODE_NAME (industry_code, industry_name, industry_level, parent_code)
values ('4330', '专用设备修理', 4, '433');
insert into INDUSTRY_CODE_NAME (industry_code, industry_name, industry_level, parent_code)
values ('434', '铁路、船舶、航空航天等运输设备修理', 3, '43');
insert into INDUSTRY_CODE_NAME (industry_code, industry_name, industry_level, parent_code)
values ('4340', '铁路、船舶、航空航天等运输设备修理', 4, '434');
insert into INDUSTRY_CODE_NAME (industry_code, industry_name, industry_level, parent_code)
values ('4341', '铁路运输设备修理', 4, '434');
insert into INDUSTRY_CODE_NAME (industry_code, industry_name, industry_level, parent_code)
values ('4342', '船舶修理', 4, '434');
insert into INDUSTRY_CODE_NAME (industry_code, industry_name, industry_level, parent_code)
values ('4343', '航空航天器修理', 4, '434');
insert into INDUSTRY_CODE_NAME (industry_code, industry_name, industry_level, parent_code)
values ('4349', '其他运输设备修理', 4, '434');
insert into INDUSTRY_CODE_NAME (industry_code, industry_name, industry_level, parent_code)
values ('435', '电气设备修理', 3, '43');
insert into INDUSTRY_CODE_NAME (industry_code, industry_name, industry_level, parent_code)
values ('4350', '电气设备修理', 4, '435');
insert into INDUSTRY_CODE_NAME (industry_code, industry_name, industry_level, parent_code)
values ('436', '仪器仪表修理', 3, '43');
insert into INDUSTRY_CODE_NAME (industry_code, industry_name, industry_level, parent_code)
values ('4360', '仪器仪表修理', 4, '436');
insert into INDUSTRY_CODE_NAME (industry_code, industry_name, industry_level, parent_code)
values ('439', '其他机械和设备修理业', 3, '43');
insert into INDUSTRY_CODE_NAME (industry_code, industry_name, industry_level, parent_code)
values ('4390', '其他机械和设备修理业', 4, '439');
insert into INDUSTRY_CODE_NAME (industry_code, industry_name, industry_level, parent_code)
values ('44', '电力、热力生产和供应业', 2, 'D');
insert into INDUSTRY_CODE_NAME (industry_code, industry_name, industry_level, parent_code)
values ('441', '电力生产', 3, '44');
insert into INDUSTRY_CODE_NAME (industry_code, industry_name, industry_level, parent_code)
values ('4410', '电力生产', 4, '441');
insert into INDUSTRY_CODE_NAME (industry_code, industry_name, industry_level, parent_code)
values ('4411', '火力发电', 4, '441');
insert into INDUSTRY_CODE_NAME (industry_code, industry_name, industry_level, parent_code)
values ('4412', '水力发电', 4, '441');
insert into INDUSTRY_CODE_NAME (industry_code, industry_name, industry_level, parent_code)
values ('4413', '核力发电', 4, '441');
insert into INDUSTRY_CODE_NAME (industry_code, industry_name, industry_level, parent_code)
values ('4414', '风力发电', 4, '441');
insert into INDUSTRY_CODE_NAME (industry_code, industry_name, industry_level, parent_code)
values ('4415', '太阳能发电', 4, '441');
insert into INDUSTRY_CODE_NAME (industry_code, industry_name, industry_level, parent_code)
values ('4419', '其他电力生产', 4, '44');
insert into INDUSTRY_CODE_NAME (industry_code, industry_name, industry_level, parent_code)
values ('442', '电力供应', 3, '44');
insert into INDUSTRY_CODE_NAME (industry_code, industry_name, industry_level, parent_code)
values ('4420', '电力供应', 4, '442');
insert into INDUSTRY_CODE_NAME (industry_code, industry_name, industry_level, parent_code)
values ('443', '热力生产和供应', 3, '44');
insert into INDUSTRY_CODE_NAME (industry_code, industry_name, industry_level, parent_code)
values ('4430', '热力生产和供应', 4, '443');
insert into INDUSTRY_CODE_NAME (industry_code, industry_name, industry_level, parent_code)
values ('45', '燃气生产和供应业', 2, 'D');
insert into INDUSTRY_CODE_NAME (industry_code, industry_name, industry_level, parent_code)
values ('450', '燃气生产和供应业', 3, '45');
insert into INDUSTRY_CODE_NAME (industry_code, industry_name, industry_level, parent_code)
values ('4500', '燃气生产和供应业', 4, '450');
insert into INDUSTRY_CODE_NAME (industry_code, industry_name, industry_level, parent_code)
values ('46', '水的生产和供应业', 2, 'D');
insert into INDUSTRY_CODE_NAME (industry_code, industry_name, industry_level, parent_code)
values ('461', '自来水生产和供应', 3, '46');
insert into INDUSTRY_CODE_NAME (industry_code, industry_name, industry_level, parent_code)
values ('4610', '自来水生产和供应', 4, '461');
insert into INDUSTRY_CODE_NAME (industry_code, industry_name, industry_level, parent_code)
values ('462', '污水处理及其再生利用', 3, '46');
insert into INDUSTRY_CODE_NAME (industry_code, industry_name, industry_level, parent_code)
values ('4620', '污水处理及其再生利用', 4, '462');
insert into INDUSTRY_CODE_NAME (industry_code, industry_name, industry_level, parent_code)
values ('469', '其他水的处理、利用与分配', 3, '46');
insert into INDUSTRY_CODE_NAME (industry_code, industry_name, industry_level, parent_code)
values ('4690', '其他水的处理、利用与分配', 4, '469');
insert into INDUSTRY_CODE_NAME (industry_code, industry_name, industry_level, parent_code)
values ('47', '房屋建筑业', 2, 'E');
insert into INDUSTRY_CODE_NAME (industry_code, industry_name, industry_level, parent_code)
values ('470', '房屋建筑业', 3, '47');
insert into INDUSTRY_CODE_NAME (industry_code, industry_name, industry_level, parent_code)
values ('4700', '房屋建筑业', 4, '470');
insert into INDUSTRY_CODE_NAME (industry_code, industry_name, industry_level, parent_code)
values ('48', '土木工程建筑业', 2, 'E');
insert into INDUSTRY_CODE_NAME (industry_code, industry_name, industry_level, parent_code)
values ('481', '铁路、道路、隧道和桥梁工程建筑', 3, '48');
insert into INDUSTRY_CODE_NAME (industry_code, industry_name, industry_level, parent_code)
values ('4810', '铁路、道路、隧道和桥梁工程建筑', 4, '481');
insert into INDUSTRY_CODE_NAME (industry_code, industry_name, industry_level, parent_code)
values ('4811', '铁路工程建筑', 4, '481');
insert into INDUSTRY_CODE_NAME (industry_code, industry_name, industry_level, parent_code)
values ('4812', '公路工程建筑', 4, '481');
insert into INDUSTRY_CODE_NAME (industry_code, industry_name, industry_level, parent_code)
values ('4813', '市政道路工程建筑', 4, '481');
insert into INDUSTRY_CODE_NAME (industry_code, industry_name, industry_level, parent_code)
values ('4819', '其他道路、隧道和桥梁工程建筑', 4, '481');
insert into INDUSTRY_CODE_NAME (industry_code, industry_name, industry_level, parent_code)
values ('482', '水利和内河港口工程建筑', 3, '48');
insert into INDUSTRY_CODE_NAME (industry_code, industry_name, industry_level, parent_code)
values ('4820', '水利和内河港口工程建筑', 4, '482');
insert into INDUSTRY_CODE_NAME (industry_code, industry_name, industry_level, parent_code)
values ('4821', '水源及供水设施工程建筑', 4, '482');
insert into INDUSTRY_CODE_NAME (industry_code, industry_name, industry_level, parent_code)
values ('4822', '河湖治理及防洪设施工程建筑', 4, '482');
insert into INDUSTRY_CODE_NAME (industry_code, industry_name, industry_level, parent_code)
values ('4823', '港口及航运设施工程建筑', 4, '482');
insert into INDUSTRY_CODE_NAME (industry_code, industry_name, industry_level, parent_code)
values ('483', '海洋工程建筑', 3, '48');
insert into INDUSTRY_CODE_NAME (industry_code, industry_name, industry_level, parent_code)
values ('4830', '海洋工程建筑', 4, '483');
insert into INDUSTRY_CODE_NAME (industry_code, industry_name, industry_level, parent_code)
values ('484', '工矿工程建筑', 3, '48');
insert into INDUSTRY_CODE_NAME (industry_code, industry_name, industry_level, parent_code)
values ('4840', '工矿工程建筑', 4, '484');
insert into INDUSTRY_CODE_NAME (industry_code, industry_name, industry_level, parent_code)
values ('485', '架线和管道工程建筑', 3, '48');
insert into INDUSTRY_CODE_NAME (industry_code, industry_name, industry_level, parent_code)
values ('4850', '架线和管道工程建筑', 4, '485');
insert into INDUSTRY_CODE_NAME (industry_code, industry_name, industry_level, parent_code)
values ('4851', '架线及设备工程建筑', 4, '485');
insert into INDUSTRY_CODE_NAME (industry_code, industry_name, industry_level, parent_code)
values ('4852', '管道工程建筑', 4, '485');
insert into INDUSTRY_CODE_NAME (industry_code, industry_name, industry_level, parent_code)
values ('489', '其他土木工程建筑', 3, '48');
insert into INDUSTRY_CODE_NAME (industry_code, industry_name, industry_level, parent_code)
values ('4890', '其他土木工程建筑', 4, '489');
insert into INDUSTRY_CODE_NAME (industry_code, industry_name, industry_level, parent_code)
values ('49', '建筑安装业', 2, 'E');
insert into INDUSTRY_CODE_NAME (industry_code, industry_name, industry_level, parent_code)
values ('491', '电气安装', 3, '49');
insert into INDUSTRY_CODE_NAME (industry_code, industry_name, industry_level, parent_code)
values ('4910', '电气安装', 4, '491');
insert into INDUSTRY_CODE_NAME (industry_code, industry_name, industry_level, parent_code)
values ('492', '管道和设备安装', 3, '49');
insert into INDUSTRY_CODE_NAME (industry_code, industry_name, industry_level, parent_code)
values ('4920', '管道和设备安装', 4, '492');
insert into INDUSTRY_CODE_NAME (industry_code, industry_name, industry_level, parent_code)
values ('499', '其他建筑安装业', 3, '49');
insert into INDUSTRY_CODE_NAME (industry_code, industry_name, industry_level, parent_code)
values ('4990', '其他建筑安装业', 4, '499');
insert into INDUSTRY_CODE_NAME (industry_code, industry_name, industry_level, parent_code)
values ('50', '建筑装饰和其他建筑业', 2, 'E');
insert into INDUSTRY_CODE_NAME (industry_code, industry_name, industry_level, parent_code)
values ('501', '建筑装饰业', 3, '50');
insert into INDUSTRY_CODE_NAME (industry_code, industry_name, industry_level, parent_code)
values ('5010', '建筑装饰业', 4, '501');
insert into INDUSTRY_CODE_NAME (industry_code, industry_name, industry_level, parent_code)
values ('502', '工程准备活动', 3, '50');
insert into INDUSTRY_CODE_NAME (industry_code, industry_name, industry_level, parent_code)
values ('5020', '工程准备活动', 4, '502');
insert into INDUSTRY_CODE_NAME (industry_code, industry_name, industry_level, parent_code)
values ('5021', '建筑物拆除活动', 4, '502');
insert into INDUSTRY_CODE_NAME (industry_code, industry_name, industry_level, parent_code)
values ('5029', '其他工程准备活动', 4, '502');
insert into INDUSTRY_CODE_NAME (industry_code, industry_name, industry_level, parent_code)
values ('503', '提供施工设备服务', 3, '50');
insert into INDUSTRY_CODE_NAME (industry_code, industry_name, industry_level, parent_code)
values ('5030', '提供施工设备服务', 4, '503');
insert into INDUSTRY_CODE_NAME (industry_code, industry_name, industry_level, parent_code)
values ('509', '其他未列明建筑业', 3, '50');
insert into INDUSTRY_CODE_NAME (industry_code, industry_name, industry_level, parent_code)
values ('5090', '其他未列明建筑业', 4, '509');
insert into INDUSTRY_CODE_NAME (industry_code, industry_name, industry_level, parent_code)
values ('51', '批发业', 2, 'F');
insert into INDUSTRY_CODE_NAME (industry_code, industry_name, industry_level, parent_code)
values ('511', '农、林、牧产品批发', 3, '51');
insert into INDUSTRY_CODE_NAME (industry_code, industry_name, industry_level, parent_code)
values ('5110', '农、林、牧产品批发', 4, '511');
insert into INDUSTRY_CODE_NAME (industry_code, industry_name, industry_level, parent_code)
values ('5111', '谷物、豆及薯类批发', 4, '511');
insert into INDUSTRY_CODE_NAME (industry_code, industry_name, industry_level, parent_code)
values ('5112', '种子批发', 4, '511');
insert into INDUSTRY_CODE_NAME (industry_code, industry_name, industry_level, parent_code)
values ('5113', '饲料批发', 4, '511');
insert into INDUSTRY_CODE_NAME (industry_code, industry_name, industry_level, parent_code)
values ('5114', '棉、麻批发', 4, '511');
insert into INDUSTRY_CODE_NAME (industry_code, industry_name, industry_level, parent_code)
values ('5115', '林业产品批发', 4, '511');
insert into INDUSTRY_CODE_NAME (industry_code, industry_name, industry_level, parent_code)
values ('5116', '牲畜批发', 4, '511');
commit;
prompt 600 records committed...
insert into INDUSTRY_CODE_NAME (industry_code, industry_name, industry_level, parent_code)
values ('5119', '其他农牧产品批发', 4, '511');
insert into INDUSTRY_CODE_NAME (industry_code, industry_name, industry_level, parent_code)
values ('512', '食品、饮料及烟草制品批发', 3, '51');
insert into INDUSTRY_CODE_NAME (industry_code, industry_name, industry_level, parent_code)
values ('5120', '食品、饮料及烟草制品批发', 4, '512');
insert into INDUSTRY_CODE_NAME (industry_code, industry_name, industry_level, parent_code)
values ('5121', '米、面制品及食用油批发', 4, '512');
insert into INDUSTRY_CODE_NAME (industry_code, industry_name, industry_level, parent_code)
values ('5122', '糕点、糖果及糖批发', 4, '512');
insert into INDUSTRY_CODE_NAME (industry_code, industry_name, industry_level, parent_code)
values ('5123', '果品、蔬菜批发', 4, '512');
insert into INDUSTRY_CODE_NAME (industry_code, industry_name, industry_level, parent_code)
values ('5124', '肉、禽、蛋、奶及水产品批发', 4, '512');
insert into INDUSTRY_CODE_NAME (industry_code, industry_name, industry_level, parent_code)
values ('5125', '盐及调味品批发', 4, '512');
insert into INDUSTRY_CODE_NAME (industry_code, industry_name, industry_level, parent_code)
values ('5126', '营养和保健品批发', 4, '512');
insert into INDUSTRY_CODE_NAME (industry_code, industry_name, industry_level, parent_code)
values ('5127', '酒、饮料及茶叶批发', 4, '512');
insert into INDUSTRY_CODE_NAME (industry_code, industry_name, industry_level, parent_code)
values ('5128', '烟草制品批发', 4, '512');
insert into INDUSTRY_CODE_NAME (industry_code, industry_name, industry_level, parent_code)
values ('5129', '其他食品批发', 4, '512');
insert into INDUSTRY_CODE_NAME (industry_code, industry_name, industry_level, parent_code)
values ('513', '纺织、服装及家庭用品批发', 3, '51');
insert into INDUSTRY_CODE_NAME (industry_code, industry_name, industry_level, parent_code)
values ('5130', '纺织、服装及家庭用品批发', 4, '513');
insert into INDUSTRY_CODE_NAME (industry_code, industry_name, industry_level, parent_code)
values ('5131', '纺织品、针织品及原料批发', 4, '513');
insert into INDUSTRY_CODE_NAME (industry_code, industry_name, industry_level, parent_code)
values ('5132', '服装批发', 4, '513');
insert into INDUSTRY_CODE_NAME (industry_code, industry_name, industry_level, parent_code)
values ('5133', '鞋帽批发', 4, '513');
insert into INDUSTRY_CODE_NAME (industry_code, industry_name, industry_level, parent_code)
values ('5134', '化妆品及卫生用品批发', 4, '513');
insert into INDUSTRY_CODE_NAME (industry_code, industry_name, industry_level, parent_code)
values ('5135', '厨房、卫生间用具及日用杂货批发', 4, '513');
insert into INDUSTRY_CODE_NAME (industry_code, industry_name, industry_level, parent_code)
values ('5136', '灯具、装饰物品批发', 4, '513');
insert into INDUSTRY_CODE_NAME (industry_code, industry_name, industry_level, parent_code)
values ('5137', '家用电器批发', 4, '513');
insert into INDUSTRY_CODE_NAME (industry_code, industry_name, industry_level, parent_code)
values ('5139', '其他家庭用品批发', 4, '513');
insert into INDUSTRY_CODE_NAME (industry_code, industry_name, industry_level, parent_code)
values ('514', '文化、体育用品及器材批发', 3, '51');
insert into INDUSTRY_CODE_NAME (industry_code, industry_name, industry_level, parent_code)
values ('5140', '文化、体育用品及器材批发', 4, '514');
insert into INDUSTRY_CODE_NAME (industry_code, industry_name, industry_level, parent_code)
values ('5141', '文具用品批发', 4, '514');
insert into INDUSTRY_CODE_NAME (industry_code, industry_name, industry_level, parent_code)
values ('5142', '体育用品及器材批发', 4, '514');
insert into INDUSTRY_CODE_NAME (industry_code, industry_name, industry_level, parent_code)
values ('5143', '图书批发', 4, '514');
insert into INDUSTRY_CODE_NAME (industry_code, industry_name, industry_level, parent_code)
values ('5144', '报刊批发', 4, '514');
insert into INDUSTRY_CODE_NAME (industry_code, industry_name, industry_level, parent_code)
values ('5145', '音像制品及电子出版物批发', 4, '514');
insert into INDUSTRY_CODE_NAME (industry_code, industry_name, industry_level, parent_code)
values ('5146', '首饰、工艺品及收藏品批发', 4, '514');
insert into INDUSTRY_CODE_NAME (industry_code, industry_name, industry_level, parent_code)
values ('5149', '其他文化用品批发', 4, '514');
insert into INDUSTRY_CODE_NAME (industry_code, industry_name, industry_level, parent_code)
values ('515', '医药及医疗器材批发', 3, '51');
insert into INDUSTRY_CODE_NAME (industry_code, industry_name, industry_level, parent_code)
values ('5150', '医药及医疗器材批发', 4, '515');
insert into INDUSTRY_CODE_NAME (industry_code, industry_name, industry_level, parent_code)
values ('5151', '西药批发', 4, '515');
insert into INDUSTRY_CODE_NAME (industry_code, industry_name, industry_level, parent_code)
values ('5152', '中药批发', 4, '515');
insert into INDUSTRY_CODE_NAME (industry_code, industry_name, industry_level, parent_code)
values ('5153', '医疗用品及器材批发', 4, '515');
insert into INDUSTRY_CODE_NAME (industry_code, industry_name, industry_level, parent_code)
values ('516', '矿产品、建材及化工产品批发', 3, '51');
insert into INDUSTRY_CODE_NAME (industry_code, industry_name, industry_level, parent_code)
values ('5160', '矿产品、建材及化工产品批发', 4, '516');
insert into INDUSTRY_CODE_NAME (industry_code, industry_name, industry_level, parent_code)
values ('5161', '煤炭及制品批发', 4, '516');
insert into INDUSTRY_CODE_NAME (industry_code, industry_name, industry_level, parent_code)
values ('5162', '石油及制品批发', 4, '516');
insert into INDUSTRY_CODE_NAME (industry_code, industry_name, industry_level, parent_code)
values ('5163', '非金属矿及制品批发', 4, '516');
insert into INDUSTRY_CODE_NAME (industry_code, industry_name, industry_level, parent_code)
values ('5164', '金属及金属矿批发', 4, '516');
insert into INDUSTRY_CODE_NAME (industry_code, industry_name, industry_level, parent_code)
values ('5165', '建材批发', 4, '516');
insert into INDUSTRY_CODE_NAME (industry_code, industry_name, industry_level, parent_code)
values ('26', '化学原料和化学制品制造业', 2, 'C');
insert into INDUSTRY_CODE_NAME (industry_code, industry_name, industry_level, parent_code)
values ('261', '基础化学原料制造', 3, '26');
insert into INDUSTRY_CODE_NAME (industry_code, industry_name, industry_level, parent_code)
values ('2610', '基础化学原料制造', 4, '261');
insert into INDUSTRY_CODE_NAME (industry_code, industry_name, industry_level, parent_code)
values ('2611', '无机酸制造', 4, '261');
insert into INDUSTRY_CODE_NAME (industry_code, industry_name, industry_level, parent_code)
values ('2612', '无机碱制造', 4, '261');
insert into INDUSTRY_CODE_NAME (industry_code, industry_name, industry_level, parent_code)
values ('2613', '无机盐制造', 4, '261');
insert into INDUSTRY_CODE_NAME (industry_code, industry_name, industry_level, parent_code)
values ('2614', '有机化学原料制造', 4, '261');
insert into INDUSTRY_CODE_NAME (industry_code, industry_name, industry_level, parent_code)
values ('2619', '其他基础化学原料制造', 4, '261');
insert into INDUSTRY_CODE_NAME (industry_code, industry_name, industry_level, parent_code)
values ('262', '肥料制造', 3, '26');
insert into INDUSTRY_CODE_NAME (industry_code, industry_name, industry_level, parent_code)
values ('2620', '肥料制造', 4, '262');
insert into INDUSTRY_CODE_NAME (industry_code, industry_name, industry_level, parent_code)
values ('2621', '氮肥制造', 4, '262');
insert into INDUSTRY_CODE_NAME (industry_code, industry_name, industry_level, parent_code)
values ('2622', '磷肥制造', 4, '262');
insert into INDUSTRY_CODE_NAME (industry_code, industry_name, industry_level, parent_code)
values ('2623', '钾肥制造', 4, '262');
insert into INDUSTRY_CODE_NAME (industry_code, industry_name, industry_level, parent_code)
values ('2624', '复混肥料制造', 4, '262');
insert into INDUSTRY_CODE_NAME (industry_code, industry_name, industry_level, parent_code)
values ('2625', '有机肥料及微生物肥料制造', 4, '262');
insert into INDUSTRY_CODE_NAME (industry_code, industry_name, industry_level, parent_code)
values ('2629', '其他肥料制造', 4, '262');
insert into INDUSTRY_CODE_NAME (industry_code, industry_name, industry_level, parent_code)
values ('263', '农药制造', 3, '26');
insert into INDUSTRY_CODE_NAME (industry_code, industry_name, industry_level, parent_code)
values ('2630', '农药制造', 4, '263');
insert into INDUSTRY_CODE_NAME (industry_code, industry_name, industry_level, parent_code)
values ('2631', '化学农药制造', 4, '263');
insert into INDUSTRY_CODE_NAME (industry_code, industry_name, industry_level, parent_code)
values ('2632', '生物化学农药及微生物农药制造', 4, '263');
insert into INDUSTRY_CODE_NAME (industry_code, industry_name, industry_level, parent_code)
values ('264', '涂料、油墨、颜料及类似产品制造', 3, '26');
insert into INDUSTRY_CODE_NAME (industry_code, industry_name, industry_level, parent_code)
values ('2640', '涂料、油墨、颜料及类似产品制造', 4, '264');
insert into INDUSTRY_CODE_NAME (industry_code, industry_name, industry_level, parent_code)
values ('2641', '涂料制造', 4, '264');
insert into INDUSTRY_CODE_NAME (industry_code, industry_name, industry_level, parent_code)
values ('2642', '油墨及类似产品制造', 4, '264');
insert into INDUSTRY_CODE_NAME (industry_code, industry_name, industry_level, parent_code)
values ('2643', '颜料制造', 4, '264');
insert into INDUSTRY_CODE_NAME (industry_code, industry_name, industry_level, parent_code)
values ('2644', '染料制造', 4, '264');
insert into INDUSTRY_CODE_NAME (industry_code, industry_name, industry_level, parent_code)
values ('2645', '密封用填料及类似品制造', 4, '264');
insert into INDUSTRY_CODE_NAME (industry_code, industry_name, industry_level, parent_code)
values ('265', '合成材料制造', 3, '26');
insert into INDUSTRY_CODE_NAME (industry_code, industry_name, industry_level, parent_code)
values ('2650', '合成材料制造', 4, '265');
insert into INDUSTRY_CODE_NAME (industry_code, industry_name, industry_level, parent_code)
values ('2651', '初级形态塑料及合成树脂制造', 4, '265');
insert into INDUSTRY_CODE_NAME (industry_code, industry_name, industry_level, parent_code)
values ('2652', '合成橡胶制造', 4, '265');
insert into INDUSTRY_CODE_NAME (industry_code, industry_name, industry_level, parent_code)
values ('2653', '合成纤维单（聚合）体制造', 4, '265');
insert into INDUSTRY_CODE_NAME (industry_code, industry_name, industry_level, parent_code)
values ('2659', '其他合成材料制造', 4, '265');
insert into INDUSTRY_CODE_NAME (industry_code, industry_name, industry_level, parent_code)
values ('266', '专用化学产品制造', 3, '26');
insert into INDUSTRY_CODE_NAME (industry_code, industry_name, industry_level, parent_code)
values ('2660', '专用化学产品制造', 4, '266');
insert into INDUSTRY_CODE_NAME (industry_code, industry_name, industry_level, parent_code)
values ('2661', '化学试剂和助剂制造', 4, '266');
insert into INDUSTRY_CODE_NAME (industry_code, industry_name, industry_level, parent_code)
values ('2662', '专项化学用品制造', 4, '266');
insert into INDUSTRY_CODE_NAME (industry_code, industry_name, industry_level, parent_code)
values ('2663', '林产化学产品制造', 4, '266');
insert into INDUSTRY_CODE_NAME (industry_code, industry_name, industry_level, parent_code)
values ('2664', '信息化学品制造', 4, '266');
insert into INDUSTRY_CODE_NAME (industry_code, industry_name, industry_level, parent_code)
values ('2665', '环境污染处理专用药剂材料制造', 4, '266');
insert into INDUSTRY_CODE_NAME (industry_code, industry_name, industry_level, parent_code)
values ('2666', '动物胶制造', 4, '266');
insert into INDUSTRY_CODE_NAME (industry_code, industry_name, industry_level, parent_code)
values ('2669', '其他专用化学产品制造', 4, '266');
insert into INDUSTRY_CODE_NAME (industry_code, industry_name, industry_level, parent_code)
values ('267', '炸药、火工及焰火产品制造', 3, '26');
insert into INDUSTRY_CODE_NAME (industry_code, industry_name, industry_level, parent_code)
values ('2670', '炸药、火工及焰火产品制造', 4, '267');
insert into INDUSTRY_CODE_NAME (industry_code, industry_name, industry_level, parent_code)
values ('2671', '炸药及火工产品制造', 4, '267');
insert into INDUSTRY_CODE_NAME (industry_code, industry_name, industry_level, parent_code)
values ('2672', '焰火、鞭炮产品制造', 4, '267');
insert into INDUSTRY_CODE_NAME (industry_code, industry_name, industry_level, parent_code)
values ('268', '日用化学产品制造', 3, '26');
insert into INDUSTRY_CODE_NAME (industry_code, industry_name, industry_level, parent_code)
values ('2680', '日用化学产品制造', 4, '268');
insert into INDUSTRY_CODE_NAME (industry_code, industry_name, industry_level, parent_code)
values ('2681', '肥皂及合成洗涤剂制造', 4, '268');
insert into INDUSTRY_CODE_NAME (industry_code, industry_name, industry_level, parent_code)
values ('2682', '化妆品制造', 4, '268');
insert into INDUSTRY_CODE_NAME (industry_code, industry_name, industry_level, parent_code)
values ('2683', '口腔清洁用品制造', 4, '268');
insert into INDUSTRY_CODE_NAME (industry_code, industry_name, industry_level, parent_code)
values ('2684', '香料、香精制造', 4, '268');
insert into INDUSTRY_CODE_NAME (industry_code, industry_name, industry_level, parent_code)
values ('2689', '其他日用化学产品制造', 4, '268');
insert into INDUSTRY_CODE_NAME (industry_code, industry_name, industry_level, parent_code)
values ('27', '医药制造业', 2, 'C');
insert into INDUSTRY_CODE_NAME (industry_code, industry_name, industry_level, parent_code)
values ('271', '化学药品原料药制造', 3, '27');
insert into INDUSTRY_CODE_NAME (industry_code, industry_name, industry_level, parent_code)
values ('2710', '化学药品原料药制造', 4, '271');
insert into INDUSTRY_CODE_NAME (industry_code, industry_name, industry_level, parent_code)
values ('272', '化学药品制剂制造', 3, '27');
commit;
prompt 700 records committed...
insert into INDUSTRY_CODE_NAME (industry_code, industry_name, industry_level, parent_code)
values ('2720', '化学药品制剂制造', 4, '272');
insert into INDUSTRY_CODE_NAME (industry_code, industry_name, industry_level, parent_code)
values ('273', '中药饮片加工', 3, '27');
insert into INDUSTRY_CODE_NAME (industry_code, industry_name, industry_level, parent_code)
values ('2730', '中药饮片加工', 4, '273');
insert into INDUSTRY_CODE_NAME (industry_code, industry_name, industry_level, parent_code)
values ('274', '中成药生产', 3, '27');
insert into INDUSTRY_CODE_NAME (industry_code, industry_name, industry_level, parent_code)
values ('2740', '中成药生产', 4, '274');
insert into INDUSTRY_CODE_NAME (industry_code, industry_name, industry_level, parent_code)
values ('275', '兽用药品制造', 3, '27');
insert into INDUSTRY_CODE_NAME (industry_code, industry_name, industry_level, parent_code)
values ('2750', '兽用药品制造', 4, '275');
insert into INDUSTRY_CODE_NAME (industry_code, industry_name, industry_level, parent_code)
values ('276', '生物药品制造', 3, '27');
insert into INDUSTRY_CODE_NAME (industry_code, industry_name, industry_level, parent_code)
values ('2760', '生物药品制造', 4, '276');
insert into INDUSTRY_CODE_NAME (industry_code, industry_name, industry_level, parent_code)
values ('277', '卫生材料及医药用品制造', 3, '27');
insert into INDUSTRY_CODE_NAME (industry_code, industry_name, industry_level, parent_code)
values ('2770', '卫生材料及医药用品制造', 4, '277');
insert into INDUSTRY_CODE_NAME (industry_code, industry_name, industry_level, parent_code)
values ('28', '化学纤维制造业', 2, 'C');
insert into INDUSTRY_CODE_NAME (industry_code, industry_name, industry_level, parent_code)
values ('281', '纤维素纤维原料及纤维制造', 3, '28');
insert into INDUSTRY_CODE_NAME (industry_code, industry_name, industry_level, parent_code)
values ('2810', '纤维素纤维原料及纤维制造', 4, '281');
insert into INDUSTRY_CODE_NAME (industry_code, industry_name, industry_level, parent_code)
values ('2811', '化纤浆粕制造', 4, '281');
insert into INDUSTRY_CODE_NAME (industry_code, industry_name, industry_level, parent_code)
values ('2812', '人造纤维（纤维素纤维）制造', 4, '281');
insert into INDUSTRY_CODE_NAME (industry_code, industry_name, industry_level, parent_code)
values ('282', '合成纤维制造', 3, '28');
insert into INDUSTRY_CODE_NAME (industry_code, industry_name, industry_level, parent_code)
values ('2820', '合成纤维制造', 4, '282');
insert into INDUSTRY_CODE_NAME (industry_code, industry_name, industry_level, parent_code)
values ('2821', '锦纶纤维制造', 4, '282');
insert into INDUSTRY_CODE_NAME (industry_code, industry_name, industry_level, parent_code)
values ('2822', '涤纶纤维制造', 4, '282');
insert into INDUSTRY_CODE_NAME (industry_code, industry_name, industry_level, parent_code)
values ('2823', '腈纶纤维制造', 4, '282');
insert into INDUSTRY_CODE_NAME (industry_code, industry_name, industry_level, parent_code)
values ('2824', '维纶纤维制造', 4, '282');
insert into INDUSTRY_CODE_NAME (industry_code, industry_name, industry_level, parent_code)
values ('2825', '丙纶纤维制造', 4, '282');
insert into INDUSTRY_CODE_NAME (industry_code, industry_name, industry_level, parent_code)
values ('2826', '氨纶纤维制造', 4, '282');
insert into INDUSTRY_CODE_NAME (industry_code, industry_name, industry_level, parent_code)
values ('2829', '其他合成纤维制造', 4, '282');
insert into INDUSTRY_CODE_NAME (industry_code, industry_name, industry_level, parent_code)
values ('29', '橡胶和塑料制品业', 2, 'C');
insert into INDUSTRY_CODE_NAME (industry_code, industry_name, industry_level, parent_code)
values ('291', '橡胶制品业', 3, '29');
insert into INDUSTRY_CODE_NAME (industry_code, industry_name, industry_level, parent_code)
values ('2910', '橡胶制品业', 4, '291');
insert into INDUSTRY_CODE_NAME (industry_code, industry_name, industry_level, parent_code)
values ('2911', '轮胎制造', 4, '291');
insert into INDUSTRY_CODE_NAME (industry_code, industry_name, industry_level, parent_code)
values ('2912', '橡胶板、管、带制造', 4, '291');
insert into INDUSTRY_CODE_NAME (industry_code, industry_name, industry_level, parent_code)
values ('2913', '橡胶零件制造', 4, '291');
insert into INDUSTRY_CODE_NAME (industry_code, industry_name, industry_level, parent_code)
values ('2914', '再生橡胶制造', 4, '291');
insert into INDUSTRY_CODE_NAME (industry_code, industry_name, industry_level, parent_code)
values ('2915', '日用及医用橡胶制品制造', 4, '291');
insert into INDUSTRY_CODE_NAME (industry_code, industry_name, industry_level, parent_code)
values ('2919', '其他橡胶制品制造', 4, '291');
insert into INDUSTRY_CODE_NAME (industry_code, industry_name, industry_level, parent_code)
values ('292', '塑料制品业', 3, '29');
insert into INDUSTRY_CODE_NAME (industry_code, industry_name, industry_level, parent_code)
values ('2920', '塑料制品业', 4, '292');
insert into INDUSTRY_CODE_NAME (industry_code, industry_name, industry_level, parent_code)
values ('2921', '塑料薄膜制造', 4, '292');
insert into INDUSTRY_CODE_NAME (industry_code, industry_name, industry_level, parent_code)
values ('2922', '塑料板、管、型材制造', 4, '292');
insert into INDUSTRY_CODE_NAME (industry_code, industry_name, industry_level, parent_code)
values ('2923', '塑料丝、绳及编织品制造', 4, '292');
insert into INDUSTRY_CODE_NAME (industry_code, industry_name, industry_level, parent_code)
values ('2924', '泡沫塑料制造', 4, '292');
insert into INDUSTRY_CODE_NAME (industry_code, industry_name, industry_level, parent_code)
values ('2925', '塑料人造革、合成革制造', 4, '292');
insert into INDUSTRY_CODE_NAME (industry_code, industry_name, industry_level, parent_code)
values ('2926', '塑料包装箱及容器制造', 4, '292');
insert into INDUSTRY_CODE_NAME (industry_code, industry_name, industry_level, parent_code)
values ('2927', '日用塑料制品制造', 4, '292');
insert into INDUSTRY_CODE_NAME (industry_code, industry_name, industry_level, parent_code)
values ('2928', '塑料零件制造', 4, '292');
insert into INDUSTRY_CODE_NAME (industry_code, industry_name, industry_level, parent_code)
values ('2929', '其他塑料制品制造', 4, '292');
insert into INDUSTRY_CODE_NAME (industry_code, industry_name, industry_level, parent_code)
values ('30', '非金属矿物制品业', 2, 'C');
insert into INDUSTRY_CODE_NAME (industry_code, industry_name, industry_level, parent_code)
values ('301', '水泥、石灰和石膏制造', 3, '30');
insert into INDUSTRY_CODE_NAME (industry_code, industry_name, industry_level, parent_code)
values ('3010', '水泥、石灰和石膏制造', 4, '301');
insert into INDUSTRY_CODE_NAME (industry_code, industry_name, industry_level, parent_code)
values ('3011', '水泥制造', 4, '301');
insert into INDUSTRY_CODE_NAME (industry_code, industry_name, industry_level, parent_code)
values ('3012', '石灰和石膏制造', 4, '301');
insert into INDUSTRY_CODE_NAME (industry_code, industry_name, industry_level, parent_code)
values ('302', '石膏、水泥制品及类似制品制造', 3, '30');
insert into INDUSTRY_CODE_NAME (industry_code, industry_name, industry_level, parent_code)
values ('3020', '石膏、水泥制品及类似制品制造', 4, '302');
insert into INDUSTRY_CODE_NAME (industry_code, industry_name, industry_level, parent_code)
values ('3021', '水泥制品制造', 4, '302');
insert into INDUSTRY_CODE_NAME (industry_code, industry_name, industry_level, parent_code)
values ('3022', '砼结构构件制造', 4, '302');
insert into INDUSTRY_CODE_NAME (industry_code, industry_name, industry_level, parent_code)
values ('3023', '石棉水泥制品制造', 4, '302');
insert into INDUSTRY_CODE_NAME (industry_code, industry_name, industry_level, parent_code)
values ('3024', '轻质建筑材料制造', 4, '302');
insert into INDUSTRY_CODE_NAME (industry_code, industry_name, industry_level, parent_code)
values ('3029', '其他水泥类似制品制造', 4, '302');
insert into INDUSTRY_CODE_NAME (industry_code, industry_name, industry_level, parent_code)
values ('303', '砖瓦、石材等建筑材料制造', 3, '30');
insert into INDUSTRY_CODE_NAME (industry_code, industry_name, industry_level, parent_code)
values ('3030', '砖瓦、石材等建筑材料制造', 4, '303');
insert into INDUSTRY_CODE_NAME (industry_code, industry_name, industry_level, parent_code)
values ('3031', '粘土砖瓦及建筑砌块制造', 4, '303');
insert into INDUSTRY_CODE_NAME (industry_code, industry_name, industry_level, parent_code)
values ('3032', '建筑陶瓷制品制造', 4, '303');
insert into INDUSTRY_CODE_NAME (industry_code, industry_name, industry_level, parent_code)
values ('3033', '建筑用石加工', 4, '303');
insert into INDUSTRY_CODE_NAME (industry_code, industry_name, industry_level, parent_code)
values ('3034', '防水建筑材料制造', 4, '303');
insert into INDUSTRY_CODE_NAME (industry_code, industry_name, industry_level, parent_code)
values ('3035', '隔热和隔音材料制造', 4, '303');
insert into INDUSTRY_CODE_NAME (industry_code, industry_name, industry_level, parent_code)
values ('3039', '其他建筑材料制造', 4, '303');
insert into INDUSTRY_CODE_NAME (industry_code, industry_name, industry_level, parent_code)
values ('304', '玻璃制造', 3, '30');
insert into INDUSTRY_CODE_NAME (industry_code, industry_name, industry_level, parent_code)
values ('3040', '玻璃制造', 4, '304');
insert into INDUSTRY_CODE_NAME (industry_code, industry_name, industry_level, parent_code)
values ('3041', '平板玻璃制造', 4, '304');
insert into INDUSTRY_CODE_NAME (industry_code, industry_name, industry_level, parent_code)
values ('3049', '其他玻璃制造', 4, '304');
insert into INDUSTRY_CODE_NAME (industry_code, industry_name, industry_level, parent_code)
values ('305', '玻璃制品制造', 3, '30');
insert into INDUSTRY_CODE_NAME (industry_code, industry_name, industry_level, parent_code)
values ('3050', '玻璃制品制造', 4, '305');
insert into INDUSTRY_CODE_NAME (industry_code, industry_name, industry_level, parent_code)
values ('3051', '技术玻璃制品制造', 4, '305');
insert into INDUSTRY_CODE_NAME (industry_code, industry_name, industry_level, parent_code)
values ('3052', '光学玻璃制造', 4, '305');
insert into INDUSTRY_CODE_NAME (industry_code, industry_name, industry_level, parent_code)
values ('3053', '玻璃仪器制造', 4, '305');
insert into INDUSTRY_CODE_NAME (industry_code, industry_name, industry_level, parent_code)
values ('3054', '日用玻璃制品制造', 4, '305');
insert into INDUSTRY_CODE_NAME (industry_code, industry_name, industry_level, parent_code)
values ('3055', '玻璃包装容器制造', 4, '305');
insert into INDUSTRY_CODE_NAME (industry_code, industry_name, industry_level, parent_code)
values ('3056', '玻璃保温容器制造', 4, '305');
insert into INDUSTRY_CODE_NAME (industry_code, industry_name, industry_level, parent_code)
values ('3057', '制镜及类似品加工', 4, '305');
insert into INDUSTRY_CODE_NAME (industry_code, industry_name, industry_level, parent_code)
values ('3059', '其他玻璃制品制造', 4, '305');
insert into INDUSTRY_CODE_NAME (industry_code, industry_name, industry_level, parent_code)
values ('306', '玻璃纤维和玻璃纤维增强塑料制品制造', 3, '30');
insert into INDUSTRY_CODE_NAME (industry_code, industry_name, industry_level, parent_code)
values ('3060', '玻璃纤维和玻璃纤维增强塑料制品制造', 4, '306');
insert into INDUSTRY_CODE_NAME (industry_code, industry_name, industry_level, parent_code)
values ('3061', '玻璃纤维及制品制造', 4, '306');
insert into INDUSTRY_CODE_NAME (industry_code, industry_name, industry_level, parent_code)
values ('3062', '玻璃纤维增强塑料制品制造', 4, '306');
insert into INDUSTRY_CODE_NAME (industry_code, industry_name, industry_level, parent_code)
values ('307', '陶瓷制品制造', 3, '30');
insert into INDUSTRY_CODE_NAME (industry_code, industry_name, industry_level, parent_code)
values ('3070', '陶瓷制品制造', 4, '307');
insert into INDUSTRY_CODE_NAME (industry_code, industry_name, industry_level, parent_code)
values ('3071', '卫生陶瓷制品制造', 4, '307');
insert into INDUSTRY_CODE_NAME (industry_code, industry_name, industry_level, parent_code)
values ('3072', '特种陶瓷制品制造', 4, '307');
insert into INDUSTRY_CODE_NAME (industry_code, industry_name, industry_level, parent_code)
values ('3073', '日用陶瓷制品制造', 4, '307');
insert into INDUSTRY_CODE_NAME (industry_code, industry_name, industry_level, parent_code)
values ('3079', '园林、陈设艺术及其他陶瓷制品制造', 4, '307');
insert into INDUSTRY_CODE_NAME (industry_code, industry_name, industry_level, parent_code)
values ('308', '耐火材料制品制造', 3, '30');
insert into INDUSTRY_CODE_NAME (industry_code, industry_name, industry_level, parent_code)
values ('3080', '耐火材料制品制造', 4, '308');
insert into INDUSTRY_CODE_NAME (industry_code, industry_name, industry_level, parent_code)
values ('3081', '石棉制品制造', 4, '308');
insert into INDUSTRY_CODE_NAME (industry_code, industry_name, industry_level, parent_code)
values ('3082', '云母制品制造', 4, '308');
insert into INDUSTRY_CODE_NAME (industry_code, industry_name, industry_level, parent_code)
values ('3089', '耐火陶瓷制品及其他耐火材料制造', 4, '308');
insert into INDUSTRY_CODE_NAME (industry_code, industry_name, industry_level, parent_code)
values ('309', '石墨及其他非金属矿物制品制造', 3, '30');
insert into INDUSTRY_CODE_NAME (industry_code, industry_name, industry_level, parent_code)
values ('3090', '石墨及其他非金属矿物制品制造', 4, '309');
insert into INDUSTRY_CODE_NAME (industry_code, industry_name, industry_level, parent_code)
values ('3091', '石墨及碳素制品制造', 4, '309');
insert into INDUSTRY_CODE_NAME (industry_code, industry_name, industry_level, parent_code)
values ('3099', '其他非金属矿物制品制造', 4, '309');
insert into INDUSTRY_CODE_NAME (industry_code, industry_name, industry_level, parent_code)
values ('31', '黑色金属冶炼和压延加工业', 2, 'C');
insert into INDUSTRY_CODE_NAME (industry_code, industry_name, industry_level, parent_code)
values ('311', '炼铁', 3, '31');
commit;
prompt 800 records committed...
insert into INDUSTRY_CODE_NAME (industry_code, industry_name, industry_level, parent_code)
values ('3110', '炼铁', 4, '311');
insert into INDUSTRY_CODE_NAME (industry_code, industry_name, industry_level, parent_code)
values ('312', '炼钢', 3, '31');
insert into INDUSTRY_CODE_NAME (industry_code, industry_name, industry_level, parent_code)
values ('3120', '炼钢', 4, '312');
insert into INDUSTRY_CODE_NAME (industry_code, industry_name, industry_level, parent_code)
values ('313', '黑色金属铸造', 3, '31');
insert into INDUSTRY_CODE_NAME (industry_code, industry_name, industry_level, parent_code)
values ('3130', '黑色金属铸造', 4, '313');
insert into INDUSTRY_CODE_NAME (industry_code, industry_name, industry_level, parent_code)
values ('314', '钢压延加工', 3, '31');
insert into INDUSTRY_CODE_NAME (industry_code, industry_name, industry_level, parent_code)
values ('3140', '钢压延加工', 4, '314');
insert into INDUSTRY_CODE_NAME (industry_code, industry_name, industry_level, parent_code)
values ('315', '铁合金冶炼', 3, '31');
insert into INDUSTRY_CODE_NAME (industry_code, industry_name, industry_level, parent_code)
values ('3150', '铁合金冶炼', 4, '315');
insert into INDUSTRY_CODE_NAME (industry_code, industry_name, industry_level, parent_code)
values ('32', '有色金属冶炼和压延加工业', 2, 'C');
insert into INDUSTRY_CODE_NAME (industry_code, industry_name, industry_level, parent_code)
values ('321', '常用有色金属冶炼', 3, '32');
insert into INDUSTRY_CODE_NAME (industry_code, industry_name, industry_level, parent_code)
values ('3210', '常用有色金属冶炼', 4, '321');
insert into INDUSTRY_CODE_NAME (industry_code, industry_name, industry_level, parent_code)
values ('3211', '铜冶炼', 4, '321');
insert into INDUSTRY_CODE_NAME (industry_code, industry_name, industry_level, parent_code)
values ('3212', '铅锌冶炼', 4, '321');
insert into INDUSTRY_CODE_NAME (industry_code, industry_name, industry_level, parent_code)
values ('3213', '镍钴冶炼', 4, '321');
insert into INDUSTRY_CODE_NAME (industry_code, industry_name, industry_level, parent_code)
values ('3214', '锡冶炼', 4, '321');
insert into INDUSTRY_CODE_NAME (industry_code, industry_name, industry_level, parent_code)
values ('3215', '锑冶炼', 4, '321');
insert into INDUSTRY_CODE_NAME (industry_code, industry_name, industry_level, parent_code)
values ('3216', '铝冶炼', 4, '321');
insert into INDUSTRY_CODE_NAME (industry_code, industry_name, industry_level, parent_code)
values ('3217', '镁冶炼', 4, '321');
insert into INDUSTRY_CODE_NAME (industry_code, industry_name, industry_level, parent_code)
values ('3219', '其他常用有色金属冶炼', 4, '321');
insert into INDUSTRY_CODE_NAME (industry_code, industry_name, industry_level, parent_code)
values ('322', '贵金属冶炼', 3, '32');
insert into INDUSTRY_CODE_NAME (industry_code, industry_name, industry_level, parent_code)
values ('3220', '贵金属冶炼', 4, '322');
insert into INDUSTRY_CODE_NAME (industry_code, industry_name, industry_level, parent_code)
values ('3221', '金冶炼', 4, '322');
insert into INDUSTRY_CODE_NAME (industry_code, industry_name, industry_level, parent_code)
values ('3222', '银冶炼', 4, '322');
insert into INDUSTRY_CODE_NAME (industry_code, industry_name, industry_level, parent_code)
values ('3229', '其他贵金属冶炼', 4, '322');
insert into INDUSTRY_CODE_NAME (industry_code, industry_name, industry_level, parent_code)
values ('323', '稀有稀土金属冶炼', 3, '32');
insert into INDUSTRY_CODE_NAME (industry_code, industry_name, industry_level, parent_code)
values ('3230', '稀有稀土金属冶炼', 4, '323');
insert into INDUSTRY_CODE_NAME (industry_code, industry_name, industry_level, parent_code)
values ('3231', '钨钼冶炼', 4, '323');
insert into INDUSTRY_CODE_NAME (industry_code, industry_name, industry_level, parent_code)
values ('3232', '稀土金属冶炼', 4, '323');
insert into INDUSTRY_CODE_NAME (industry_code, industry_name, industry_level, parent_code)
values ('3239', '其他稀有金属冶炼', 4, '323');
insert into INDUSTRY_CODE_NAME (industry_code, industry_name, industry_level, parent_code)
values ('324', '有色金属合金制造', 3, '32');
insert into INDUSTRY_CODE_NAME (industry_code, industry_name, industry_level, parent_code)
values ('3240', '有色金属合金制造', 4, '324');
insert into INDUSTRY_CODE_NAME (industry_code, industry_name, industry_level, parent_code)
values ('325', '有色金属铸造', 3, '32');
insert into INDUSTRY_CODE_NAME (industry_code, industry_name, industry_level, parent_code)
values ('3250', '有色金属铸造', 4, '325');
insert into INDUSTRY_CODE_NAME (industry_code, industry_name, industry_level, parent_code)
values ('326', '有色金属压延加工', 3, '32');
insert into INDUSTRY_CODE_NAME (industry_code, industry_name, industry_level, parent_code)
values ('3260', '有色金属压延加工', 4, '326');
insert into INDUSTRY_CODE_NAME (industry_code, industry_name, industry_level, parent_code)
values ('3261', '铜压延加工', 4, '326');
insert into INDUSTRY_CODE_NAME (industry_code, industry_name, industry_level, parent_code)
values ('3262', '铝压延加工', 4, '326');
insert into INDUSTRY_CODE_NAME (industry_code, industry_name, industry_level, parent_code)
values ('3263', '贵金属压延加工', 4, '326');
insert into INDUSTRY_CODE_NAME (industry_code, industry_name, industry_level, parent_code)
values ('3264', '稀有稀土金属压延加工', 4, '326');
insert into INDUSTRY_CODE_NAME (industry_code, industry_name, industry_level, parent_code)
values ('3269', '其他有色金属压延加工', 4, '326');
insert into INDUSTRY_CODE_NAME (industry_code, industry_name, industry_level, parent_code)
values ('33', '金属制品业', 2, 'C');
insert into INDUSTRY_CODE_NAME (industry_code, industry_name, industry_level, parent_code)
values ('331', '结构性金属制品制造', 3, '33');
insert into INDUSTRY_CODE_NAME (industry_code, industry_name, industry_level, parent_code)
values ('3310', '结构性金属制品制造', 4, '331');
insert into INDUSTRY_CODE_NAME (industry_code, industry_name, industry_level, parent_code)
values ('3311', '金属结构制造', 4, '331');
insert into INDUSTRY_CODE_NAME (industry_code, industry_name, industry_level, parent_code)
values ('3312', '金属门窗制造', 4, '331');
insert into INDUSTRY_CODE_NAME (industry_code, industry_name, industry_level, parent_code)
values ('332', '金属工具制造', 3, '33');
insert into INDUSTRY_CODE_NAME (industry_code, industry_name, industry_level, parent_code)
values ('3320', '金属工具制造', 4, '332');
insert into INDUSTRY_CODE_NAME (industry_code, industry_name, industry_level, parent_code)
values ('3321', '切削工具制造', 4, '332');
insert into INDUSTRY_CODE_NAME (industry_code, industry_name, industry_level, parent_code)
values ('3322', '手工具制造', 4, '332');
insert into INDUSTRY_CODE_NAME (industry_code, industry_name, industry_level, parent_code)
values ('3323', '农用及园林用金属工具制造', 4, '332');
insert into INDUSTRY_CODE_NAME (industry_code, industry_name, industry_level, parent_code)
values ('3324', '刀剪及类似日用金属工具制造', 4, '332');
insert into INDUSTRY_CODE_NAME (industry_code, industry_name, industry_level, parent_code)
values ('3329', '其他金属工具制造', 4, '332');
insert into INDUSTRY_CODE_NAME (industry_code, industry_name, industry_level, parent_code)
values ('333', '集装箱及金属包装容器制造', 3, '33');
insert into INDUSTRY_CODE_NAME (industry_code, industry_name, industry_level, parent_code)
values ('3330', '集装箱及金属包装容器制造', 4, '333');
insert into INDUSTRY_CODE_NAME (industry_code, industry_name, industry_level, parent_code)
values ('3331', '集装箱制造', 4, '333');
insert into INDUSTRY_CODE_NAME (industry_code, industry_name, industry_level, parent_code)
values ('3332', '金属压力容器制造', 4, '333');
insert into INDUSTRY_CODE_NAME (industry_code, industry_name, industry_level, parent_code)
values ('3333', '金属包装容器制造', 4, '333');
insert into INDUSTRY_CODE_NAME (industry_code, industry_name, industry_level, parent_code)
values ('334', '金属丝绳及其制品制造', 3, '33');
insert into INDUSTRY_CODE_NAME (industry_code, industry_name, industry_level, parent_code)
values ('3340', '金属丝绳及其制品制造', 4, '334');
insert into INDUSTRY_CODE_NAME (industry_code, industry_name, industry_level, parent_code)
values ('335', '建筑、安全用金属制品制造', 3, '33');
insert into INDUSTRY_CODE_NAME (industry_code, industry_name, industry_level, parent_code)
values ('3350', '建筑、安全用金属制品制造', 4, '335');
insert into INDUSTRY_CODE_NAME (industry_code, industry_name, industry_level, parent_code)
values ('3351', '建筑、家具用金属配件制造', 4, '335');
insert into INDUSTRY_CODE_NAME (industry_code, industry_name, industry_level, parent_code)
values ('3352', '建筑装饰及水暖管道零件制造', 4, '335');
insert into INDUSTRY_CODE_NAME (industry_code, industry_name, industry_level, parent_code)
values ('7030', '房地产中介服务', 4, '703');
insert into INDUSTRY_CODE_NAME (industry_code, industry_name, industry_level, parent_code)
values ('704', '自有房地产经营活动', 3, '70');
insert into INDUSTRY_CODE_NAME (industry_code, industry_name, industry_level, parent_code)
values ('7040', '自有房地产经营活动', 4, '704');
insert into INDUSTRY_CODE_NAME (industry_code, industry_name, industry_level, parent_code)
values ('71', '租赁业', 2, 'L');
insert into INDUSTRY_CODE_NAME (industry_code, industry_name, industry_level, parent_code)
values ('711', '机械设备租赁', 3, '71');
insert into INDUSTRY_CODE_NAME (industry_code, industry_name, industry_level, parent_code)
values ('7110', '机械设备租赁', 4, '711');
insert into INDUSTRY_CODE_NAME (industry_code, industry_name, industry_level, parent_code)
values ('7111', '汽车租赁', 4, '711');
insert into INDUSTRY_CODE_NAME (industry_code, industry_name, industry_level, parent_code)
values ('7112', '农业机械租赁', 4, '711');
insert into INDUSTRY_CODE_NAME (industry_code, industry_name, industry_level, parent_code)
values ('7113', '建筑工程机械与设备租赁', 4, '711');
insert into INDUSTRY_CODE_NAME (industry_code, industry_name, industry_level, parent_code)
values ('7114', '计算机及通讯设备租赁', 4, '711');
insert into INDUSTRY_CODE_NAME (industry_code, industry_name, industry_level, parent_code)
values ('7119', '其他机械与设备租赁', 4, '711');
insert into INDUSTRY_CODE_NAME (industry_code, industry_name, industry_level, parent_code)
values ('712', '文化及日用品出租', 3, '71');
insert into INDUSTRY_CODE_NAME (industry_code, industry_name, industry_level, parent_code)
values ('7120', '文化及日用品出租', 4, '712');
insert into INDUSTRY_CODE_NAME (industry_code, industry_name, industry_level, parent_code)
values ('7121', '娱乐及体育设备出租', 4, '712');
insert into INDUSTRY_CODE_NAME (industry_code, industry_name, industry_level, parent_code)
values ('7122', '图书出租', 4, '712');
insert into INDUSTRY_CODE_NAME (industry_code, industry_name, industry_level, parent_code)
values ('7123', '音像制品出租', 4, '712');
insert into INDUSTRY_CODE_NAME (industry_code, industry_name, industry_level, parent_code)
values ('7129', '其他文化及日用品出租', 4, '712');
insert into INDUSTRY_CODE_NAME (industry_code, industry_name, industry_level, parent_code)
values ('72', '商务服务业', 2, 'L');
insert into INDUSTRY_CODE_NAME (industry_code, industry_name, industry_level, parent_code)
values ('721', '企业管理服务', 3, '72');
insert into INDUSTRY_CODE_NAME (industry_code, industry_name, industry_level, parent_code)
values ('7210', '企业管理服务', 4, '721');
insert into INDUSTRY_CODE_NAME (industry_code, industry_name, industry_level, parent_code)
values ('7211', '企业总部管理', 4, '721');
insert into INDUSTRY_CODE_NAME (industry_code, industry_name, industry_level, parent_code)
values ('7212', '投资与资产管理', 4, '721');
insert into INDUSTRY_CODE_NAME (industry_code, industry_name, industry_level, parent_code)
values ('7213', '单位后勤管理服务', 4, '721');
insert into INDUSTRY_CODE_NAME (industry_code, industry_name, industry_level, parent_code)
values ('7219', '其他企业管理服务', 4, '721');
insert into INDUSTRY_CODE_NAME (industry_code, industry_name, industry_level, parent_code)
values ('722', '法律服务', 3, '72');
insert into INDUSTRY_CODE_NAME (industry_code, industry_name, industry_level, parent_code)
values ('7220', '法律服务', 4, '722');
insert into INDUSTRY_CODE_NAME (industry_code, industry_name, industry_level, parent_code)
values ('7221', '律师及相关法律服务', 4, '722');
insert into INDUSTRY_CODE_NAME (industry_code, industry_name, industry_level, parent_code)
values ('7222', '公证服务', 4, '722');
insert into INDUSTRY_CODE_NAME (industry_code, industry_name, industry_level, parent_code)
values ('7229', '其他法律服务', 4, '722');
insert into INDUSTRY_CODE_NAME (industry_code, industry_name, industry_level, parent_code)
values ('723', '咨询与调查', 3, '72');
insert into INDUSTRY_CODE_NAME (industry_code, industry_name, industry_level, parent_code)
values ('7230', '咨询与调查', 4, '723');
insert into INDUSTRY_CODE_NAME (industry_code, industry_name, industry_level, parent_code)
values ('7231', '会计、审计及税务服务', 4, '723');
insert into INDUSTRY_CODE_NAME (industry_code, industry_name, industry_level, parent_code)
values ('7232', '市场调查', 4, '723');
insert into INDUSTRY_CODE_NAME (industry_code, industry_name, industry_level, parent_code)
values ('7233', '社会经济咨询', 4, '723');
insert into INDUSTRY_CODE_NAME (industry_code, industry_name, industry_level, parent_code)
values ('7239', '其他专业咨询', 4, '723');
insert into INDUSTRY_CODE_NAME (industry_code, industry_name, industry_level, parent_code)
values ('724', '广告业', 3, '72');
commit;
prompt 900 records committed...
insert into INDUSTRY_CODE_NAME (industry_code, industry_name, industry_level, parent_code)
values ('7240', '广告业', 4, '724');
insert into INDUSTRY_CODE_NAME (industry_code, industry_name, industry_level, parent_code)
values ('725', '知识产权服务', 3, '72');
insert into INDUSTRY_CODE_NAME (industry_code, industry_name, industry_level, parent_code)
values ('7250', '知识产权服务', 4, '725');
insert into INDUSTRY_CODE_NAME (industry_code, industry_name, industry_level, parent_code)
values ('726', '人力资源服务', 3, '72');
insert into INDUSTRY_CODE_NAME (industry_code, industry_name, industry_level, parent_code)
values ('7260', '人力资源服务', 4, '726');
insert into INDUSTRY_CODE_NAME (industry_code, industry_name, industry_level, parent_code)
values ('7261', '公共就业服务', 4, '726');
insert into INDUSTRY_CODE_NAME (industry_code, industry_name, industry_level, parent_code)
values ('7262', '职业中介服务', 4, '726');
insert into INDUSTRY_CODE_NAME (industry_code, industry_name, industry_level, parent_code)
values ('7263', '劳务派遣服务', 4, '726');
insert into INDUSTRY_CODE_NAME (industry_code, industry_name, industry_level, parent_code)
values ('7269', '其他人力资源服务', 4, '726');
insert into INDUSTRY_CODE_NAME (industry_code, industry_name, industry_level, parent_code)
values ('727', '旅行社及相关服务', 3, '72');
insert into INDUSTRY_CODE_NAME (industry_code, industry_name, industry_level, parent_code)
values ('7270', '旅行社及相关服务', 4, '727');
insert into INDUSTRY_CODE_NAME (industry_code, industry_name, industry_level, parent_code)
values ('7271', '旅行社服务', 4, '727');
insert into INDUSTRY_CODE_NAME (industry_code, industry_name, industry_level, parent_code)
values ('7272', '旅游管理服务', 4, '727');
insert into INDUSTRY_CODE_NAME (industry_code, industry_name, industry_level, parent_code)
values ('7279', '其他旅行社相关服务', 4, '727');
insert into INDUSTRY_CODE_NAME (industry_code, industry_name, industry_level, parent_code)
values ('728', '安全保护服务', 3, '72');
insert into INDUSTRY_CODE_NAME (industry_code, industry_name, industry_level, parent_code)
values ('7280', '安全保护服务', 4, '728');
insert into INDUSTRY_CODE_NAME (industry_code, industry_name, industry_level, parent_code)
values ('7281', '安全服务', 4, '728');
insert into INDUSTRY_CODE_NAME (industry_code, industry_name, industry_level, parent_code)
values ('7282', '安全系统监控服务', 4, '728');
insert into INDUSTRY_CODE_NAME (industry_code, industry_name, industry_level, parent_code)
values ('7289', '其他安全保护服务', 4, '728');
insert into INDUSTRY_CODE_NAME (industry_code, industry_name, industry_level, parent_code)
values ('729', '其他商务服务业', 3, '72');
insert into INDUSTRY_CODE_NAME (industry_code, industry_name, industry_level, parent_code)
values ('7290', '其他商务服务业', 4, '729');
insert into INDUSTRY_CODE_NAME (industry_code, industry_name, industry_level, parent_code)
values ('7291', '市场管理', 4, '729');
insert into INDUSTRY_CODE_NAME (industry_code, industry_name, industry_level, parent_code)
values ('7292', '会议及展览服务', 4, '729');
insert into INDUSTRY_CODE_NAME (industry_code, industry_name, industry_level, parent_code)
values ('7293', '包装服务', 4, '729');
insert into INDUSTRY_CODE_NAME (industry_code, industry_name, industry_level, parent_code)
values ('7294', '办公服务', 4, '729');
insert into INDUSTRY_CODE_NAME (industry_code, industry_name, industry_level, parent_code)
values ('7295', '信用服务', 4, '729');
insert into INDUSTRY_CODE_NAME (industry_code, industry_name, industry_level, parent_code)
values ('7296', '担保服务', 4, '729');
insert into INDUSTRY_CODE_NAME (industry_code, industry_name, industry_level, parent_code)
values ('7299', '其他未列明商务服务业', 4, '729');
insert into INDUSTRY_CODE_NAME (industry_code, industry_name, industry_level, parent_code)
values ('73', '研究和试验发展', 2, 'M');
insert into INDUSTRY_CODE_NAME (industry_code, industry_name, industry_level, parent_code)
values ('731', '自然科学研究和试验发展', 3, '73');
insert into INDUSTRY_CODE_NAME (industry_code, industry_name, industry_level, parent_code)
values ('7310', '自然科学研究和试验发展', 4, '731');
insert into INDUSTRY_CODE_NAME (industry_code, industry_name, industry_level, parent_code)
values ('732', '工程和技术研究和试验发展', 3, '73');
insert into INDUSTRY_CODE_NAME (industry_code, industry_name, industry_level, parent_code)
values ('7320', '工程和技术研究和试验发展', 4, '732');
insert into INDUSTRY_CODE_NAME (industry_code, industry_name, industry_level, parent_code)
values ('733', '农业科学研究和试验发展', 3, '73');
insert into INDUSTRY_CODE_NAME (industry_code, industry_name, industry_level, parent_code)
values ('7330', '农业科学研究和试验发展', 4, '733');
insert into INDUSTRY_CODE_NAME (industry_code, industry_name, industry_level, parent_code)
values ('734', '医学研究和试验发展', 3, '73');
insert into INDUSTRY_CODE_NAME (industry_code, industry_name, industry_level, parent_code)
values ('7340', '医学研究和试验发展', 4, '734');
insert into INDUSTRY_CODE_NAME (industry_code, industry_name, industry_level, parent_code)
values ('735', '社会人文科学研究', 3, '73');
insert into INDUSTRY_CODE_NAME (industry_code, industry_name, industry_level, parent_code)
values ('7350', '社会人文科学研究', 4, '735');
insert into INDUSTRY_CODE_NAME (industry_code, industry_name, industry_level, parent_code)
values ('74', '专业技术服务业', 2, 'M');
insert into INDUSTRY_CODE_NAME (industry_code, industry_name, industry_level, parent_code)
values ('741', '气象服务', 3, '74');
insert into INDUSTRY_CODE_NAME (industry_code, industry_name, industry_level, parent_code)
values ('7410', '气象服务', 4, '741');
insert into INDUSTRY_CODE_NAME (industry_code, industry_name, industry_level, parent_code)
values ('742', '地震服务', 3, '74');
insert into INDUSTRY_CODE_NAME (industry_code, industry_name, industry_level, parent_code)
values ('7420', '地震服务', 4, '742');
insert into INDUSTRY_CODE_NAME (industry_code, industry_name, industry_level, parent_code)
values ('743', '海洋服务', 3, '74');
insert into INDUSTRY_CODE_NAME (industry_code, industry_name, industry_level, parent_code)
values ('7430', '海洋服务', 4, '743');
insert into INDUSTRY_CODE_NAME (industry_code, industry_name, industry_level, parent_code)
values ('744', '测绘服务', 3, '74');
insert into INDUSTRY_CODE_NAME (industry_code, industry_name, industry_level, parent_code)
values ('7440', '测绘服务', 4, '744');
insert into INDUSTRY_CODE_NAME (industry_code, industry_name, industry_level, parent_code)
values ('745', '质检技术服务', 3, '74');
insert into INDUSTRY_CODE_NAME (industry_code, industry_name, industry_level, parent_code)
values ('7450', '质检技术服务', 4, '745');
insert into INDUSTRY_CODE_NAME (industry_code, industry_name, industry_level, parent_code)
values ('746', '环境与生态监测', 3, '74');
insert into INDUSTRY_CODE_NAME (industry_code, industry_name, industry_level, parent_code)
values ('7460', '环境与生态监测', 4, '746');
insert into INDUSTRY_CODE_NAME (industry_code, industry_name, industry_level, parent_code)
values ('7461', '环境保护监测', 4, '746');
insert into INDUSTRY_CODE_NAME (industry_code, industry_name, industry_level, parent_code)
values ('7462', '生态监测', 4, '746');
insert into INDUSTRY_CODE_NAME (industry_code, industry_name, industry_level, parent_code)
values ('747', '地质勘查', 3, '74');
insert into INDUSTRY_CODE_NAME (industry_code, industry_name, industry_level, parent_code)
values ('7470', '地质勘查', 4, '747');
insert into INDUSTRY_CODE_NAME (industry_code, industry_name, industry_level, parent_code)
values ('7471', '能源矿产地质勘查', 4, '747');
insert into INDUSTRY_CODE_NAME (industry_code, industry_name, industry_level, parent_code)
values ('7472', '固体矿产地质勘查', 4, '747');
insert into INDUSTRY_CODE_NAME (industry_code, industry_name, industry_level, parent_code)
values ('7473', '水、二氧化碳等矿产地质勘查', 4, '747');
insert into INDUSTRY_CODE_NAME (industry_code, industry_name, industry_level, parent_code)
values ('7474', '基础地质勘查', 4, '747');
insert into INDUSTRY_CODE_NAME (industry_code, industry_name, industry_level, parent_code)
values ('7475', '地质勘查技术服务', 4, '747');
insert into INDUSTRY_CODE_NAME (industry_code, industry_name, industry_level, parent_code)
values ('748', '工程技术', 3, '74');
insert into INDUSTRY_CODE_NAME (industry_code, industry_name, industry_level, parent_code)
values ('7480', '工程技术', 4, '748');
insert into INDUSTRY_CODE_NAME (industry_code, industry_name, industry_level, parent_code)
values ('7481', '工程管理服务', 4, '748');
insert into INDUSTRY_CODE_NAME (industry_code, industry_name, industry_level, parent_code)
values ('7482', '工程勘察设计', 4, '748');
insert into INDUSTRY_CODE_NAME (industry_code, industry_name, industry_level, parent_code)
values ('7483', '规划管理', 4, '748');
insert into INDUSTRY_CODE_NAME (industry_code, industry_name, industry_level, parent_code)
values ('749', '其他专业技术服务业', 3, '74');
insert into INDUSTRY_CODE_NAME (industry_code, industry_name, industry_level, parent_code)
values ('7490', '其他专业技术服务业', 4, '749');
insert into INDUSTRY_CODE_NAME (industry_code, industry_name, industry_level, parent_code)
values ('7491', '专业化设计服务', 4, '749');
insert into INDUSTRY_CODE_NAME (industry_code, industry_name, industry_level, parent_code)
values ('7492', '摄影扩印服务', 4, '749');
insert into INDUSTRY_CODE_NAME (industry_code, industry_name, industry_level, parent_code)
values ('7493', '兽医服务', 4, '749');
insert into INDUSTRY_CODE_NAME (industry_code, industry_name, industry_level, parent_code)
values ('7499', '其他未列明专业技术服务业', 4, '749');
insert into INDUSTRY_CODE_NAME (industry_code, industry_name, industry_level, parent_code)
values ('75', '科技推广和应用服务业', 2, 'M');
insert into INDUSTRY_CODE_NAME (industry_code, industry_name, industry_level, parent_code)
values ('751', '技术推广服务', 3, '75');
insert into INDUSTRY_CODE_NAME (industry_code, industry_name, industry_level, parent_code)
values ('7510', '技术推广服务', 4, '751');
insert into INDUSTRY_CODE_NAME (industry_code, industry_name, industry_level, parent_code)
values ('7511', '农业技术推广服务', 4, '751');
insert into INDUSTRY_CODE_NAME (industry_code, industry_name, industry_level, parent_code)
values ('7512', '生物技术推广服务', 4, '751');
insert into INDUSTRY_CODE_NAME (industry_code, industry_name, industry_level, parent_code)
values ('7513', '新材料技术推广服务', 4, '751');
insert into INDUSTRY_CODE_NAME (industry_code, industry_name, industry_level, parent_code)
values ('7514', '节能技术推广服务', 4, '751');
insert into INDUSTRY_CODE_NAME (industry_code, industry_name, industry_level, parent_code)
values ('7519', '其他技术推广服务', 4, '751');
insert into INDUSTRY_CODE_NAME (industry_code, industry_name, industry_level, parent_code)
values ('752', '科技中介服务', 3, '75');
insert into INDUSTRY_CODE_NAME (industry_code, industry_name, industry_level, parent_code)
values ('7520', '科技中介服务', 4, '752');
insert into INDUSTRY_CODE_NAME (industry_code, industry_name, industry_level, parent_code)
values ('759', '其他科技推广和应用服务业', 3, '75');
insert into INDUSTRY_CODE_NAME (industry_code, industry_name, industry_level, parent_code)
values ('7590', '其他科技推广和应用服务业', 4, '759');
insert into INDUSTRY_CODE_NAME (industry_code, industry_name, industry_level, parent_code)
values ('76', '水利管理业', 2, 'N');
insert into INDUSTRY_CODE_NAME (industry_code, industry_name, industry_level, parent_code)
values ('761', '防洪除涝设施管理', 3, '76');
insert into INDUSTRY_CODE_NAME (industry_code, industry_name, industry_level, parent_code)
values ('7610', '防洪除涝设施管理', 4, '761');
insert into INDUSTRY_CODE_NAME (industry_code, industry_name, industry_level, parent_code)
values ('762', '水资源管理', 3, '76');
insert into INDUSTRY_CODE_NAME (industry_code, industry_name, industry_level, parent_code)
values ('7620', '水资源管理', 4, '762');
insert into INDUSTRY_CODE_NAME (industry_code, industry_name, industry_level, parent_code)
values ('763', '天然水收集与分配', 3, '76');
insert into INDUSTRY_CODE_NAME (industry_code, industry_name, industry_level, parent_code)
values ('7630', '天然水收集与分配', 4, '763');
insert into INDUSTRY_CODE_NAME (industry_code, industry_name, industry_level, parent_code)
values ('764', '水文服务', 3, '76');
insert into INDUSTRY_CODE_NAME (industry_code, industry_name, industry_level, parent_code)
values ('7640', '水文服务', 4, '764');
insert into INDUSTRY_CODE_NAME (industry_code, industry_name, industry_level, parent_code)
values ('769', '其他水利管理业', 3, '76');
insert into INDUSTRY_CODE_NAME (industry_code, industry_name, industry_level, parent_code)
values ('7690', '其他水利管理业', 4, '769');
insert into INDUSTRY_CODE_NAME (industry_code, industry_name, industry_level, parent_code)
values ('77', '生态保护和环境治理业', 2, 'N');
insert into INDUSTRY_CODE_NAME (industry_code, industry_name, industry_level, parent_code)
values ('771', '生态保护', 3, '77');
insert into INDUSTRY_CODE_NAME (industry_code, industry_name, industry_level, parent_code)
values ('7710', '生态保护', 4, '771');
insert into INDUSTRY_CODE_NAME (industry_code, industry_name, industry_level, parent_code)
values ('7711', '自然保护区管理', 4, '771');
insert into INDUSTRY_CODE_NAME (industry_code, industry_name, industry_level, parent_code)
values ('7712', '野生动物保护', 4, '771');
commit;
prompt 1000 records committed...
insert into INDUSTRY_CODE_NAME (industry_code, industry_name, industry_level, parent_code)
values ('7713', '野生植物保护', 4, '771');
insert into INDUSTRY_CODE_NAME (industry_code, industry_name, industry_level, parent_code)
values ('7719', '其他自然保护', 4, '771');
insert into INDUSTRY_CODE_NAME (industry_code, industry_name, industry_level, parent_code)
values ('772', '环境治理业', 3, '77');
insert into INDUSTRY_CODE_NAME (industry_code, industry_name, industry_level, parent_code)
values ('7720', '环境治理业', 4, '772');
insert into INDUSTRY_CODE_NAME (industry_code, industry_name, industry_level, parent_code)
values ('7721', '水污染治理', 4, '772');
insert into INDUSTRY_CODE_NAME (industry_code, industry_name, industry_level, parent_code)
values ('7722', '大气污染治理', 4, '772');
insert into INDUSTRY_CODE_NAME (industry_code, industry_name, industry_level, parent_code)
values ('7723', '固体废物治理', 4, '772');
insert into INDUSTRY_CODE_NAME (industry_code, industry_name, industry_level, parent_code)
values ('7724', '危险废物治理', 4, '772');
insert into INDUSTRY_CODE_NAME (industry_code, industry_name, industry_level, parent_code)
values ('7725', '放射性废物治理', 4, '772');
insert into INDUSTRY_CODE_NAME (industry_code, industry_name, industry_level, parent_code)
values ('7729', '其他污染治理', 4, '772');
insert into INDUSTRY_CODE_NAME (industry_code, industry_name, industry_level, parent_code)
values ('78', '公共设施管理业', 2, 'N');
insert into INDUSTRY_CODE_NAME (industry_code, industry_name, industry_level, parent_code)
values ('781', '市政设施管理', 3, '78');
insert into INDUSTRY_CODE_NAME (industry_code, industry_name, industry_level, parent_code)
values ('7810', '市政设施管理', 4, '781');
insert into INDUSTRY_CODE_NAME (industry_code, industry_name, industry_level, parent_code)
values ('782', '环境卫生管理', 3, '78');
insert into INDUSTRY_CODE_NAME (industry_code, industry_name, industry_level, parent_code)
values ('7820', '环境卫生管理', 4, '782');
insert into INDUSTRY_CODE_NAME (industry_code, industry_name, industry_level, parent_code)
values ('783', '城乡市容管理', 3, '78');
insert into INDUSTRY_CODE_NAME (industry_code, industry_name, industry_level, parent_code)
values ('7830', '城乡市容管理', 4, '783');
insert into INDUSTRY_CODE_NAME (industry_code, industry_name, industry_level, parent_code)
values ('784', '绿化管理', 3, '78');
insert into INDUSTRY_CODE_NAME (industry_code, industry_name, industry_level, parent_code)
values ('7840', '绿化管理', 4, '784');
insert into INDUSTRY_CODE_NAME (industry_code, industry_name, industry_level, parent_code)
values ('785', '公园和游览景区管理', 3, '78');
insert into INDUSTRY_CODE_NAME (industry_code, industry_name, industry_level, parent_code)
values ('7850', '公园和游览景区管理', 4, '785');
insert into INDUSTRY_CODE_NAME (industry_code, industry_name, industry_level, parent_code)
values ('7851', '公园管理', 4, '785');
insert into INDUSTRY_CODE_NAME (industry_code, industry_name, industry_level, parent_code)
values ('7852', '游览景区管理', 4, '785');
insert into INDUSTRY_CODE_NAME (industry_code, industry_name, industry_level, parent_code)
values ('79', '居民服务业', 2, 'O');
insert into INDUSTRY_CODE_NAME (industry_code, industry_name, industry_level, parent_code)
values ('791', '家庭服务', 3, '79');
insert into INDUSTRY_CODE_NAME (industry_code, industry_name, industry_level, parent_code)
values ('7910', '家庭服务', 4, '791');
insert into INDUSTRY_CODE_NAME (industry_code, industry_name, industry_level, parent_code)
values ('792', '托儿所服务', 3, '79');
insert into INDUSTRY_CODE_NAME (industry_code, industry_name, industry_level, parent_code)
values ('7920', '托儿所服务', 4, '792');
insert into INDUSTRY_CODE_NAME (industry_code, industry_name, industry_level, parent_code)
values ('793', '洗染服务', 3, '79');
insert into INDUSTRY_CODE_NAME (industry_code, industry_name, industry_level, parent_code)
values ('7930', '洗染服务', 4, '793');
insert into INDUSTRY_CODE_NAME (industry_code, industry_name, industry_level, parent_code)
values ('794', '理发及美容服务', 3, '79');
insert into INDUSTRY_CODE_NAME (industry_code, industry_name, industry_level, parent_code)
values ('7940', '理发及美容服务', 4, '794');
insert into INDUSTRY_CODE_NAME (industry_code, industry_name, industry_level, parent_code)
values ('795', '洗浴服务', 3, '79');
insert into INDUSTRY_CODE_NAME (industry_code, industry_name, industry_level, parent_code)
values ('7950', '洗浴服务', 4, '795');
insert into INDUSTRY_CODE_NAME (industry_code, industry_name, industry_level, parent_code)
values ('796', '保健服务', 3, '79');
insert into INDUSTRY_CODE_NAME (industry_code, industry_name, industry_level, parent_code)
values ('7960', '保健服务', 4, '796');
insert into INDUSTRY_CODE_NAME (industry_code, industry_name, industry_level, parent_code)
values ('797', '婚姻服务', 3, '79');
insert into INDUSTRY_CODE_NAME (industry_code, industry_name, industry_level, parent_code)
values ('7970', '婚姻服务', 4, '797');
insert into INDUSTRY_CODE_NAME (industry_code, industry_name, industry_level, parent_code)
values ('798', '殡葬服务', 3, '79');
insert into INDUSTRY_CODE_NAME (industry_code, industry_name, industry_level, parent_code)
values ('7980', '殡葬服务', 4, '798');
insert into INDUSTRY_CODE_NAME (industry_code, industry_name, industry_level, parent_code)
values ('799', '其他居民服务业', 3, '79');
insert into INDUSTRY_CODE_NAME (industry_code, industry_name, industry_level, parent_code)
values ('7990', '其他居民服务业', 4, '799');
insert into INDUSTRY_CODE_NAME (industry_code, industry_name, industry_level, parent_code)
values ('80', '机动车、电子产品和日用产品修理业', 2, 'O');
insert into INDUSTRY_CODE_NAME (industry_code, industry_name, industry_level, parent_code)
values ('801', '汽车、摩托车修理与维护', 3, '80');
insert into INDUSTRY_CODE_NAME (industry_code, industry_name, industry_level, parent_code)
values ('8010', '汽车、摩托车修理与维护', 4, '801');
insert into INDUSTRY_CODE_NAME (industry_code, industry_name, industry_level, parent_code)
values ('8011', '汽车修理与维护', 4, '801');
insert into INDUSTRY_CODE_NAME (industry_code, industry_name, industry_level, parent_code)
values ('8012', '摩托车修理与维护', 4, '801');
insert into INDUSTRY_CODE_NAME (industry_code, industry_name, industry_level, parent_code)
values ('802', '计算机和办公设备维修', 3, '80');
insert into INDUSTRY_CODE_NAME (industry_code, industry_name, industry_level, parent_code)
values ('8020', '计算机和办公设备维修', 4, '802');
insert into INDUSTRY_CODE_NAME (industry_code, industry_name, industry_level, parent_code)
values ('8021', '计算机和辅助设备修理', 4, '802');
insert into INDUSTRY_CODE_NAME (industry_code, industry_name, industry_level, parent_code)
values ('8022', '通讯设备修理', 4, '802');
insert into INDUSTRY_CODE_NAME (industry_code, industry_name, industry_level, parent_code)
values ('8029', '其他办公设备维修', 4, '802');
insert into INDUSTRY_CODE_NAME (industry_code, industry_name, industry_level, parent_code)
values ('803', '家用电器修理', 3, '80');
insert into INDUSTRY_CODE_NAME (industry_code, industry_name, industry_level, parent_code)
values ('8030', '家用电器修理', 4, '803');
insert into INDUSTRY_CODE_NAME (industry_code, industry_name, industry_level, parent_code)
values ('8031', '家用电子产品修理', 4, '803');
insert into INDUSTRY_CODE_NAME (industry_code, industry_name, industry_level, parent_code)
values ('8032', '日用电器修理', 4, '803');
insert into INDUSTRY_CODE_NAME (industry_code, industry_name, industry_level, parent_code)
values ('809', '其他日用产品修理业', 3, '80');
insert into INDUSTRY_CODE_NAME (industry_code, industry_name, industry_level, parent_code)
values ('8090', '其他日用产品修理业', 4, '809');
insert into INDUSTRY_CODE_NAME (industry_code, industry_name, industry_level, parent_code)
values ('8091', '自行车修理', 4, '809');
insert into INDUSTRY_CODE_NAME (industry_code, industry_name, industry_level, parent_code)
values ('8092', '鞋和皮革修理', 4, '809');
insert into INDUSTRY_CODE_NAME (industry_code, industry_name, industry_level, parent_code)
values ('8093', '家具和相关物品修理', 4, '809');
insert into INDUSTRY_CODE_NAME (industry_code, industry_name, industry_level, parent_code)
values ('8099', '其他未列明日用产品修理业', 4, '809');
insert into INDUSTRY_CODE_NAME (industry_code, industry_name, industry_level, parent_code)
values ('81', '其他服务业', 2, 'O');
insert into INDUSTRY_CODE_NAME (industry_code, industry_name, industry_level, parent_code)
values ('811', '清洁服务', 3, '81');
insert into INDUSTRY_CODE_NAME (industry_code, industry_name, industry_level, parent_code)
values ('8110', '清洁服务', 4, '811');
insert into INDUSTRY_CODE_NAME (industry_code, industry_name, industry_level, parent_code)
values ('8111', '建筑物清洁服务', 4, '811');
insert into INDUSTRY_CODE_NAME (industry_code, industry_name, industry_level, parent_code)
values ('8119', '其他清洁服务', 4, '811');
insert into INDUSTRY_CODE_NAME (industry_code, industry_name, industry_level, parent_code)
values ('819', '其他未列明服务业', 3, '81');
insert into INDUSTRY_CODE_NAME (industry_code, industry_name, industry_level, parent_code)
values ('8190', '其他未列明服务业', 4, '819');
insert into INDUSTRY_CODE_NAME (industry_code, industry_name, industry_level, parent_code)
values ('82', '教育', 2, 'P');
insert into INDUSTRY_CODE_NAME (industry_code, industry_name, industry_level, parent_code)
values ('821', '学前教育', 3, '82');
insert into INDUSTRY_CODE_NAME (industry_code, industry_name, industry_level, parent_code)
values ('8210', '学前教育', 4, '821');
insert into INDUSTRY_CODE_NAME (industry_code, industry_name, industry_level, parent_code)
values ('822', '初等教育', 3, '82');
insert into INDUSTRY_CODE_NAME (industry_code, industry_name, industry_level, parent_code)
values ('8220', '初等教育', 4, '822');
insert into INDUSTRY_CODE_NAME (industry_code, industry_name, industry_level, parent_code)
values ('8221', '普通小学教育', 4, '822');
insert into INDUSTRY_CODE_NAME (industry_code, industry_name, industry_level, parent_code)
values ('8222', '成人小学教育', 4, '822');
insert into INDUSTRY_CODE_NAME (industry_code, industry_name, industry_level, parent_code)
values ('823', '中等教育', 3, '82');
insert into INDUSTRY_CODE_NAME (industry_code, industry_name, industry_level, parent_code)
values ('8230', '中等教育', 4, '823');
insert into INDUSTRY_CODE_NAME (industry_code, industry_name, industry_level, parent_code)
values ('8231', '普通初中教育', 4, '823');
insert into INDUSTRY_CODE_NAME (industry_code, industry_name, industry_level, parent_code)
values ('8232', '职业初中教育', 4, '823');
insert into INDUSTRY_CODE_NAME (industry_code, industry_name, industry_level, parent_code)
values ('8233', '成人初中教育', 4, '823');
insert into INDUSTRY_CODE_NAME (industry_code, industry_name, industry_level, parent_code)
values ('8234', '普通高中教育', 4, '823');
insert into INDUSTRY_CODE_NAME (industry_code, industry_name, industry_level, parent_code)
values ('8235', '成人高中教育', 4, '823');
insert into INDUSTRY_CODE_NAME (industry_code, industry_name, industry_level, parent_code)
values ('8236', '中等职业学校教育', 4, '823');
insert into INDUSTRY_CODE_NAME (industry_code, industry_name, industry_level, parent_code)
values ('824', '高等教育', 3, '82');
insert into INDUSTRY_CODE_NAME (industry_code, industry_name, industry_level, parent_code)
values ('8240', '高等教育', 4, '824');
insert into INDUSTRY_CODE_NAME (industry_code, industry_name, industry_level, parent_code)
values ('8241', '普通高等教育', 4, '824');
insert into INDUSTRY_CODE_NAME (industry_code, industry_name, industry_level, parent_code)
values ('8242', '成人高等教育', 4, '824');
insert into INDUSTRY_CODE_NAME (industry_code, industry_name, industry_level, parent_code)
values ('825', '特殊教育', 3, '82');
insert into INDUSTRY_CODE_NAME (industry_code, industry_name, industry_level, parent_code)
values ('8250', '特殊教育', 4, '825');
insert into INDUSTRY_CODE_NAME (industry_code, industry_name, industry_level, parent_code)
values ('829', '技能培训、教育辅助及其他教育', 3, '82');
insert into INDUSTRY_CODE_NAME (industry_code, industry_name, industry_level, parent_code)
values ('8290', '技能培训、教育辅助及其他教育', 4, '829');
insert into INDUSTRY_CODE_NAME (industry_code, industry_name, industry_level, parent_code)
values ('8291', '职业技能培训', 4, '829');
insert into INDUSTRY_CODE_NAME (industry_code, industry_name, industry_level, parent_code)
values ('8292', '体校及体育培训', 4, '829');
insert into INDUSTRY_CODE_NAME (industry_code, industry_name, industry_level, parent_code)
values ('8293', '文化艺术培训', 4, '829');
insert into INDUSTRY_CODE_NAME (industry_code, industry_name, industry_level, parent_code)
values ('8294', '教育辅助服务', 4, '829');
insert into INDUSTRY_CODE_NAME (industry_code, industry_name, industry_level, parent_code)
values ('8299', '其他未列明教育', 4, '829');
insert into INDUSTRY_CODE_NAME (industry_code, industry_name, industry_level, parent_code)
values ('83', '卫生', 2, 'Q');
insert into INDUSTRY_CODE_NAME (industry_code, industry_name, industry_level, parent_code)
values ('831', '医院', 3, '83');
insert into INDUSTRY_CODE_NAME (industry_code, industry_name, industry_level, parent_code)
values ('8310', '医院', 4, '831');
commit;
prompt 1100 records committed...
insert into INDUSTRY_CODE_NAME (industry_code, industry_name, industry_level, parent_code)
values ('8311', '综合医院', 4, '831');
insert into INDUSTRY_CODE_NAME (industry_code, industry_name, industry_level, parent_code)
values ('8312', '中医医院', 4, '831');
insert into INDUSTRY_CODE_NAME (industry_code, industry_name, industry_level, parent_code)
values ('8313', '中西医结合医院', 4, '831');
insert into INDUSTRY_CODE_NAME (industry_code, industry_name, industry_level, parent_code)
values ('5166', '化肥批发', 4, '516');
insert into INDUSTRY_CODE_NAME (industry_code, industry_name, industry_level, parent_code)
values ('5167', '农药批发', 4, '516');
insert into INDUSTRY_CODE_NAME (industry_code, industry_name, industry_level, parent_code)
values ('5168', '农用薄膜批发', 4, '516');
insert into INDUSTRY_CODE_NAME (industry_code, industry_name, industry_level, parent_code)
values ('5169', '其他化工产品批发', 4, '516');
insert into INDUSTRY_CODE_NAME (industry_code, industry_name, industry_level, parent_code)
values ('517', '机械设备、五金产品及电子产品批发', 3, '51');
insert into INDUSTRY_CODE_NAME (industry_code, industry_name, industry_level, parent_code)
values ('5170', '机械设备、五金产品及电子产品批发', 4, '517');
insert into INDUSTRY_CODE_NAME (industry_code, industry_name, industry_level, parent_code)
values ('5171', '农业机械批发', 4, '517');
insert into INDUSTRY_CODE_NAME (industry_code, industry_name, industry_level, parent_code)
values ('5172', '汽车批发', 4, '517');
insert into INDUSTRY_CODE_NAME (industry_code, industry_name, industry_level, parent_code)
values ('5173', '汽车零配件批发', 4, '517');
insert into INDUSTRY_CODE_NAME (industry_code, industry_name, industry_level, parent_code)
values ('5174', '摩托车及零配件批发', 4, '517');
insert into INDUSTRY_CODE_NAME (industry_code, industry_name, industry_level, parent_code)
values ('5175', '五金产品批发', 4, '517');
insert into INDUSTRY_CODE_NAME (industry_code, industry_name, industry_level, parent_code)
values ('5176', '电气设备批发', 4, '517');
insert into INDUSTRY_CODE_NAME (industry_code, industry_name, industry_level, parent_code)
values ('5177', '计算机、软件及辅助设备批发', 4, '517');
insert into INDUSTRY_CODE_NAME (industry_code, industry_name, industry_level, parent_code)
values ('5178', '通讯及广播电视设备批发', 4, '517');
insert into INDUSTRY_CODE_NAME (industry_code, industry_name, industry_level, parent_code)
values ('5179', '其他机械设备及电子产品批发', 4, '517');
insert into INDUSTRY_CODE_NAME (industry_code, industry_name, industry_level, parent_code)
values ('518', '贸易经纪与代理', 3, '51');
insert into INDUSTRY_CODE_NAME (industry_code, industry_name, industry_level, parent_code)
values ('5180', '贸易经纪与代理', 4, '518');
insert into INDUSTRY_CODE_NAME (industry_code, industry_name, industry_level, parent_code)
values ('5181', '贸易代理', 4, '518');
insert into INDUSTRY_CODE_NAME (industry_code, industry_name, industry_level, parent_code)
values ('5182', '拍卖', 4, '518');
insert into INDUSTRY_CODE_NAME (industry_code, industry_name, industry_level, parent_code)
values ('5189', '其他贸易经纪与代理', 4, '518');
insert into INDUSTRY_CODE_NAME (industry_code, industry_name, industry_level, parent_code)
values ('519', '其他批发业', 3, '51');
insert into INDUSTRY_CODE_NAME (industry_code, industry_name, industry_level, parent_code)
values ('5190', '其他批发业', 4, '519');
insert into INDUSTRY_CODE_NAME (industry_code, industry_name, industry_level, parent_code)
values ('5191', '再生物资回收与批发', 4, '519');
insert into INDUSTRY_CODE_NAME (industry_code, industry_name, industry_level, parent_code)
values ('5199', '其他未列明批发业', 4, '519');
insert into INDUSTRY_CODE_NAME (industry_code, industry_name, industry_level, parent_code)
values ('52', '零售业', 2, 'F');
insert into INDUSTRY_CODE_NAME (industry_code, industry_name, industry_level, parent_code)
values ('521', '综合零售', 3, '52');
insert into INDUSTRY_CODE_NAME (industry_code, industry_name, industry_level, parent_code)
values ('5210', '综合零售', 4, '521');
insert into INDUSTRY_CODE_NAME (industry_code, industry_name, industry_level, parent_code)
values ('5211', '百货零售', 4, '521');
insert into INDUSTRY_CODE_NAME (industry_code, industry_name, industry_level, parent_code)
values ('5212', '超级市场零售', 4, '521');
insert into INDUSTRY_CODE_NAME (industry_code, industry_name, industry_level, parent_code)
values ('5219', '其他综合零售', 4, '521');
insert into INDUSTRY_CODE_NAME (industry_code, industry_name, industry_level, parent_code)
values ('522', '食品、饮料及烟草制品专门零售', 3, '52');
insert into INDUSTRY_CODE_NAME (industry_code, industry_name, industry_level, parent_code)
values ('5220', '食品、饮料及烟草制品专门零售', 4, '522');
insert into INDUSTRY_CODE_NAME (industry_code, industry_name, industry_level, parent_code)
values ('5221', '粮油零售', 4, '522');
insert into INDUSTRY_CODE_NAME (industry_code, industry_name, industry_level, parent_code)
values ('5222', '糕点、面包零售', 4, '522');
insert into INDUSTRY_CODE_NAME (industry_code, industry_name, industry_level, parent_code)
values ('5223', '果品、蔬菜零售', 4, '522');
insert into INDUSTRY_CODE_NAME (industry_code, industry_name, industry_level, parent_code)
values ('5224', '肉、禽、蛋、奶及水产品零售', 4, '522');
insert into INDUSTRY_CODE_NAME (industry_code, industry_name, industry_level, parent_code)
values ('5225', '营养和保健品零售', 4, '522');
insert into INDUSTRY_CODE_NAME (industry_code, industry_name, industry_level, parent_code)
values ('5226', '酒、饮料及茶叶零售', 4, '522');
insert into INDUSTRY_CODE_NAME (industry_code, industry_name, industry_level, parent_code)
values ('5227', '烟草制品零售', 4, '522');
insert into INDUSTRY_CODE_NAME (industry_code, industry_name, industry_level, parent_code)
values ('5229', '其他食品零售', 4, '522');
insert into INDUSTRY_CODE_NAME (industry_code, industry_name, industry_level, parent_code)
values ('523', '纺织、服装及日用品专门零售', 3, '52');
insert into INDUSTRY_CODE_NAME (industry_code, industry_name, industry_level, parent_code)
values ('5230', '纺织、服装及日用品专门零售', 4, '523');
insert into INDUSTRY_CODE_NAME (industry_code, industry_name, industry_level, parent_code)
values ('5231', '纺织品及针织品零售', 4, '523');
insert into INDUSTRY_CODE_NAME (industry_code, industry_name, industry_level, parent_code)
values ('5232', '服装零售', 4, '523');
insert into INDUSTRY_CODE_NAME (industry_code, industry_name, industry_level, parent_code)
values ('5233', '鞋帽零售', 4, '523');
insert into INDUSTRY_CODE_NAME (industry_code, industry_name, industry_level, parent_code)
values ('5234', '化妆品及卫生用品零售', 4, '523');
insert into INDUSTRY_CODE_NAME (industry_code, industry_name, industry_level, parent_code)
values ('5235', '钟表、眼镜零售', 4, '523');
insert into INDUSTRY_CODE_NAME (industry_code, industry_name, industry_level, parent_code)
values ('5236', '箱、包零售', 4, '523');
insert into INDUSTRY_CODE_NAME (industry_code, industry_name, industry_level, parent_code)
values ('5237', '厨房用具及日用杂品零售', 4, '523');
insert into INDUSTRY_CODE_NAME (industry_code, industry_name, industry_level, parent_code)
values ('5238', '自行车零售', 4, '523');
insert into INDUSTRY_CODE_NAME (industry_code, industry_name, industry_level, parent_code)
values ('5239', '其他日用品零售', 4, '523');
insert into INDUSTRY_CODE_NAME (industry_code, industry_name, industry_level, parent_code)
values ('524', '文化、体育用品及器材专门零售', 3, '52');
insert into INDUSTRY_CODE_NAME (industry_code, industry_name, industry_level, parent_code)
values ('5240', '文化、体育用品及器材专门零售', 4, '524');
insert into INDUSTRY_CODE_NAME (industry_code, industry_name, industry_level, parent_code)
values ('5241', '文具用品零售', 4, '524');
insert into INDUSTRY_CODE_NAME (industry_code, industry_name, industry_level, parent_code)
values ('5242', '体育用品及器材零售', 4, '524');
insert into INDUSTRY_CODE_NAME (industry_code, industry_name, industry_level, parent_code)
values ('5243', '图书、报刊零售', 4, '524');
insert into INDUSTRY_CODE_NAME (industry_code, industry_name, industry_level, parent_code)
values ('5244', '音像制品及电子出版物零售', 4, '524');
insert into INDUSTRY_CODE_NAME (industry_code, industry_name, industry_level, parent_code)
values ('5245', '珠宝首饰零售', 4, '524');
insert into INDUSTRY_CODE_NAME (industry_code, industry_name, industry_level, parent_code)
values ('5246', '工艺美术品及收藏品零售', 4, '524');
insert into INDUSTRY_CODE_NAME (industry_code, industry_name, industry_level, parent_code)
values ('5247', '乐器零售', 4, '524');
insert into INDUSTRY_CODE_NAME (industry_code, industry_name, industry_level, parent_code)
values ('5248', '照相器材零售', 4, '524');
insert into INDUSTRY_CODE_NAME (industry_code, industry_name, industry_level, parent_code)
values ('5249', '其他文化用品零售', 4, '524');
insert into INDUSTRY_CODE_NAME (industry_code, industry_name, industry_level, parent_code)
values ('525', '医药及医疗器材专门零售', 3, '52');
insert into INDUSTRY_CODE_NAME (industry_code, industry_name, industry_level, parent_code)
values ('5250', '医药及医疗器材专门零售', 4, '525');
insert into INDUSTRY_CODE_NAME (industry_code, industry_name, industry_level, parent_code)
values ('5251', '药品零售', 4, '525');
insert into INDUSTRY_CODE_NAME (industry_code, industry_name, industry_level, parent_code)
values ('5252', '医疗用品及器材零售', 4, '525');
insert into INDUSTRY_CODE_NAME (industry_code, industry_name, industry_level, parent_code)
values ('526', '汽车、摩托车、燃料及零配件专门零售', 3, '52');
insert into INDUSTRY_CODE_NAME (industry_code, industry_name, industry_level, parent_code)
values ('5260', '汽车、摩托车、燃料及零配件专门零售', 4, '526');
insert into INDUSTRY_CODE_NAME (industry_code, industry_name, industry_level, parent_code)
values ('5261', '汽车零售', 4, '526');
insert into INDUSTRY_CODE_NAME (industry_code, industry_name, industry_level, parent_code)
values ('5262', '汽车零配件零售', 4, '526');
insert into INDUSTRY_CODE_NAME (industry_code, industry_name, industry_level, parent_code)
values ('5263', '摩托车及零配件零售', 4, '526');
insert into INDUSTRY_CODE_NAME (industry_code, industry_name, industry_level, parent_code)
values ('5264', '机动车燃料零售', 4, '526');
insert into INDUSTRY_CODE_NAME (industry_code, industry_name, industry_level, parent_code)
values ('527', '家用电器及电子产品专门零售', 3, '52');
insert into INDUSTRY_CODE_NAME (industry_code, industry_name, industry_level, parent_code)
values ('5270', '家用电器及电子产品专门零售', 4, '527');
insert into INDUSTRY_CODE_NAME (industry_code, industry_name, industry_level, parent_code)
values ('5271', '家用视听设备零售', 4, '527');
insert into INDUSTRY_CODE_NAME (industry_code, industry_name, industry_level, parent_code)
values ('5272', '日用家电设备零售', 4, '527');
insert into INDUSTRY_CODE_NAME (industry_code, industry_name, industry_level, parent_code)
values ('5273', '计算机、软件及辅助设备零售', 4, '527');
insert into INDUSTRY_CODE_NAME (industry_code, industry_name, industry_level, parent_code)
values ('5274', '通信设备零售', 4, '527');
insert into INDUSTRY_CODE_NAME (industry_code, industry_name, industry_level, parent_code)
values ('5279', '其他电子产品零售', 4, '527');
insert into INDUSTRY_CODE_NAME (industry_code, industry_name, industry_level, parent_code)
values ('528', '五金、家具及室内装饰材料专门零售', 3, '52');
insert into INDUSTRY_CODE_NAME (industry_code, industry_name, industry_level, parent_code)
values ('5280', '五金、家具及室内装饰材料专门零售', 4, '528');
insert into INDUSTRY_CODE_NAME (industry_code, industry_name, industry_level, parent_code)
values ('5281', '五金零售', 4, '528');
insert into INDUSTRY_CODE_NAME (industry_code, industry_name, industry_level, parent_code)
values ('5282', '灯具零售', 4, '528');
insert into INDUSTRY_CODE_NAME (industry_code, industry_name, industry_level, parent_code)
values ('5283', '家具零售', 4, '528');
insert into INDUSTRY_CODE_NAME (industry_code, industry_name, industry_level, parent_code)
values ('5284', '涂料零售', 4, '528');
insert into INDUSTRY_CODE_NAME (industry_code, industry_name, industry_level, parent_code)
values ('5285', '卫生洁具零售', 4, '528');
insert into INDUSTRY_CODE_NAME (industry_code, industry_name, industry_level, parent_code)
values ('5286', '木质装饰材料零售', 4, '528');
insert into INDUSTRY_CODE_NAME (industry_code, industry_name, industry_level, parent_code)
values ('5287', '陶瓷、石材装饰材料零售', 4, '528');
insert into INDUSTRY_CODE_NAME (industry_code, industry_name, industry_level, parent_code)
values ('5289', '其他室内装饰材料零售', 4, '528');
insert into INDUSTRY_CODE_NAME (industry_code, industry_name, industry_level, parent_code)
values ('529', '货摊、无店铺及其他零售业', 3, '52');
insert into INDUSTRY_CODE_NAME (industry_code, industry_name, industry_level, parent_code)
values ('5290', '货摊、无店铺及其他零售业', 4, '529');
insert into INDUSTRY_CODE_NAME (industry_code, industry_name, industry_level, parent_code)
values ('5291  ', '货摊食品零售', 4, '529');
insert into INDUSTRY_CODE_NAME (industry_code, industry_name, industry_level, parent_code)
values ('5292', '货摊纺织、服装及鞋零售', 4, '529');
insert into INDUSTRY_CODE_NAME (industry_code, industry_name, industry_level, parent_code)
values ('5293', '货摊日用品零售', 4, '529');
insert into INDUSTRY_CODE_NAME (industry_code, industry_name, industry_level, parent_code)
values ('5294', '互联网零售', 4, '529');
insert into INDUSTRY_CODE_NAME (industry_code, industry_name, industry_level, parent_code)
values ('5295', '邮购及电视、电话零售', 4, '529');
insert into INDUSTRY_CODE_NAME (industry_code, industry_name, industry_level, parent_code)
values ('5296', '旧货零售', 4, '529');
commit;
prompt 1200 records committed...
insert into INDUSTRY_CODE_NAME (industry_code, industry_name, industry_level, parent_code)
values ('5297', '生活用燃料零售', 4, '529');
insert into INDUSTRY_CODE_NAME (industry_code, industry_name, industry_level, parent_code)
values ('5299', '其他未列明零售业', 4, '529');
insert into INDUSTRY_CODE_NAME (industry_code, industry_name, industry_level, parent_code)
values ('53', '铁路运输业', 2, 'G');
insert into INDUSTRY_CODE_NAME (industry_code, industry_name, industry_level, parent_code)
values ('531', '铁路旅客运输', 3, '53');
insert into INDUSTRY_CODE_NAME (industry_code, industry_name, industry_level, parent_code)
values ('5310', '铁路旅客运输', 4, '531');
insert into INDUSTRY_CODE_NAME (industry_code, industry_name, industry_level, parent_code)
values ('532', '铁路货物运输', 3, '53');
insert into INDUSTRY_CODE_NAME (industry_code, industry_name, industry_level, parent_code)
values ('5320', '铁路货物运输', 4, '532');
insert into INDUSTRY_CODE_NAME (industry_code, industry_name, industry_level, parent_code)
values ('533', '铁路运输辅助活动', 3, '53');
insert into INDUSTRY_CODE_NAME (industry_code, industry_name, industry_level, parent_code)
values ('5330', '铁路运输辅助活动', 4, '533');
insert into INDUSTRY_CODE_NAME (industry_code, industry_name, industry_level, parent_code)
values ('5331', '客运火车站', 4, '533');
insert into INDUSTRY_CODE_NAME (industry_code, industry_name, industry_level, parent_code)
values ('5332', '货运火车站', 4, '533');
insert into INDUSTRY_CODE_NAME (industry_code, industry_name, industry_level, parent_code)
values ('5339', '其他铁路运输辅助活动', 4, '533');
insert into INDUSTRY_CODE_NAME (industry_code, industry_name, industry_level, parent_code)
values ('54', '道路运输业', 2, 'G');
insert into INDUSTRY_CODE_NAME (industry_code, industry_name, industry_level, parent_code)
values ('541', '城市公共交通运输', 3, '54');
insert into INDUSTRY_CODE_NAME (industry_code, industry_name, industry_level, parent_code)
values ('5410', '城市公共交通运输', 4, '541');
insert into INDUSTRY_CODE_NAME (industry_code, industry_name, industry_level, parent_code)
values ('5411', '公共电汽车客运', 4, '541');
insert into INDUSTRY_CODE_NAME (industry_code, industry_name, industry_level, parent_code)
values ('5412', '城市轨道交通', 4, '541');
insert into INDUSTRY_CODE_NAME (industry_code, industry_name, industry_level, parent_code)
values ('5413', '出租车客运', 4, '541');
insert into INDUSTRY_CODE_NAME (industry_code, industry_name, industry_level, parent_code)
values ('5419', '其他城市公共交通运输', 4, '541');
insert into INDUSTRY_CODE_NAME (industry_code, industry_name, industry_level, parent_code)
values ('542', '公路旅客运输', 3, '54');
insert into INDUSTRY_CODE_NAME (industry_code, industry_name, industry_level, parent_code)
values ('5420', '公路旅客运输', 4, '542');
insert into INDUSTRY_CODE_NAME (industry_code, industry_name, industry_level, parent_code)
values ('543', '道路货物运输', 3, '54');
insert into INDUSTRY_CODE_NAME (industry_code, industry_name, industry_level, parent_code)
values ('5430', '道路货物运输', 4, '543');
insert into INDUSTRY_CODE_NAME (industry_code, industry_name, industry_level, parent_code)
values ('544', '道路运输辅助活动', 3, '54');
insert into INDUSTRY_CODE_NAME (industry_code, industry_name, industry_level, parent_code)
values ('5440', '道路运输辅助活动', 4, '544');
insert into INDUSTRY_CODE_NAME (industry_code, industry_name, industry_level, parent_code)
values ('5441', '客运汽车站', 4, '544');
insert into INDUSTRY_CODE_NAME (industry_code, industry_name, industry_level, parent_code)
values ('5442', '公路管理与养护', 4, '544');
insert into INDUSTRY_CODE_NAME (industry_code, industry_name, industry_level, parent_code)
values ('5449', '其他道路运输辅助活动', 4, '544');
insert into INDUSTRY_CODE_NAME (industry_code, industry_name, industry_level, parent_code)
values ('55', '水上运输业', 2, 'G');
insert into INDUSTRY_CODE_NAME (industry_code, industry_name, industry_level, parent_code)
values ('551', '水上旅客运输', 3, '55');
insert into INDUSTRY_CODE_NAME (industry_code, industry_name, industry_level, parent_code)
values ('5510', '水上旅客运输', 4, '551');
insert into INDUSTRY_CODE_NAME (industry_code, industry_name, industry_level, parent_code)
values ('5511', '海洋旅客运输', 4, '551');
insert into INDUSTRY_CODE_NAME (industry_code, industry_name, industry_level, parent_code)
values ('5512', '内河旅客运输', 4, '551');
insert into INDUSTRY_CODE_NAME (industry_code, industry_name, industry_level, parent_code)
values ('5513', '客运轮渡运输', 4, '551');
insert into INDUSTRY_CODE_NAME (industry_code, industry_name, industry_level, parent_code)
values ('552', '水上货物运输', 3, '55');
insert into INDUSTRY_CODE_NAME (industry_code, industry_name, industry_level, parent_code)
values ('5520', '水上货物运输', 4, '552');
insert into INDUSTRY_CODE_NAME (industry_code, industry_name, industry_level, parent_code)
values ('5521', '远洋货物运输', 4, '552');
insert into INDUSTRY_CODE_NAME (industry_code, industry_name, industry_level, parent_code)
values ('5522', '沿海货物运输', 4, '552');
insert into INDUSTRY_CODE_NAME (industry_code, industry_name, industry_level, parent_code)
values ('5523', '内河货物运输', 4, '552');
insert into INDUSTRY_CODE_NAME (industry_code, industry_name, industry_level, parent_code)
values ('553', '水上运输辅助活动', 3, '55');
insert into INDUSTRY_CODE_NAME (industry_code, industry_name, industry_level, parent_code)
values ('5530', '水上运输辅助活动', 4, '553');
insert into INDUSTRY_CODE_NAME (industry_code, industry_name, industry_level, parent_code)
values ('5531', '客运港口', 4, '553');
insert into INDUSTRY_CODE_NAME (industry_code, industry_name, industry_level, parent_code)
values ('5532', '货运港口', 4, '553');
insert into INDUSTRY_CODE_NAME (industry_code, industry_name, industry_level, parent_code)
values ('5539', '其他水上运输辅助活动', 4, '553');
insert into INDUSTRY_CODE_NAME (industry_code, industry_name, industry_level, parent_code)
values ('56', '航空运输业', 2, 'G');
insert into INDUSTRY_CODE_NAME (industry_code, industry_name, industry_level, parent_code)
values ('561', '航空客货运输', 3, '56');
insert into INDUSTRY_CODE_NAME (industry_code, industry_name, industry_level, parent_code)
values ('5610', '航空客货运输', 4, '561');
insert into INDUSTRY_CODE_NAME (industry_code, industry_name, industry_level, parent_code)
values ('5611', '航空旅客运输', 4, '561');
insert into INDUSTRY_CODE_NAME (industry_code, industry_name, industry_level, parent_code)
values ('5612', '航空货物运输', 4, '561');
insert into INDUSTRY_CODE_NAME (industry_code, industry_name, industry_level, parent_code)
values ('562', '通用航空服务', 3, '56');
insert into INDUSTRY_CODE_NAME (industry_code, industry_name, industry_level, parent_code)
values ('5620', '通用航空服务', 4, '562');
insert into INDUSTRY_CODE_NAME (industry_code, industry_name, industry_level, parent_code)
values ('563', '航空运输辅助活动', 3, '56');
insert into INDUSTRY_CODE_NAME (industry_code, industry_name, industry_level, parent_code)
values ('5630', '航空运输辅助活动', 4, '563');
insert into INDUSTRY_CODE_NAME (industry_code, industry_name, industry_level, parent_code)
values ('5631', '机场', 4, '563');
insert into INDUSTRY_CODE_NAME (industry_code, industry_name, industry_level, parent_code)
values ('5632', '空中交通管理', 4, '563');
insert into INDUSTRY_CODE_NAME (industry_code, industry_name, industry_level, parent_code)
values ('5639', '其他航空运输辅助活动', 4, '563');
insert into INDUSTRY_CODE_NAME (industry_code, industry_name, industry_level, parent_code)
values ('57', '管道运输业', 2, 'G');
insert into INDUSTRY_CODE_NAME (industry_code, industry_name, industry_level, parent_code)
values ('570', '管道运输业', 3, '57');
insert into INDUSTRY_CODE_NAME (industry_code, industry_name, industry_level, parent_code)
values ('5700', '管道运输业', 4, '570');
insert into INDUSTRY_CODE_NAME (industry_code, industry_name, industry_level, parent_code)
values ('58', '装卸搬运和运输代理业', 2, 'G');
insert into INDUSTRY_CODE_NAME (industry_code, industry_name, industry_level, parent_code)
values ('581', '装卸搬运', 3, '58');
insert into INDUSTRY_CODE_NAME (industry_code, industry_name, industry_level, parent_code)
values ('5810', '装卸搬运', 4, '581');
insert into INDUSTRY_CODE_NAME (industry_code, industry_name, industry_level, parent_code)
values ('582', '运输代理业', 3, '58');
insert into INDUSTRY_CODE_NAME (industry_code, industry_name, industry_level, parent_code)
values ('5820', '运输代理业', 4, '582');
insert into INDUSTRY_CODE_NAME (industry_code, industry_name, industry_level, parent_code)
values ('5821', '货物运输代理', 4, '582');
insert into INDUSTRY_CODE_NAME (industry_code, industry_name, industry_level, parent_code)
values ('5822', '旅客票务代理', 4, '582');
insert into INDUSTRY_CODE_NAME (industry_code, industry_name, industry_level, parent_code)
values ('5829', '其他运输代理业', 4, '582');
insert into INDUSTRY_CODE_NAME (industry_code, industry_name, industry_level, parent_code)
values ('59', '仓储业', 2, 'G');
insert into INDUSTRY_CODE_NAME (industry_code, industry_name, industry_level, parent_code)
values ('591', '谷物、棉花等农产品仓储', 3, '59');
insert into INDUSTRY_CODE_NAME (industry_code, industry_name, industry_level, parent_code)
values ('5910', '谷物、棉花等农产品仓储', 4, '591');
insert into INDUSTRY_CODE_NAME (industry_code, industry_name, industry_level, parent_code)
values ('5911', '谷物仓储', 4, '591');
insert into INDUSTRY_CODE_NAME (industry_code, industry_name, industry_level, parent_code)
values ('5912', '棉花仓储', 4, '591');
insert into INDUSTRY_CODE_NAME (industry_code, industry_name, industry_level, parent_code)
values ('5919', '其他农产品仓储', 4, '591');
insert into INDUSTRY_CODE_NAME (industry_code, industry_name, industry_level, parent_code)
values ('599', '其他仓储业', 3, '59');
insert into INDUSTRY_CODE_NAME (industry_code, industry_name, industry_level, parent_code)
values ('5990', '其他仓储业', 4, '599');
insert into INDUSTRY_CODE_NAME (industry_code, industry_name, industry_level, parent_code)
values ('60', '邮政业', 2, 'G');
insert into INDUSTRY_CODE_NAME (industry_code, industry_name, industry_level, parent_code)
values ('601', '邮政基本服务', 3, '60');
insert into INDUSTRY_CODE_NAME (industry_code, industry_name, industry_level, parent_code)
values ('6010', '邮政基本服务', 4, '601');
insert into INDUSTRY_CODE_NAME (industry_code, industry_name, industry_level, parent_code)
values ('602', '快递服务', 3, '60');
insert into INDUSTRY_CODE_NAME (industry_code, industry_name, industry_level, parent_code)
values ('6020', '快递服务', 4, '602');
insert into INDUSTRY_CODE_NAME (industry_code, industry_name, industry_level, parent_code)
values ('61', '住宿业', 2, 'H');
insert into INDUSTRY_CODE_NAME (industry_code, industry_name, industry_level, parent_code)
values ('611', '旅游饭店', 3, '61');
insert into INDUSTRY_CODE_NAME (industry_code, industry_name, industry_level, parent_code)
values ('6110', '旅游饭店', 4, '611');
insert into INDUSTRY_CODE_NAME (industry_code, industry_name, industry_level, parent_code)
values ('612', '一般旅馆', 3, '61');
insert into INDUSTRY_CODE_NAME (industry_code, industry_name, industry_level, parent_code)
values ('6120', '一般旅馆', 4, '612');
insert into INDUSTRY_CODE_NAME (industry_code, industry_name, industry_level, parent_code)
values ('619', '其他住宿业', 3, '61');
insert into INDUSTRY_CODE_NAME (industry_code, industry_name, industry_level, parent_code)
values ('6190', '其他住宿业', 4, '619');
insert into INDUSTRY_CODE_NAME (industry_code, industry_name, industry_level, parent_code)
values ('62', '餐饮业', 2, 'H');
insert into INDUSTRY_CODE_NAME (industry_code, industry_name, industry_level, parent_code)
values ('621', '正餐服务', 3, '62');
insert into INDUSTRY_CODE_NAME (industry_code, industry_name, industry_level, parent_code)
values ('6210', '正餐服务', 4, '621');
insert into INDUSTRY_CODE_NAME (industry_code, industry_name, industry_level, parent_code)
values ('622', '快餐服务', 3, '62');
insert into INDUSTRY_CODE_NAME (industry_code, industry_name, industry_level, parent_code)
values ('6220', '快餐服务', 4, '622');
insert into INDUSTRY_CODE_NAME (industry_code, industry_name, industry_level, parent_code)
values ('623', '饮料及冷饮服务', 3, '62');
insert into INDUSTRY_CODE_NAME (industry_code, industry_name, industry_level, parent_code)
values ('6230', '饮料及冷饮服务', 4, '623');
insert into INDUSTRY_CODE_NAME (industry_code, industry_name, industry_level, parent_code)
values ('6231', '茶馆服务', 4, '623');
insert into INDUSTRY_CODE_NAME (industry_code, industry_name, industry_level, parent_code)
values ('6232', '咖啡馆服务', 4, '623');
insert into INDUSTRY_CODE_NAME (industry_code, industry_name, industry_level, parent_code)
values ('6233', '酒吧服务', 4, '623');
insert into INDUSTRY_CODE_NAME (industry_code, industry_name, industry_level, parent_code)
values ('6239', '其他饮料及冷饮服务', 4, '623');
insert into INDUSTRY_CODE_NAME (industry_code, industry_name, industry_level, parent_code)
values ('629', '其他餐饮业', 3, '62');
insert into INDUSTRY_CODE_NAME (industry_code, industry_name, industry_level, parent_code)
values ('6290', '其他餐饮业', 4, '629');
commit;
prompt 1300 records committed...
insert into INDUSTRY_CODE_NAME (industry_code, industry_name, industry_level, parent_code)
values ('6291', '小吃服务', 4, '629');
insert into INDUSTRY_CODE_NAME (industry_code, industry_name, industry_level, parent_code)
values ('6292', '餐饮配送服务', 4, '629');
insert into INDUSTRY_CODE_NAME (industry_code, industry_name, industry_level, parent_code)
values ('6299 ', '其他未列明餐饮业', 4, '629');
insert into INDUSTRY_CODE_NAME (industry_code, industry_name, industry_level, parent_code)
values ('63', '电信、广播电视和卫星传输服务', 2, 'I');
insert into INDUSTRY_CODE_NAME (industry_code, industry_name, industry_level, parent_code)
values ('631', '电信', 3, '63');
insert into INDUSTRY_CODE_NAME (industry_code, industry_name, industry_level, parent_code)
values ('6310', '电信', 4, '631');
insert into INDUSTRY_CODE_NAME (industry_code, industry_name, industry_level, parent_code)
values ('6311', '固定电信服务', 4, '631');
insert into INDUSTRY_CODE_NAME (industry_code, industry_name, industry_level, parent_code)
values ('6312', '移动电信服务', 4, '631');
insert into INDUSTRY_CODE_NAME (industry_code, industry_name, industry_level, parent_code)
values ('6319', '其他电信服务', 4, '631');
insert into INDUSTRY_CODE_NAME (industry_code, industry_name, industry_level, parent_code)
values ('632', '广播电视传输服务', 3, '63');
insert into INDUSTRY_CODE_NAME (industry_code, industry_name, industry_level, parent_code)
values ('6320', '广播电视传输服务', 4, '632');
insert into INDUSTRY_CODE_NAME (industry_code, industry_name, industry_level, parent_code)
values ('6321', '有线广播电视传输服务', 4, '632');
insert into INDUSTRY_CODE_NAME (industry_code, industry_name, industry_level, parent_code)
values ('6322', '无线广播电视传输服务', 4, '632');
insert into INDUSTRY_CODE_NAME (industry_code, industry_name, industry_level, parent_code)
values ('633', '卫星传输服务', 3, '63');
insert into INDUSTRY_CODE_NAME (industry_code, industry_name, industry_level, parent_code)
values ('6330', '卫星传输服务', 4, '633');
insert into INDUSTRY_CODE_NAME (industry_code, industry_name, industry_level, parent_code)
values ('64', '互联网和相关服务', 2, 'I');
insert into INDUSTRY_CODE_NAME (industry_code, industry_name, industry_level, parent_code)
values ('641', '互联网接入及相关服务', 3, '64');
insert into INDUSTRY_CODE_NAME (industry_code, industry_name, industry_level, parent_code)
values ('6410', '互联网接入及相关服务', 4, '641');
insert into INDUSTRY_CODE_NAME (industry_code, industry_name, industry_level, parent_code)
values ('642', '互联网信息服务', 3, '64');
insert into INDUSTRY_CODE_NAME (industry_code, industry_name, industry_level, parent_code)
values ('6420', '互联网信息服务', 4, '642');
insert into INDUSTRY_CODE_NAME (industry_code, industry_name, industry_level, parent_code)
values ('649', '其他互联网服务', 3, '64');
insert into INDUSTRY_CODE_NAME (industry_code, industry_name, industry_level, parent_code)
values ('6490', '其他互联网服务', 4, '649');
insert into INDUSTRY_CODE_NAME (industry_code, industry_name, industry_level, parent_code)
values ('65', '软件和信息技术服务业', 2, 'I');
insert into INDUSTRY_CODE_NAME (industry_code, industry_name, industry_level, parent_code)
values ('651', '软件开发', 3, '65');
insert into INDUSTRY_CODE_NAME (industry_code, industry_name, industry_level, parent_code)
values ('6510', '软件开发', 4, '651');
insert into INDUSTRY_CODE_NAME (industry_code, industry_name, industry_level, parent_code)
values ('652', '信息系统集成服务', 3, '65');
insert into INDUSTRY_CODE_NAME (industry_code, industry_name, industry_level, parent_code)
values ('6520', '信息系统集成服务', 4, '652');
insert into INDUSTRY_CODE_NAME (industry_code, industry_name, industry_level, parent_code)
values ('653', '信息技术咨询服务', 3, '65');
insert into INDUSTRY_CODE_NAME (industry_code, industry_name, industry_level, parent_code)
values ('6530', '信息技术咨询服务', 4, '653');
insert into INDUSTRY_CODE_NAME (industry_code, industry_name, industry_level, parent_code)
values ('654', '数据处理和存储服务', 3, '65');
insert into INDUSTRY_CODE_NAME (industry_code, industry_name, industry_level, parent_code)
values ('6540', '数据处理和存储服务', 4, '654');
insert into INDUSTRY_CODE_NAME (industry_code, industry_name, industry_level, parent_code)
values ('655', '集成电路设计', 3, '65');
insert into INDUSTRY_CODE_NAME (industry_code, industry_name, industry_level, parent_code)
values ('6550', '集成电路设计', 4, '655');
insert into INDUSTRY_CODE_NAME (industry_code, industry_name, industry_level, parent_code)
values ('659', '其他信息技术服务业', 3, '65');
insert into INDUSTRY_CODE_NAME (industry_code, industry_name, industry_level, parent_code)
values ('6590', '其他信息技术服务业', 4, '659');
insert into INDUSTRY_CODE_NAME (industry_code, industry_name, industry_level, parent_code)
values ('6591', '数字内容服务', 4, '659');
insert into INDUSTRY_CODE_NAME (industry_code, industry_name, industry_level, parent_code)
values ('6592', '呼叫中心', 4, '659');
insert into INDUSTRY_CODE_NAME (industry_code, industry_name, industry_level, parent_code)
values ('6599 ', '其他未列明信息技术服务业', 4, '659');
insert into INDUSTRY_CODE_NAME (industry_code, industry_name, industry_level, parent_code)
values ('66', '货币金融服务', 2, 'J');
insert into INDUSTRY_CODE_NAME (industry_code, industry_name, industry_level, parent_code)
values ('661', '中央银行服务', 3, '66');
insert into INDUSTRY_CODE_NAME (industry_code, industry_name, industry_level, parent_code)
values ('6610', '中央银行服务', 4, '661');
insert into INDUSTRY_CODE_NAME (industry_code, industry_name, industry_level, parent_code)
values ('662', '货币银行服务', 3, '66');
insert into INDUSTRY_CODE_NAME (industry_code, industry_name, industry_level, parent_code)
values ('6620', '货币银行服务', 4, '662');
insert into INDUSTRY_CODE_NAME (industry_code, industry_name, industry_level, parent_code)
values ('663', '非货币银行服务', 3, '66');
insert into INDUSTRY_CODE_NAME (industry_code, industry_name, industry_level, parent_code)
values ('6630', '非货币银行服务', 4, '663');
insert into INDUSTRY_CODE_NAME (industry_code, industry_name, industry_level, parent_code)
values ('6631', '金融租赁服务', 4, '663');
insert into INDUSTRY_CODE_NAME (industry_code, industry_name, industry_level, parent_code)
values ('6632', '财务公司', 4, '663');
insert into INDUSTRY_CODE_NAME (industry_code, industry_name, industry_level, parent_code)
values ('6633', '典当', 4, '663');
insert into INDUSTRY_CODE_NAME (industry_code, industry_name, industry_level, parent_code)
values ('6639', '其他非货币银行服务', 4, '663');
insert into INDUSTRY_CODE_NAME (industry_code, industry_name, industry_level, parent_code)
values ('664', '银行监管服务', 3, '66');
insert into INDUSTRY_CODE_NAME (industry_code, industry_name, industry_level, parent_code)
values ('6640', '银行监管服务', 4, '664');
insert into INDUSTRY_CODE_NAME (industry_code, industry_name, industry_level, parent_code)
values ('67', '资本市场服务', 2, 'J');
insert into INDUSTRY_CODE_NAME (industry_code, industry_name, industry_level, parent_code)
values ('671', '证券市场服务', 3, '67');
insert into INDUSTRY_CODE_NAME (industry_code, industry_name, industry_level, parent_code)
values ('6710', '证券市场服务', 4, '671');
insert into INDUSTRY_CODE_NAME (industry_code, industry_name, industry_level, parent_code)
values ('6711', '证券市场管理服务', 4, '671');
insert into INDUSTRY_CODE_NAME (industry_code, industry_name, industry_level, parent_code)
values ('6712', '证券经纪交易服务', 4, '671');
insert into INDUSTRY_CODE_NAME (industry_code, industry_name, industry_level, parent_code)
values ('6713', '基金管理服务', 4, '671');
insert into INDUSTRY_CODE_NAME (industry_code, industry_name, industry_level, parent_code)
values ('672', '期货市场服务', 3, '67');
insert into INDUSTRY_CODE_NAME (industry_code, industry_name, industry_level, parent_code)
values ('6720', '期货市场服务', 4, '672');
insert into INDUSTRY_CODE_NAME (industry_code, industry_name, industry_level, parent_code)
values ('6721', '期货市场管理服务', 4, '672');
insert into INDUSTRY_CODE_NAME (industry_code, industry_name, industry_level, parent_code)
values ('6729', '其他期货市场服务', 4, '672');
insert into INDUSTRY_CODE_NAME (industry_code, industry_name, industry_level, parent_code)
values ('673', '证券期货监管服务', 3, '67');
insert into INDUSTRY_CODE_NAME (industry_code, industry_name, industry_level, parent_code)
values ('6730', '证券期货监管服务', 4, '673');
insert into INDUSTRY_CODE_NAME (industry_code, industry_name, industry_level, parent_code)
values ('674', '资本投资服务', 3, '67');
insert into INDUSTRY_CODE_NAME (industry_code, industry_name, industry_level, parent_code)
values ('6740', '资本投资服务', 4, '674');
insert into INDUSTRY_CODE_NAME (industry_code, industry_name, industry_level, parent_code)
values ('679', '其他资本市场服务', 3, '67');
insert into INDUSTRY_CODE_NAME (industry_code, industry_name, industry_level, parent_code)
values ('6790', '其他资本市场服务', 4, '679');
insert into INDUSTRY_CODE_NAME (industry_code, industry_name, industry_level, parent_code)
values ('68', '保险业', 2, 'J');
insert into INDUSTRY_CODE_NAME (industry_code, industry_name, industry_level, parent_code)
values ('681', '人身保险', 3, '68');
insert into INDUSTRY_CODE_NAME (industry_code, industry_name, industry_level, parent_code)
values ('6810', '人身保险', 4, '681');
insert into INDUSTRY_CODE_NAME (industry_code, industry_name, industry_level, parent_code)
values ('6811', '人寿保险', 4, '681');
insert into INDUSTRY_CODE_NAME (industry_code, industry_name, industry_level, parent_code)
values ('6812', '健康和意外保险', 4, '681');
insert into INDUSTRY_CODE_NAME (industry_code, industry_name, industry_level, parent_code)
values ('682', '财产保险', 3, '68');
insert into INDUSTRY_CODE_NAME (industry_code, industry_name, industry_level, parent_code)
values ('6820', '财产保险', 4, '682');
insert into INDUSTRY_CODE_NAME (industry_code, industry_name, industry_level, parent_code)
values ('683', '再保险', 3, '68');
insert into INDUSTRY_CODE_NAME (industry_code, industry_name, industry_level, parent_code)
values ('6830', '再保险', 4, '683');
insert into INDUSTRY_CODE_NAME (industry_code, industry_name, industry_level, parent_code)
values ('684', '养老金', 3, '68');
insert into INDUSTRY_CODE_NAME (industry_code, industry_name, industry_level, parent_code)
values ('6840', '养老金', 4, '684');
insert into INDUSTRY_CODE_NAME (industry_code, industry_name, industry_level, parent_code)
values ('685', '保险经纪与代理服务', 3, '68');
insert into INDUSTRY_CODE_NAME (industry_code, industry_name, industry_level, parent_code)
values ('6850', '保险经纪与代理服务', 4, '685');
insert into INDUSTRY_CODE_NAME (industry_code, industry_name, industry_level, parent_code)
values ('686', '保险监管服务', 3, '68');
insert into INDUSTRY_CODE_NAME (industry_code, industry_name, industry_level, parent_code)
values ('6860', '保险监管服务', 4, '686');
insert into INDUSTRY_CODE_NAME (industry_code, industry_name, industry_level, parent_code)
values ('689', '其他保险活动', 3, '68');
insert into INDUSTRY_CODE_NAME (industry_code, industry_name, industry_level, parent_code)
values ('6890', '其他保险活动', 4, '689');
insert into INDUSTRY_CODE_NAME (industry_code, industry_name, industry_level, parent_code)
values ('6891', '风险和损失评估', 4, '689');
insert into INDUSTRY_CODE_NAME (industry_code, industry_name, industry_level, parent_code)
values ('6899', '其他未列明保险活动', 4, '689');
insert into INDUSTRY_CODE_NAME (industry_code, industry_name, industry_level, parent_code)
values ('69', '其他金融业', 2, 'J');
insert into INDUSTRY_CODE_NAME (industry_code, industry_name, industry_level, parent_code)
values ('691', '金融信托与管理服务', 3, '69');
insert into INDUSTRY_CODE_NAME (industry_code, industry_name, industry_level, parent_code)
values ('6910', '金融信托与管理服务', 4, '691');
insert into INDUSTRY_CODE_NAME (industry_code, industry_name, industry_level, parent_code)
values ('692', '控股公司服务', 3, '69');
insert into INDUSTRY_CODE_NAME (industry_code, industry_name, industry_level, parent_code)
values ('6920', '控股公司服务', 4, '692');
insert into INDUSTRY_CODE_NAME (industry_code, industry_name, industry_level, parent_code)
values ('693', '非金融机构支付服务', 3, '69');
insert into INDUSTRY_CODE_NAME (industry_code, industry_name, industry_level, parent_code)
values ('6930', '非金融机构支付服务', 4, '693');
insert into INDUSTRY_CODE_NAME (industry_code, industry_name, industry_level, parent_code)
values ('694', '金融信息服务', 3, '69');
insert into INDUSTRY_CODE_NAME (industry_code, industry_name, industry_level, parent_code)
values ('6940', '金融信息服务', 4, '694');
insert into INDUSTRY_CODE_NAME (industry_code, industry_name, industry_level, parent_code)
values ('699', '其他未列明金融业', 3, '69');
insert into INDUSTRY_CODE_NAME (industry_code, industry_name, industry_level, parent_code)
values ('6990', '其他未列明金融业', 4, '699');
insert into INDUSTRY_CODE_NAME (industry_code, industry_name, industry_level, parent_code)
values ('70', '房地产业', 2, 'K');
insert into INDUSTRY_CODE_NAME (industry_code, industry_name, industry_level, parent_code)
values ('701', '房地产开发经营', 3, '70');
insert into INDUSTRY_CODE_NAME (industry_code, industry_name, industry_level, parent_code)
values ('7010', '房地产开发经营', 4, '701');
commit;
prompt 1400 records committed...
insert into INDUSTRY_CODE_NAME (industry_code, industry_name, industry_level, parent_code)
values ('702', '物业管理', 3, '70');
insert into INDUSTRY_CODE_NAME (industry_code, industry_name, industry_level, parent_code)
values ('7020', '物业管理', 4, '702');
insert into INDUSTRY_CODE_NAME (industry_code, industry_name, industry_level, parent_code)
values ('703', '房地产中介服务', 3, '70');
insert into INDUSTRY_CODE_NAME (industry_code, industry_name, industry_level, parent_code)
values ('1353', '肉制品及副产品加工', 4, '135');
insert into INDUSTRY_CODE_NAME (industry_code, industry_name, industry_level, parent_code)
values ('136', '水产品加工', 3, '13');
insert into INDUSTRY_CODE_NAME (industry_code, industry_name, industry_level, parent_code)
values ('1360', '水产品加工', 4, '136');
insert into INDUSTRY_CODE_NAME (industry_code, industry_name, industry_level, parent_code)
values ('1361', '水产品冷冻加工', 4, '136');
insert into INDUSTRY_CODE_NAME (industry_code, industry_name, industry_level, parent_code)
values ('1362', '鱼糜制品及水产品干腌制加工', 4, '136');
insert into INDUSTRY_CODE_NAME (industry_code, industry_name, industry_level, parent_code)
values ('1363', '水产饲料制造', 4, '136');
insert into INDUSTRY_CODE_NAME (industry_code, industry_name, industry_level, parent_code)
values ('1364', '鱼油提取及制品制造', 4, '136');
insert into INDUSTRY_CODE_NAME (industry_code, industry_name, industry_level, parent_code)
values ('1369', '其他水产品加工', 4, '136');
insert into INDUSTRY_CODE_NAME (industry_code, industry_name, industry_level, parent_code)
values ('137', '蔬菜、水果和坚果加工', 3, '13');
insert into INDUSTRY_CODE_NAME (industry_code, industry_name, industry_level, parent_code)
values ('1370', '蔬菜、水果和坚果加工', 4, '137');
insert into INDUSTRY_CODE_NAME (industry_code, industry_name, industry_level, parent_code)
values ('1371', '蔬菜加工', 4, '137');
insert into INDUSTRY_CODE_NAME (industry_code, industry_name, industry_level, parent_code)
values ('1372', '水果和坚果加工', 4, '137');
insert into INDUSTRY_CODE_NAME (industry_code, industry_name, industry_level, parent_code)
values ('139', '其他农副食品加工', 3, '13');
insert into INDUSTRY_CODE_NAME (industry_code, industry_name, industry_level, parent_code)
values ('1390', '其他农副食品加工', 4, '139');
insert into INDUSTRY_CODE_NAME (industry_code, industry_name, industry_level, parent_code)
values ('1391', '淀粉及淀粉制品制造', 4, '139');
insert into INDUSTRY_CODE_NAME (industry_code, industry_name, industry_level, parent_code)
values ('1392', '豆制品制造', 4, '139');
insert into INDUSTRY_CODE_NAME (industry_code, industry_name, industry_level, parent_code)
values ('1393', '蛋品加工', 4, '139');
insert into INDUSTRY_CODE_NAME (industry_code, industry_name, industry_level, parent_code)
values ('1399', '其他未列明农副食品加工', 4, '139');
insert into INDUSTRY_CODE_NAME (industry_code, industry_name, industry_level, parent_code)
values ('14', '食品制造业', 2, 'C');
insert into INDUSTRY_CODE_NAME (industry_code, industry_name, industry_level, parent_code)
values ('141', '焙烤食品制造', 3, '14');
insert into INDUSTRY_CODE_NAME (industry_code, industry_name, industry_level, parent_code)
values ('1410', '焙烤食品制造', 4, '141');
insert into INDUSTRY_CODE_NAME (industry_code, industry_name, industry_level, parent_code)
values ('1411', '糕点、面包制造', 4, '141');
insert into INDUSTRY_CODE_NAME (industry_code, industry_name, industry_level, parent_code)
values ('1419', '饼干及其他焙烤食品制造', 4, '141');
insert into INDUSTRY_CODE_NAME (industry_code, industry_name, industry_level, parent_code)
values ('142', '糖果、巧克力及蜜饯制造', 3, '14');
insert into INDUSTRY_CODE_NAME (industry_code, industry_name, industry_level, parent_code)
values ('1420', '糖果、巧克力及蜜饯制造', 4, '142');
insert into INDUSTRY_CODE_NAME (industry_code, industry_name, industry_level, parent_code)
values ('1421', '糖果、巧克力制造', 4, '142');
insert into INDUSTRY_CODE_NAME (industry_code, industry_name, industry_level, parent_code)
values ('1422', '蜜饯制作', 4, '142');
insert into INDUSTRY_CODE_NAME (industry_code, industry_name, industry_level, parent_code)
values ('143', '方便食品制造', 3, '14');
insert into INDUSTRY_CODE_NAME (industry_code, industry_name, industry_level, parent_code)
values ('1430', '方便食品制造', 4, '143');
insert into INDUSTRY_CODE_NAME (industry_code, industry_name, industry_level, parent_code)
values ('01', '农业', 2, 'A');
insert into INDUSTRY_CODE_NAME (industry_code, industry_name, industry_level, parent_code)
values ('011', '谷物种植', 3, '01');
insert into INDUSTRY_CODE_NAME (industry_code, industry_name, industry_level, parent_code)
values ('0110', '谷物种植', 4, '011');
insert into INDUSTRY_CODE_NAME (industry_code, industry_name, industry_level, parent_code)
values ('0111', '稻谷种植', 4, '011');
insert into INDUSTRY_CODE_NAME (industry_code, industry_name, industry_level, parent_code)
values ('0112', '小麦种植', 4, '011');
insert into INDUSTRY_CODE_NAME (industry_code, industry_name, industry_level, parent_code)
values ('0113', '玉米种植', 4, '011');
insert into INDUSTRY_CODE_NAME (industry_code, industry_name, industry_level, parent_code)
values ('0119', '其他谷物种植', 4, '011');
insert into INDUSTRY_CODE_NAME (industry_code, industry_name, industry_level, parent_code)
values ('012', '豆类、油料和薯类种植', 3, '01');
insert into INDUSTRY_CODE_NAME (industry_code, industry_name, industry_level, parent_code)
values ('0120', '豆类、油料和薯类种植', 4, '012');
insert into INDUSTRY_CODE_NAME (industry_code, industry_name, industry_level, parent_code)
values ('0121', '豆类种植', 4, '012');
insert into INDUSTRY_CODE_NAME (industry_code, industry_name, industry_level, parent_code)
values ('0122', '油料种植', 4, '012');
insert into INDUSTRY_CODE_NAME (industry_code, industry_name, industry_level, parent_code)
values ('0123', '薯类种植', 4, '012');
insert into INDUSTRY_CODE_NAME (industry_code, industry_name, industry_level, parent_code)
values ('013', '棉、麻、糖、烟草种植', 3, '01');
insert into INDUSTRY_CODE_NAME (industry_code, industry_name, industry_level, parent_code)
values ('0130', '棉、麻、糖、烟草种植', 4, '013');
insert into INDUSTRY_CODE_NAME (industry_code, industry_name, industry_level, parent_code)
values ('0131', '棉花种植', 4, '013');
insert into INDUSTRY_CODE_NAME (industry_code, industry_name, industry_level, parent_code)
values ('0132', '麻类种植', 4, '013');
insert into INDUSTRY_CODE_NAME (industry_code, industry_name, industry_level, parent_code)
values ('0133', '糖料种植', 4, '013');
insert into INDUSTRY_CODE_NAME (industry_code, industry_name, industry_level, parent_code)
values ('0134', '烟草种植', 4, '013');
insert into INDUSTRY_CODE_NAME (industry_code, industry_name, industry_level, parent_code)
values ('014', '蔬菜、食用菌及园艺作物种植', 3, '01');
insert into INDUSTRY_CODE_NAME (industry_code, industry_name, industry_level, parent_code)
values ('0140', '蔬菜、食用菌及园艺作物种植', 4, '014');
insert into INDUSTRY_CODE_NAME (industry_code, industry_name, industry_level, parent_code)
values ('0141', '蔬菜种植', 4, '014');
insert into INDUSTRY_CODE_NAME (industry_code, industry_name, industry_level, parent_code)
values ('0142', '食用菌种植', 4, '014');
insert into INDUSTRY_CODE_NAME (industry_code, industry_name, industry_level, parent_code)
values ('0143', '花卉种植', 4, '014');
insert into INDUSTRY_CODE_NAME (industry_code, industry_name, industry_level, parent_code)
values ('0149', '其他园艺作物种植', 4, '014');
insert into INDUSTRY_CODE_NAME (industry_code, industry_name, industry_level, parent_code)
values ('015', '水果种植', 3, '01');
insert into INDUSTRY_CODE_NAME (industry_code, industry_name, industry_level, parent_code)
values ('0150', '水果种植', 4, '015');
insert into INDUSTRY_CODE_NAME (industry_code, industry_name, industry_level, parent_code)
values ('0151', '仁果类和核果类水果种植', 4, '015');
insert into INDUSTRY_CODE_NAME (industry_code, industry_name, industry_level, parent_code)
values ('0152', '葡萄种植', 4, '015');
insert into INDUSTRY_CODE_NAME (industry_code, industry_name, industry_level, parent_code)
values ('0153', '柑橘类种植', 4, '015');
insert into INDUSTRY_CODE_NAME (industry_code, industry_name, industry_level, parent_code)
values ('0154', '香蕉等亚热带水果种植', 4, '015');
insert into INDUSTRY_CODE_NAME (industry_code, industry_name, industry_level, parent_code)
values ('0159', '其他水果种植', 4, '015');
insert into INDUSTRY_CODE_NAME (industry_code, industry_name, industry_level, parent_code)
values ('016', '坚果、含油果、香料和饮料作物种植', 3, '01');
insert into INDUSTRY_CODE_NAME (industry_code, industry_name, industry_level, parent_code)
values ('0160', '坚果、含油果、香料和饮料作物种植', 4, '016');
insert into INDUSTRY_CODE_NAME (industry_code, industry_name, industry_level, parent_code)
values ('0161', '坚果种植', 4, '016');
insert into INDUSTRY_CODE_NAME (industry_code, industry_name, industry_level, parent_code)
values ('0162', '含油果种植', 4, '016');
insert into INDUSTRY_CODE_NAME (industry_code, industry_name, industry_level, parent_code)
values ('0163', '香料作物种植', 4, '016');
insert into INDUSTRY_CODE_NAME (industry_code, industry_name, industry_level, parent_code)
values ('0169', '茶及其他饮料作物种植', 4, '016');
insert into INDUSTRY_CODE_NAME (industry_code, industry_name, industry_level, parent_code)
values ('017', '中药材种植', 3, '01');
insert into INDUSTRY_CODE_NAME (industry_code, industry_name, industry_level, parent_code)
values ('0170', '中药材种植', 4, '017');
insert into INDUSTRY_CODE_NAME (industry_code, industry_name, industry_level, parent_code)
values ('019', '其他农业', 3, '01');
insert into INDUSTRY_CODE_NAME (industry_code, industry_name, industry_level, parent_code)
values ('0190', '其他农业', 4, '019');
insert into INDUSTRY_CODE_NAME (industry_code, industry_name, industry_level, parent_code)
values ('02', '林业', 2, 'A');
insert into INDUSTRY_CODE_NAME (industry_code, industry_name, industry_level, parent_code)
values ('021', '林木育种和育苗', 3, '02');
insert into INDUSTRY_CODE_NAME (industry_code, industry_name, industry_level, parent_code)
values ('0210', '林木育种和育苗', 4, '021');
insert into INDUSTRY_CODE_NAME (industry_code, industry_name, industry_level, parent_code)
values ('0211', '林木育种', 4, '021');
insert into INDUSTRY_CODE_NAME (industry_code, industry_name, industry_level, parent_code)
values ('0212', '林木育苗', 4, '021');
insert into INDUSTRY_CODE_NAME (industry_code, industry_name, industry_level, parent_code)
values ('022', '造林和更新', 3, '02');
insert into INDUSTRY_CODE_NAME (industry_code, industry_name, industry_level, parent_code)
values ('0220', '造林和更新', 4, '022');
insert into INDUSTRY_CODE_NAME (industry_code, industry_name, industry_level, parent_code)
values ('023', '森林经营和管护', 3, '02');
insert into INDUSTRY_CODE_NAME (industry_code, industry_name, industry_level, parent_code)
values ('0230', '森林经营和管护', 4, '023');
insert into INDUSTRY_CODE_NAME (industry_code, industry_name, industry_level, parent_code)
values ('024', '木材和竹材采运', 3, '02');
insert into INDUSTRY_CODE_NAME (industry_code, industry_name, industry_level, parent_code)
values ('0240', '木材和竹材采运', 4, '024');
insert into INDUSTRY_CODE_NAME (industry_code, industry_name, industry_level, parent_code)
values ('0241', '木材采运', 4, '024');
insert into INDUSTRY_CODE_NAME (industry_code, industry_name, industry_level, parent_code)
values ('0242', '竹材采运', 4, '024');
insert into INDUSTRY_CODE_NAME (industry_code, industry_name, industry_level, parent_code)
values ('025', '林产品采集', 3, '02');
insert into INDUSTRY_CODE_NAME (industry_code, industry_name, industry_level, parent_code)
values ('0250', '林产品采集', 4, '025');
insert into INDUSTRY_CODE_NAME (industry_code, industry_name, industry_level, parent_code)
values ('0251', '木竹材林产品采集', 4, '025');
insert into INDUSTRY_CODE_NAME (industry_code, industry_name, industry_level, parent_code)
values ('0252', '非木竹材林产品采集', 4, '025');
insert into INDUSTRY_CODE_NAME (industry_code, industry_name, industry_level, parent_code)
values ('03', '畜牧业', 2, 'A');
insert into INDUSTRY_CODE_NAME (industry_code, industry_name, industry_level, parent_code)
values ('031', '牲畜饲养', 3, '03');
insert into INDUSTRY_CODE_NAME (industry_code, industry_name, industry_level, parent_code)
values ('0310', '牲畜饲养', 4, '031');
insert into INDUSTRY_CODE_NAME (industry_code, industry_name, industry_level, parent_code)
values ('0311', '牛的饲养', 4, '031');
insert into INDUSTRY_CODE_NAME (industry_code, industry_name, industry_level, parent_code)
values ('0312', '马的饲养', 4, '031');
insert into INDUSTRY_CODE_NAME (industry_code, industry_name, industry_level, parent_code)
values ('0313', '猪的饲养', 4, '031');
insert into INDUSTRY_CODE_NAME (industry_code, industry_name, industry_level, parent_code)
values ('0314', '羊的饲养', 4, '031');
insert into INDUSTRY_CODE_NAME (industry_code, industry_name, industry_level, parent_code)
values ('0315', '骆驼饲养', 4, '031');
insert into INDUSTRY_CODE_NAME (industry_code, industry_name, industry_level, parent_code)
values ('0319', '其他牲畜饲养', 4, '031');
insert into INDUSTRY_CODE_NAME (industry_code, industry_name, industry_level, parent_code)
values ('032', '家禽饲养', 3, '03');
commit;
prompt 1500 records committed...
insert into INDUSTRY_CODE_NAME (industry_code, industry_name, industry_level, parent_code)
values ('0320', '家禽饲养', 4, '032');
insert into INDUSTRY_CODE_NAME (industry_code, industry_name, industry_level, parent_code)
values ('0321', '鸡的饲养', 4, '032');
insert into INDUSTRY_CODE_NAME (industry_code, industry_name, industry_level, parent_code)
values ('0322', '鸭的饲养', 4, '032');
insert into INDUSTRY_CODE_NAME (industry_code, industry_name, industry_level, parent_code)
values ('0323', '鹅的饲养', 4, '032');
insert into INDUSTRY_CODE_NAME (industry_code, industry_name, industry_level, parent_code)
values ('0329', '其他家禽饲养', 4, '032');
insert into INDUSTRY_CODE_NAME (industry_code, industry_name, industry_level, parent_code)
values ('033', '狩猎和捕捉动物', 3, '03');
insert into INDUSTRY_CODE_NAME (industry_code, industry_name, industry_level, parent_code)
values ('0330', '狩猎和捕捉动物', 4, '033');
insert into INDUSTRY_CODE_NAME (industry_code, industry_name, industry_level, parent_code)
values ('039', '其他畜牧业', 3, '03');
insert into INDUSTRY_CODE_NAME (industry_code, industry_name, industry_level, parent_code)
values ('0390', '其他畜牧业', 4, '039');
insert into INDUSTRY_CODE_NAME (industry_code, industry_name, industry_level, parent_code)
values ('04', '渔业', 2, 'A');
insert into INDUSTRY_CODE_NAME (industry_code, industry_name, industry_level, parent_code)
values ('041', '水产养殖', 3, '04');
insert into INDUSTRY_CODE_NAME (industry_code, industry_name, industry_level, parent_code)
values ('0410', '水产养殖', 4, '041');
insert into INDUSTRY_CODE_NAME (industry_code, industry_name, industry_level, parent_code)
values ('0411', '海水养殖', 4, '041');
insert into INDUSTRY_CODE_NAME (industry_code, industry_name, industry_level, parent_code)
values ('0412', '内陆养殖', 4, '041');
insert into INDUSTRY_CODE_NAME (industry_code, industry_name, industry_level, parent_code)
values ('042', '水产捕捞', 3, '04');
insert into INDUSTRY_CODE_NAME (industry_code, industry_name, industry_level, parent_code)
values ('0420', '水产捕捞', 4, '042');
insert into INDUSTRY_CODE_NAME (industry_code, industry_name, industry_level, parent_code)
values ('0421', '海水捕捞', 4, '042');
insert into INDUSTRY_CODE_NAME (industry_code, industry_name, industry_level, parent_code)
values ('0422', '内陆捕捞', 4, '042');
insert into INDUSTRY_CODE_NAME (industry_code, industry_name, industry_level, parent_code)
values ('05', '农、林、牧、渔服务业', 2, 'A');
insert into INDUSTRY_CODE_NAME (industry_code, industry_name, industry_level, parent_code)
values ('051', '农业服务业', 3, '05');
insert into INDUSTRY_CODE_NAME (industry_code, industry_name, industry_level, parent_code)
values ('0510', '农业服务业', 4, '051');
insert into INDUSTRY_CODE_NAME (industry_code, industry_name, industry_level, parent_code)
values ('0511', '农业机械服务', 4, '051');
insert into INDUSTRY_CODE_NAME (industry_code, industry_name, industry_level, parent_code)
values ('0512', '灌溉服务', 4, '051');
insert into INDUSTRY_CODE_NAME (industry_code, industry_name, industry_level, parent_code)
values ('0513', '农产品初加工服务', 4, '051');
insert into INDUSTRY_CODE_NAME (industry_code, industry_name, industry_level, parent_code)
values ('0519', '其他农业服务', 4, '051');
insert into INDUSTRY_CODE_NAME (industry_code, industry_name, industry_level, parent_code)
values ('052', '林业服务业', 3, '05');
insert into INDUSTRY_CODE_NAME (industry_code, industry_name, industry_level, parent_code)
values ('0520', '林业服务业', 4, '052');
insert into INDUSTRY_CODE_NAME (industry_code, industry_name, industry_level, parent_code)
values ('0521', '林业有害生物防治服务', 4, '052');
insert into INDUSTRY_CODE_NAME (industry_code, industry_name, industry_level, parent_code)
values ('0522', '森林防火服务', 4, '052');
insert into INDUSTRY_CODE_NAME (industry_code, industry_name, industry_level, parent_code)
values ('0523', '林产品初级加工服务', 4, '052');
insert into INDUSTRY_CODE_NAME (industry_code, industry_name, industry_level, parent_code)
values ('0529', '其他林业服务', 4, '052');
insert into INDUSTRY_CODE_NAME (industry_code, industry_name, industry_level, parent_code)
values ('053', '畜牧服务业', 3, '05');
insert into INDUSTRY_CODE_NAME (industry_code, industry_name, industry_level, parent_code)
values ('0530', '畜牧服务业', 4, '053');
insert into INDUSTRY_CODE_NAME (industry_code, industry_name, industry_level, parent_code)
values ('054', '渔业服务业', 3, '05');
insert into INDUSTRY_CODE_NAME (industry_code, industry_name, industry_level, parent_code)
values ('0540', '渔业服务业', 4, '054');
insert into INDUSTRY_CODE_NAME (industry_code, industry_name, industry_level, parent_code)
values ('06', '煤炭开采和洗选业', 2, 'B');
insert into INDUSTRY_CODE_NAME (industry_code, industry_name, industry_level, parent_code)
values ('061', '烟煤和无烟煤开采洗选', 3, '06');
insert into INDUSTRY_CODE_NAME (industry_code, industry_name, industry_level, parent_code)
values ('0610', '烟煤和无烟煤开采洗选', 4, '061');
insert into INDUSTRY_CODE_NAME (industry_code, industry_name, industry_level, parent_code)
values ('062', '褐煤开采洗选', 3, '06');
insert into INDUSTRY_CODE_NAME (industry_code, industry_name, industry_level, parent_code)
values ('0620', '褐煤开采洗选', 4, '062');
insert into INDUSTRY_CODE_NAME (industry_code, industry_name, industry_level, parent_code)
values ('069', '其他煤炭采选', 3, '06');
insert into INDUSTRY_CODE_NAME (industry_code, industry_name, industry_level, parent_code)
values ('0690', '其他煤炭采选', 4, '069');
insert into INDUSTRY_CODE_NAME (industry_code, industry_name, industry_level, parent_code)
values ('07', '石油和天然气开采业', 2, 'B');
insert into INDUSTRY_CODE_NAME (industry_code, industry_name, industry_level, parent_code)
values ('071', '石油开采', 3, '07');
insert into INDUSTRY_CODE_NAME (industry_code, industry_name, industry_level, parent_code)
values ('0710', '石油开采', 4, '071');
insert into INDUSTRY_CODE_NAME (industry_code, industry_name, industry_level, parent_code)
values ('072', '天然气开采', 3, '07');
insert into INDUSTRY_CODE_NAME (industry_code, industry_name, industry_level, parent_code)
values ('0720', '天然气开采', 4, '072');
insert into INDUSTRY_CODE_NAME (industry_code, industry_name, industry_level, parent_code)
values ('08', '黑色金属矿采选业', 2, 'B');
insert into INDUSTRY_CODE_NAME (industry_code, industry_name, industry_level, parent_code)
values ('081', '铁矿采选', 3, '08');
insert into INDUSTRY_CODE_NAME (industry_code, industry_name, industry_level, parent_code)
values ('0810', '铁矿采选', 4, '081');
insert into INDUSTRY_CODE_NAME (industry_code, industry_name, industry_level, parent_code)
values ('082', '锰矿、铬矿采选', 3, '08');
insert into INDUSTRY_CODE_NAME (industry_code, industry_name, industry_level, parent_code)
values ('0820', '锰矿、铬矿采选', 4, '082');
insert into INDUSTRY_CODE_NAME (industry_code, industry_name, industry_level, parent_code)
values ('089', '其他黑色金属矿采选', 3, '08');
insert into INDUSTRY_CODE_NAME (industry_code, industry_name, industry_level, parent_code)
values ('0890', '其他黑色金属矿采选', 4, '089');
insert into INDUSTRY_CODE_NAME (industry_code, industry_name, industry_level, parent_code)
values ('09', '有色金属矿采选业', 2, 'B');
insert into INDUSTRY_CODE_NAME (industry_code, industry_name, industry_level, parent_code)
values ('091', '常用有色金属矿采选', 3, '09');
insert into INDUSTRY_CODE_NAME (industry_code, industry_name, industry_level, parent_code)
values ('0910', '常用有色金属矿采选', 4, '091');
insert into INDUSTRY_CODE_NAME (industry_code, industry_name, industry_level, parent_code)
values ('0911', '铜矿采选', 4, '091');
insert into INDUSTRY_CODE_NAME (industry_code, industry_name, industry_level, parent_code)
values ('0912', '铅锌矿采选', 4, '091');
insert into INDUSTRY_CODE_NAME (industry_code, industry_name, industry_level, parent_code)
values ('0913', '镍钴矿采选', 4, '091');
insert into INDUSTRY_CODE_NAME (industry_code, industry_name, industry_level, parent_code)
values ('0914', '锡矿采选', 4, '091');
insert into INDUSTRY_CODE_NAME (industry_code, industry_name, industry_level, parent_code)
values ('0915', '锑矿采选', 4, '091');
insert into INDUSTRY_CODE_NAME (industry_code, industry_name, industry_level, parent_code)
values ('0916', '铝矿采选', 4, '091');
insert into INDUSTRY_CODE_NAME (industry_code, industry_name, industry_level, parent_code)
values ('0917', '镁矿采选', 4, '091');
insert into INDUSTRY_CODE_NAME (industry_code, industry_name, industry_level, parent_code)
values ('0919', '其他常用有色金属矿采选', 4, '091');
insert into INDUSTRY_CODE_NAME (industry_code, industry_name, industry_level, parent_code)
values ('092', '贵金属矿采选', 3, '09');
insert into INDUSTRY_CODE_NAME (industry_code, industry_name, industry_level, parent_code)
values ('0920', '贵金属矿采选', 4, '092');
insert into INDUSTRY_CODE_NAME (industry_code, industry_name, industry_level, parent_code)
values ('0921', '金矿采选', 4, '092');
insert into INDUSTRY_CODE_NAME (industry_code, industry_name, industry_level, parent_code)
values ('0922', '银矿采选', 4, '092');
insert into INDUSTRY_CODE_NAME (industry_code, industry_name, industry_level, parent_code)
values ('0929', '其他贵金属矿采选', 4, '092');
insert into INDUSTRY_CODE_NAME (industry_code, industry_name, industry_level, parent_code)
values ('093', '稀有稀土金属矿采选', 3, '09');
insert into INDUSTRY_CODE_NAME (industry_code, industry_name, industry_level, parent_code)
values ('0930', '稀有稀土金属矿采选', 4, '093');
insert into INDUSTRY_CODE_NAME (industry_code, industry_name, industry_level, parent_code)
values ('0931', '钨钼矿采选', 4, '093');
insert into INDUSTRY_CODE_NAME (industry_code, industry_name, industry_level, parent_code)
values ('0932', '稀土金属矿采选', 4, '093');
insert into INDUSTRY_CODE_NAME (industry_code, industry_name, industry_level, parent_code)
values ('0933', '放射性金属矿采选', 4, '093');
insert into INDUSTRY_CODE_NAME (industry_code, industry_name, industry_level, parent_code)
values ('0939', '其他稀有金属矿采选', 4, '093');
insert into INDUSTRY_CODE_NAME (industry_code, industry_name, industry_level, parent_code)
values ('10', '非金属矿采选业', 2, 'B');
insert into INDUSTRY_CODE_NAME (industry_code, industry_name, industry_level, parent_code)
values ('101', '土砂石开采', 3, '10');
insert into INDUSTRY_CODE_NAME (industry_code, industry_name, industry_level, parent_code)
values ('1010', '土砂石开采', 4, '101');
insert into INDUSTRY_CODE_NAME (industry_code, industry_name, industry_level, parent_code)
values ('1011', '石灰石、石膏开采', 4, '101');
insert into INDUSTRY_CODE_NAME (industry_code, industry_name, industry_level, parent_code)
values ('1012', '建筑装饰用石开采', 4, '101');
insert into INDUSTRY_CODE_NAME (industry_code, industry_name, industry_level, parent_code)
values ('1013', '耐火土石开采', 4, '101');
insert into INDUSTRY_CODE_NAME (industry_code, industry_name, industry_level, parent_code)
values ('1019', '粘土及其他土砂石开采', 4, '101');
insert into INDUSTRY_CODE_NAME (industry_code, industry_name, industry_level, parent_code)
values ('102', '化学矿开采', 3, '10');
insert into INDUSTRY_CODE_NAME (industry_code, industry_name, industry_level, parent_code)
values ('1020', '化学矿开采', 4, '102');
insert into INDUSTRY_CODE_NAME (industry_code, industry_name, industry_level, parent_code)
values ('103', '采盐', 3, '10');
insert into INDUSTRY_CODE_NAME (industry_code, industry_name, industry_level, parent_code)
values ('1030', '采盐', 4, '103');
insert into INDUSTRY_CODE_NAME (industry_code, industry_name, industry_level, parent_code)
values ('109', '石棉及其他非金属矿采选', 3, '10');
insert into INDUSTRY_CODE_NAME (industry_code, industry_name, industry_level, parent_code)
values ('1090', '石棉及其他非金属矿采选', 4, '109');
insert into INDUSTRY_CODE_NAME (industry_code, industry_name, industry_level, parent_code)
values ('1091', '石棉、云母矿采选', 4, '109');
insert into INDUSTRY_CODE_NAME (industry_code, industry_name, industry_level, parent_code)
values ('1092', '石墨、滑石采选', 4, '109');
insert into INDUSTRY_CODE_NAME (industry_code, industry_name, industry_level, parent_code)
values ('1093', '宝石、玉石采选', 4, '109');
insert into INDUSTRY_CODE_NAME (industry_code, industry_name, industry_level, parent_code)
values ('1099', '其他未列明非金属矿采选', 4, '109');
insert into INDUSTRY_CODE_NAME (industry_code, industry_name, industry_level, parent_code)
values ('11', '开采辅助活动', 2, 'B');
insert into INDUSTRY_CODE_NAME (industry_code, industry_name, industry_level, parent_code)
values ('111', '煤炭开采和洗选辅助活动', 3, '11');
insert into INDUSTRY_CODE_NAME (industry_code, industry_name, industry_level, parent_code)
values ('1110', '煤炭开采和洗选辅助活动', 4, '111');
insert into INDUSTRY_CODE_NAME (industry_code, industry_name, industry_level, parent_code)
values ('112', '石油和天然气开采辅助活动', 3, '11');
insert into INDUSTRY_CODE_NAME (industry_code, industry_name, industry_level, parent_code)
values ('1120', '石油和天然气开采辅助活动', 4, '112');
insert into INDUSTRY_CODE_NAME (industry_code, industry_name, industry_level, parent_code)
values ('119', '其他开采辅助活动', 3, '11');
insert into INDUSTRY_CODE_NAME (industry_code, industry_name, industry_level, parent_code)
values ('1190', '其他开采辅助活动', 4, '119');
commit;
prompt 1600 records committed...
insert into INDUSTRY_CODE_NAME (industry_code, industry_name, industry_level, parent_code)
values ('12', '其他采矿业', 2, 'B');
insert into INDUSTRY_CODE_NAME (industry_code, industry_name, industry_level, parent_code)
values ('120', '其他采矿业', 3, '12');
insert into INDUSTRY_CODE_NAME (industry_code, industry_name, industry_level, parent_code)
values ('1200', '其他采矿业', 4, '120');
insert into INDUSTRY_CODE_NAME (industry_code, industry_name, industry_level, parent_code)
values ('13', '农副食品加工业', 2, 'C');
insert into INDUSTRY_CODE_NAME (industry_code, industry_name, industry_level, parent_code)
values ('131', '谷物磨制', 3, '13');
insert into INDUSTRY_CODE_NAME (industry_code, industry_name, industry_level, parent_code)
values ('1310', '谷物磨制', 4, '131');
insert into INDUSTRY_CODE_NAME (industry_code, industry_name, industry_level, parent_code)
values ('132', '饲料加工', 3, '13');
insert into INDUSTRY_CODE_NAME (industry_code, industry_name, industry_level, parent_code)
values ('1320', '饲料加工', 4, '132');
insert into INDUSTRY_CODE_NAME (industry_code, industry_name, industry_level, parent_code)
values ('133', '植物油加工', 3, '13');
insert into INDUSTRY_CODE_NAME (industry_code, industry_name, industry_level, parent_code)
values ('1330', '植物油加工', 4, '133');
insert into INDUSTRY_CODE_NAME (industry_code, industry_name, industry_level, parent_code)
values ('1331', '食用植物油加工', 4, '133');
insert into INDUSTRY_CODE_NAME (industry_code, industry_name, industry_level, parent_code)
values ('1332', '非食用植物油加工', 4, '133');
insert into INDUSTRY_CODE_NAME (industry_code, industry_name, industry_level, parent_code)
values ('134', '制糖业', 3, '13');
insert into INDUSTRY_CODE_NAME (industry_code, industry_name, industry_level, parent_code)
values ('1340', '制糖业', 4, '134');
insert into INDUSTRY_CODE_NAME (industry_code, industry_name, industry_level, parent_code)
values ('135', '屠宰及肉类加工', 3, '13');
insert into INDUSTRY_CODE_NAME (industry_code, industry_name, industry_level, parent_code)
values ('1350', '屠宰及肉类加工', 4, '135');
insert into INDUSTRY_CODE_NAME (industry_code, industry_name, industry_level, parent_code)
values ('1351', '牲畜屠宰', 4, '135');
insert into INDUSTRY_CODE_NAME (industry_code, industry_name, industry_level, parent_code)
values ('1352', '禽类屠宰', 4, '135');
insert into INDUSTRY_CODE_NAME (industry_code, industry_name, industry_level, parent_code)
values ('1431', '米、面制品制造', 4, '143');
insert into INDUSTRY_CODE_NAME (industry_code, industry_name, industry_level, parent_code)
values ('1432', '速冻食品制造', 4, '143');
insert into INDUSTRY_CODE_NAME (industry_code, industry_name, industry_level, parent_code)
values ('1439', '方便面及其他方便食品制造', 4, '143');
insert into INDUSTRY_CODE_NAME (industry_code, industry_name, industry_level, parent_code)
values ('144', '乳制品制造', 3, '14');
insert into INDUSTRY_CODE_NAME (industry_code, industry_name, industry_level, parent_code)
values ('1440', '乳制品制造', 4, '144');
insert into INDUSTRY_CODE_NAME (industry_code, industry_name, industry_level, parent_code)
values ('145', '罐头食品制造', 3, '14');
insert into INDUSTRY_CODE_NAME (industry_code, industry_name, industry_level, parent_code)
values ('1450', '罐头食品制造', 4, '145');
insert into INDUSTRY_CODE_NAME (industry_code, industry_name, industry_level, parent_code)
values ('1451', '肉、禽类罐头制造', 4, '145');
insert into INDUSTRY_CODE_NAME (industry_code, industry_name, industry_level, parent_code)
values ('1452', '水产品罐头制造', 4, '145');
insert into INDUSTRY_CODE_NAME (industry_code, industry_name, industry_level, parent_code)
values ('1453', '蔬菜、水果罐头制造', 4, '145');
insert into INDUSTRY_CODE_NAME (industry_code, industry_name, industry_level, parent_code)
values ('1459', '其他罐头食品制造', 4, '145');
insert into INDUSTRY_CODE_NAME (industry_code, industry_name, industry_level, parent_code)
values ('146', '调味品、发酵制品制造', 3, '14');
insert into INDUSTRY_CODE_NAME (industry_code, industry_name, industry_level, parent_code)
values ('1460', '调味品、发酵制品制造', 4, '146');
insert into INDUSTRY_CODE_NAME (industry_code, industry_name, industry_level, parent_code)
values ('1461', '味精制造', 4, '146');
insert into INDUSTRY_CODE_NAME (industry_code, industry_name, industry_level, parent_code)
values ('1462', '酱油、食醋及类似制品制造', 4, '146');
insert into INDUSTRY_CODE_NAME (industry_code, industry_name, industry_level, parent_code)
values ('1469', '其他调味品、发酵制品制造', 4, '146');
insert into INDUSTRY_CODE_NAME (industry_code, industry_name, industry_level, parent_code)
values ('149', '其他食品制造', 3, '14');
insert into INDUSTRY_CODE_NAME (industry_code, industry_name, industry_level, parent_code)
values ('1490', '其他食品制造', 4, '149');
insert into INDUSTRY_CODE_NAME (industry_code, industry_name, industry_level, parent_code)
values ('1491', '营养食品制造', 4, '149');
insert into INDUSTRY_CODE_NAME (industry_code, industry_name, industry_level, parent_code)
values ('1492', '保健食品制造', 4, '149');
insert into INDUSTRY_CODE_NAME (industry_code, industry_name, industry_level, parent_code)
values ('1493', '冷冻饮品及食用冰制造', 4, '149');
insert into INDUSTRY_CODE_NAME (industry_code, industry_name, industry_level, parent_code)
values ('1494', '盐加工', 4, '149');
insert into INDUSTRY_CODE_NAME (industry_code, industry_name, industry_level, parent_code)
values ('1495', '食品及饲料添加剂制造', 4, '149');
insert into INDUSTRY_CODE_NAME (industry_code, industry_name, industry_level, parent_code)
values ('1499', '其他未列明食品制造', 4, '149');
insert into INDUSTRY_CODE_NAME (industry_code, industry_name, industry_level, parent_code)
values ('15', '酒、饮料和精制茶制造业', 2, 'C');
insert into INDUSTRY_CODE_NAME (industry_code, industry_name, industry_level, parent_code)
values ('151', '酒的制造', 3, '15');
insert into INDUSTRY_CODE_NAME (industry_code, industry_name, industry_level, parent_code)
values ('1510', '酒的制造', 4, '151');
insert into INDUSTRY_CODE_NAME (industry_code, industry_name, industry_level, parent_code)
values ('1511', '酒精制造', 4, '151');
insert into INDUSTRY_CODE_NAME (industry_code, industry_name, industry_level, parent_code)
values ('1512', '白酒制造', 4, '151');
insert into INDUSTRY_CODE_NAME (industry_code, industry_name, industry_level, parent_code)
values ('1513', '啤酒制造', 4, '151');
insert into INDUSTRY_CODE_NAME (industry_code, industry_name, industry_level, parent_code)
values ('1514', '黄酒制造', 4, '151');
insert into INDUSTRY_CODE_NAME (industry_code, industry_name, industry_level, parent_code)
values ('1515', '葡萄酒制造', 4, '151');
insert into INDUSTRY_CODE_NAME (industry_code, industry_name, industry_level, parent_code)
values ('1519', '其他酒制造', 4, '151');
insert into INDUSTRY_CODE_NAME (industry_code, industry_name, industry_level, parent_code)
values ('152', '饮料制造', 3, '15');
insert into INDUSTRY_CODE_NAME (industry_code, industry_name, industry_level, parent_code)
values ('1520', '饮料制造', 4, '152');
insert into INDUSTRY_CODE_NAME (industry_code, industry_name, industry_level, parent_code)
values ('1521', '碳酸饮料制造', 4, '152');
insert into INDUSTRY_CODE_NAME (industry_code, industry_name, industry_level, parent_code)
values ('1522', '瓶（罐）装饮用水制造', 4, '152');
insert into INDUSTRY_CODE_NAME (industry_code, industry_name, industry_level, parent_code)
values ('1523', '果菜汁及果菜汁饮料制造', 4, '152');
insert into INDUSTRY_CODE_NAME (industry_code, industry_name, industry_level, parent_code)
values ('1524', '含乳饮料和植物蛋白饮料制造', 4, '152');
insert into INDUSTRY_CODE_NAME (industry_code, industry_name, industry_level, parent_code)
values ('1525', '固体饮料制造', 4, '152');
insert into INDUSTRY_CODE_NAME (industry_code, industry_name, industry_level, parent_code)
values ('1529', '茶饮料及其他饮料制造', 4, '152');
insert into INDUSTRY_CODE_NAME (industry_code, industry_name, industry_level, parent_code)
values ('153', '精制茶加工', 3, '15');
insert into INDUSTRY_CODE_NAME (industry_code, industry_name, industry_level, parent_code)
values ('1530', '精制茶加工', 4, '153');
insert into INDUSTRY_CODE_NAME (industry_code, industry_name, industry_level, parent_code)
values ('16', '烟草制品业', 2, 'C');
insert into INDUSTRY_CODE_NAME (industry_code, industry_name, industry_level, parent_code)
values ('161', '烟叶复烤', 3, '16');
insert into INDUSTRY_CODE_NAME (industry_code, industry_name, industry_level, parent_code)
values ('1610', '烟叶复烤', 4, '161');
insert into INDUSTRY_CODE_NAME (industry_code, industry_name, industry_level, parent_code)
values ('162', '卷烟制造', 3, '16');
insert into INDUSTRY_CODE_NAME (industry_code, industry_name, industry_level, parent_code)
values ('1620', '卷烟制造', 4, '162');
insert into INDUSTRY_CODE_NAME (industry_code, industry_name, industry_level, parent_code)
values ('169', '其他烟草制品制造', 3, '16');
insert into INDUSTRY_CODE_NAME (industry_code, industry_name, industry_level, parent_code)
values ('1690', '其他烟草制品制造', 4, '169');
insert into INDUSTRY_CODE_NAME (industry_code, industry_name, industry_level, parent_code)
values ('17', '纺织业', 2, 'C');
insert into INDUSTRY_CODE_NAME (industry_code, industry_name, industry_level, parent_code)
values ('171', '棉纺织及印染精加工', 3, '17');
insert into INDUSTRY_CODE_NAME (industry_code, industry_name, industry_level, parent_code)
values ('1710', '棉纺织及印染精加工', 4, '171');
insert into INDUSTRY_CODE_NAME (industry_code, industry_name, industry_level, parent_code)
values ('1711', '棉纺纱加工', 4, '171');
insert into INDUSTRY_CODE_NAME (industry_code, industry_name, industry_level, parent_code)
values ('1712', '棉织造加工', 4, '171');
insert into INDUSTRY_CODE_NAME (industry_code, industry_name, industry_level, parent_code)
values ('1713', '棉印染精加工', 4, '171');
insert into INDUSTRY_CODE_NAME (industry_code, industry_name, industry_level, parent_code)
values ('172', '毛纺织及染整精加工', 3, '17');
insert into INDUSTRY_CODE_NAME (industry_code, industry_name, industry_level, parent_code)
values ('1720', '毛纺织及染整精加工', 4, '172');
insert into INDUSTRY_CODE_NAME (industry_code, industry_name, industry_level, parent_code)
values ('1721', '毛条和毛纱线加工', 4, '172');
insert into INDUSTRY_CODE_NAME (industry_code, industry_name, industry_level, parent_code)
values ('1722', '毛织造加工', 4, '172');
insert into INDUSTRY_CODE_NAME (industry_code, industry_name, industry_level, parent_code)
values ('1723', '毛染整精加工', 4, '172');
insert into INDUSTRY_CODE_NAME (industry_code, industry_name, industry_level, parent_code)
values ('173', '麻纺织及染整精加工', 3, '17');
insert into INDUSTRY_CODE_NAME (industry_code, industry_name, industry_level, parent_code)
values ('1730', '麻纺织及染整精加工', 4, '173');
insert into INDUSTRY_CODE_NAME (industry_code, industry_name, industry_level, parent_code)
values ('1731', '麻纤维纺前加工和纺纱', 4, '173');
insert into INDUSTRY_CODE_NAME (industry_code, industry_name, industry_level, parent_code)
values ('1732', '麻织造加工', 4, '173');
insert into INDUSTRY_CODE_NAME (industry_code, industry_name, industry_level, parent_code)
values ('1733', '麻染整精加工', 4, '173');
insert into INDUSTRY_CODE_NAME (industry_code, industry_name, industry_level, parent_code)
values ('174', '丝绢纺织及印染精加工', 3, '17');
insert into INDUSTRY_CODE_NAME (industry_code, industry_name, industry_level, parent_code)
values ('1740', '丝绢纺织及印染精加工', 4, '174');
insert into INDUSTRY_CODE_NAME (industry_code, industry_name, industry_level, parent_code)
values ('1741', '缫丝加工', 4, '174');
insert into INDUSTRY_CODE_NAME (industry_code, industry_name, industry_level, parent_code)
values ('1742', '绢纺和丝织加工', 4, '174');
insert into INDUSTRY_CODE_NAME (industry_code, industry_name, industry_level, parent_code)
values ('1743', '丝印染精加工', 4, '174');
insert into INDUSTRY_CODE_NAME (industry_code, industry_name, industry_level, parent_code)
values ('175', '化纤织造及印染精加工', 3, '17');
insert into INDUSTRY_CODE_NAME (industry_code, industry_name, industry_level, parent_code)
values ('1750', '化纤织造及印染精加工', 4, '175');
insert into INDUSTRY_CODE_NAME (industry_code, industry_name, industry_level, parent_code)
values ('1751', '化纤织造加工', 4, '175');
insert into INDUSTRY_CODE_NAME (industry_code, industry_name, industry_level, parent_code)
values ('1752', '化纤织物染整精加工', 4, '175');
insert into INDUSTRY_CODE_NAME (industry_code, industry_name, industry_level, parent_code)
values ('176', '针织或钩针编织物及其制品制造', 3, '17');
insert into INDUSTRY_CODE_NAME (industry_code, industry_name, industry_level, parent_code)
values ('1760', '针织或钩针编织物及其制品制造', 4, '176');
insert into INDUSTRY_CODE_NAME (industry_code, industry_name, industry_level, parent_code)
values ('1761', '针织或钩针编织物织造', 4, '176');
insert into INDUSTRY_CODE_NAME (industry_code, industry_name, industry_level, parent_code)
values ('1762', '针织或钩针编织物印染精加工', 4, '176');
insert into INDUSTRY_CODE_NAME (industry_code, industry_name, industry_level, parent_code)
values ('1763', '针织或钩针编织品制造', 4, '176');
insert into INDUSTRY_CODE_NAME (industry_code, industry_name, industry_level, parent_code)
values ('177', '家用纺织制成品制造', 3, '17');
insert into INDUSTRY_CODE_NAME (industry_code, industry_name, industry_level, parent_code)
values ('1770', '家用纺织制成品制造', 4, '177');
commit;
prompt 1700 records committed...
insert into INDUSTRY_CODE_NAME (industry_code, industry_name, industry_level, parent_code)
values ('1771', '床上用品制造', 4, '177');
insert into INDUSTRY_CODE_NAME (industry_code, industry_name, industry_level, parent_code)
values ('1772', '毛巾类制品制造', 4, '177');
insert into INDUSTRY_CODE_NAME (industry_code, industry_name, industry_level, parent_code)
values ('1773', '窗帘、布艺类产品制造', 4, '177');
insert into INDUSTRY_CODE_NAME (industry_code, industry_name, industry_level, parent_code)
values ('1779', '其他家用纺织制成品制造', 4, '177');
insert into INDUSTRY_CODE_NAME (industry_code, industry_name, industry_level, parent_code)
values ('178', '非家用纺织制成品制造', 3, '17');
insert into INDUSTRY_CODE_NAME (industry_code, industry_name, industry_level, parent_code)
values ('1780', '非家用纺织制成品制造', 4, '178');
insert into INDUSTRY_CODE_NAME (industry_code, industry_name, industry_level, parent_code)
values ('1781', '非织造布制造', 4, '178');
insert into INDUSTRY_CODE_NAME (industry_code, industry_name, industry_level, parent_code)
values ('1782', '绳、索、缆制造', 4, '178');
insert into INDUSTRY_CODE_NAME (industry_code, industry_name, industry_level, parent_code)
values ('1783', '纺织带和帘子布制造', 4, '178');
insert into INDUSTRY_CODE_NAME (industry_code, industry_name, industry_level, parent_code)
values ('1784', '篷、帆布制造', 4, '178');
insert into INDUSTRY_CODE_NAME (industry_code, industry_name, industry_level, parent_code)
values ('1789', '其他非家用纺织制成品制造', 4, '178');
insert into INDUSTRY_CODE_NAME (industry_code, industry_name, industry_level, parent_code)
values ('18', '纺织服装、服饰业', 2, 'C');
insert into INDUSTRY_CODE_NAME (industry_code, industry_name, industry_level, parent_code)
values ('181', '机织服装制造', 3, '18');
insert into INDUSTRY_CODE_NAME (industry_code, industry_name, industry_level, parent_code)
values ('1810', '机织服装制造', 4, '181');
insert into INDUSTRY_CODE_NAME (industry_code, industry_name, industry_level, parent_code)
values ('182', '针织或钩针编织服装制造', 3, '18');
insert into INDUSTRY_CODE_NAME (industry_code, industry_name, industry_level, parent_code)
values ('1820', '针织或钩针编织服装制造', 4, '182');
insert into INDUSTRY_CODE_NAME (industry_code, industry_name, industry_level, parent_code)
values ('183', '服饰制造', 3, '18');
insert into INDUSTRY_CODE_NAME (industry_code, industry_name, industry_level, parent_code)
values ('1830', '服饰制造', 4, '183');
insert into INDUSTRY_CODE_NAME (industry_code, industry_name, industry_level, parent_code)
values ('19', '皮革、毛皮、羽毛及其制品和制鞋业', 2, 'C');
insert into INDUSTRY_CODE_NAME (industry_code, industry_name, industry_level, parent_code)
values ('191', '皮革鞣制加工', 3, '19');
insert into INDUSTRY_CODE_NAME (industry_code, industry_name, industry_level, parent_code)
values ('1910', '皮革鞣制加工', 4, '191');
insert into INDUSTRY_CODE_NAME (industry_code, industry_name, industry_level, parent_code)
values ('192', '皮革制品制造', 3, '19');
insert into INDUSTRY_CODE_NAME (industry_code, industry_name, industry_level, parent_code)
values ('1920', '皮革制品制造', 4, '192');
insert into INDUSTRY_CODE_NAME (industry_code, industry_name, industry_level, parent_code)
values ('1921', '皮革服装制造', 4, '192');
insert into INDUSTRY_CODE_NAME (industry_code, industry_name, industry_level, parent_code)
values ('1922', '皮箱、包（袋）制造', 4, '192');
insert into INDUSTRY_CODE_NAME (industry_code, industry_name, industry_level, parent_code)
values ('1923', '皮手套及皮装饰制品制造', 4, '192');
insert into INDUSTRY_CODE_NAME (industry_code, industry_name, industry_level, parent_code)
values ('1929', '其他皮革制品制造', 4, '192');
insert into INDUSTRY_CODE_NAME (industry_code, industry_name, industry_level, parent_code)
values ('193', '毛皮鞣制及制品加工', 3, '19');
insert into INDUSTRY_CODE_NAME (industry_code, industry_name, industry_level, parent_code)
values ('1930', '毛皮鞣制及制品加工', 4, '193');
insert into INDUSTRY_CODE_NAME (industry_code, industry_name, industry_level, parent_code)
values ('1931', '毛皮鞣制加工', 4, '193');
insert into INDUSTRY_CODE_NAME (industry_code, industry_name, industry_level, parent_code)
values ('1932', '毛皮服装加工', 4, '193');
insert into INDUSTRY_CODE_NAME (industry_code, industry_name, industry_level, parent_code)
values ('1939', '其他毛皮制品加工', 4, '193');
insert into INDUSTRY_CODE_NAME (industry_code, industry_name, industry_level, parent_code)
values ('194', '羽毛(绒)加工及制品制造', 3, '19');
insert into INDUSTRY_CODE_NAME (industry_code, industry_name, industry_level, parent_code)
values ('1940', '羽毛(绒)加工及制品制造', 4, '194');
insert into INDUSTRY_CODE_NAME (industry_code, industry_name, industry_level, parent_code)
values ('1941', '羽毛（绒）加工', 4, '194');
insert into INDUSTRY_CODE_NAME (industry_code, industry_name, industry_level, parent_code)
values ('1942', '羽毛（绒）制品加工', 4, '194');
insert into INDUSTRY_CODE_NAME (industry_code, industry_name, industry_level, parent_code)
values ('195', '制鞋业', 3, '19');
insert into INDUSTRY_CODE_NAME (industry_code, industry_name, industry_level, parent_code)
values ('1950', '制鞋业', 4, '195');
insert into INDUSTRY_CODE_NAME (industry_code, industry_name, industry_level, parent_code)
values ('1951', '纺织面料鞋制造', 4, '195');
insert into INDUSTRY_CODE_NAME (industry_code, industry_name, industry_level, parent_code)
values ('1952', '皮鞋制造', 4, '195');
insert into INDUSTRY_CODE_NAME (industry_code, industry_name, industry_level, parent_code)
values ('1953', '塑料鞋制造', 4, '195');
insert into INDUSTRY_CODE_NAME (industry_code, industry_name, industry_level, parent_code)
values ('1954', '橡胶鞋制造', 4, '195');
insert into INDUSTRY_CODE_NAME (industry_code, industry_name, industry_level, parent_code)
values ('1959', '其他制鞋业', 4, '195');
insert into INDUSTRY_CODE_NAME (industry_code, industry_name, industry_level, parent_code)
values ('20', '木材加工和木、竹、藤、棕、草制品业', 2, 'C');
insert into INDUSTRY_CODE_NAME (industry_code, industry_name, industry_level, parent_code)
values ('201', '木材加工', 3, '20');
insert into INDUSTRY_CODE_NAME (industry_code, industry_name, industry_level, parent_code)
values ('2010', '木材加工', 4, '201');
insert into INDUSTRY_CODE_NAME (industry_code, industry_name, industry_level, parent_code)
values ('2011', '锯材加工', 4, '201');
insert into INDUSTRY_CODE_NAME (industry_code, industry_name, industry_level, parent_code)
values ('2012', '木片加工', 4, '201');
insert into INDUSTRY_CODE_NAME (industry_code, industry_name, industry_level, parent_code)
values ('2013', '单板加工', 4, '201');
insert into INDUSTRY_CODE_NAME (industry_code, industry_name, industry_level, parent_code)
values ('2019', '其他木材加工', 4, '201');
insert into INDUSTRY_CODE_NAME (industry_code, industry_name, industry_level, parent_code)
values ('202', '人造板制造', 3, '20');
insert into INDUSTRY_CODE_NAME (industry_code, industry_name, industry_level, parent_code)
values ('2020', '人造板制造', 4, '202');
insert into INDUSTRY_CODE_NAME (industry_code, industry_name, industry_level, parent_code)
values ('2021', '胶合板制造', 4, '202');
insert into INDUSTRY_CODE_NAME (industry_code, industry_name, industry_level, parent_code)
values ('2022', '纤维板制造', 4, '202');
insert into INDUSTRY_CODE_NAME (industry_code, industry_name, industry_level, parent_code)
values ('2023', '刨花板制造', 4, '202');
insert into INDUSTRY_CODE_NAME (industry_code, industry_name, industry_level, parent_code)
values ('2029', '其他人造板制造', 4, '202');
insert into INDUSTRY_CODE_NAME (industry_code, industry_name, industry_level, parent_code)
values ('203', '木制品制造', 3, '20');
insert into INDUSTRY_CODE_NAME (industry_code, industry_name, industry_level, parent_code)
values ('2030', '木制品制造', 4, '203');
insert into INDUSTRY_CODE_NAME (industry_code, industry_name, industry_level, parent_code)
values ('2031', '建筑用木料及木材组件加工', 4, '203');
insert into INDUSTRY_CODE_NAME (industry_code, industry_name, industry_level, parent_code)
values ('2032', '木门窗、楼梯制造', 4, '203');
insert into INDUSTRY_CODE_NAME (industry_code, industry_name, industry_level, parent_code)
values ('2033', '地板制造', 4, '203');
insert into INDUSTRY_CODE_NAME (industry_code, industry_name, industry_level, parent_code)
values ('2034', '木制容器制造', 4, '203');
insert into INDUSTRY_CODE_NAME (industry_code, industry_name, industry_level, parent_code)
values ('2039', '软木制品及其他木制品制造', 4, '203');
insert into INDUSTRY_CODE_NAME (industry_code, industry_name, industry_level, parent_code)
values ('204', '竹、藤、棕、草等制品制造', 3, '20');
insert into INDUSTRY_CODE_NAME (industry_code, industry_name, industry_level, parent_code)
values ('2040', '竹、藤、棕、草等制品制造', 4, '204');
insert into INDUSTRY_CODE_NAME (industry_code, industry_name, industry_level, parent_code)
values ('2041', '竹制品制造', 4, '204');
insert into INDUSTRY_CODE_NAME (industry_code, industry_name, industry_level, parent_code)
values ('2042', '藤制品制造', 4, '204');
insert into INDUSTRY_CODE_NAME (industry_code, industry_name, industry_level, parent_code)
values ('2043', '棕制品制造', 4, '204');
insert into INDUSTRY_CODE_NAME (industry_code, industry_name, industry_level, parent_code)
values ('2049', '草及其他制品制造', 4, '204');
insert into INDUSTRY_CODE_NAME (industry_code, industry_name, industry_level, parent_code)
values ('21', '家具制造业', 2, 'C');
insert into INDUSTRY_CODE_NAME (industry_code, industry_name, industry_level, parent_code)
values ('211', '木质家具制造', 3, '21');
insert into INDUSTRY_CODE_NAME (industry_code, industry_name, industry_level, parent_code)
values ('2110', '木质家具制造', 4, '211');
insert into INDUSTRY_CODE_NAME (industry_code, industry_name, industry_level, parent_code)
values ('212', '竹、藤家具制造', 3, '21');
insert into INDUSTRY_CODE_NAME (industry_code, industry_name, industry_level, parent_code)
values ('2120', '竹、藤家具制造', 4, '212');
insert into INDUSTRY_CODE_NAME (industry_code, industry_name, industry_level, parent_code)
values ('213', '金属家具制造', 3, '21');
insert into INDUSTRY_CODE_NAME (industry_code, industry_name, industry_level, parent_code)
values ('2130', '金属家具制造', 4, '213');
insert into INDUSTRY_CODE_NAME (industry_code, industry_name, industry_level, parent_code)
values ('214', '塑料家具制造', 3, '21');
insert into INDUSTRY_CODE_NAME (industry_code, industry_name, industry_level, parent_code)
values ('2140', '塑料家具制造', 4, '214');
insert into INDUSTRY_CODE_NAME (industry_code, industry_name, industry_level, parent_code)
values ('219', '其他家具制造', 3, '21');
insert into INDUSTRY_CODE_NAME (industry_code, industry_name, industry_level, parent_code)
values ('2190', '其他家具制造', 4, '219');
insert into INDUSTRY_CODE_NAME (industry_code, industry_name, industry_level, parent_code)
values ('22', '造纸和纸制品业', 2, 'C');
insert into INDUSTRY_CODE_NAME (industry_code, industry_name, industry_level, parent_code)
values ('221', '纸浆制造', 3, '22');
insert into INDUSTRY_CODE_NAME (industry_code, industry_name, industry_level, parent_code)
values ('2210', '纸浆制造', 4, '221');
insert into INDUSTRY_CODE_NAME (industry_code, industry_name, industry_level, parent_code)
values ('2211', '木竹浆制造', 4, '221');
insert into INDUSTRY_CODE_NAME (industry_code, industry_name, industry_level, parent_code)
values ('2212', '非木竹浆制造', 4, '221');
insert into INDUSTRY_CODE_NAME (industry_code, industry_name, industry_level, parent_code)
values ('222', '造纸', 3, '22');
insert into INDUSTRY_CODE_NAME (industry_code, industry_name, industry_level, parent_code)
values ('2220', '造纸', 4, '222');
insert into INDUSTRY_CODE_NAME (industry_code, industry_name, industry_level, parent_code)
values ('2221', '机制纸及纸板制造', 4, '222');
insert into INDUSTRY_CODE_NAME (industry_code, industry_name, industry_level, parent_code)
values ('2222', '手工纸制造', 4, '222');
insert into INDUSTRY_CODE_NAME (industry_code, industry_name, industry_level, parent_code)
values ('2223', '加工纸制造', 4, '222');
insert into INDUSTRY_CODE_NAME (industry_code, industry_name, industry_level, parent_code)
values ('223', '纸制品制造', 3, '22');
insert into INDUSTRY_CODE_NAME (industry_code, industry_name, industry_level, parent_code)
values ('2230', '纸制品制造', 4, '223');
insert into INDUSTRY_CODE_NAME (industry_code, industry_name, industry_level, parent_code)
values ('2231', '纸和纸板容器制造', 4, '223');
insert into INDUSTRY_CODE_NAME (industry_code, industry_name, industry_level, parent_code)
values ('2239', '其他纸制品制造', 4, '223');
insert into INDUSTRY_CODE_NAME (industry_code, industry_name, industry_level, parent_code)
values ('23', '印刷和记录媒介复制业', 2, 'C');
insert into INDUSTRY_CODE_NAME (industry_code, industry_name, industry_level, parent_code)
values ('231', '印刷', 3, '23');
insert into INDUSTRY_CODE_NAME (industry_code, industry_name, industry_level, parent_code)
values ('2310', '印刷', 4, '231');
insert into INDUSTRY_CODE_NAME (industry_code, industry_name, industry_level, parent_code)
values ('2311', '书、报刊印刷', 4, '231');
insert into INDUSTRY_CODE_NAME (industry_code, industry_name, industry_level, parent_code)
values ('2312', '本册印制', 4, '231');
insert into INDUSTRY_CODE_NAME (industry_code, industry_name, industry_level, parent_code)
values ('2319', '包装装潢及其他印刷', 4, '231');
insert into INDUSTRY_CODE_NAME (industry_code, industry_name, industry_level, parent_code)
values ('232', '装订及印刷相关服务', 3, '23');
insert into INDUSTRY_CODE_NAME (industry_code, industry_name, industry_level, parent_code)
values ('2320', '装订及印刷相关服务', 4, '232');
insert into INDUSTRY_CODE_NAME (industry_code, industry_name, industry_level, parent_code)
values ('233', '记录媒介复制', 3, '23');
insert into INDUSTRY_CODE_NAME (industry_code, industry_name, industry_level, parent_code)
values ('2330', '记录媒介复制', 4, '233');
insert into INDUSTRY_CODE_NAME (industry_code, industry_name, industry_level, parent_code)
values ('24', '文教、工美、体育和娱乐用品制造业', 2, 'C');
insert into INDUSTRY_CODE_NAME (industry_code, industry_name, industry_level, parent_code)
values ('241', '文教办公用品制造', 3, '24');
insert into INDUSTRY_CODE_NAME (industry_code, industry_name, industry_level, parent_code)
values ('2410', '文教办公用品制造', 4, '241');
insert into INDUSTRY_CODE_NAME (industry_code, industry_name, industry_level, parent_code)
values ('2411', '文具制造', 4, '241');
insert into INDUSTRY_CODE_NAME (industry_code, industry_name, industry_level, parent_code)
values ('2412', '笔的制造', 4, '241');
insert into INDUSTRY_CODE_NAME (industry_code, industry_name, industry_level, parent_code)
values ('2413', '教学用模型及教具制造', 4, '241');
insert into INDUSTRY_CODE_NAME (industry_code, industry_name, industry_level, parent_code)
values ('2414', '墨水、墨汁制造', 4, '241');
insert into INDUSTRY_CODE_NAME (industry_code, industry_name, industry_level, parent_code)
values ('2419', '其他文教办公用品制造', 4, '241');
insert into INDUSTRY_CODE_NAME (industry_code, industry_name, industry_level, parent_code)
values ('242', '乐器制造', 3, '24');
insert into INDUSTRY_CODE_NAME (industry_code, industry_name, industry_level, parent_code)
values ('2420', '乐器制造', 4, '242');
insert into INDUSTRY_CODE_NAME (industry_code, industry_name, industry_level, parent_code)
values ('2421', '中乐器制造', 4, '242');
insert into INDUSTRY_CODE_NAME (industry_code, industry_name, industry_level, parent_code)
values ('2422', '西乐器制造', 4, '242');
insert into INDUSTRY_CODE_NAME (industry_code, industry_name, industry_level, parent_code)
values ('2423', '电子乐器制造', 4, '242');
insert into INDUSTRY_CODE_NAME (industry_code, industry_name, industry_level, parent_code)
values ('2429', '其他乐器及零件制造', 4, '242');
insert into INDUSTRY_CODE_NAME (industry_code, industry_name, industry_level, parent_code)
values ('243', '工艺美术品制造', 3, '24');
insert into INDUSTRY_CODE_NAME (industry_code, industry_name, industry_level, parent_code)
values ('2430', '工艺美术品制造', 4, '243');
insert into INDUSTRY_CODE_NAME (industry_code, industry_name, industry_level, parent_code)
values ('2431', '雕塑工艺品制造', 4, '243');
insert into INDUSTRY_CODE_NAME (industry_code, industry_name, industry_level, parent_code)
values ('2432', '金属工艺品制造', 4, '243');
insert into INDUSTRY_CODE_NAME (industry_code, industry_name, industry_level, parent_code)
values ('2433', '漆器工艺品制造', 4, '243');
insert into INDUSTRY_CODE_NAME (industry_code, industry_name, industry_level, parent_code)
values ('2434', '花画工艺品制造', 4, '243');
insert into INDUSTRY_CODE_NAME (industry_code, industry_name, industry_level, parent_code)
values ('2435', '天然植物纤维编织工艺品制造', 4, '243');
insert into INDUSTRY_CODE_NAME (industry_code, industry_name, industry_level, parent_code)
values ('2436', '抽纱刺绣工艺品制造', 4, '243');
insert into INDUSTRY_CODE_NAME (industry_code, industry_name, industry_level, parent_code)
values ('2437', '地毯、挂毯制造', 4, '243');
insert into INDUSTRY_CODE_NAME (industry_code, industry_name, industry_level, parent_code)
values ('2438', '珠宝首饰及有关物品制造', 4, '243');
insert into INDUSTRY_CODE_NAME (industry_code, industry_name, industry_level, parent_code)
values ('2439', '其他工艺美术品制造', 4, '243');
insert into INDUSTRY_CODE_NAME (industry_code, industry_name, industry_level, parent_code)
values ('244', '体育用品制造', 3, '24');
insert into INDUSTRY_CODE_NAME (industry_code, industry_name, industry_level, parent_code)
values ('2440', '体育用品制造', 4, '244');
insert into INDUSTRY_CODE_NAME (industry_code, industry_name, industry_level, parent_code)
values ('2441', '球类制造', 4, '244');
insert into INDUSTRY_CODE_NAME (industry_code, industry_name, industry_level, parent_code)
values ('2442', '体育器材及配件制造', 4, '244');
insert into INDUSTRY_CODE_NAME (industry_code, industry_name, industry_level, parent_code)
values ('2443', '训练健身器材制造', 4, '244');
insert into INDUSTRY_CODE_NAME (industry_code, industry_name, industry_level, parent_code)
values ('2444', '运动防护用具制造', 4, '244');
insert into INDUSTRY_CODE_NAME (industry_code, industry_name, industry_level, parent_code)
values ('2449', '其他体育用品制造', 4, '244');
insert into INDUSTRY_CODE_NAME (industry_code, industry_name, industry_level, parent_code)
values ('245', '玩具制造', 3, '24');
insert into INDUSTRY_CODE_NAME (industry_code, industry_name, industry_level, parent_code)
values ('2450', '玩具制造', 4, '245');
insert into INDUSTRY_CODE_NAME (industry_code, industry_name, industry_level, parent_code)
values ('246', '游艺器材及娱乐用品制造', 3, '24');
insert into INDUSTRY_CODE_NAME (industry_code, industry_name, industry_level, parent_code)
values ('2460', '游艺器材及娱乐用品制造', 4, '246');
insert into INDUSTRY_CODE_NAME (industry_code, industry_name, industry_level, parent_code)
values ('2461', '露天游乐场所游乐设备制造', 4, '246');
insert into INDUSTRY_CODE_NAME (industry_code, industry_name, industry_level, parent_code)
values ('2462', '游艺用品及室内游艺器材制造', 4, '246');
insert into INDUSTRY_CODE_NAME (industry_code, industry_name, industry_level, parent_code)
values ('2469', '其他娱乐用品制造', 4, '246');
insert into INDUSTRY_CODE_NAME (industry_code, industry_name, industry_level, parent_code)
values ('25', '石油加工、炼焦和核燃料加工业', 2, 'C');
insert into INDUSTRY_CODE_NAME (industry_code, industry_name, industry_level, parent_code)
values ('251', '精炼石油产品制造', 3, '25');
insert into INDUSTRY_CODE_NAME (industry_code, industry_name, industry_level, parent_code)
values ('2510', '精炼石油产品制造', 4, '251');
insert into INDUSTRY_CODE_NAME (industry_code, industry_name, industry_level, parent_code)
values ('2511', '原油加工及石油制品制造', 4, '251');
insert into INDUSTRY_CODE_NAME (industry_code, industry_name, industry_level, parent_code)
values ('2512', '人造原油制造', 4, '251');
insert into INDUSTRY_CODE_NAME (industry_code, industry_name, industry_level, parent_code)
values ('252', '炼焦', 3, '25');
insert into INDUSTRY_CODE_NAME (industry_code, industry_name, industry_level, parent_code)
values ('2520', '炼焦', 4, '252');
insert into INDUSTRY_CODE_NAME (industry_code, industry_name, industry_level, parent_code)
values ('253', '核燃料加工', 3, '25');
insert into INDUSTRY_CODE_NAME (industry_code, industry_name, industry_level, parent_code)
values ('2530', '核燃料加工', 4, '253');
insert into INDUSTRY_CODE_RELATION (industry_code, gb_name, gb_categories, gb_code, qb_code)
values ('01', '农、林、牧、渔业', 'A、农、林、牧、渔业', 'A', 'QB1');
insert into INDUSTRY_CODE_RELATION (industry_code, gb_name, gb_categories, gb_code, qb_code)
values ('02', '农、林、牧、渔业', 'A、农、林、牧、渔业', 'A', 'QB1');
insert into INDUSTRY_CODE_RELATION (industry_code, gb_name, gb_categories, gb_code, qb_code)
values ('03', '农、林、牧、渔业', 'A、农、林、牧、渔业', 'A', 'QB1');
insert into INDUSTRY_CODE_RELATION (industry_code, gb_name, gb_categories, gb_code, qb_code)
values ('04', '农、林、牧、渔业', 'A、农、林、牧、渔业', 'A', 'QB1');
insert into INDUSTRY_CODE_RELATION (industry_code, gb_name, gb_categories, gb_code, qb_code)
values ('05', '农、林、牧、渔业', 'A、农、林、牧、渔业', 'A', 'QB3');
insert into INDUSTRY_CODE_RELATION (industry_code, gb_name, gb_categories, gb_code, qb_code)
values ('06', '采矿业', 'B、采矿业', 'B', 'QB2');
insert into INDUSTRY_CODE_RELATION (industry_code, gb_name, gb_categories, gb_code, qb_code)
values ('07', '采矿业', 'B、采矿业', 'B', 'QB2');
insert into INDUSTRY_CODE_RELATION (industry_code, gb_name, gb_categories, gb_code, qb_code)
values ('08', '采矿业', 'B、采矿业', 'B', 'QB2');
insert into INDUSTRY_CODE_RELATION (industry_code, gb_name, gb_categories, gb_code, qb_code)
values ('09', '采矿业', 'B、采矿业', 'B', 'QB2');
insert into INDUSTRY_CODE_RELATION (industry_code, gb_name, gb_categories, gb_code, qb_code)
values ('10', '采矿业', 'B、采矿业', 'B', 'QB2');
insert into INDUSTRY_CODE_RELATION (industry_code, gb_name, gb_categories, gb_code, qb_code)
values ('11', '采矿业', 'B、采矿业', 'B', 'QB3');
insert into INDUSTRY_CODE_RELATION (industry_code, gb_name, gb_categories, gb_code, qb_code)
values ('12', '采矿业', 'B、采矿业', 'B', 'QB2');
insert into INDUSTRY_CODE_RELATION (industry_code, gb_name, gb_categories, gb_code, qb_code)
values ('13', '制造业', 'C、制造业', 'C', 'QB2');
insert into INDUSTRY_CODE_RELATION (industry_code, gb_name, gb_categories, gb_code, qb_code)
values ('14', '制造业', 'C、制造业', 'C', 'QB2');
insert into INDUSTRY_CODE_RELATION (industry_code, gb_name, gb_categories, gb_code, qb_code)
values ('15', '制造业', 'C、制造业', 'C', 'QB2');
insert into INDUSTRY_CODE_RELATION (industry_code, gb_name, gb_categories, gb_code, qb_code)
values ('16', '制造业', 'C、制造业', 'C', 'QB2');
insert into INDUSTRY_CODE_RELATION (industry_code, gb_name, gb_categories, gb_code, qb_code)
values ('17', '制造业', 'C、制造业', 'C', 'QB2');
insert into INDUSTRY_CODE_RELATION (industry_code, gb_name, gb_categories, gb_code, qb_code)
values ('18', '制造业', 'C、制造业', 'C', 'QB2');
insert into INDUSTRY_CODE_RELATION (industry_code, gb_name, gb_categories, gb_code, qb_code)
values ('19', '制造业', 'C、制造业', 'C', 'QB2');
insert into INDUSTRY_CODE_RELATION (industry_code, gb_name, gb_categories, gb_code, qb_code)
values ('20', '制造业', 'C、制造业', 'C', 'QB2');
insert into INDUSTRY_CODE_RELATION (industry_code, gb_name, gb_categories, gb_code, qb_code)
values ('21', '制造业', 'C、制造业', 'C', 'QB2');
insert into INDUSTRY_CODE_RELATION (industry_code, gb_name, gb_categories, gb_code, qb_code)
values ('22', '制造业', 'C、制造业', 'C', 'QB2');
insert into INDUSTRY_CODE_RELATION (industry_code, gb_name, gb_categories, gb_code, qb_code)
values ('23', '制造业', 'C、制造业', 'C', 'QB2');
insert into INDUSTRY_CODE_RELATION (industry_code, gb_name, gb_categories, gb_code, qb_code)
values ('24', '制造业', 'C、制造业', 'C', 'QB2');
insert into INDUSTRY_CODE_RELATION (industry_code, gb_name, gb_categories, gb_code, qb_code)
values ('25', '制造业', 'C、制造业', 'C', 'QB2');
insert into INDUSTRY_CODE_RELATION (industry_code, gb_name, gb_categories, gb_code, qb_code)
values ('26', '制造业', 'C、制造业', 'C', 'QB2');
insert into INDUSTRY_CODE_RELATION (industry_code, gb_name, gb_categories, gb_code, qb_code)
values ('27', '制造业', 'C、制造业', 'C', 'QB2');
insert into INDUSTRY_CODE_RELATION (industry_code, gb_name, gb_categories, gb_code, qb_code)
values ('28', '制造业', 'C、制造业', 'C', 'QB2');
insert into INDUSTRY_CODE_RELATION (industry_code, gb_name, gb_categories, gb_code, qb_code)
values ('29', '制造业', 'C、制造业', 'C', 'QB2');
insert into INDUSTRY_CODE_RELATION (industry_code, gb_name, gb_categories, gb_code, qb_code)
values ('30', '制造业', 'C、制造业', 'C', 'QB2');
insert into INDUSTRY_CODE_RELATION (industry_code, gb_name, gb_categories, gb_code, qb_code)
values ('31', '制造业', 'C、制造业', 'C', 'QB2');
insert into INDUSTRY_CODE_RELATION (industry_code, gb_name, gb_categories, gb_code, qb_code)
values ('32', '制造业', 'C、制造业', 'C', 'QB2');
insert into INDUSTRY_CODE_RELATION (industry_code, gb_name, gb_categories, gb_code, qb_code)
values ('33', '制造业', 'C、制造业', 'C', 'QB2');
insert into INDUSTRY_CODE_RELATION (industry_code, gb_name, gb_categories, gb_code, qb_code)
values ('34', '制造业', 'C、制造业', 'C', 'QB2');
insert into INDUSTRY_CODE_RELATION (industry_code, gb_name, gb_categories, gb_code, qb_code)
values ('35', '制造业', 'C、制造业', 'C', 'QB2');
insert into INDUSTRY_CODE_RELATION (industry_code, gb_name, gb_categories, gb_code, qb_code)
values ('36', '制造业', 'C、制造业', 'C', 'QB2');
insert into INDUSTRY_CODE_RELATION (industry_code, gb_name, gb_categories, gb_code, qb_code)
values ('37', '制造业', 'C、制造业', 'C', 'QB2');
insert into INDUSTRY_CODE_RELATION (industry_code, gb_name, gb_categories, gb_code, qb_code)
values ('38', '制造业', 'C、制造业', 'C', 'QB2');
insert into INDUSTRY_CODE_RELATION (industry_code, gb_name, gb_categories, gb_code, qb_code)
values ('39', '制造业', 'C、制造业', 'C', 'QB2');
insert into INDUSTRY_CODE_RELATION (industry_code, gb_name, gb_categories, gb_code, qb_code)
values ('40', '制造业', 'C、制造业', 'C', 'QB2');
insert into INDUSTRY_CODE_RELATION (industry_code, gb_name, gb_categories, gb_code, qb_code)
values ('41', '制造业', 'C、制造业', 'C', 'QB2');
insert into INDUSTRY_CODE_RELATION (industry_code, gb_name, gb_categories, gb_code, qb_code)
values ('42', '制造业', 'C、制造业', 'C', 'QB2');
insert into INDUSTRY_CODE_RELATION (industry_code, gb_name, gb_categories, gb_code, qb_code)
values ('43', '制造业', 'C、制造业', 'C', 'QB3');
insert into INDUSTRY_CODE_RELATION (industry_code, gb_name, gb_categories, gb_code, qb_code)
values ('44', '电力、热力、燃气及水生产和供应业', 'D、电力、热力、燃气及水生产和供应业', 'D', 'QB2');
insert into INDUSTRY_CODE_RELATION (industry_code, gb_name, gb_categories, gb_code, qb_code)
values ('45', '电力、热力、燃气及水生产和供应业', 'D、电力、热力、燃气及水生产和供应业', 'D', 'QB2');
insert into INDUSTRY_CODE_RELATION (industry_code, gb_name, gb_categories, gb_code, qb_code)
values ('46', '电力、热力、燃气及水生产和供应业', 'D、电力、热力、燃气及水生产和供应业', 'D', 'QB2');
insert into INDUSTRY_CODE_RELATION (industry_code, gb_name, gb_categories, gb_code, qb_code)
values ('47', '建筑业', 'E、建筑业', 'E', 'QB2');
insert into INDUSTRY_CODE_RELATION (industry_code, gb_name, gb_categories, gb_code, qb_code)
values ('48', '建筑业', 'E、建筑业', 'E', 'QB2');
insert into INDUSTRY_CODE_RELATION (industry_code, gb_name, gb_categories, gb_code, qb_code)
values ('49', '建筑业', 'E、建筑业', 'E', 'QB2');
insert into INDUSTRY_CODE_RELATION (industry_code, gb_name, gb_categories, gb_code, qb_code)
values ('50', '建筑业', 'E、建筑业', 'E', 'QB2');
insert into INDUSTRY_CODE_RELATION (industry_code, gb_name, gb_categories, gb_code, qb_code)
values ('51', '批发和零售业', 'F、批发和零售业', 'F', 'QB3');
insert into INDUSTRY_CODE_RELATION (industry_code, gb_name, gb_categories, gb_code, qb_code)
values ('52', '批发和零售业', 'F、批发和零售业', 'F', 'QB3');
insert into INDUSTRY_CODE_RELATION (industry_code, gb_name, gb_categories, gb_code, qb_code)
values ('53', '交通运输、仓储和邮政业', 'G、交通运输、仓储和邮政业', 'G', 'QB3');
insert into INDUSTRY_CODE_RELATION (industry_code, gb_name, gb_categories, gb_code, qb_code)
values ('54', '交通运输、仓储和邮政业', 'G、交通运输、仓储和邮政业', 'G', 'QB3');
insert into INDUSTRY_CODE_RELATION (industry_code, gb_name, gb_categories, gb_code, qb_code)
values ('55', '交通运输、仓储和邮政业', 'G、交通运输、仓储和邮政业', 'G', 'QB3');
insert into INDUSTRY_CODE_RELATION (industry_code, gb_name, gb_categories, gb_code, qb_code)
values ('56', '交通运输、仓储和邮政业', 'G、交通运输、仓储和邮政业', 'G', 'QB3');
insert into INDUSTRY_CODE_RELATION (industry_code, gb_name, gb_categories, gb_code, qb_code)
values ('57', '交通运输、仓储和邮政业', 'G、交通运输、仓储和邮政业', 'G', 'QB3');
insert into INDUSTRY_CODE_RELATION (industry_code, gb_name, gb_categories, gb_code, qb_code)
values ('58', '交通运输、仓储和邮政业', 'G、交通运输、仓储和邮政业', 'G', 'QB3');
insert into INDUSTRY_CODE_RELATION (industry_code, gb_name, gb_categories, gb_code, qb_code)
values ('59', '交通运输、仓储和邮政业', 'G、交通运输、仓储和邮政业', 'G', 'QB3');
insert into INDUSTRY_CODE_RELATION (industry_code, gb_name, gb_categories, gb_code, qb_code)
values ('60', '交通运输、仓储和邮政业', 'G、交通运输、仓储和邮政业', 'G', 'QB3');
insert into INDUSTRY_CODE_RELATION (industry_code, gb_name, gb_categories, gb_code, qb_code)
values ('61', '住宿和餐饮业', 'H、住宿和餐饮业', 'H', 'QB3');
insert into INDUSTRY_CODE_RELATION (industry_code, gb_name, gb_categories, gb_code, qb_code)
values ('62', '住宿和餐饮业', 'H、住宿和餐饮业', 'H', 'QB3');
insert into INDUSTRY_CODE_RELATION (industry_code, gb_name, gb_categories, gb_code, qb_code)
values ('63', '信息传输、软件和信息技术服务业', 'I、信息传输、软件和信息技术服务业', 'I', 'QB3');
insert into INDUSTRY_CODE_RELATION (industry_code, gb_name, gb_categories, gb_code, qb_code)
values ('64', '信息传输、软件和信息技术服务业', 'I、信息传输、软件和信息技术服务业', 'I', 'QB3');
insert into INDUSTRY_CODE_RELATION (industry_code, gb_name, gb_categories, gb_code, qb_code)
values ('65', '信息传输、软件和信息技术服务业', 'I、信息传输、软件和信息技术服务业', 'I', 'QB3');
insert into INDUSTRY_CODE_RELATION (industry_code, gb_name, gb_categories, gb_code, qb_code)
values ('66', '金融业', 'J、金融业', 'J', 'QB3');
insert into INDUSTRY_CODE_RELATION (industry_code, gb_name, gb_categories, gb_code, qb_code)
values ('67', '金融业', 'J、金融业', 'J', 'QB3');
insert into INDUSTRY_CODE_RELATION (industry_code, gb_name, gb_categories, gb_code, qb_code)
values ('68', '金融业', 'J、金融业', 'J', 'QB3');
insert into INDUSTRY_CODE_RELATION (industry_code, gb_name, gb_categories, gb_code, qb_code)
values ('69', '金融业', 'J、金融业', 'J', 'QB3');
insert into INDUSTRY_CODE_RELATION (industry_code, gb_name, gb_categories, gb_code, qb_code)
values ('70', '房地产业', 'K、房地产业', 'K', 'QB3');
insert into INDUSTRY_CODE_RELATION (industry_code, gb_name, gb_categories, gb_code, qb_code)
values ('71', '租赁和商业服务业', 'L、租赁和商业服务业', 'L', 'QB3');
insert into INDUSTRY_CODE_RELATION (industry_code, gb_name, gb_categories, gb_code, qb_code)
values ('72', '租赁和商业服务业', 'L、租赁和商业服务业', 'L', 'QB3');
insert into INDUSTRY_CODE_RELATION (industry_code, gb_name, gb_categories, gb_code, qb_code)
values ('73', '科学研究和技术服务业', 'M、科学研究和技术服务业', 'M', 'QB3');
insert into INDUSTRY_CODE_RELATION (industry_code, gb_name, gb_categories, gb_code, qb_code)
values ('74', '科学研究和技术服务业', 'M、科学研究和技术服务业', 'M', 'QB3');
insert into INDUSTRY_CODE_RELATION (industry_code, gb_name, gb_categories, gb_code, qb_code)
values ('75', '科学研究和技术服务业', 'M、科学研究和技术服务业', 'M', 'QB3');
insert into INDUSTRY_CODE_RELATION (industry_code, gb_name, gb_categories, gb_code, qb_code)
values ('76', '水利、环境和公共设施管理业', 'N、水利、环境和公共设施管理业', 'N', 'QB3');
insert into INDUSTRY_CODE_RELATION (industry_code, gb_name, gb_categories, gb_code, qb_code)
values ('77', '水利、环境和公共设施管理业', 'N、水利、环境和公共设施管理业', 'N', 'QB3');
insert into INDUSTRY_CODE_RELATION (industry_code, gb_name, gb_categories, gb_code, qb_code)
values ('78', '水利、环境和公共设施管理业', 'N、水利、环境和公共设施管理业', 'N', 'QB3');
insert into INDUSTRY_CODE_RELATION (industry_code, gb_name, gb_categories, gb_code, qb_code)
values ('79', '居民服务、修理和其他服务业', 'O、居民服务、修理和其他服务业', 'O', 'QB3');
insert into INDUSTRY_CODE_RELATION (industry_code, gb_name, gb_categories, gb_code, qb_code)
values ('80', '居民服务、修理和其他服务业', 'O、居民服务、修理和其他服务业', 'O', 'QB3');
insert into INDUSTRY_CODE_RELATION (industry_code, gb_name, gb_categories, gb_code, qb_code)
values ('81', '居民服务、修理和其他服务业', 'O、居民服务、修理和其他服务业', 'O', 'QB3');
insert into INDUSTRY_CODE_RELATION (industry_code, gb_name, gb_categories, gb_code, qb_code)
values ('82', '教育', 'P、教育', 'P', 'QB3');
insert into INDUSTRY_CODE_RELATION (industry_code, gb_name, gb_categories, gb_code, qb_code)
values ('83', '卫生和社会工作', 'Q、卫生和社会工作', 'Q', 'QB3');
insert into INDUSTRY_CODE_RELATION (industry_code, gb_name, gb_categories, gb_code, qb_code)
values ('84', '卫生和社会工作', 'Q、卫生和社会工作', 'Q', 'QB3');
insert into INDUSTRY_CODE_RELATION (industry_code, gb_name, gb_categories, gb_code, qb_code)
values ('85', '文化、体育和娱乐业', 'R、文化、体育和娱乐业', 'R', 'QB3');
insert into INDUSTRY_CODE_RELATION (industry_code, gb_name, gb_categories, gb_code, qb_code)
values ('86', '文化、体育和娱乐业', 'R、文化、体育和娱乐业', 'R', 'QB3');
insert into INDUSTRY_CODE_RELATION (industry_code, gb_name, gb_categories, gb_code, qb_code)
values ('87', '文化、体育和娱乐业', 'R、文化、体育和娱乐业', 'R', 'QB3');
insert into INDUSTRY_CODE_RELATION (industry_code, gb_name, gb_categories, gb_code, qb_code)
values ('88', '文化、体育和娱乐业', 'R、文化、体育和娱乐业', 'R', 'QB3');
insert into INDUSTRY_CODE_RELATION (industry_code, gb_name, gb_categories, gb_code, qb_code)
values ('89', '文化、体育和娱乐业', 'R、文化、体育和娱乐业', 'R', 'QB3');
insert into INDUSTRY_CODE_RELATION (industry_code, gb_name, gb_categories, gb_code, qb_code)
values ('90', '公共管理、社会保障和社会组织', 'S、公共管理、社会保障和社会组织', 'S', 'QB3');
insert into INDUSTRY_CODE_RELATION (industry_code, gb_name, gb_categories, gb_code, qb_code)
values ('91', '公共管理、社会保障和社会组织', 'S、公共管理、社会保障和社会组织', 'S', 'QB3');
insert into INDUSTRY_CODE_RELATION (industry_code, gb_name, gb_categories, gb_code, qb_code)
values ('92', '公共管理、社会保障和社会组织', 'S、公共管理、社会保障和社会组织', 'S', 'QB3');
insert into INDUSTRY_CODE_RELATION (industry_code, gb_name, gb_categories, gb_code, qb_code)
values ('93', '公共管理、社会保障和社会组织', 'S、公共管理、社会保障和社会组织', 'S', 'QB3');
insert into INDUSTRY_CODE_RELATION (industry_code, gb_name, gb_categories, gb_code, qb_code)
values ('94', '公共管理、社会保障和社会组织', 'S、公共管理、社会保障和社会组织', 'S', 'QB3');
insert into INDUSTRY_CODE_RELATION (industry_code, gb_name, gb_categories, gb_code, qb_code)
values ('95', '公共管理、社会保障和社会组织', 'S、公共管理、社会保障和社会组织', 'S', 'QB3');
insert into INDUSTRY_CODE_RELATION (industry_code, gb_name, gb_categories, gb_code, qb_code)
values ('96', '国际组织', 'T、国际组织', 'T', 'QB3');
insert into INDUSTRY_CODE_TYPE (industry_code, industry_type_code)
values ('1000', 'QIYEA');
insert into INDUSTRY_CODE_TYPE (industry_code, industry_type_code)
values ('1100', 'QIYEA');
insert into INDUSTRY_CODE_TYPE (industry_code, industry_type_code)
values ('1110', 'QIYEA');
insert into INDUSTRY_CODE_TYPE (industry_code, industry_type_code)
values ('1120', 'QIYEA');
insert into INDUSTRY_CODE_TYPE (industry_code, industry_type_code)
values ('1121', 'QIYEA');
insert into INDUSTRY_CODE_TYPE (industry_code, industry_type_code)
values ('1122', 'QIYEA');
insert into INDUSTRY_CODE_TYPE (industry_code, industry_type_code)
values ('1123', 'QIYEA');
insert into INDUSTRY_CODE_TYPE (industry_code, industry_type_code)
values ('1130', 'QIYEB');
insert into INDUSTRY_CODE_TYPE (industry_code, industry_type_code)
values ('1140', 'QIYEA');
insert into INDUSTRY_CODE_TYPE (industry_code, industry_type_code)
values ('1150', 'QIYEA');
insert into INDUSTRY_CODE_TYPE (industry_code, industry_type_code)
values ('1151', 'QIYEB');
insert into INDUSTRY_CODE_TYPE (industry_code, industry_type_code)
values ('1152', 'QIYEA');
insert into INDUSTRY_CODE_TYPE (industry_code, industry_type_code)
values ('1153', 'QIYEA');
insert into INDUSTRY_CODE_TYPE (industry_code, industry_type_code)
values ('1190', 'QIYEA');
insert into INDUSTRY_CODE_TYPE (industry_code, industry_type_code)
values ('1200', 'QIYEA');
insert into INDUSTRY_CODE_TYPE (industry_code, industry_type_code)
values ('1210', 'QIYEA');
insert into INDUSTRY_CODE_TYPE (industry_code, industry_type_code)
values ('1211', 'QIYEA');
insert into INDUSTRY_CODE_TYPE (industry_code, industry_type_code)
values ('1212', 'QIYEB');
insert into INDUSTRY_CODE_TYPE (industry_code, industry_type_code)
values ('1213', 'QIYEA');
insert into INDUSTRY_CODE_TYPE (industry_code, industry_type_code)
values ('1220', 'QIYEA');
insert into INDUSTRY_CODE_TYPE (industry_code, industry_type_code)
values ('1221', 'QIYEA');
insert into INDUSTRY_CODE_TYPE (industry_code, industry_type_code)
values ('1222', 'QIYEB');
insert into INDUSTRY_CODE_TYPE (industry_code, industry_type_code)
values ('1223', 'QIYEA');
insert into INDUSTRY_CODE_TYPE (industry_code, industry_type_code)
values ('1229', 'QIYEA');
insert into INDUSTRY_CODE_TYPE (industry_code, industry_type_code)
values ('2000', 'QIYEA');
insert into INDUSTRY_CODE_TYPE (industry_code, industry_type_code)
values ('2100', 'QIYEA');
insert into INDUSTRY_CODE_TYPE (industry_code, industry_type_code)
values ('2110', 'QIYEA');
insert into INDUSTRY_CODE_TYPE (industry_code, industry_type_code)
values ('2120', 'QIYEA');
insert into INDUSTRY_CODE_TYPE (industry_code, industry_type_code)
values ('2121', 'QIYEA');
insert into INDUSTRY_CODE_TYPE (industry_code, industry_type_code)
values ('2122', 'QIYEA');
insert into INDUSTRY_CODE_TYPE (industry_code, industry_type_code)
values ('2123', 'QIYEA');
insert into INDUSTRY_CODE_TYPE (industry_code, industry_type_code)
values ('2130', 'QIYEB');
insert into INDUSTRY_CODE_TYPE (industry_code, industry_type_code)
values ('2140', 'QIYEA');
insert into INDUSTRY_CODE_TYPE (industry_code, industry_type_code)
values ('2150', 'QIYEA');
insert into INDUSTRY_CODE_TYPE (industry_code, industry_type_code)
values ('2151', 'QIYEB');
insert into INDUSTRY_CODE_TYPE (industry_code, industry_type_code)
values ('2152', 'QIYEA');
insert into INDUSTRY_CODE_TYPE (industry_code, industry_type_code)
values ('2153', 'QIYEA');
insert into INDUSTRY_CODE_TYPE (industry_code, industry_type_code)
values ('2190', 'QIYEA');
insert into INDUSTRY_CODE_TYPE (industry_code, industry_type_code)
values ('2200', 'QIYEA');
insert into INDUSTRY_CODE_TYPE (industry_code, industry_type_code)
values ('2210', 'QIYEA');
insert into INDUSTRY_CODE_TYPE (industry_code, industry_type_code)
values ('2211', 'QIYEA');
insert into INDUSTRY_CODE_TYPE (industry_code, industry_type_code)
values ('2212', 'QIYEB');
insert into INDUSTRY_CODE_TYPE (industry_code, industry_type_code)
values ('2213', 'QIYEA');
insert into INDUSTRY_CODE_TYPE (industry_code, industry_type_code)
values ('2219', 'QIYEA');
insert into INDUSTRY_CODE_TYPE (industry_code, industry_type_code)
values ('2220', 'QIYEA');
insert into INDUSTRY_CODE_TYPE (industry_code, industry_type_code)
values ('2221', 'QIYEA');
insert into INDUSTRY_CODE_TYPE (industry_code, industry_type_code)
values ('2222', 'QIYEB');
insert into INDUSTRY_CODE_TYPE (industry_code, industry_type_code)
values ('2223', 'QIYEA');
insert into INDUSTRY_CODE_TYPE (industry_code, industry_type_code)
values ('2229', 'QIYEA');
insert into INDUSTRY_CODE_TYPE (industry_code, industry_type_code)
values ('3000', 'QIYEA');
insert into INDUSTRY_CODE_TYPE (industry_code, industry_type_code)
values ('3100', 'QIYEA');
insert into INDUSTRY_CODE_TYPE (industry_code, industry_type_code)
values ('3200', 'QIYEA');
insert into INDUSTRY_CODE_TYPE (industry_code, industry_type_code)
values ('3300', 'QIYEA');
insert into INDUSTRY_CODE_TYPE (industry_code, industry_type_code)
values ('3400', 'QIYEA');
insert into INDUSTRY_CODE_TYPE (industry_code, industry_type_code)
values ('3500', 'QIYEA');
insert into INDUSTRY_CODE_TYPE (industry_code, industry_type_code)
values ('4000', 'QIYEA');
insert into INDUSTRY_CODE_TYPE (industry_code, industry_type_code)
values ('4100', 'QIYEA');
insert into INDUSTRY_CODE_TYPE (industry_code, industry_type_code)
values ('4110', 'QIYEA');
insert into INDUSTRY_CODE_TYPE (industry_code, industry_type_code)
values ('4120', 'QIYEA');
insert into INDUSTRY_CODE_TYPE (industry_code, industry_type_code)
values ('4200', 'QIYEA');
insert into INDUSTRY_CODE_TYPE (industry_code, industry_type_code)
values ('4210', 'QIYEA');
insert into INDUSTRY_CODE_TYPE (industry_code, industry_type_code)
values ('4220', 'QIYEA');
insert into INDUSTRY_CODE_TYPE (industry_code, industry_type_code)
values ('4300', 'QIYEA');
insert into INDUSTRY_CODE_TYPE (industry_code, industry_type_code)
values ('4310', 'QIYEA');
insert into INDUSTRY_CODE_TYPE (industry_code, industry_type_code)
values ('4320', 'QIYEA');
insert into INDUSTRY_CODE_TYPE (industry_code, industry_type_code)
values ('4330', 'QIYEA');
insert into INDUSTRY_CODE_TYPE (industry_code, industry_type_code)
values ('4340', 'QIYEA');
insert into INDUSTRY_CODE_TYPE (industry_code, industry_type_code)
values ('4400', 'QIYEA');
insert into INDUSTRY_CODE_TYPE (industry_code, industry_type_code)
values ('4410', 'QIYEA');
insert into INDUSTRY_CODE_TYPE (industry_code, industry_type_code)
values ('4420', 'QIYEA');
insert into INDUSTRY_CODE_TYPE (industry_code, industry_type_code)
values ('4500', 'QIYEB');
insert into INDUSTRY_CODE_TYPE (industry_code, industry_type_code)
values ('4530', 'QIYEB');
insert into INDUSTRY_CODE_TYPE (industry_code, industry_type_code)
values ('4531', 'QIYEB');
insert into INDUSTRY_CODE_TYPE (industry_code, industry_type_code)
values ('4532', 'QIYEB');
insert into INDUSTRY_CODE_TYPE (industry_code, industry_type_code)
values ('4533', 'QIYEB');
insert into INDUSTRY_CODE_TYPE (industry_code, industry_type_code)
values ('4540', 'QIYEB');
insert into INDUSTRY_CODE_TYPE (industry_code, industry_type_code)
values ('4550', 'QIYEB');
insert into INDUSTRY_CODE_TYPE (industry_code, industry_type_code)
values ('4551', 'QIYEB');
insert into INDUSTRY_CODE_TYPE (industry_code, industry_type_code)
values ('4552', 'QIYEB');
insert into INDUSTRY_CODE_TYPE (industry_code, industry_type_code)
values ('4553', 'QIYEB');
insert into INDUSTRY_CODE_TYPE (industry_code, industry_type_code)
values ('4560', 'QIYEB');
insert into INDUSTRY_CODE_TYPE (industry_code, industry_type_code)
values ('4600', 'QIYEA');
insert into INDUSTRY_CODE_TYPE (industry_code, industry_type_code)
values ('4700', 'QIYEA');
insert into INDUSTRY_CODE_TYPE (industry_code, industry_type_code)
values ('5000', 'QIYEC');
insert into INDUSTRY_CODE_TYPE (industry_code, industry_type_code)
values ('5100', 'QIYEC');
insert into INDUSTRY_CODE_TYPE (industry_code, industry_type_code)
values ('5110', 'QIYEC');
insert into INDUSTRY_CODE_TYPE (industry_code, industry_type_code)
values ('5120', 'QIYEC');
insert into INDUSTRY_CODE_TYPE (industry_code, industry_type_code)
values ('5130', 'QIYEC');
insert into INDUSTRY_CODE_TYPE (industry_code, industry_type_code)
values ('5140', 'QIYEC');
insert into INDUSTRY_CODE_TYPE (industry_code, industry_type_code)
values ('5150', 'QIYEC');
insert into INDUSTRY_CODE_TYPE (industry_code, industry_type_code)
values ('5160', 'QIYEC');
insert into INDUSTRY_CODE_TYPE (industry_code, industry_type_code)
values ('5190', 'QIYEC');
insert into INDUSTRY_CODE_TYPE (industry_code, industry_type_code)
values ('5200', 'QIYEC');
insert into INDUSTRY_CODE_TYPE (industry_code, industry_type_code)
values ('5210', 'QIYEC');
insert into INDUSTRY_CODE_TYPE (industry_code, industry_type_code)
values ('5220', 'QIYEC');
insert into INDUSTRY_CODE_TYPE (industry_code, industry_type_code)
values ('5230', 'QIYEC');
insert into INDUSTRY_CODE_TYPE (industry_code, industry_type_code)
values ('5240', 'QIYEC');
insert into INDUSTRY_CODE_TYPE (industry_code, industry_type_code)
values ('5290', 'QIYEC');
insert into INDUSTRY_CODE_TYPE (industry_code, industry_type_code)
values ('5300', 'QIYEC');
insert into INDUSTRY_CODE_TYPE (industry_code, industry_type_code)
values ('5310', 'QIYEC');
insert into INDUSTRY_CODE_TYPE (industry_code, industry_type_code)
values ('5320', 'QIYEC');
insert into INDUSTRY_CODE_TYPE (industry_code, industry_type_code)
values ('5390', 'QIYEC');
insert into INDUSTRY_CODE_TYPE (industry_code, industry_type_code)
values ('5400', 'QIYEC');
insert into INDUSTRY_CODE_TYPE (industry_code, industry_type_code)
values ('5410', 'QIYEC');
insert into INDUSTRY_CODE_TYPE (industry_code, industry_type_code)
values ('5420', 'QIYEC');
insert into INDUSTRY_CODE_TYPE (industry_code, industry_type_code)
values ('5430', 'QIYEC');
insert into INDUSTRY_CODE_TYPE (industry_code, industry_type_code)
values ('5490', 'QIYEC');
insert into INDUSTRY_CODE_TYPE (industry_code, industry_type_code)
values ('5800', 'QIYEC');
insert into INDUSTRY_CODE_TYPE (industry_code, industry_type_code)
values ('5810', 'QIYEC');
insert into INDUSTRY_CODE_TYPE (industry_code, industry_type_code)
values ('5820', 'QIYEC');
insert into INDUSTRY_CODE_TYPE (industry_code, industry_type_code)
values ('5830', 'QIYEC');
insert into INDUSTRY_CODE_TYPE (industry_code, industry_type_code)
values ('5840', 'QIYEC');
insert into INDUSTRY_CODE_TYPE (industry_code, industry_type_code)
values ('5890', 'QIYEC');
insert into INDUSTRY_CODE_TYPE (industry_code, industry_type_code)
values ('6000', 'QIYEC');
insert into INDUSTRY_CODE_TYPE (industry_code, industry_type_code)
values ('6100', 'QIYEC');
insert into INDUSTRY_CODE_TYPE (industry_code, industry_type_code)
values ('6110', 'QIYEC');
insert into INDUSTRY_CODE_TYPE (industry_code, industry_type_code)
values ('6120', 'QIYEC');
insert into INDUSTRY_CODE_TYPE (industry_code, industry_type_code)
values ('6130', 'QIYEC');
insert into INDUSTRY_CODE_TYPE (industry_code, industry_type_code)
values ('6140', 'QIYEC');
insert into INDUSTRY_CODE_TYPE (industry_code, industry_type_code)
values ('6150', 'QIYEC');
insert into INDUSTRY_CODE_TYPE (industry_code, industry_type_code)
values ('6160', 'QIYEC');
insert into INDUSTRY_CODE_TYPE (industry_code, industry_type_code)
values ('6170', 'QIYEC');
insert into INDUSTRY_CODE_TYPE (industry_code, industry_type_code)
values ('6190', 'QIYEC');
insert into INDUSTRY_CODE_TYPE (industry_code, industry_type_code)
values ('6200', 'QIYEC');
insert into INDUSTRY_CODE_TYPE (industry_code, industry_type_code)
values ('6210', 'QIYEC');
insert into INDUSTRY_CODE_TYPE (industry_code, industry_type_code)
values ('6220', 'QIYEC');
insert into INDUSTRY_CODE_TYPE (industry_code, industry_type_code)
values ('6230', 'QIYEC');
insert into INDUSTRY_CODE_TYPE (industry_code, industry_type_code)
values ('6240', 'QIYEC');
insert into INDUSTRY_CODE_TYPE (industry_code, industry_type_code)
values ('6250', 'QIYEC');
insert into INDUSTRY_CODE_TYPE (industry_code, industry_type_code)
values ('6260', 'QIYEC');
insert into INDUSTRY_CODE_TYPE (industry_code, industry_type_code)
values ('6290', 'QIYEC');
insert into INDUSTRY_CODE_TYPE (industry_code, industry_type_code)
values ('6300', 'QIYEC');
insert into INDUSTRY_CODE_TYPE (industry_code, industry_type_code)
values ('6310', 'QIYEC');
insert into INDUSTRY_CODE_TYPE (industry_code, industry_type_code)
values ('6320', 'QIYEC');
insert into INDUSTRY_CODE_TYPE (industry_code, industry_type_code)
values ('6390', 'QIYEC');
insert into INDUSTRY_CODE_TYPE (industry_code, industry_type_code)
values ('6400', 'QIYEC');
insert into INDUSTRY_CODE_TYPE (industry_code, industry_type_code)
values ('6410', 'QIYEC');
insert into INDUSTRY_CODE_TYPE (industry_code, industry_type_code)
values ('6420', 'QIYEC');
insert into INDUSTRY_CODE_TYPE (industry_code, industry_type_code)
values ('6430', 'QIYEC');
insert into INDUSTRY_CODE_TYPE (industry_code, industry_type_code)
values ('6490', 'QIYEC');
insert into INDUSTRY_CODE_TYPE (industry_code, industry_type_code)
values ('6800', 'QIYEC');
insert into INDUSTRY_CODE_TYPE (industry_code, industry_type_code)
values ('6810', 'QIYEC');
insert into INDUSTRY_CODE_TYPE (industry_code, industry_type_code)
values ('6820', 'QIYEC');
insert into INDUSTRY_CODE_TYPE (industry_code, industry_type_code)
values ('6830', 'QIYEC');
insert into INDUSTRY_CODE_TYPE (industry_code, industry_type_code)
values ('6840', 'QIYEC');
insert into INDUSTRY_CODE_TYPE (industry_code, industry_type_code)
values ('6890', 'QIYEC');
insert into INDUSTRY_CODE_TYPE (industry_code, industry_type_code)
values ('7000', 'QIYED');
insert into INDUSTRY_CODE_TYPE (industry_code, industry_type_code)
values ('7100', 'QIYED');
insert into INDUSTRY_CODE_TYPE (industry_code, industry_type_code)
values ('7110', 'QIYED');
insert into INDUSTRY_CODE_TYPE (industry_code, industry_type_code)
values ('7120', 'QIYED');
insert into INDUSTRY_CODE_TYPE (industry_code, industry_type_code)
values ('7130', 'QIYED');
insert into INDUSTRY_CODE_TYPE (industry_code, industry_type_code)
values ('7190', 'QIYED');
insert into INDUSTRY_CODE_TYPE (industry_code, industry_type_code)
values ('7200', 'QIYED');
insert into INDUSTRY_CODE_TYPE (industry_code, industry_type_code)
values ('7300', 'QIYED');
insert into INDUSTRY_CODE_TYPE (industry_code, industry_type_code)
values ('7310', 'QIYED');
insert into INDUSTRY_CODE_TYPE (industry_code, industry_type_code)
values ('7390', 'QIYED');
insert into INDUSTRY_CODE_TYPE (industry_code, industry_type_code)
values ('8000', 'QIYED');
insert into INDUSTRY_CODE_TYPE (industry_code, industry_type_code)
values ('9000', 'QIYED');
insert into INDUSTRY_CODE_TYPE (industry_code, industry_type_code)
values ('9100', 'QIYED');
insert into INDUSTRY_CODE_TYPE (industry_code, industry_type_code)
values ('9200', 'QIYED');
insert into INDUSTRY_CODE_TYPE (industry_code, industry_type_code)
values ('9900', 'QIYED');
insert into INDUSTRY_CODE_TYPE (industry_code, industry_type_code)
values ('9999', 'QIYED');
insert into INDUSTRY_CODE_TYPE (industry_code, industry_type_code)
values ('1219', 'QIYEA');

insert into INDUSTRY_TYPE (industry_type_code, industry_type_name)
values ('QIYEA', '内资非私营');
insert into INDUSTRY_TYPE (industry_type_code, industry_type_name)
values ('QIYEB', '内资私营');
insert into INDUSTRY_TYPE (industry_type_code, industry_type_name)
values ('QIYEC', '外商投资');
insert into INDUSTRY_TYPE (industry_type_code, industry_type_name)
values ('QIYED', '其他');

/* Drop Tables */
drop table YW_L_DSJSGG cascade constraints;
drop table YW_L_FRHYPD cascade constraints;
drop table YW_L_FYPJ cascade constraints;
drop table YW_L_FYZX cascade constraints;
drop table YW_L_FZCHRD cascade constraints;
drop table YW_L_FZJGBAXX cascade constraints;
drop table YW_L_GD cascade constraints;
drop table YW_L_HEIMINGDAN cascade constraints;
drop table YW_L_HONGMINGDAN cascade constraints;
drop table YW_L_JGSLBGDJ cascade constraints;
drop table YW_L_QJF cascade constraints;
drop table YW_L_QS cascade constraints;
drop table YW_L_QYBZRY cascade constraints;
drop table YW_L_QYCB cascade constraints;
drop table YW_L_QYCBJF cascade constraints;
drop table YW_L_QYCBQJ cascade constraints;
drop table YW_L_QYSWDJ cascade constraints;
drop table YW_L_QYXYGBXX cascade constraints;
drop table YW_L_SGSXZCF cascade constraints;
drop table YW_L_SGSXZXK cascade constraints;
drop table YW_L_SJSFQYXX cascade constraints;
drop table YW_L_XKZZNJ cascade constraints;
drop table YW_L_XZCF cascade constraints;
drop table YW_L_XZXKDJBG cascade constraints;
drop table YW_L_XZXKZCDX cascade constraints;
drop table YW_L_ZZDJBG cascade constraints;
drop table YW_L_ZZZCDX cascade constraints;
drop table YW_P_GRCL cascade constraints;
drop table YW_P_GRCYZG cascade constraints;
drop table YW_P_GRDB cascade constraints;
drop table YW_P_GRFYQZZX cascade constraints;
drop table YW_P_GRGZ cascade constraints;
drop table YW_P_GRHEIMINGDAN cascade constraints;
drop table YW_P_GRHONGMINGDAN cascade constraints;
drop table YW_P_GRHYDJ cascade constraints;
drop table YW_P_GRJBXX cascade constraints;
drop table YW_P_GRJTSX cascade constraints;
drop table YW_P_GRJYZK cascade constraints;
drop table YW_P_GRNS cascade constraints;
drop table YW_P_GRPJ cascade constraints;
drop table YW_P_GRQS cascade constraints;
drop table YW_P_GRSFBD cascade constraints;
drop table YW_P_GRSYWY cascade constraints;
drop table YW_P_GRXIANXIE cascade constraints;
drop table YW_P_GRXL cascade constraints;
drop table YW_P_GRXZCF cascade constraints;
drop table YW_P_GRXZXK cascade constraints;
drop table YW_P_GRYLBXZT cascade constraints;
drop table YW_P_GRZGZC cascade constraints;
drop table YW_P_GRZGZCX cascade constraints;
drop table YW_P_GRZYFWSC cascade constraints;
drop table YW_P_GRZYHZXX cascade constraints;
drop table YW_P_GRZYJSZG cascade constraints;
drop table YW_P_GRZYZYZG cascade constraints;

/* Create Tables */
create table YW_L_DSJSGG
(
  id          VARCHAR2(50) not null,
  status      VARCHAR2(2) default 0 not null,
  source      VARCHAR2(2),
  create_time DATE,
  create_user VARCHAR2(50),
  bmbm        VARCHAR2(50),
  bmmc        VARCHAR2(200),
  tgrq        DATE,
  rwbh        VARCHAR2(50),
  zzjgdm      VARCHAR2(200),
  jgqcyw      VARCHAR2(200),
  jgqc        VARCHAR2(200),
  gszch       VARCHAR2(200),
  tyshxydm    VARCHAR2(200),
  bz          VARCHAR2(500),
  xm          VARCHAR2(100),
  zjlx        VARCHAR2(100),
  zjhm        VARCHAR2(100),
  zwlx        VARCHAR2(100),
  gj          VARCHAR2(200),
  bghzrq      DATE,
  jgdj_id     VARCHAR2(50)
);

comment on table YW_L_DSJSGG is '董事、监事、高管信息';
comment on column YW_L_DSJSGG.id is '主键';
comment on column YW_L_DSJSGG.status is '数据的状态（是否可用，是否变更过等）';
comment on column YW_L_DSJSGG.source is '数据来源';
comment on column YW_L_DSJSGG.create_time is '创建时间';
comment on column YW_L_DSJSGG.create_user is '创建人ID';
comment on column YW_L_DSJSGG.bmbm is '信息提供部门编码';
comment on column YW_L_DSJSGG.bmmc is '信息提供部门名称';
comment on column YW_L_DSJSGG.tgrq is '提供日期';
comment on column YW_L_DSJSGG.rwbh is '任务编号';
comment on column YW_L_DSJSGG.zzjgdm is '组织机构代码';
comment on column YW_L_DSJSGG.jgqcyw is '机构全称英文';
comment on column YW_L_DSJSGG.jgqc is '机构全称中文';
comment on column YW_L_DSJSGG.gszch is '工商注册号（单位注册号）';
comment on column YW_L_DSJSGG.tyshxydm is '统一社会信用代码';
comment on column YW_L_DSJSGG.bz is '备注';
comment on column YW_L_DSJSGG.xm is '姓名';
comment on column YW_L_DSJSGG.zjlx is '证件类型';
comment on column YW_L_DSJSGG.zjhm is '证件号码';
comment on column YW_L_DSJSGG.zwlx is '职务类型（级别）';
comment on column YW_L_DSJSGG.gj is '国籍';
comment on column YW_L_DSJSGG.bghzrq is '（变更）核准日期';
comment on column YW_L_DSJSGG.jgdj_id is '关联机构设立登记表主键ID';

create index SY_YW_L_DSJSGG_GSZCH on YW_L_DSJSGG (GSZCH);
create index SY_YW_L_DSJSGG_JGQC on YW_L_DSJSGG (JGQC);
create index SY_YW_L_DSJSGG_TYSHXYDM on YW_L_DSJSGG (TYSHXYDM);
create index SY_YW_L_DSJSGG_ZZJGDM on YW_L_DSJSGG (ZZJGDM);
alter table YW_L_DSJSGG add constraint PK_YW_L_DSJSGG primary key (ID);

create table YW_L_FRHYPD
(
  id          VARCHAR2(50) not null,
  status      VARCHAR2(2) default '0' not null,
  source      VARCHAR2(2),
  create_time DATE,
  create_user VARCHAR2(50),
  bmbm        VARCHAR2(50),
  bmmc        VARCHAR2(200),
  tgrq        DATE,
  rwbh        VARCHAR2(50),
  zzjgdm      VARCHAR2(200),
  jgqcyw      VARCHAR2(200),
  jgqc        VARCHAR2(200),
  gszch       VARCHAR2(200),
  tyshxydm    VARCHAR2(200),
  bz          VARCHAR2(500),
  pdmc        VARCHAR2(100),
  pdjg        VARCHAR2(100),
  pdjgmc      VARCHAR2(200),
  pdrq        DATE,
  jgdj_id     VARCHAR2(50)
);

comment on table YW_L_FRHYPD is '法人行业评定信息';
comment on column YW_L_FRHYPD.id is '主键';
comment on column YW_L_FRHYPD.status is '数据的状态（是否可用，是否变更过等）';
comment on column YW_L_FRHYPD.source is '数据来源';
comment on column YW_L_FRHYPD.create_time is '创建时间';
comment on column YW_L_FRHYPD.create_user is '创建人ID';
comment on column YW_L_FRHYPD.bmbm is '信息提供部门编码';
comment on column YW_L_FRHYPD.bmmc is '信息提供部门名称';
comment on column YW_L_FRHYPD.tgrq is '提供日期';
comment on column YW_L_FRHYPD.rwbh is '任务编号';
comment on column YW_L_FRHYPD.zzjgdm is '组织机构代码';
comment on column YW_L_FRHYPD.jgqcyw is '机构全称英文';
comment on column YW_L_FRHYPD.jgqc is '机构全称中文';
comment on column YW_L_FRHYPD.gszch is '工商注册号（单位注册号）';
comment on column YW_L_FRHYPD.tyshxydm is '统一社会信用代码';
comment on column YW_L_FRHYPD.bz is '备注';
comment on column YW_L_FRHYPD.pdmc is '评定名称';
comment on column YW_L_FRHYPD.pdjg is '评定结果';
comment on column YW_L_FRHYPD.pdjgmc is '评定机关名称';
comment on column YW_L_FRHYPD.pdrq is '评定日期';
comment on column YW_L_FRHYPD.jgdj_id is '关联机构设立登记表主键ID';

alter table YW_L_FRHYPD add constraint PK_YW_L_FRHYPD primary key (ID);

create table YW_L_FYPJ
(
  id          VARCHAR2(50) not null,
  status      VARCHAR2(2) default 0 not null,
  source      VARCHAR2(2),
  create_time DATE,
  create_user VARCHAR2(50),
  bmbm        VARCHAR2(50),
  bmmc        VARCHAR2(200),
  tgrq        DATE,
  rwbh        VARCHAR2(50),
  zzjgdm      VARCHAR2(200),
  jgqcyw      VARCHAR2(200),
  jgqc        VARCHAR2(200),
  gszch       VARCHAR2(200),
  tyshxydm    VARCHAR2(200),
  bz          VARCHAR2(500),
  ah          VARCHAR2(100),
  bzxrmc      VARCHAR2(100),
  zxbd        VARCHAR2(500),
  ajzt        VARCHAR2(100),
  lasj        DATE,
  zxfy        VARCHAR2(100),
  jgdj_id     VARCHAR2(50)
);

comment on table YW_L_FYPJ is '企业法院判决信息';
comment on column YW_L_FYPJ.id is '主键';
comment on column YW_L_FYPJ.status is '数据的状态（是否可用，是否变更过等）';
comment on column YW_L_FYPJ.source is '数据来源';
comment on column YW_L_FYPJ.create_time is '创建时间';
comment on column YW_L_FYPJ.create_user is '创建人ID';
comment on column YW_L_FYPJ.bmbm is '信息提供部门编码';
comment on column YW_L_FYPJ.bmmc is '信息提供部门名称';
comment on column YW_L_FYPJ.tgrq is '提供日期';
comment on column YW_L_FYPJ.rwbh is '任务编号';
comment on column YW_L_FYPJ.zzjgdm is '组织机构代码';
comment on column YW_L_FYPJ.jgqcyw is '机构全称英文';
comment on column YW_L_FYPJ.jgqc is '机构全称中文';
comment on column YW_L_FYPJ.gszch is '工商注册号（单位注册号）';
comment on column YW_L_FYPJ.tyshxydm is '统一社会信用代码';
comment on column YW_L_FYPJ.bz is '备注';
comment on column YW_L_FYPJ.ah is '案号';
comment on column YW_L_FYPJ.bzxrmc is '被执行人名称';
comment on column YW_L_FYPJ.zxbd is '执行标的';
comment on column YW_L_FYPJ.ajzt is '案件状态';
comment on column YW_L_FYPJ.lasj is '立案时间';
comment on column YW_L_FYPJ.zxfy is '执行法院';
comment on column YW_L_FYPJ.jgdj_id is '关联机构设立登记表主键ID';

alter table YW_L_FYPJ add constraint PK_YW_L_FYPJ primary key (ID);

create table YW_L_FYZX
(
  id          VARCHAR2(50) not null,
  status      VARCHAR2(2) default 0 not null,
  source      VARCHAR2(2),
  create_time DATE,
  create_user VARCHAR2(50),
  bmbm        VARCHAR2(50),
  bmmc        VARCHAR2(200),
  tgrq        DATE,
  rwbh        VARCHAR2(50),
  zzjgdm      VARCHAR2(200),
  jgqcyw      VARCHAR2(200),
  jgqc        VARCHAR2(200),
  gszch       VARCHAR2(200),
  tyshxydm    VARCHAR2(200),
  bz          VARCHAR2(500),
  ah          VARCHAR2(100),
  ay          VARCHAR2(200),
  ssdw        VARCHAR2(200),
  slfy        VARCHAR2(100),
  lasj        DATE,
  labd        VARCHAR2(200),
  zxyjwh      VARCHAR2(200),
  jarq        DATE,
  jafs        VARCHAR2(200),
  jgdj_id     VARCHAR2(50)
);
comment on table YW_L_FYZX is '企业法院执行信息';
comment on column YW_L_FYZX.id is '主键';
comment on column YW_L_FYZX.status is '数据的状态（是否可用，是否变更过等）';
comment on column YW_L_FYZX.source is '数据来源';
comment on column YW_L_FYZX.create_time is '创建时间';
comment on column YW_L_FYZX.create_user is '创建人ID';
comment on column YW_L_FYZX.bmbm is '信息提供部门编码';
comment on column YW_L_FYZX.bmmc is '信息提供部门名称';
comment on column YW_L_FYZX.tgrq is '提供日期';
comment on column YW_L_FYZX.rwbh is '任务编号';
comment on column YW_L_FYZX.zzjgdm is '组织机构代码';
comment on column YW_L_FYZX.jgqcyw is '机构全称英文';
comment on column YW_L_FYZX.jgqc is '机构全称中文';
comment on column YW_L_FYZX.gszch is '工商注册号（单位注册号）';
comment on column YW_L_FYZX.tyshxydm is '统一社会信用代码';
comment on column YW_L_FYZX.bz is '备注';
comment on column YW_L_FYZX.ah is '案号';
comment on column YW_L_FYZX.ay is '案由';
comment on column YW_L_FYZX.ssdw is '诉讼地位';
comment on column YW_L_FYZX.slfy is '受理法院';
comment on column YW_L_FYZX.lasj is '立案时间';
comment on column YW_L_FYZX.labd is '立案标的';
comment on column YW_L_FYZX.zxyjwh is '执行依据文号';
comment on column YW_L_FYZX.jarq is '结案日期';
comment on column YW_L_FYZX.jafs is '结案方式';
comment on column YW_L_FYZX.jgdj_id is '关联机构设立登记表主键ID';

alter table YW_L_FYZX add constraint PK_YW_L_FYZX primary key (ID);

create table YW_L_FZCHRD
(
  id          VARCHAR2(50) not null,
  status      VARCHAR2(2) default 0 not null,
  source      VARCHAR2(2),
  create_time DATE,
  create_user VARCHAR2(50),
  bmbm        VARCHAR2(50),
  bmmc        VARCHAR2(200),
  tgrq        DATE,
  rwbh        VARCHAR2(50),
  zzjgdm      VARCHAR2(200),
  jgqcyw      VARCHAR2(200),
  jgqc        VARCHAR2(200),
  gszch       VARCHAR2(200),
  tyshxydm    VARCHAR2(200),
  bz          VARCHAR2(500),
  swglm       VARCHAR2(100),
  nsrsbh      VARCHAR2(100),
  nsrmc       VARCHAR2(100),
  nsrzt       VARCHAR2(100),
  fddbrxm     VARCHAR2(50),
  fddbrzjlx   VARCHAR2(500),
  fddbrzjhm   VARCHAR2(50),
  djzclx      VARCHAR2(100),
  zcdz        VARCHAR2(200),
  rdrq        DATE,
  yynx        VARCHAR2(100),
  gljg        VARCHAR2(100),
  jgdj_id     VARCHAR2(50)
);

comment on table YW_L_FZCHRD
  is '企业非正常户认定';
comment on column YW_L_FZCHRD.id
  is '主键';
comment on column YW_L_FZCHRD.status
  is '数据的状态（是否可用，是否变更过等）';
comment on column YW_L_FZCHRD.source
  is '数据来源';
comment on column YW_L_FZCHRD.create_time
  is '创建时间';
comment on column YW_L_FZCHRD.create_user
  is '创建人ID';
comment on column YW_L_FZCHRD.bmbm
  is '信息提供部门编码';
comment on column YW_L_FZCHRD.bmmc
  is '信息提供部门名称';
comment on column YW_L_FZCHRD.tgrq
  is '提供日期';
comment on column YW_L_FZCHRD.rwbh
  is '任务编号';
comment on column YW_L_FZCHRD.zzjgdm
  is '组织机构代码';
comment on column YW_L_FZCHRD.jgqcyw
  is '机构全称英文';
comment on column YW_L_FZCHRD.jgqc
  is '机构全称中文';
comment on column YW_L_FZCHRD.gszch
  is '工商注册号（单位注册号）';
comment on column YW_L_FZCHRD.tyshxydm
  is '统一社会信用代码';
comment on column YW_L_FZCHRD.bz
  is '备注';
comment on column YW_L_FZCHRD.swglm
  is '税务管理码';
comment on column YW_L_FZCHRD.nsrsbh
  is '纳税人识别号';
comment on column YW_L_FZCHRD.nsrmc
  is '纳税人名称';
comment on column YW_L_FZCHRD.nsrzt
  is '纳税人状态';
comment on column YW_L_FZCHRD.fddbrxm
  is '法定代表人姓名';
comment on column YW_L_FZCHRD.fddbrzjlx
  is '法定代表人证件名称（身份证、驾驶证等）';
comment on column YW_L_FZCHRD.fddbrzjhm
  is '法定代表人证件号码（身份证、驾驶证等）';
comment on column YW_L_FZCHRD.djzclx
  is '登记注册类型';
comment on column YW_L_FZCHRD.zcdz
  is '注册地址';
comment on column YW_L_FZCHRD.rdrq
  is '认定日期';
comment on column YW_L_FZCHRD.yynx
  is '应用年限';
comment on column YW_L_FZCHRD.gljg
  is '管理机构';
comment on column YW_L_FZCHRD.jgdj_id
  is '关联机构设立登记表主键ID';
alter table YW_L_FZCHRD
  add constraint PK_YW_L_FZCHRD primary key (ID);

create table YW_L_FZJGBAXX
(
  id          VARCHAR2(50) not null,
  status      VARCHAR2(2) default 0 not null,
  source      VARCHAR2(2),
  create_time DATE,
  create_user VARCHAR2(50),
  bmbm        VARCHAR2(50),
  bmmc        VARCHAR2(200),
  tgrq        DATE,
  rwbh        VARCHAR2(50),
  zzjgdm      VARCHAR2(200),
  jgqcyw      VARCHAR2(200),
  jgqc        VARCHAR2(200),
  gszch       VARCHAR2(200),
  tyshxydm    VARCHAR2(200),
  bz          VARCHAR2(4000),
  jgslid      VARCHAR2(50),
  pjgslid     VARCHAR2(50),
  jgdj_id     VARCHAR2(50)
)
;
comment on table YW_L_FZJGBAXX
  is '企业分支机构关系表';
comment on column YW_L_FZJGBAXX.id
  is '主键';
comment on column YW_L_FZJGBAXX.status
  is '数据的状态（是否可用，是否变更过等）';
comment on column YW_L_FZJGBAXX.source
  is '数据来源';
comment on column YW_L_FZJGBAXX.create_time
  is '创建时间';
comment on column YW_L_FZJGBAXX.create_user
  is '创建人ID';
comment on column YW_L_FZJGBAXX.bmbm
  is '信息提供部门编码';
comment on column YW_L_FZJGBAXX.bmmc
  is '信息提供部门名称';
comment on column YW_L_FZJGBAXX.tgrq
  is '提供日期';
comment on column YW_L_FZJGBAXX.rwbh
  is '任务编号';
comment on column YW_L_FZJGBAXX.zzjgdm
  is '组织机构代码';
comment on column YW_L_FZJGBAXX.jgqcyw
  is '机构全称英文';
comment on column YW_L_FZJGBAXX.jgqc
  is '机构全称中文';
comment on column YW_L_FZJGBAXX.gszch
  is '工商注册号（单位注册号）';
comment on column YW_L_FZJGBAXX.tyshxydm
  is '统一社会信用代码';
comment on column YW_L_FZJGBAXX.bz
  is '备注';
comment on column YW_L_FZJGBAXX.jgslid
  is '机构设立id（值为机构设立主键）';
comment on column YW_L_FZJGBAXX.pjgslid
  is '父级机构设立id（值为机构设立主键）';
comment on column YW_L_FZJGBAXX.jgdj_id
  is '关联机构设立登记表主键ID';
alter table YW_L_FZJGBAXX
  add constraint PK_YW_L_FZJGBAXX primary key (ID);

create table YW_L_GD
(
  id          VARCHAR2(50) not null,
  status      VARCHAR2(2) default 0 not null,
  source      VARCHAR2(2),
  create_time DATE,
  create_user VARCHAR2(50),
  bmbm        VARCHAR2(50),
  bmmc        VARCHAR2(200),
  tgrq        DATE,
  rwbh        VARCHAR2(50),
  zzjgdm      VARCHAR2(200),
  jgqcyw      VARCHAR2(200),
  jgqc        VARCHAR2(200),
  gszch       VARCHAR2(200),
  tyshxydm    VARCHAR2(200),
  bz          VARCHAR2(500),
  gdlx        VARCHAR2(200),
  gdmc        VARCHAR2(100),
  rjcz        NUMBER,
  sjcz        NUMBER,
  djjgmc      VARCHAR2(200),
  djrq        DATE,
  gsgqczzm    VARCHAR2(200),
  bgrq        DATE,
  jgdj_id     VARCHAR2(50)
)
;
comment on table YW_L_GD
  is '股东信息';
comment on column YW_L_GD.id
  is '主键';
comment on column YW_L_GD.status
  is '数据的状态（是否可用，是否变更过等）';
comment on column YW_L_GD.source
  is '数据来源';
comment on column YW_L_GD.create_time
  is '创建时间';
comment on column YW_L_GD.create_user
  is '创建人ID';
comment on column YW_L_GD.bmbm
  is '信息提供部门编码';
comment on column YW_L_GD.bmmc
  is '信息提供部门名称';
comment on column YW_L_GD.tgrq
  is '提供日期';
comment on column YW_L_GD.rwbh
  is '任务编号';
comment on column YW_L_GD.zzjgdm
  is '组织机构代码';
comment on column YW_L_GD.jgqcyw
  is '机构全称英文';
comment on column YW_L_GD.jgqc
  is '机构全称中文';
comment on column YW_L_GD.gszch
  is '工商注册号（单位注册号）';
comment on column YW_L_GD.tyshxydm
  is '统一社会信用代码';
comment on column YW_L_GD.bz
  is '备注';
comment on column YW_L_GD.gdlx
  is '股东类型';
comment on column YW_L_GD.gdmc
  is '股东名称';
comment on column YW_L_GD.rjcz
  is '认缴出资（万元）';
comment on column YW_L_GD.sjcz
  is '实缴出资（万元）';
comment on column YW_L_GD.djjgmc
  is '登记机关名称';
comment on column YW_L_GD.djrq
  is '登记日期';
comment on column YW_L_GD.gsgqczzm
  is '公司股权出质证明';
comment on column YW_L_GD.bgrq
  is '变更日期';
comment on column YW_L_GD.jgdj_id
  is '关联机构设立登记表主键ID';
alter table YW_L_GD
  add constraint PK_YW_L_GD primary key (ID);

create table YW_L_HEIMINGDAN
(
  id          VARCHAR2(50) not null,
  status      VARCHAR2(2) default 1 not null,
  source      VARCHAR2(2),
  create_time DATE,
  create_user VARCHAR2(50),
  bmbm        VARCHAR2(50),
  bmmc        VARCHAR2(200),
  tgrq        DATE,
  rwbh        VARCHAR2(50),
  zzjgdm      VARCHAR2(200),
  jgqcyw      VARCHAR2(200),
  jgqc        VARCHAR2(200),
  gszch       VARCHAR2(200),
  tyshxydm    VARCHAR2(200),
  bz          VARCHAR2(500),
  rddw        VARCHAR2(200),
  rdwh        VARCHAR2(200),
  zcdz        VARCHAR2(500),
  fddbr       VARCHAR2(100),
  fzrxm       VARCHAR2(100),
  zysxss      VARCHAR2(4000),
  scfzynr     VARCHAR2(4000),
  qryzsxrq    DATE,
  gsjzq       DATE,
  jhdwqc      VARCHAR2(200),
  jgdj_id     VARCHAR2(50)
)
;
comment on table YW_L_HEIMINGDAN
  is '社会法人严重失信黑名单';
comment on column YW_L_HEIMINGDAN.id
  is '主键';
comment on column YW_L_HEIMINGDAN.status
  is '状态（1：待公示，2：公示中，3已公示）';
comment on column YW_L_HEIMINGDAN.source
  is '数据来源';
comment on column YW_L_HEIMINGDAN.create_time
  is '创建时间';
comment on column YW_L_HEIMINGDAN.create_user
  is '创建人ID';
comment on column YW_L_HEIMINGDAN.bmbm
  is '信息提供部门编码';
comment on column YW_L_HEIMINGDAN.bmmc
  is '信息提供部门名称';
comment on column YW_L_HEIMINGDAN.tgrq
  is '提供日期';
comment on column YW_L_HEIMINGDAN.rwbh
  is '任务编号';
comment on column YW_L_HEIMINGDAN.zzjgdm
  is '组织机构代码';
comment on column YW_L_HEIMINGDAN.jgqcyw
  is '机构全称英文';
comment on column YW_L_HEIMINGDAN.jgqc
  is '机构全称中文';
comment on column YW_L_HEIMINGDAN.gszch
  is '工商注册号（单位注册号）';
comment on column YW_L_HEIMINGDAN.tyshxydm
  is '统一社会信用代码';
comment on column YW_L_HEIMINGDAN.bz
  is '备注';
comment on column YW_L_HEIMINGDAN.rddw
  is '认定单位';
comment on column YW_L_HEIMINGDAN.rdwh
  is '认定文号';
comment on column YW_L_HEIMINGDAN.zcdz
  is '注册地址';
comment on column YW_L_HEIMINGDAN.fddbr
  is '法定代表人';
comment on column YW_L_HEIMINGDAN.fzrxm
  is '负责人姓名';
comment on column YW_L_HEIMINGDAN.zysxss
  is '主要失信事实 ';
comment on column YW_L_HEIMINGDAN.scfzynr
  is '行政处理处罚或法院判决决定的主要内容';
comment on column YW_L_HEIMINGDAN.qryzsxrq
  is '确认严重失信日期';
comment on column YW_L_HEIMINGDAN.gsjzq
  is '公示截止期';
comment on column YW_L_HEIMINGDAN.jhdwqc
  is '交换单位全称';
comment on column YW_L_HEIMINGDAN.jgdj_id
  is '关联机构设立登记表主键ID';
alter table YW_L_HEIMINGDAN
  add constraint PK_YW_L_HEIMINGDAN primary key (ID);

create table YW_L_HONGMINGDAN
(
  id          VARCHAR2(50) not null,
  status      VARCHAR2(2) default 1 not null,
  source      VARCHAR2(2),
  create_time DATE,
  create_user VARCHAR2(50),
  bmbm        VARCHAR2(50),
  bmmc        VARCHAR2(200),
  tgrq        DATE,
  rwbh        VARCHAR2(50),
  zzjgdm      VARCHAR2(200),
  jgqcyw      VARCHAR2(200),
  jgqc        VARCHAR2(200),
  gszch       VARCHAR2(200),
  tyshxydm    VARCHAR2(200),
  bz          VARCHAR2(500),
  bzwjh       VARCHAR2(100),
  rymc        VARCHAR2(200),
  rdwh        VARCHAR2(100),
  rdjgqc      VARCHAR2(200),
  rdrq        DATE,
  gsjzq       DATE,
  jhdwqc      VARCHAR2(200),
  jgdj_id     VARCHAR2(50)
)
;
comment on table YW_L_HONGMINGDAN
  is '法人红名单';
comment on column YW_L_HONGMINGDAN.id
  is '主键';
comment on column YW_L_HONGMINGDAN.status
  is '状态（1：待公示，2：公示中，3已公示）';
comment on column YW_L_HONGMINGDAN.source
  is '数据来源';
comment on column YW_L_HONGMINGDAN.create_time
  is '创建时间';
comment on column YW_L_HONGMINGDAN.create_user
  is '创建人ID';
comment on column YW_L_HONGMINGDAN.bmbm
  is '信息提供部门编码';
comment on column YW_L_HONGMINGDAN.bmmc
  is '信息提供部门名称';
comment on column YW_L_HONGMINGDAN.tgrq
  is '提供日期';
comment on column YW_L_HONGMINGDAN.rwbh
  is '任务编号';
comment on column YW_L_HONGMINGDAN.zzjgdm
  is '组织机构代码';
comment on column YW_L_HONGMINGDAN.jgqcyw
  is '机构全称英文';
comment on column YW_L_HONGMINGDAN.jgqc
  is '机构全称中文';
comment on column YW_L_HONGMINGDAN.gszch
  is '工商注册号（单位注册号）';
comment on column YW_L_HONGMINGDAN.tyshxydm
  is '统一社会信用代码';
comment on column YW_L_HONGMINGDAN.bz
  is '备注';
comment on column YW_L_HONGMINGDAN.bzwjh
  is '表彰文件号';
comment on column YW_L_HONGMINGDAN.rymc
  is '荣誉名称';
comment on column YW_L_HONGMINGDAN.rdwh
  is '认定文号';
comment on column YW_L_HONGMINGDAN.rdjgqc
  is '认定机关全称';
comment on column YW_L_HONGMINGDAN.rdrq
  is '认定日期';
comment on column YW_L_HONGMINGDAN.gsjzq
  is '公示截止期';
comment on column YW_L_HONGMINGDAN.jhdwqc
  is '交换单位全称';
comment on column YW_L_HONGMINGDAN.jgdj_id
  is '关联机构设立登记表主键ID';
alter table YW_L_HONGMINGDAN
  add constraint PK_YW_L_HONGMINGDAN primary key (ID);

create table YW_L_JGSLBGDJ
(
  id                VARCHAR2(50) not null,
  status            VARCHAR2(2) default 0 not null,
  source            VARCHAR2(2),
  create_time       DATE,
  create_user       VARCHAR2(50),
  bmbm              VARCHAR2(50),
  bmmc              VARCHAR2(200),
  tgrq              DATE,
  rwbh              VARCHAR2(50),
  zzjgdm            VARCHAR2(200),
  jgqcyw            VARCHAR2(200),
  jgqc              VARCHAR2(800),
  gszch             VARCHAR2(200),
  tyshxydm          VARCHAR2(200),
  bz                VARCHAR2(4000),
  sldjlx            VARCHAR2(100),
  zl                VARCHAR2(200),
  fddbrxm           VARCHAR2(250),
  fddbrzjlx         VARCHAR2(250),
  fddbrzjhm         VARCHAR2(250),
  zczj              NUMBER,
  sszj              NUMBER,
  jyfw              VARCHAR2(4000),
  qylxdm            VARCHAR2(200),
  qylxmc            VARCHAR2(200),
  sshymc            VARCHAR2(200),
  sshydm            VARCHAR2(200),
  jgdz              VARCHAR2(500),
  fzjgmc            VARCHAR2(200),
  fzrq              DATE,
  hzrq              DATE,
  jjlx              VARCHAR2(200),
  xzqh              VARCHAR2(500),
  lxdh              VARCHAR2(100),
  jgdw              VARCHAR2(200),
  gdfqr             VARCHAR2(200),
  zjbz              VARCHAR2(50),
  jhdwqc            VARCHAR2(200),
  longitude         NUMBER(11,7),
  latitude          NUMBER(11,7),
  has_lng_lat       CHAR(1) default '0',
  is_address_change CHAR(1) default '0'
)
;
comment on table YW_L_JGSLBGDJ
  is '机构设立（变更）登记信息';
comment on column YW_L_JGSLBGDJ.id
  is '主键';
comment on column YW_L_JGSLBGDJ.status
  is '数据的状态（是否可用，是否变更过等）';
comment on column YW_L_JGSLBGDJ.source
  is '数据来源(00是省里数据，01是区县数据)';
comment on column YW_L_JGSLBGDJ.create_time
  is '创建时间';
comment on column YW_L_JGSLBGDJ.create_user
  is '创建人ID';
comment on column YW_L_JGSLBGDJ.bmbm
  is '信息提供部门编码';
comment on column YW_L_JGSLBGDJ.bmmc
  is '信息提供部门名称';
comment on column YW_L_JGSLBGDJ.tgrq
  is '提供日期';
comment on column YW_L_JGSLBGDJ.rwbh
  is '任务编号';
comment on column YW_L_JGSLBGDJ.zzjgdm
  is '组织机构代码';
comment on column YW_L_JGSLBGDJ.jgqcyw
  is '机构全称英文';
comment on column YW_L_JGSLBGDJ.jgqc
  is '机构全称中文';
comment on column YW_L_JGSLBGDJ.gszch
  is '工商注册号（单位注册号）';
comment on column YW_L_JGSLBGDJ.tyshxydm
  is '统一社会信用代码';
comment on column YW_L_JGSLBGDJ.bz
  is '备注';
comment on column YW_L_JGSLBGDJ.sldjlx
  is '设立登记类型';
comment on column YW_L_JGSLBGDJ.zl
  is '种类（设立/变更）';
comment on column YW_L_JGSLBGDJ.fddbrxm
  is '法定代表人姓名';
comment on column YW_L_JGSLBGDJ.fddbrzjlx
  is '法定代表人证件名称（身份证、驾驶证等）';
comment on column YW_L_JGSLBGDJ.fddbrzjhm
  is '法定代表人证件号码（身份证、驾驶证等）';
comment on column YW_L_JGSLBGDJ.zczj
  is '注册（开办）资金（万元）';
comment on column YW_L_JGSLBGDJ.sszj
  is '实收资金（万元）';
comment on column YW_L_JGSLBGDJ.jyfw
  is '经营范围';
comment on column YW_L_JGSLBGDJ.qylxdm
  is '企业类型代码';
comment on column YW_L_JGSLBGDJ.qylxmc
  is '企业类型名称';
comment on column YW_L_JGSLBGDJ.sshymc
  is '所属行业名称';
comment on column YW_L_JGSLBGDJ.sshydm
  is '所属行业代码';
comment on column YW_L_JGSLBGDJ.jgdz
  is '机构地址（住所）';
comment on column YW_L_JGSLBGDJ.fzjgmc
  is '发证机关名称';
comment on column YW_L_JGSLBGDJ.fzrq
  is '发证日期';
comment on column YW_L_JGSLBGDJ.hzrq
  is '（变更）核准日期';
comment on column YW_L_JGSLBGDJ.jjlx
  is '经济类型';
comment on column YW_L_JGSLBGDJ.xzqh
  is '行政区划';
comment on column YW_L_JGSLBGDJ.lxdh
  is '联系电话';
comment on column YW_L_JGSLBGDJ.jgdw
  is '监管单位';
comment on column YW_L_JGSLBGDJ.gdfqr
  is '股东(发起人)';
comment on column YW_L_JGSLBGDJ.zjbz
  is '资金币种';
comment on column YW_L_JGSLBGDJ.jhdwqc
  is '交换单位全称';
comment on column YW_L_JGSLBGDJ.longitude
  is '企业经度';
comment on column YW_L_JGSLBGDJ.latitude
  is '企业纬度';
comment on column YW_L_JGSLBGDJ.has_lng_lat
  is '是否有经纬度(0:无，1：有)';
comment on column YW_L_JGSLBGDJ.is_address_change
  is '企业地址是否有变化(0:无，1：有)';
create index SY_YW_L_JGSLBGDJ_ZCRQ on YW_L_JGSLBGDJ (FZRQ);
create index YW_L_JGSLBGDJ_GSZCH on YW_L_JGSLBGDJ (GSZCH);
create index YW_L_JGSLBGDJ_JGQC on YW_L_JGSLBGDJ (JGQC);
create index YW_L_JGSLBGDJ_TYSHXYDM on YW_L_JGSLBGDJ (TYSHXYDM);
create index YW_L_JGSLBGDJ_ZZJGDM on YW_L_JGSLBGDJ (ZZJGDM);
alter table YW_L_JGSLBGDJ
  add constraint PK_YW_L_JGSLBGDJ primary key (ID);

create table YW_L_QJF
(
  id          VARCHAR2(50) not null,
  status      VARCHAR2(2) default 0 not null,
  source      VARCHAR2(2),
  create_time DATE,
  create_user VARCHAR2(50),
  bmbm        VARCHAR2(50),
  bmmc        VARCHAR2(200),
  tgrq        DATE,
  rwbh        VARCHAR2(50),
  zzjgdm      VARCHAR2(200),
  jgqcyw      VARCHAR2(200),
  jgqc        VARCHAR2(200),
  gszch       VARCHAR2(200),
  tyshxydm    VARCHAR2(200),
  bz          VARCHAR2(4000),
  qjlxmc      VARCHAR2(200),
  qfsd        VARCHAR2(200),
  qfje        NUMBER,
  qfjsrq      DATE,
  qfjzrq      DATE,
  qfl         VARCHAR2(100),
  rdbmqc      VARCHAR2(200),
  rdrq        DATE,
  jhdwqc      VARCHAR2(200),
  jgdj_id     VARCHAR2(50)
)
;
comment on table YW_L_QJF
  is '法人欠缴费信息';
comment on column YW_L_QJF.id
  is '主键';
comment on column YW_L_QJF.status
  is '数据的状态（是否可用，是否变更过等）';
comment on column YW_L_QJF.source
  is '数据来源';
comment on column YW_L_QJF.create_time
  is '创建时间';
comment on column YW_L_QJF.create_user
  is '创建人ID';
comment on column YW_L_QJF.bmbm
  is '信息提供部门编码';
comment on column YW_L_QJF.bmmc
  is '信息提供部门名称';
comment on column YW_L_QJF.tgrq
  is '提供日期';
comment on column YW_L_QJF.rwbh
  is '任务编号';
comment on column YW_L_QJF.zzjgdm
  is '组织机构代码';
comment on column YW_L_QJF.jgqcyw
  is '机构全称英文';
comment on column YW_L_QJF.jgqc
  is '机构全称中文';
comment on column YW_L_QJF.gszch
  is '工商注册号（单位注册号）';
comment on column YW_L_QJF.tyshxydm
  is '统一社会信用代码';
comment on column YW_L_QJF.bz
  is '备注';
comment on column YW_L_QJF.qjlxmc
  is '欠缴类型名称';
comment on column YW_L_QJF.qfsd
  is '欠费时段';
comment on column YW_L_QJF.qfje
  is '欠费金额（元）';
comment on column YW_L_QJF.qfjsrq
  is '欠费开始日期';
comment on column YW_L_QJF.qfjzrq
  is '欠费截止日期';
comment on column YW_L_QJF.qfl
  is '欠费量';
comment on column YW_L_QJF.rdbmqc
  is '认定部门全称';
comment on column YW_L_QJF.rdrq
  is '认定日期';
comment on column YW_L_QJF.jhdwqc
  is '交换单位全称';
comment on column YW_L_QJF.jgdj_id
  is '关联机构设立登记表主键ID';
alter table YW_L_QJF
  add constraint PK_YW_L_QJF primary key (ID);

create table YW_L_QS
(
  id          VARCHAR2(50) not null,
  status      VARCHAR2(2) default 0 not null,
  source      VARCHAR2(2),
  create_time DATE,
  create_user VARCHAR2(50),
  bmbm        VARCHAR2(50),
  bmmc        VARCHAR2(200),
  tgrq        DATE,
  rwbh        VARCHAR2(50),
  zzjgdm      VARCHAR2(200),
  jgqcyw      VARCHAR2(200),
  jgqc        VARCHAR2(200),
  gszch       VARCHAR2(200),
  tyshxydm    VARCHAR2(200),
  bz          VARCHAR2(500),
  qsszdm      VARCHAR2(200),
  qsszmc      VARCHAR2(200),
  zjjgqc      VARCHAR2(200),
  dqqsje      NUMBER,
  ljqsje      NUMBER,
  qsksrq      DATE,
  qsjzrq      DATE,
  nsrsbh      VARCHAR2(200),
  fddbrmc     VARCHAR2(100),
  fddbrzjlx   VARCHAR2(100),
  fddbrzjhm   VARCHAR2(100),
  djzclx      VARCHAR2(100),
  jhdwqc      VARCHAR2(200),
  jgdj_id     VARCHAR2(50)
)
;
comment on table YW_L_QS
  is '法人欠税信息';
comment on column YW_L_QS.id
  is '主键';
comment on column YW_L_QS.status
  is '数据的状态（是否可用，是否变更过等）';
comment on column YW_L_QS.source
  is '数据来源';
comment on column YW_L_QS.create_time
  is '创建时间';
comment on column YW_L_QS.create_user
  is '创建人ID';
comment on column YW_L_QS.bmbm
  is '信息提供部门编码';
comment on column YW_L_QS.bmmc
  is '信息提供部门名称';
comment on column YW_L_QS.tgrq
  is '提供日期';
comment on column YW_L_QS.rwbh
  is '任务编号';
comment on column YW_L_QS.zzjgdm
  is '组织机构代码';
comment on column YW_L_QS.jgqcyw
  is '机构全称英文';
comment on column YW_L_QS.jgqc
  is '机构全称中文';
comment on column YW_L_QS.gszch
  is '工商注册号（单位注册号）';
comment on column YW_L_QS.tyshxydm
  is '统一社会信用代码';
comment on column YW_L_QS.bz
  is '备注';
comment on column YW_L_QS.qsszdm
  is '欠税税种代码';
comment on column YW_L_QS.qsszmc
  is '欠税税种名称';
comment on column YW_L_QS.zjjgqc
  is '征缴机关全称';
comment on column YW_L_QS.dqqsje
  is '当期欠税金额（元）';
comment on column YW_L_QS.ljqsje
  is '累计欠税金额合计';
comment on column YW_L_QS.qsksrq
  is '欠税开始日期（统计日期）';
comment on column YW_L_QS.qsjzrq
  is '欠税截止日期（补缴日期）';
comment on column YW_L_QS.nsrsbh
  is '纳税人识别号';
comment on column YW_L_QS.fddbrmc
  is '法定代表人名称';
comment on column YW_L_QS.fddbrzjlx
  is '法定代表人证件类型';
comment on column YW_L_QS.fddbrzjhm
  is '法定代表人证件号码';
comment on column YW_L_QS.djzclx
  is '登记注册类型';
comment on column YW_L_QS.jhdwqc
  is '交换单位全称';
comment on column YW_L_QS.jgdj_id
  is '关联机构设立登记表主键ID';
alter table YW_L_QS
  add constraint PK_YW_L_QS primary key (ID);

create table YW_L_QYBZRY
(
  id          VARCHAR2(50) not null,
  status      VARCHAR2(2) default 0 not null,
  source      VARCHAR2(2),
  create_time DATE,
  create_user VARCHAR2(50),
  bmbm        VARCHAR2(50),
  bmmc        VARCHAR2(200),
  tgrq        DATE,
  rwbh        VARCHAR2(50),
  zzjgdm      VARCHAR2(200),
  jgqcyw      VARCHAR2(200),
  jgqc        VARCHAR2(200),
  gszch       VARCHAR2(200),
  tyshxydm    VARCHAR2(200),
  bz          VARCHAR2(4000),
  bzwjh       VARCHAR2(100),
  bzmc        VARCHAR2(200),
  rydj        VARCHAR2(100),
  rynr        VARCHAR2(4000),
  rdjgqc      VARCHAR2(200),
  rdrq        DATE,
  jhdwqc      VARCHAR2(200),
  jgdj_id     VARCHAR2(50)
)
;
comment on table YW_L_QYBZRY
  is '企业表彰荣誉信息';
comment on column YW_L_QYBZRY.id
  is '主键';
comment on column YW_L_QYBZRY.status
  is '数据的状态（是否可用，是否变更过等）';
comment on column YW_L_QYBZRY.source
  is '数据来源';
comment on column YW_L_QYBZRY.create_time
  is '创建时间';
comment on column YW_L_QYBZRY.create_user
  is '创建人ID';
comment on column YW_L_QYBZRY.bmbm
  is '信息提供部门编码';
comment on column YW_L_QYBZRY.bmmc
  is '信息提供部门名称';
comment on column YW_L_QYBZRY.tgrq
  is '提供日期';
comment on column YW_L_QYBZRY.rwbh
  is '任务编号';
comment on column YW_L_QYBZRY.zzjgdm
  is '组织机构代码';
comment on column YW_L_QYBZRY.jgqcyw
  is '机构全称英文';
comment on column YW_L_QYBZRY.jgqc
  is '机构全称中文';
comment on column YW_L_QYBZRY.gszch
  is '工商注册号（单位注册号）';
comment on column YW_L_QYBZRY.tyshxydm
  is '统一社会信用代码';
comment on column YW_L_QYBZRY.bz
  is '备注';
comment on column YW_L_QYBZRY.bzwjh
  is '表彰文件号';
comment on column YW_L_QYBZRY.bzmc
  is '表彰名称';
comment on column YW_L_QYBZRY.rydj
  is '荣誉等级';
comment on column YW_L_QYBZRY.rynr
  is '荣誉内容';
comment on column YW_L_QYBZRY.rdjgqc
  is '认定机关全称';
comment on column YW_L_QYBZRY.rdrq
  is '认定日期';
comment on column YW_L_QYBZRY.jhdwqc
  is '交换单位全称';
comment on column YW_L_QYBZRY.jgdj_id
  is '关联机构设立登记表主键ID';
create index YW_L_QYBZRY_JGDJ_ID on YW_L_QYBZRY (JGDJ_ID);
alter table YW_L_QYBZRY
  add constraint PK_YW_L_QYBZRY primary key (ID);

create table YW_L_QYCB
(
  id          VARCHAR2(50) not null,
  status      VARCHAR2(2) default 0 not null,
  source      VARCHAR2(2),
  create_time DATE,
  create_user VARCHAR2(50),
  bmbm        VARCHAR2(50),
  bmmc        VARCHAR2(200),
  tgrq        DATE,
  rwbh        VARCHAR2(50),
  zzjgdm      VARCHAR2(200),
  jgqcyw      VARCHAR2(200),
  jgqc        VARCHAR2(200),
  gszch       VARCHAR2(200),
  tyshxydm    VARCHAR2(200),
  bz          VARCHAR2(500),
  shbxdjzbh   VARCHAR2(100),
  dwcbjfzt    VARCHAR2(100),
  cbqsrq      DATE,
  jbjgdm      VARCHAR2(100),
  jbjgmc      VARCHAR2(200),
  dwbm        VARCHAR2(100),
  jgdj_id     VARCHAR2(50)
)
;
comment on table YW_L_QYCB
  is '企业参保信息';
comment on column YW_L_QYCB.id
  is '主键';
comment on column YW_L_QYCB.status
  is '数据的状态（是否可用，是否变更过等）';
comment on column YW_L_QYCB.source
  is '数据来源';
comment on column YW_L_QYCB.create_time
  is '创建时间';
comment on column YW_L_QYCB.create_user
  is '创建人ID';
comment on column YW_L_QYCB.bmbm
  is '信息提供部门编码';
comment on column YW_L_QYCB.bmmc
  is '信息提供部门名称';
comment on column YW_L_QYCB.tgrq
  is '提供日期';
comment on column YW_L_QYCB.rwbh
  is '任务编号';
comment on column YW_L_QYCB.zzjgdm
  is '组织机构代码';
comment on column YW_L_QYCB.jgqcyw
  is '机构全称英文';
comment on column YW_L_QYCB.jgqc
  is '机构全称中文';
comment on column YW_L_QYCB.gszch
  is '工商注册号（单位注册号）';
comment on column YW_L_QYCB.tyshxydm
  is '统一社会信用代码';
comment on column YW_L_QYCB.bz
  is '备注';
comment on column YW_L_QYCB.shbxdjzbh
  is '社会保险登记证编号';
comment on column YW_L_QYCB.dwcbjfzt
  is '单位参保缴费状态';
comment on column YW_L_QYCB.cbqsrq
  is '参保起始日期';
comment on column YW_L_QYCB.jbjgdm
  is '经办机关代码';
comment on column YW_L_QYCB.jbjgmc
  is '经办机关名称';
comment on column YW_L_QYCB.dwbm
  is '单位编码社保系统标识企业的唯一内码';
comment on column YW_L_QYCB.jgdj_id
  is '关联机构设立登记表主键ID';
create index SY_YW_L_QYCB_GSZCH on YW_L_QYCB (GSZCH);
create index SY_YW_L_QYCB_JGQC on YW_L_QYCB (JGQC);
create index SY_YW_L_QYCB_TYSHXYDM on YW_L_QYCB (TYSHXYDM);
create index SY_YW_L_QYCB_ZZJGDM on YW_L_QYCB (ZZJGDM);
alter table YW_L_QYCB
  add constraint PK_YW_L_QYCB primary key (ID);

create table YW_L_QYCBJF
(
  id          VARCHAR2(50) not null,
  status      VARCHAR2(2) default 0 not null,
  source      VARCHAR2(2),
  create_time DATE,
  create_user VARCHAR2(50),
  bmbm        VARCHAR2(50),
  bmmc        VARCHAR2(200),
  tgrq        DATE,
  rwbh        VARCHAR2(50),
  zzjgdm      VARCHAR2(200),
  jgqcyw      VARCHAR2(200),
  jgqc        VARCHAR2(200),
  gszch       VARCHAR2(200),
  tyshxydm    VARCHAR2(200),
  bz          VARCHAR2(500),
  jfny        VARCHAR2(100),
  swjfjs      NUMBER,
  grjfjs      NUMBER,
  byyjje      NUMBER,
  bysjje      NUMBER,
  tcqdm       VARCHAR2(100),
  tcqmc       VARCHAR2(200),
  cbrs        NUMBER,
  lb          VARCHAR2(100),
  dwbm        VARCHAR2(100),
  jgdj_id     VARCHAR2(50)
)
;
comment on table YW_L_QYCBJF
  is '企业参保缴费信息';
comment on column YW_L_QYCBJF.id
  is '主键';
comment on column YW_L_QYCBJF.status
  is '数据的状态（是否可用，是否变更过等）';
comment on column YW_L_QYCBJF.source
  is '数据来源';
comment on column YW_L_QYCBJF.create_time
  is '创建时间';
comment on column YW_L_QYCBJF.create_user
  is '创建人ID';
comment on column YW_L_QYCBJF.bmbm
  is '信息提供部门编码';
comment on column YW_L_QYCBJF.bmmc
  is '信息提供部门名称';
comment on column YW_L_QYCBJF.tgrq
  is '提供日期';
comment on column YW_L_QYCBJF.rwbh
  is '任务编号';
comment on column YW_L_QYCBJF.zzjgdm
  is '组织机构代码';
comment on column YW_L_QYCBJF.jgqcyw
  is '机构全称英文';
comment on column YW_L_QYCBJF.jgqc
  is '机构全称中文';
comment on column YW_L_QYCBJF.gszch
  is '工商注册号（单位注册号）';
comment on column YW_L_QYCBJF.tyshxydm
  is '统一社会信用代码';
comment on column YW_L_QYCBJF.bz
  is '备注';
comment on column YW_L_QYCBJF.jfny
  is '缴费年月';
comment on column YW_L_QYCBJF.swjfjs
  is '单位缴费基数';
comment on column YW_L_QYCBJF.grjfjs
  is '个人缴费基数';
comment on column YW_L_QYCBJF.byyjje
  is '本月应缴金额合计（元）';
comment on column YW_L_QYCBJF.bysjje
  is '本月实缴金额合计（元）';
comment on column YW_L_QYCBJF.tcqdm
  is '统筹区代码';
comment on column YW_L_QYCBJF.tcqmc
  is '统筹区名称';
comment on column YW_L_QYCBJF.cbrs
  is '参保人数';
comment on column YW_L_QYCBJF.lb
  is '类别（包含医疗，失业，生育，工伤，养老保险五种险种，含0缴费）';
comment on column YW_L_QYCBJF.dwbm
  is '单位编码';
comment on column YW_L_QYCBJF.jgdj_id
  is '关联机构设立登记表主键ID';
create index SY_YW_L_QYCBJF_GSZCH on YW_L_QYCBJF (GSZCH);
create index SY_YW_L_QYCBJF_JGQC on YW_L_QYCBJF (JGQC);
create index SY_YW_L_QYCBJF_TYSHXYDM on YW_L_QYCBJF (TYSHXYDM);
create index SY_YW_L_QYCBJF_ZZJGDM on YW_L_QYCBJF (ZZJGDM);
alter table YW_L_QYCBJF
  add constraint PK_YW_L_QYCBJF primary key (ID);

create table YW_L_QYCBQJ
(
  id          VARCHAR2(50) not null,
  status      VARCHAR2(2) default 0 not null,
  source      VARCHAR2(2),
  create_time DATE,
  create_user VARCHAR2(50),
  bmbm        VARCHAR2(50),
  bmmc        VARCHAR2(200),
  tgrq        DATE,
  rwbh        VARCHAR2(50),
  zzjgdm      VARCHAR2(200),
  jgqcyw      VARCHAR2(200),
  jgqc        VARCHAR2(200),
  gszch       VARCHAR2(200),
  tyshxydm    VARCHAR2(200),
  bz          VARCHAR2(4000),
  byqjje      NUMBER,
  qjny        VARCHAR2(100),
  ljqjje      NUMBER,
  ljqjys      NUMBER,
  jbjgqc      VARCHAR2(200),
  rdrq        DATE,
  sfbj        VARCHAR2(100),
  sxyzcd      VARCHAR2(100),
  sxxwyxq     DATE,
  tcqdm       VARCHAR2(100),
  tcqmc       VARCHAR2(200),
  lb          VARCHAR2(100),
  dwbm        VARCHAR2(100),
  jhdwqc      VARCHAR2(200),
  jgdj_id     VARCHAR2(50)
)
;
comment on table YW_L_QYCBQJ
  is '企业参保欠缴信息';
comment on column YW_L_QYCBQJ.id
  is '主键';
comment on column YW_L_QYCBQJ.status
  is '数据的状态（是否可用，是否变更过等）';
comment on column YW_L_QYCBQJ.source
  is '数据来源';
comment on column YW_L_QYCBQJ.create_time
  is '创建时间';
comment on column YW_L_QYCBQJ.create_user
  is '创建人ID';
comment on column YW_L_QYCBQJ.bmbm
  is '信息提供部门编码';
comment on column YW_L_QYCBQJ.bmmc
  is '信息提供部门名称';
comment on column YW_L_QYCBQJ.tgrq
  is '提供日期';
comment on column YW_L_QYCBQJ.rwbh
  is '任务编号';
comment on column YW_L_QYCBQJ.zzjgdm
  is '组织机构代码';
comment on column YW_L_QYCBQJ.jgqcyw
  is '机构全称英文';
comment on column YW_L_QYCBQJ.jgqc
  is '机构全称中文';
comment on column YW_L_QYCBQJ.gszch
  is '工商注册号（单位注册号）';
comment on column YW_L_QYCBQJ.tyshxydm
  is '统一社会信用代码';
comment on column YW_L_QYCBQJ.bz
  is '备注';
comment on column YW_L_QYCBQJ.byqjje
  is '本月欠缴金额（元）';
comment on column YW_L_QYCBQJ.qjny
  is '欠缴年月';
comment on column YW_L_QYCBQJ.ljqjje
  is '累计欠缴金额合计（元）';
comment on column YW_L_QYCBQJ.ljqjys
  is '累计欠缴月数';
comment on column YW_L_QYCBQJ.jbjgqc
  is '经办机关全称';
comment on column YW_L_QYCBQJ.rdrq
  is '认定日期';
comment on column YW_L_QYCBQJ.sfbj
  is '是否补缴';
comment on column YW_L_QYCBQJ.sxyzcd
  is '失信严重程度';
comment on column YW_L_QYCBQJ.sxxwyxq
  is '失信行为有效期';
comment on column YW_L_QYCBQJ.tcqdm
  is '统筹区代码';
comment on column YW_L_QYCBQJ.tcqmc
  is '统筹区名称';
comment on column YW_L_QYCBQJ.lb
  is '类别（包含医疗，失业，生育，工伤，养老保险五种险种，含0缴费）';
comment on column YW_L_QYCBQJ.dwbm
  is '单位编码';
comment on column YW_L_QYCBQJ.jhdwqc
  is '交换单位全称';
comment on column YW_L_QYCBQJ.jgdj_id
  is '关联机构设立登记表主键ID';
create index SY_YW_L_QYCBQJ_GSZCH on YW_L_QYCBQJ (GSZCH);
create index SY_YW_L_QYCBQJ_JGQC on YW_L_QYCBQJ (JGQC);
create index SY_YW_L_QYCBQJ_TYSHXYDM on YW_L_QYCBQJ (TYSHXYDM);
create index SY_YW_L_QYCBQJ_ZZJGDM on YW_L_QYCBQJ (ZZJGDM);
alter table YW_L_QYCBQJ
  add constraint PK_YW_L_QYCBQJ primary key (ID);

create table YW_L_QYSWDJ
(
  id          VARCHAR2(50) not null,
  status      VARCHAR2(2) default 0 not null,
  source      VARCHAR2(2),
  create_time DATE,
  create_user VARCHAR2(50),
  bmbm        VARCHAR2(50),
  bmmc        VARCHAR2(200),
  tgrq        DATE,
  rwbh        VARCHAR2(50),
  zzjgdm      VARCHAR2(200),
  jgqcyw      VARCHAR2(200),
  jgqc        VARCHAR2(200),
  gszch       VARCHAR2(200),
  tyshxydm    VARCHAR2(200),
  bz          VARCHAR2(500),
  swglm       VARCHAR2(100),
  nsrsbh      VARCHAR2(100),
  fddbrxm     VARCHAR2(50),
  fddbrzjlx   VARCHAR2(500),
  fddbrzjhm   VARCHAR2(50),
  djzclx      VARCHAR2(100),
  shjg        VARCHAR2(200),
  shsj        DATE,
  shdw        VARCHAR2(100),
  qy          VARCHAR2(100),
  jgdj_id     VARCHAR2(50)
)
;
comment on table YW_L_QYSWDJ
  is '企业税务登记信息';
comment on column YW_L_QYSWDJ.id
  is '主键';
comment on column YW_L_QYSWDJ.status
  is '数据的状态（是否可用，是否变更过等）';
comment on column YW_L_QYSWDJ.source
  is '数据来源';
comment on column YW_L_QYSWDJ.create_time
  is '创建时间';
comment on column YW_L_QYSWDJ.create_user
  is '创建人ID';
comment on column YW_L_QYSWDJ.bmbm
  is '信息提供部门编码';
comment on column YW_L_QYSWDJ.bmmc
  is '信息提供部门名称';
comment on column YW_L_QYSWDJ.tgrq
  is '提供日期';
comment on column YW_L_QYSWDJ.rwbh
  is '任务编号';
comment on column YW_L_QYSWDJ.zzjgdm
  is '组织机构代码';
comment on column YW_L_QYSWDJ.jgqcyw
  is '机构全称英文';
comment on column YW_L_QYSWDJ.jgqc
  is '机构全称中文';
comment on column YW_L_QYSWDJ.gszch
  is '工商注册号（单位注册号）';
comment on column YW_L_QYSWDJ.tyshxydm
  is '统一社会信用代码';
comment on column YW_L_QYSWDJ.bz
  is '备注';
comment on column YW_L_QYSWDJ.swglm
  is '税务管理码';
comment on column YW_L_QYSWDJ.nsrsbh
  is '纳税人识别号';
comment on column YW_L_QYSWDJ.fddbrxm
  is '法定代表人姓名';
comment on column YW_L_QYSWDJ.fddbrzjlx
  is '法定代表人证件名称（身份证、驾驶证等）';
comment on column YW_L_QYSWDJ.fddbrzjhm
  is '法定代表人证件号码（身份证、驾驶证等）';
comment on column YW_L_QYSWDJ.djzclx
  is '登记注册类型';
comment on column YW_L_QYSWDJ.shjg
  is '审核结果';
comment on column YW_L_QYSWDJ.shsj
  is '审核时间';
comment on column YW_L_QYSWDJ.shdw
  is '审核单位';
comment on column YW_L_QYSWDJ.qy
  is '区域';
comment on column YW_L_QYSWDJ.jgdj_id
  is '关联机构设立登记表主键ID';
alter table YW_L_QYSWDJ
  add constraint PK_YW_L_QYSWDJ primary key (ID);

create table YW_L_QYXYGBXX
(
  id          VARCHAR2(50) not null,
  status      VARCHAR2(2) default 0 not null,
  source      VARCHAR2(2),
  create_time DATE,
  create_user VARCHAR2(50),
  bmbm        VARCHAR2(50),
  bmmc        VARCHAR2(200),
  tgrq        DATE,
  rwbh        VARCHAR2(50),
  zzjgdm      VARCHAR2(200),
  jgqcyw      VARCHAR2(200),
  jgqc        VARCHAR2(200),
  gszch       VARCHAR2(200),
  tyshxydm    VARCHAR2(200),
  bz          VARCHAR2(4000),
  gbrdbmqc    VARCHAR2(200),
  gbrq        DATE,
  jhdwqc      VARCHAR2(200),
  jgdj_id     VARCHAR2(50)
)
;
comment on table YW_L_QYXYGBXX
  is '企业信用贯标信息';
comment on column YW_L_QYXYGBXX.id
  is '主键';
comment on column YW_L_QYXYGBXX.status
  is '数据的状态（是否可用，是否变更过等）';
comment on column YW_L_QYXYGBXX.source
  is '数据来源';
comment on column YW_L_QYXYGBXX.create_time
  is '创建时间';
comment on column YW_L_QYXYGBXX.create_user
  is '创建人ID';
comment on column YW_L_QYXYGBXX.bmbm
  is '信息提供部门编码';
comment on column YW_L_QYXYGBXX.bmmc
  is '信息提供部门名称';
comment on column YW_L_QYXYGBXX.tgrq
  is '提供日期';
comment on column YW_L_QYXYGBXX.rwbh
  is '任务编号';
comment on column YW_L_QYXYGBXX.zzjgdm
  is '组织机构代码';
comment on column YW_L_QYXYGBXX.jgqcyw
  is '机构全称英文';
comment on column YW_L_QYXYGBXX.jgqc
  is '机构全称中文';
comment on column YW_L_QYXYGBXX.gszch
  is '工商注册号（单位注册号）';
comment on column YW_L_QYXYGBXX.tyshxydm
  is '统一社会信用代码';
comment on column YW_L_QYXYGBXX.bz
  is '备注';
comment on column YW_L_QYXYGBXX.gbrdbmqc
  is '贯标认定部门全称';
comment on column YW_L_QYXYGBXX.gbrq
  is '贯标日期';
comment on column YW_L_QYXYGBXX.jhdwqc
  is '交换单位全称';
comment on column YW_L_QYXYGBXX.jgdj_id
  is '关联机构设立登记表主键ID';
alter table YW_L_QYXYGBXX
  add constraint PK_YW_L_QYXYGBXX primary key (ID);

-- Create table
create table YW_L_SGSXZCF
(
  id           VARCHAR2(50) not null,
  status       VARCHAR2(2) default 1 not null,
  source       VARCHAR2(2),
  create_time  DATE,
  create_user  VARCHAR2(50),
  bmbm         VARCHAR2(50),
  bmmc         VARCHAR2(200),
  tgrq         DATE,
  rwbh         VARCHAR2(50),
  zzjgdm       VARCHAR2(200),
  jgqcyw       VARCHAR2(200),
  jgqc         VARCHAR2(200),
  gszch        VARCHAR2(200),
  tyshxydm     VARCHAR2(200),
  bz           VARCHAR2(500),
  cfjdswh      VARCHAR2(200),
  ajmc         VARCHAR2(500),
  cfbm         VARCHAR2(200),
  cfsy         VARCHAR2(2000),
  cfyj         VARCHAR2(2000),
  cfzl         VARCHAR2(200),
  cfjg         VARCHAR2(500),
  cfdj         VARCHAR2(200),
  cfsxq        DATE,
  cfjzq        DATE,
  xzxdrmc      VARCHAR2(100),
  fddbrmc      VARCHAR2(100),
  fddbrsfzh    VARCHAR2(50),
  cfjgmc       VARCHAR2(200),
  dqzt         VARCHAR2(100) default 0,
  dfbm         VARCHAR2(100),
  gxsjc        DATE,
  syfw         VARCHAR2(200),
  gsjzq        DATE,
  xzxdrswdjh   VARCHAR2(100),
  jgdj_id      VARCHAR2(50),
  cflb2        VARCHAR2(200),
  subject_type INTEGER default 0
);
-- Add comments to the table 
comment on table YW_L_SGSXZCF
  is '双公示-行政处罚信息（法人、自然人）';
-- Add comments to the columns 
comment on column YW_L_SGSXZCF.id
  is '主键';
comment on column YW_L_SGSXZCF.status
  is '数据状态（未整合("0"), 已整合("1"), 已修复("2"), 已删除("3"), 已修正("4")）';
comment on column YW_L_SGSXZCF.source
  is '数据来源';
comment on column YW_L_SGSXZCF.create_time
  is '创建时间';
comment on column YW_L_SGSXZCF.create_user
  is '创建人ID';
comment on column YW_L_SGSXZCF.bmbm
  is '信息提供部门编码';
comment on column YW_L_SGSXZCF.bmmc
  is '信息提供部门名称';
comment on column YW_L_SGSXZCF.tgrq
  is '提供日期';
comment on column YW_L_SGSXZCF.rwbh
  is '任务编号';
comment on column YW_L_SGSXZCF.zzjgdm
  is '行政相对人代码_2 (组织机构代码)';
comment on column YW_L_SGSXZCF.jgqcyw
  is '机构全称英文';
comment on column YW_L_SGSXZCF.jgqc
  is '机构全称中文';
comment on column YW_L_SGSXZCF.gszch
  is '行政相对人代码_3 (工商登记码)';
comment on column YW_L_SGSXZCF.tyshxydm
  is '行政相对人代码_1 (统一社会信用代码)';
comment on column YW_L_SGSXZCF.bz
  is '备注';
comment on column YW_L_SGSXZCF.cfjdswh
  is '行政处罚决定书文号';
comment on column YW_L_SGSXZCF.ajmc
  is '处罚名称';
comment on column YW_L_SGSXZCF.cfbm
  is '行政处罚编码';
comment on column YW_L_SGSXZCF.cfsy
  is '处罚事由（违法事实、案由）';
comment on column YW_L_SGSXZCF.cfyj
  is '处罚依据';
comment on column YW_L_SGSXZCF.cfzl
  is '处罚类别1';
comment on column YW_L_SGSXZCF.cfjg
  is '处罚结果';
comment on column YW_L_SGSXZCF.cfdj
  is '处罚等级，失信严重程度（未定，一般、较重、严重）';
comment on column YW_L_SGSXZCF.cfsxq
  is '处罚生效期';
comment on column YW_L_SGSXZCF.cfjzq
  is '处罚截止期';
comment on column YW_L_SGSXZCF.xzxdrmc
  is '行政相对人名称';
comment on column YW_L_SGSXZCF.fddbrmc
  is '法定代表人姓名';
comment on column YW_L_SGSXZCF.fddbrsfzh
  is '行政相对人代码_5 (居民身份证号)';
comment on column YW_L_SGSXZCF.cfjgmc
  is '处罚机关';
comment on column YW_L_SGSXZCF.dqzt
  is '0=正常（公示中），1=撤销（取消公示），2=异议，3=其他';
comment on column YW_L_SGSXZCF.dfbm
  is '地方编码';
comment on column YW_L_SGSXZCF.gxsjc
  is '数据更新时间戳';
comment on column YW_L_SGSXZCF.syfw
  is '信息使用范围（公示，内部共享，授权查询）';
comment on column YW_L_SGSXZCF.gsjzq
  is '公示截止期';
comment on column YW_L_SGSXZCF.xzxdrswdjh
  is '行政相对人代码_4 (税务登记号)';
comment on column YW_L_SGSXZCF.jgdj_id
  is '关联机构设立登记表主键ID';
comment on column YW_L_SGSXZCF.cflb2
  is '处罚类别2';
comment on column YW_L_SGSXZCF.subject_type
  is '主体类型（0：法人，1：自然人）';
-- Create/Recreate indexes 
create index INX_YW_L_SGSXZCF_RWBH on YW_L_SGSXZCF (RWBH);
-- Create/Recreate primary, unique and foreign key constraints 
alter table YW_L_SGSXZCF
  add constraint PK_YW_L_SGSXZCF primary key (ID)
  using index;
ALTER TABLE YW_L_SGSXZCF ADD SUBJECT_TYPE INT DEFAULT 0 NULL;
COMMENT ON COLUMN YW_L_SGSXZCF.SUBJECT_TYPE IS '主体类型（0：法人，1：自然人  kettle清洗时赋值）';
COMMENT ON TABLE YW_L_SGSXZCF IS '双公示-行政处罚信息（法人、自然人）';


-- Create table
create table YW_L_SGSXZXK
(
  id           VARCHAR2(50) not null,
  status       VARCHAR2(2) default 1 not null,
  source       VARCHAR2(2),
  create_time  DATE,
  create_user  VARCHAR2(50),
  bmbm         VARCHAR2(50),
  bmmc         VARCHAR2(200),
  tgrq         DATE,
  rwbh         VARCHAR2(50),
  zzjgdm       VARCHAR2(200),
  jgqcyw       VARCHAR2(200),
  jgqc         VARCHAR2(200),
  gszch        VARCHAR2(200),
  tyshxydm     VARCHAR2(200),
  bz           VARCHAR2(500),
  xkjdswh      VARCHAR2(200),
  xmmc         VARCHAR2(200),
  xzxkbm       VARCHAR2(100),
  splb         VARCHAR2(100),
  xknr         VARCHAR2(2500),
  xzxdrmc      VARCHAR2(100),
  swdjh        VARCHAR2(100),
  fddbrmc      VARCHAR2(100),
  fddbrsfzh    VARCHAR2(50),
  xksxq        DATE,
  xkjzq        DATE,
  xkjg         VARCHAR2(200),
  dqzt         VARCHAR2(50) default 0,
  dfbm         VARCHAR2(100),
  gxsjc        DATE,
  syfw         VARCHAR2(200),
  gsjzq        DATE,
  xzxdrswdjh   VARCHAR2(100),
  jgdj_id      VARCHAR2(50),
  subject_type INTEGER default 0
);
-- Add comments to the table 
comment on table YW_L_SGSXZXK
  is '双公示-行政许可信息（法人、自然人）';
-- Add comments to the columns 
comment on column YW_L_SGSXZXK.id
  is '主键';
comment on column YW_L_SGSXZXK.status
  is '数据状态（未整合("0"), 已整合("1"), 已修复("2"), 已删除("3"), 已修正("4")）';
comment on column YW_L_SGSXZXK.source
  is '数据来源';
comment on column YW_L_SGSXZXK.create_time
  is '创建时间';
comment on column YW_L_SGSXZXK.create_user
  is '创建人ID';
comment on column YW_L_SGSXZXK.bmbm
  is '信息提供部门编码';
comment on column YW_L_SGSXZXK.bmmc
  is '信息提供部门名称';
comment on column YW_L_SGSXZXK.tgrq
  is '提供日期';
comment on column YW_L_SGSXZXK.rwbh
  is '任务编号';
comment on column YW_L_SGSXZXK.zzjgdm
  is '行政相对人代码＿2（组织机构代码）';
comment on column YW_L_SGSXZXK.jgqcyw
  is '机构全称英文';
comment on column YW_L_SGSXZXK.jgqc
  is '机构全称中文';
comment on column YW_L_SGSXZXK.gszch
  is '行政相对人代码＿3（工商登记码）';
comment on column YW_L_SGSXZXK.tyshxydm
  is '行政相对人代码＿1（统一社会信用代码）';
comment on column YW_L_SGSXZXK.bz
  is '备注';
comment on column YW_L_SGSXZXK.xkjdswh
  is '许可决定书文号';
comment on column YW_L_SGSXZXK.xmmc
  is '项目名称';
comment on column YW_L_SGSXZXK.xzxkbm
  is '行政许可编码';
comment on column YW_L_SGSXZXK.splb
  is '审批类别（普通许可，特许认可，核准登记，其他）';
comment on column YW_L_SGSXZXK.xknr
  is '许可内容';
comment on column YW_L_SGSXZXK.xzxdrmc
  is '行政相对人名称';
comment on column YW_L_SGSXZXK.swdjh
  is '行政相对人代码＿4（税务登记码）';
comment on column YW_L_SGSXZXK.fddbrmc
  is '法定代表人名称';
comment on column YW_L_SGSXZXK.fddbrsfzh
  is '行政相对人代码＿5（居民身份证号）';
comment on column YW_L_SGSXZXK.xksxq
  is '许可决定日期';
comment on column YW_L_SGSXZXK.xkjzq
  is '许可截止期';
comment on column YW_L_SGSXZXK.xkjg
  is '许可机关';
comment on column YW_L_SGSXZXK.dqzt
  is '0=正常（公示中），1=撤销（取消公示），2=异议，3=其他';
comment on column YW_L_SGSXZXK.dfbm
  is '地方编码';
comment on column YW_L_SGSXZXK.gxsjc
  is '数据更新时间戳';
comment on column YW_L_SGSXZXK.syfw
  is '信息使用范围（公示，内部共享，授权查询）';
comment on column YW_L_SGSXZXK.gsjzq
  is '公示截止期';
comment on column YW_L_SGSXZXK.xzxdrswdjh
  is '行政相对人税务登记号';
comment on column YW_L_SGSXZXK.jgdj_id
  is '关联机构设立登记表主键ID';
comment on column YW_L_SGSXZXK.subject_type
  is '主体类型（0：法人，1：自然人）';
-- Create/Recreate indexes 
create index INX_YW_L_SGSXZXK_RWBH on YW_L_SGSXZXK (RWBH);
-- Create/Recreate primary, unique and foreign key constraints 
alter table YW_L_SGSXZXK
  add constraint PK_YW_L_SGSXZXK primary key (ID)
  using index;
ALTER TABLE YW_L_SGSXZXK ADD SUBJECT_TYPE INT DEFAULT 0 NULL;
COMMENT ON COLUMN YW_L_SGSXZXK.SUBJECT_TYPE IS '主体类型（0：法人，1：自然人  kettle清洗时赋值）';
COMMENT ON TABLE YW_L_SGSXZXK IS '双公示-行政许可信息（法人、自然人）';


create table YW_L_SJSFQYXX
(
  id          VARCHAR2(50) not null,
  status      VARCHAR2(2) default 0 not null,
  source      VARCHAR2(2),
  create_time DATE,
  create_user VARCHAR2(50),
  bmbm        VARCHAR2(50),
  bmmc        VARCHAR2(200),
  tgrq        DATE,
  rwbh        VARCHAR2(50),
  zzjgdm      VARCHAR2(200),
  jgqcyw      VARCHAR2(200),
  jgqc        VARCHAR2(200),
  gszch       VARCHAR2(200),
  tyshxydm    VARCHAR2(200),
  bz          VARCHAR2(4000),
  rdrq        DATE,
  rdbm        VARCHAR2(200),
  jhdwqc      VARCHAR2(200),
  jgdj_id     VARCHAR2(50)
)
;
comment on table YW_L_SJSFQYXX
  is '市级示范企业信息';
comment on column YW_L_SJSFQYXX.id
  is '主键';
comment on column YW_L_SJSFQYXX.status
  is '数据的状态（是否可用，是否变更过等）';
comment on column YW_L_SJSFQYXX.source
  is '数据来源';
comment on column YW_L_SJSFQYXX.create_time
  is '创建时间';
comment on column YW_L_SJSFQYXX.create_user
  is '创建人ID';
comment on column YW_L_SJSFQYXX.bmbm
  is '信息提供部门编码';
comment on column YW_L_SJSFQYXX.bmmc
  is '信息提供部门名称';
comment on column YW_L_SJSFQYXX.tgrq
  is '提供日期';
comment on column YW_L_SJSFQYXX.rwbh
  is '任务编号';
comment on column YW_L_SJSFQYXX.zzjgdm
  is '组织机构代码';
comment on column YW_L_SJSFQYXX.jgqcyw
  is '机构全称英文';
comment on column YW_L_SJSFQYXX.jgqc
  is '机构全称中文';
comment on column YW_L_SJSFQYXX.gszch
  is '工商注册号（单位注册号）';
comment on column YW_L_SJSFQYXX.tyshxydm
  is '统一社会信用代码';
comment on column YW_L_SJSFQYXX.bz
  is '备注';
comment on column YW_L_SJSFQYXX.rdrq
  is '被认定为市级示范企业时间';
comment on column YW_L_SJSFQYXX.rdbm
  is '市级认定部门';
comment on column YW_L_SJSFQYXX.jhdwqc
  is '交换单位全称';
comment on column YW_L_SJSFQYXX.jgdj_id
  is '关联机构设立登记表主键ID';
alter table YW_L_SJSFQYXX
  add constraint PK_YW_L_SJSFQYXX primary key (ID);

create table YW_L_XKZZNJ
(
  id          VARCHAR2(50) not null,
  status      VARCHAR2(2) default 0 not null,
  source      VARCHAR2(2),
  create_time DATE,
  create_user VARCHAR2(50),
  bmbm        VARCHAR2(50),
  bmmc        VARCHAR2(200),
  tgrq        DATE,
  rwbh        VARCHAR2(50),
  zzjgdm      VARCHAR2(200),
  jgqcyw      VARCHAR2(200),
  jgqc        VARCHAR2(200),
  gszch       VARCHAR2(200),
  tyshxydm    VARCHAR2(200),
  bz          VARCHAR2(4000),
  zsbh        VARCHAR2(200),
  njnd        VARCHAR2(100),
  njjg        VARCHAR2(200),
  njjgqc      VARCHAR2(500),
  njsxmc      VARCHAR2(500),
  njrq        DATE,
  qlbm        VARCHAR2(50),
  qlmc        VARCHAR2(200),
  jhdwqc      VARCHAR2(200),
  jgdj_id     VARCHAR2(50)
)
;
comment on table YW_L_XKZZNJ
  is '许可资质年检信息';
comment on column YW_L_XKZZNJ.id
  is '主键';
comment on column YW_L_XKZZNJ.status
  is '数据的状态（是否可用，是否变更过等）';
comment on column YW_L_XKZZNJ.source
  is '数据来源';
comment on column YW_L_XKZZNJ.create_time
  is '创建时间';
comment on column YW_L_XKZZNJ.create_user
  is '创建人ID';
comment on column YW_L_XKZZNJ.bmbm
  is '信息提供部门编码';
comment on column YW_L_XKZZNJ.bmmc
  is '信息提供部门名称';
comment on column YW_L_XKZZNJ.tgrq
  is '提供日期';
comment on column YW_L_XKZZNJ.rwbh
  is '任务编号';
comment on column YW_L_XKZZNJ.zzjgdm
  is '组织机构代码';
comment on column YW_L_XKZZNJ.jgqcyw
  is '机构全称英文';
comment on column YW_L_XKZZNJ.jgqc
  is '机构全称中文';
comment on column YW_L_XKZZNJ.gszch
  is '工商注册号（单位注册号）';
comment on column YW_L_XKZZNJ.tyshxydm
  is '统一社会信用代码';
comment on column YW_L_XKZZNJ.bz
  is '备注';
comment on column YW_L_XKZZNJ.zsbh
  is '证书编号';
comment on column YW_L_XKZZNJ.njnd
  is '年检年度';
comment on column YW_L_XKZZNJ.njjg
  is '年检结果';
comment on column YW_L_XKZZNJ.njjgqc
  is '年检机关全称';
comment on column YW_L_XKZZNJ.njsxmc
  is '年检事项名称';
comment on column YW_L_XKZZNJ.njrq
  is '年检日期';
comment on column YW_L_XKZZNJ.qlbm
  is '权力编码';
comment on column YW_L_XKZZNJ.qlmc
  is '权力名称';
comment on column YW_L_XKZZNJ.jhdwqc
  is '交换单位全称';
comment on column YW_L_XKZZNJ.jgdj_id
  is '关联机构设立登记表主键ID';
alter table YW_L_XKZZNJ
  add constraint PK_YW_L_XKZZNJ primary key (ID);

create table YW_L_XZCF
(
  id          VARCHAR2(50) not null,
  status      VARCHAR2(2) default 0 not null,
  source      VARCHAR2(2),
  create_time DATE,
  create_user VARCHAR2(50),
  bmbm        VARCHAR2(50),
  bmmc        VARCHAR2(200),
  tgrq        DATE,
  rwbh        VARCHAR2(50),
  zzjgdm      VARCHAR2(200),
  jgqcyw      VARCHAR2(200),
  jgqc        VARCHAR2(200),
  gszch       VARCHAR2(200),
  tyshxydm    VARCHAR2(200),
  bz          VARCHAR2(4000),
  xzcfbm      VARCHAR2(100),
  cfjdswh     VARCHAR2(200),
  cfmc        VARCHAR2(500),
  cfsy        VARCHAR2(4000),
  cfyj        VARCHAR2(4000),
  wfxwlx      VARCHAR2(1000),
  cfzl        VARCHAR2(500),
  cfjg        VARCHAR2(4000),
  cfdj        VARCHAR2(50),
  cfjdrq      DATE,
  syyxq       VARCHAR2(200),
  cfcsz       VARCHAR2(500),
  cfcszzjlx   VARCHAR2(50),
  cfcszzjhm   VARCHAR2(200),
  cfjdjgmc    VARCHAR2(200),
  zxqk        VARCHAR2(500),
  zxwcrq      DATE,
  fkje        NUMBER,
  msje        NUMBER,
  jhdwqc      VARCHAR2(200),
  jgdj_id     VARCHAR2(50)
)
;
comment on table YW_L_XZCF
  is '各部门等行政处罚相关信息统计表';
comment on column YW_L_XZCF.id
  is '主键';
comment on column YW_L_XZCF.status
  is '数据的状态（是否可用，是否变更过等）';
comment on column YW_L_XZCF.source
  is '数据来源';
comment on column YW_L_XZCF.create_time
  is '创建时间';
comment on column YW_L_XZCF.create_user
  is '创建人ID';
comment on column YW_L_XZCF.bmbm
  is '信息提供部门编码';
comment on column YW_L_XZCF.bmmc
  is '信息提供部门名称';
comment on column YW_L_XZCF.tgrq
  is '提供日期';
comment on column YW_L_XZCF.rwbh
  is '任务编号';
comment on column YW_L_XZCF.zzjgdm
  is '组织机构代码';
comment on column YW_L_XZCF.jgqcyw
  is '机构全称英文';
comment on column YW_L_XZCF.jgqc
  is '机构全称中文';
comment on column YW_L_XZCF.gszch
  is '工商注册号（单位注册号）';
comment on column YW_L_XZCF.tyshxydm
  is '统一社会信用代码';
comment on column YW_L_XZCF.bz
  is '备注';
comment on column YW_L_XZCF.xzcfbm
  is '行政处罚编码';
comment on column YW_L_XZCF.cfjdswh
  is '处罚决定书文号';
comment on column YW_L_XZCF.cfmc
  is '处罚名称';
comment on column YW_L_XZCF.cfsy
  is '处罚事由（违法事实、案由）';
comment on column YW_L_XZCF.cfyj
  is '处罚依据';
comment on column YW_L_XZCF.wfxwlx
  is '违法行为类型';
comment on column YW_L_XZCF.cfzl
  is '处罚种类（警告，罚款，没收违法所得，没收非法财物，责令停产停业，暂扣或吊销许可证，暂扣或吊销执照）';
comment on column YW_L_XZCF.cfjg
  is '处罚结果';
comment on column YW_L_XZCF.cfdj
  is '处罚等级（失信严重程度：一般、较重、严重）';
comment on column YW_L_XZCF.cfjdrq
  is '处罚决定日期';
comment on column YW_L_XZCF.syyxq
  is '使用有效期';
comment on column YW_L_XZCF.cfcsz
  is '处罚承受者名称（个人或单位等）';
comment on column YW_L_XZCF.cfcszzjlx
  is '处罚承受者证件类型（身份证等）';
comment on column YW_L_XZCF.cfcszzjhm
  is '处罚承受者证件号码（身份证等）';
comment on column YW_L_XZCF.cfjdjgmc
  is '处罚决定机关名称';
comment on column YW_L_XZCF.zxqk
  is '执行情况（当前状态）';
comment on column YW_L_XZCF.zxwcrq
  is '执行完成日期';
comment on column YW_L_XZCF.fkje
  is '罚款金额（元）';
comment on column YW_L_XZCF.msje
  is '没收金额（元）';
comment on column YW_L_XZCF.jhdwqc
  is '交换单位全称';
comment on column YW_L_XZCF.jgdj_id
  is '关联机构设立登记表主键ID';
alter table YW_L_XZCF
  add constraint PK_YW_L_XZCF primary key (ID);

create table YW_L_XZXKDJBG
(
  id          VARCHAR2(50) not null,
  status      VARCHAR2(2) default 0 not null,
  source      VARCHAR2(2),
  create_time DATE,
  create_user VARCHAR2(50),
  bmbm        VARCHAR2(50),
  bmmc        VARCHAR2(200),
  tgrq        DATE,
  rwbh        VARCHAR2(50),
  zzjgdm      VARCHAR2(200),
  jgqcyw      VARCHAR2(200),
  jgqc        VARCHAR2(200),
  gszch       VARCHAR2(200),
  tyshxydm    VARCHAR2(200),
  bz          VARCHAR2(4000),
  xzxkbm      VARCHAR2(100),
  zl          VARCHAR2(50),
  xkzbh       VARCHAR2(100),
  xkzmc       VARCHAR2(200),
  xknr        VARCHAR2(4000),
  splb        VARCHAR2(20),
  xksxq       DATE,
  xkjzq       DATE,
  pzjgqc      VARCHAR2(200),
  pzrq        DATE,
  bghzrq      DATE,
  qlbm        VARCHAR2(200),
  qlmc        VARCHAR2(200),
  jhdwqc      VARCHAR2(200),
  jgdj_id     VARCHAR2(50)
)
;
comment on table YW_L_XZXKDJBG
  is '法人行政许可登记变更信息';
comment on column YW_L_XZXKDJBG.id
  is '主键';
comment on column YW_L_XZXKDJBG.status
  is '数据的状态（是否可用，是否变更过等）';
comment on column YW_L_XZXKDJBG.source
  is '数据来源';
comment on column YW_L_XZXKDJBG.create_time
  is '创建时间';
comment on column YW_L_XZXKDJBG.create_user
  is '创建人ID';
comment on column YW_L_XZXKDJBG.bmbm
  is '信息提供部门编码';
comment on column YW_L_XZXKDJBG.bmmc
  is '信息提供部门名称';
comment on column YW_L_XZXKDJBG.tgrq
  is '提供日期';
comment on column YW_L_XZXKDJBG.rwbh
  is '任务编号';
comment on column YW_L_XZXKDJBG.zzjgdm
  is '组织机构代码';
comment on column YW_L_XZXKDJBG.jgqcyw
  is '机构全称英文';
comment on column YW_L_XZXKDJBG.jgqc
  is '机构全称中文';
comment on column YW_L_XZXKDJBG.gszch
  is '工商注册号（单位注册号）';
comment on column YW_L_XZXKDJBG.tyshxydm
  is '统一社会信用代码';
comment on column YW_L_XZXKDJBG.bz
  is '备注';
comment on column YW_L_XZXKDJBG.xzxkbm
  is '行政许可编码';
comment on column YW_L_XZXKDJBG.zl
  is '种类（设立/变更）';
comment on column YW_L_XZXKDJBG.xkzbh
  is '许可证编号';
comment on column YW_L_XZXKDJBG.xkzmc
  is '许可证名称';
comment on column YW_L_XZXKDJBG.xknr
  is '许可内容（范围）';
comment on column YW_L_XZXKDJBG.splb
  is '审批类别';
comment on column YW_L_XZXKDJBG.xksxq
  is '许可生效期';
comment on column YW_L_XZXKDJBG.xkjzq
  is '许可截止期';
comment on column YW_L_XZXKDJBG.pzjgqc
  is '批准机关全称';
comment on column YW_L_XZXKDJBG.pzrq
  is '批准日期';
comment on column YW_L_XZXKDJBG.bghzrq
  is '变更核准日期';
comment on column YW_L_XZXKDJBG.qlbm
  is '权力编码';
comment on column YW_L_XZXKDJBG.qlmc
  is '权力名称';
comment on column YW_L_XZXKDJBG.jhdwqc
  is '交换单位全称';
comment on column YW_L_XZXKDJBG.jgdj_id
  is '关联机构设立登记表主键ID';
alter table YW_L_XZXKDJBG
  add constraint PK_YW_L_XZXKDJBG primary key (ID);

create table YW_L_XZXKZCDX
(
  id          VARCHAR2(50) not null,
  status      VARCHAR2(2) default 0 not null,
  source      VARCHAR2(2),
  create_time DATE,
  create_user VARCHAR2(50),
  bmbm        VARCHAR2(50),
  bmmc        VARCHAR2(200),
  tgrq        DATE,
  rwbh        VARCHAR2(50),
  zzjgdm      VARCHAR2(200),
  jgqcyw      VARCHAR2(200),
  jgqc        VARCHAR2(200),
  gszch       VARCHAR2(200),
  tyshxydm    VARCHAR2(200),
  bz          VARCHAR2(500),
  zl          VARCHAR2(100),
  xkzbh       VARCHAR2(100),
  xkzmc       VARCHAR2(200),
  xknr        VARCHAR2(4000),
  zcdxyy      VARCHAR2(500),
  pzjgqc      VARCHAR2(200),
  pzrq        DATE,
  qlbm        VARCHAR2(200),
  qlmc        VARCHAR2(200),
  jhdwqc      VARCHAR2(200),
  jgdj_id     VARCHAR2(50)
)
;
comment on table YW_L_XZXKZCDX
  is '法人行政许可注（撤、吊）销信息';
comment on column YW_L_XZXKZCDX.id
  is '主键';
comment on column YW_L_XZXKZCDX.status
  is '数据的状态（是否可用，是否变更过等）';
comment on column YW_L_XZXKZCDX.source
  is '数据来源';
comment on column YW_L_XZXKZCDX.create_time
  is '创建时间';
comment on column YW_L_XZXKZCDX.create_user
  is '创建人ID';
comment on column YW_L_XZXKZCDX.bmbm
  is '信息提供部门编码';
comment on column YW_L_XZXKZCDX.bmmc
  is '信息提供部门名称';
comment on column YW_L_XZXKZCDX.tgrq
  is '提供日期';
comment on column YW_L_XZXKZCDX.rwbh
  is '任务编号';
comment on column YW_L_XZXKZCDX.zzjgdm
  is '组织机构代码';
comment on column YW_L_XZXKZCDX.jgqcyw
  is '机构全称英文';
comment on column YW_L_XZXKZCDX.jgqc
  is '机构全称中文';
comment on column YW_L_XZXKZCDX.gszch
  is '工商注册号（单位注册号）';
comment on column YW_L_XZXKZCDX.tyshxydm
  is '统一社会信用代码';
comment on column YW_L_XZXKZCDX.bz
  is '备注';
comment on column YW_L_XZXKZCDX.zl
  is '种类（注/撤、吊销）';
comment on column YW_L_XZXKZCDX.xkzbh
  is '许可证编号';
comment on column YW_L_XZXKZCDX.xkzmc
  is '许可证名称';
comment on column YW_L_XZXKZCDX.xknr
  is '许可内容（范围）';
comment on column YW_L_XZXKZCDX.zcdxyy
  is '注（撤、吊）销原因';
comment on column YW_L_XZXKZCDX.pzjgqc
  is '注（撤、吊）销批准机关全称';
comment on column YW_L_XZXKZCDX.pzrq
  is '注（撤、吊）销批准日期';
comment on column YW_L_XZXKZCDX.qlbm
  is '权力编码';
comment on column YW_L_XZXKZCDX.qlmc
  is '权力名称';
comment on column YW_L_XZXKZCDX.jhdwqc
  is '交换单位全称';
comment on column YW_L_XZXKZCDX.jgdj_id
  is '关联机构设立登记表主键ID';
alter table YW_L_XZXKZCDX
  add constraint PK_YW_L_XZXKZCDX primary key (ID);

create table YW_L_ZZDJBG
(
  id          VARCHAR2(50) not null,
  status      VARCHAR2(2) default 0 not null,
  source      VARCHAR2(2),
  create_time DATE,
  create_user VARCHAR2(50),
  bmbm        VARCHAR2(50),
  bmmc        VARCHAR2(200),
  tgrq        DATE,
  rwbh        VARCHAR2(50),
  zzjgdm      VARCHAR2(200),
  jgqcyw      VARCHAR2(200),
  jgqc        VARCHAR2(200),
  gszch       VARCHAR2(200),
  tyshxydm    VARCHAR2(200),
  bz          VARCHAR2(4000),
  zl          VARCHAR2(100),
  zsbh        VARCHAR2(200),
  zzmc        VARCHAR2(200),
  zyfw        VARCHAR2(4000),
  zzdj        VARCHAR2(200),
  zzsxq       DATE,
  zzjzq       DATE,
  rdjgqc      VARCHAR2(200),
  rdrq        DATE,
  bghzrq      DATE,
  qlbm        VARCHAR2(50),
  qlmc        VARCHAR2(200),
  jhdwqc      VARCHAR2(200),
  jgdj_id     VARCHAR2(50)
)
;
comment on table YW_L_ZZDJBG
  is '资质登记（变更）信息';
comment on column YW_L_ZZDJBG.id
  is '主键';
comment on column YW_L_ZZDJBG.status
  is '数据的状态（是否可用，是否变更过等）';
comment on column YW_L_ZZDJBG.source
  is '数据来源';
comment on column YW_L_ZZDJBG.create_time
  is '创建时间';
comment on column YW_L_ZZDJBG.create_user
  is '创建人ID';
comment on column YW_L_ZZDJBG.bmbm
  is '信息提供部门编码';
comment on column YW_L_ZZDJBG.bmmc
  is '信息提供部门名称';
comment on column YW_L_ZZDJBG.tgrq
  is '提供日期';
comment on column YW_L_ZZDJBG.rwbh
  is '任务编号';
comment on column YW_L_ZZDJBG.zzjgdm
  is '组织机构代码';
comment on column YW_L_ZZDJBG.jgqcyw
  is '机构全称英文';
comment on column YW_L_ZZDJBG.jgqc
  is '机构全称中文';
comment on column YW_L_ZZDJBG.gszch
  is '工商注册号（单位注册号）';
comment on column YW_L_ZZDJBG.tyshxydm
  is '统一社会信用代码';
comment on column YW_L_ZZDJBG.bz
  is '备注';
comment on column YW_L_ZZDJBG.zl
  is '种类（设立/变更）';
comment on column YW_L_ZZDJBG.zsbh
  is '资质证书编号';
comment on column YW_L_ZZDJBG.zzmc
  is '资质名称';
comment on column YW_L_ZZDJBG.zyfw
  is '执业范围';
comment on column YW_L_ZZDJBG.zzdj
  is '资质等级';
comment on column YW_L_ZZDJBG.zzsxq
  is '资质生效期';
comment on column YW_L_ZZDJBG.zzjzq
  is '资质截止期';
comment on column YW_L_ZZDJBG.rdjgqc
  is '认定机关全称';
comment on column YW_L_ZZDJBG.rdrq
  is '认定日期';
comment on column YW_L_ZZDJBG.bghzrq
  is '变更核准日期';
comment on column YW_L_ZZDJBG.qlbm
  is '权力编码';
comment on column YW_L_ZZDJBG.qlmc
  is '权力名称';
comment on column YW_L_ZZDJBG.jhdwqc
  is '交换单位全称';
comment on column YW_L_ZZDJBG.jgdj_id
  is '关联机构设立登记表主键ID';
alter table YW_L_ZZDJBG
  add constraint PK_YW_L_ZZDJBG primary key (ID);

create table YW_L_ZZZCDX
(
  id          VARCHAR2(50) not null,
  status      VARCHAR2(2) default 0 not null,
  source      VARCHAR2(2),
  create_time DATE,
  create_user VARCHAR2(50),
  bmbm        VARCHAR2(50),
  bmmc        VARCHAR2(200),
  tgrq        DATE,
  rwbh        VARCHAR2(50),
  zzjgdm      VARCHAR2(200),
  jgqcyw      VARCHAR2(200),
  jgqc        VARCHAR2(200),
  gszch       VARCHAR2(200),
  tyshxydm    VARCHAR2(200),
  bz          VARCHAR2(500),
  zl          VARCHAR2(100),
  zsbh        VARCHAR2(200),
  zzmc        VARCHAR2(200),
  zyfw        VARCHAR2(4000),
  zcdxyy      VARCHAR2(500),
  pzjgqc      VARCHAR2(200),
  pzrq        DATE,
  qlbm        VARCHAR2(50),
  qlmc        VARCHAR2(200),
  jhdwqc      VARCHAR2(200),
  jgdj_id     VARCHAR2(50)
)
;
comment on table YW_L_ZZZCDX
  is '资质注（撤，吊）销信息';
comment on column YW_L_ZZZCDX.id
  is '主键';
comment on column YW_L_ZZZCDX.status
  is '数据的状态（是否可用，是否变更过等）';
comment on column YW_L_ZZZCDX.source
  is '数据来源';
comment on column YW_L_ZZZCDX.create_time
  is '创建时间';
comment on column YW_L_ZZZCDX.create_user
  is '创建人ID';
comment on column YW_L_ZZZCDX.bmbm
  is '信息提供部门编码';
comment on column YW_L_ZZZCDX.bmmc
  is '信息提供部门名称';
comment on column YW_L_ZZZCDX.tgrq
  is '提供日期';
comment on column YW_L_ZZZCDX.rwbh
  is '任务编号';
comment on column YW_L_ZZZCDX.zzjgdm
  is '组织机构代码';
comment on column YW_L_ZZZCDX.jgqcyw
  is '机构全称英文';
comment on column YW_L_ZZZCDX.jgqc
  is '机构全称中文';
comment on column YW_L_ZZZCDX.gszch
  is '工商注册号（单位注册号）';
comment on column YW_L_ZZZCDX.tyshxydm
  is '统一社会信用代码';
comment on column YW_L_ZZZCDX.bz
  is '备注';
comment on column YW_L_ZZZCDX.zl
  is '种类（注/撤/吊销）';
comment on column YW_L_ZZZCDX.zsbh
  is '资质证书编号';
comment on column YW_L_ZZZCDX.zzmc
  is '资质名称';
comment on column YW_L_ZZZCDX.zyfw
  is '执业范围';
comment on column YW_L_ZZZCDX.zcdxyy
  is '注（撤、吊）销原因';
comment on column YW_L_ZZZCDX.pzjgqc
  is '注（撤、吊）销批准机关全称';
comment on column YW_L_ZZZCDX.pzrq
  is '注（撤、吊）销批准日期';
comment on column YW_L_ZZZCDX.qlbm
  is '权力编码';
comment on column YW_L_ZZZCDX.qlmc
  is '权力名称';
comment on column YW_L_ZZZCDX.jhdwqc
  is '交换单位全称';
comment on column YW_L_ZZZCDX.jgdj_id
  is '关联机构设立登记表主键ID';
alter table YW_L_ZZZCDX
  add constraint PK_YW_L_ZZZCDX primary key (ID);

create table YW_P_GRCL
(
  id          VARCHAR2(50) not null,
  status      VARCHAR2(2) default 0 not null,
  source      VARCHAR2(2),
  create_time DATE,
  create_user VARCHAR2(50),
  bmmc        VARCHAR2(200),
  bmbm        VARCHAR2(50),
  tgrq        DATE,
  xm          VARCHAR2(50),
  sfzh        VARCHAR2(50),
  zjlx        VARCHAR2(200),
  rwbh        VARCHAR2(50),
  bz          VARCHAR2(500),
  hpzl        VARCHAR2(100),
  zwpp        VARCHAR2(100),
  clxh        VARCHAR2(100),
  cclzsj      DATE,
  syxz        VARCHAR2(200),
  gxrq        DATE,
  sysxq       DATE,
  syjzq       DATE,
  fzrq        DATE,
  jgdj_id     VARCHAR2(50)
)
;
comment on table YW_P_GRCL
  is '个人车辆信息';
comment on column YW_P_GRCL.id
  is '主键';
comment on column YW_P_GRCL.status
  is '数据的状态（是否可用，是否变更过等）';
comment on column YW_P_GRCL.source
  is '数据来源';
comment on column YW_P_GRCL.create_time
  is '创建时间';
comment on column YW_P_GRCL.create_user
  is '创建人ID';
comment on column YW_P_GRCL.bmmc
  is '信息提供部门名称';
comment on column YW_P_GRCL.bmbm
  is '信息提供部门编码';
comment on column YW_P_GRCL.tgrq
  is '提供日期';
comment on column YW_P_GRCL.xm
  is '姓名';
comment on column YW_P_GRCL.sfzh
  is '身份证号';
comment on column YW_P_GRCL.zjlx
  is '证件类型';
comment on column YW_P_GRCL.rwbh
  is '任务编号';
comment on column YW_P_GRCL.bz
  is '备注';
comment on column YW_P_GRCL.hpzl
  is '号牌种类';
comment on column YW_P_GRCL.zwpp
  is '中文品牌';
comment on column YW_P_GRCL.clxh
  is '车辆型号';
comment on column YW_P_GRCL.cclzsj
  is '初次领证时间';
comment on column YW_P_GRCL.syxz
  is '使用性质';
comment on column YW_P_GRCL.gxrq
  is '更新日期';
comment on column YW_P_GRCL.sysxq
  is '使用生效期';
comment on column YW_P_GRCL.syjzq
  is '使用截止期';
comment on column YW_P_GRCL.fzrq
  is '发证日期';
comment on column YW_P_GRCL.jgdj_id
  is '关联个人基本信息YW_P_GRJBXX表主键ID';
alter table YW_P_GRCL
  add constraint PK_YW_P_GRCL primary key (ID);

create table YW_P_GRCYZG
(
  id          VARCHAR2(50) not null,
  status      VARCHAR2(2) default 0 not null,
  source      VARCHAR2(2),
  create_time DATE,
  create_user VARCHAR2(50),
  bmmc        VARCHAR2(200),
  bmbm        VARCHAR2(50),
  tgrq        DATE,
  xm          VARCHAR2(50),
  sfzh        VARCHAR2(50),
  zjlx        VARCHAR2(200),
  rwbh        VARCHAR2(50),
  bz          VARCHAR2(500),
  cyzgmc      VARCHAR2(100),
  cyzgdj      VARCHAR2(100),
  fzrq        DATE,
  yxqz        DATE,
  fzdw        VARCHAR2(200),
  jgdj_id     VARCHAR2(50)
)
;
comment on table YW_P_GRCYZG
  is '个人从业资格信息';
comment on column YW_P_GRCYZG.id
  is '主键';
comment on column YW_P_GRCYZG.status
  is '数据的状态（是否可用，是否变更过等）';
comment on column YW_P_GRCYZG.source
  is '数据来源';
comment on column YW_P_GRCYZG.create_time
  is '创建时间';
comment on column YW_P_GRCYZG.create_user
  is '创建人ID';
comment on column YW_P_GRCYZG.bmmc
  is '信息提供部门名称';
comment on column YW_P_GRCYZG.bmbm
  is '信息提供部门编码';
comment on column YW_P_GRCYZG.tgrq
  is '提供日期';
comment on column YW_P_GRCYZG.xm
  is '姓名';
comment on column YW_P_GRCYZG.sfzh
  is '身份证号';
comment on column YW_P_GRCYZG.zjlx
  is '证件类型';
comment on column YW_P_GRCYZG.rwbh
  is '任务编号';
comment on column YW_P_GRCYZG.bz
  is '备注';
comment on column YW_P_GRCYZG.cyzgmc
  is '从业资格名称';
comment on column YW_P_GRCYZG.cyzgdj
  is '从业资格等级';
comment on column YW_P_GRCYZG.fzrq
  is '发证日期';
comment on column YW_P_GRCYZG.yxqz
  is '有效期至';
comment on column YW_P_GRCYZG.fzdw
  is '发证单位';
comment on column YW_P_GRCYZG.jgdj_id
  is '关联个人基本信息YW_P_GRJBXX表主键ID';
alter table YW_P_GRCYZG
  add constraint PK_YW_P_GRCYZG primary key (ID);

create table YW_P_GRDB
(
  id          VARCHAR2(50) not null,
  status      VARCHAR2(2) default 0 not null,
  source      VARCHAR2(2),
  create_time DATE,
  create_user VARCHAR2(50),
  bmmc        VARCHAR2(200),
  bmbm        VARCHAR2(50),
  tgrq        DATE,
  xm          VARCHAR2(50),
  sfzh        VARCHAR2(50),
  zjlx        VARCHAR2(200),
  rwbh        VARCHAR2(50),
  bz          VARCHAR2(500),
  ssdq        VARCHAR2(100),
  ssx         VARCHAR2(100),
  ssz         VARCHAR2(100),
  dbdjrq      DATE,
  dbzxrq      DATE,
  jzlx        VARCHAR2(200),
  jgdj_id     VARCHAR2(50)
)
;
comment on table YW_P_GRDB
  is '个人低保信息';
comment on column YW_P_GRDB.id
  is '主键';
comment on column YW_P_GRDB.status
  is '数据的状态（是否可用，是否变更过等）';
comment on column YW_P_GRDB.source
  is '数据来源';
comment on column YW_P_GRDB.create_time
  is '创建时间';
comment on column YW_P_GRDB.create_user
  is '创建人ID';
comment on column YW_P_GRDB.bmmc
  is '信息提供部门名称';
comment on column YW_P_GRDB.bmbm
  is '信息提供部门编码';
comment on column YW_P_GRDB.tgrq
  is '提供日期';
comment on column YW_P_GRDB.xm
  is '姓名';
comment on column YW_P_GRDB.sfzh
  is '身份证号';
comment on column YW_P_GRDB.zjlx
  is '证件类型';
comment on column YW_P_GRDB.rwbh
  is '任务编号';
comment on column YW_P_GRDB.bz
  is '备注';
comment on column YW_P_GRDB.ssdq
  is '所属地区';
comment on column YW_P_GRDB.ssx
  is '所属县';
comment on column YW_P_GRDB.ssz
  is '所属镇';
comment on column YW_P_GRDB.dbdjrq
  is '低保登记日期';
comment on column YW_P_GRDB.dbzxrq
  is '低保注销日期';
comment on column YW_P_GRDB.jzlx
  is '救助类型';
comment on column YW_P_GRDB.jgdj_id
  is '关联个人基本信息YW_P_GRJBXX表主键ID';
alter table YW_P_GRDB
  add constraint PK_YW_P_GRDB primary key (ID);

create table YW_P_GRFYQZZX
(
  id          VARCHAR2(50) not null,
  status      VARCHAR2(2) default 0 not null,
  source      VARCHAR2(2),
  create_time DATE,
  create_user VARCHAR2(50),
  bmmc        VARCHAR2(200),
  bmbm        VARCHAR2(50),
  tgrq        DATE,
  xm          VARCHAR2(50),
  sfzh        VARCHAR2(50),
  zjlx        VARCHAR2(200),
  rwbh        VARCHAR2(50),
  bz          VARCHAR2(500),
  ah          VARCHAR2(100),
  slfy        VARCHAR2(250),
  ajzt        VARCHAR2(100),
  jarq        DATE,
  jgdj_id     VARCHAR2(50)
)
;
comment on table YW_P_GRFYQZZX
  is '个人法院执行信息（强制执行，比如罚款）';
comment on column YW_P_GRFYQZZX.id
  is '主键';
comment on column YW_P_GRFYQZZX.status
  is '数据的状态（是否可用，是否变更过等）';
comment on column YW_P_GRFYQZZX.source
  is '数据来源';
comment on column YW_P_GRFYQZZX.create_time
  is '创建时间';
comment on column YW_P_GRFYQZZX.create_user
  is '创建人ID';
comment on column YW_P_GRFYQZZX.bmmc
  is '信息提供部门名称';
comment on column YW_P_GRFYQZZX.bmbm
  is '信息提供部门编码';
comment on column YW_P_GRFYQZZX.tgrq
  is '提供日期';
comment on column YW_P_GRFYQZZX.xm
  is '姓名';
comment on column YW_P_GRFYQZZX.sfzh
  is '身份证号';
comment on column YW_P_GRFYQZZX.zjlx
  is '证件类型';
comment on column YW_P_GRFYQZZX.rwbh
  is '任务编号';
comment on column YW_P_GRFYQZZX.bz
  is '备注';
comment on column YW_P_GRFYQZZX.ah
  is '案号';
comment on column YW_P_GRFYQZZX.slfy
  is '受理法院';
comment on column YW_P_GRFYQZZX.ajzt
  is '案件状态';
comment on column YW_P_GRFYQZZX.jarq
  is '结案日期';
comment on column YW_P_GRFYQZZX.jgdj_id
is '关联个人基本信息YW_P_GRJBXX表主键ID';
alter table YW_P_GRFYQZZX
  add constraint PK_YW_P_GRFYQZZX primary key (ID);

create table YW_P_GRGZ
(
  id          VARCHAR2(50) not null,
  status      VARCHAR2(2) default 0 not null,
  source      VARCHAR2(2),
  create_time DATE,
  create_user VARCHAR2(50),
  bmmc        VARCHAR2(200),
  bmbm        VARCHAR2(50),
  tgrq        DATE,
  xm          VARCHAR2(50),
  rwbh        VARCHAR2(50),
  bz          VARCHAR2(500),
  djjg        VARCHAR2(200),
  djrq        DATE,
  zzjgdm      VARCHAR2(200),
  jgqcyw      VARCHAR2(200),
  jgqczw      VARCHAR2(200),
  gszch       VARCHAR2(200),
  tyshxydm    VARCHAR2(200),
  sfzh        VARCHAR2(50),
  jgdj_id     VARCHAR2(50)
)
;
comment on table YW_P_GRGZ
  is '个人工资信息';
comment on column YW_P_GRGZ.id
  is '主键';
comment on column YW_P_GRGZ.status
  is '数据的状态（是否可用，是否变更过等）';
comment on column YW_P_GRGZ.source
  is '数据来源';
comment on column YW_P_GRGZ.create_time
  is '创建时间';
comment on column YW_P_GRGZ.create_user
  is '创建人ID';
comment on column YW_P_GRGZ.bmmc
  is '信息提供部门名称';
comment on column YW_P_GRGZ.bmbm
  is '信息提供部门编码';
comment on column YW_P_GRGZ.tgrq
  is '提供日期';
comment on column YW_P_GRGZ.xm
  is '姓名';
comment on column YW_P_GRGZ.rwbh
  is '任务编号';
comment on column YW_P_GRGZ.bz
  is '备注';
comment on column YW_P_GRGZ.djjg
  is '登记机关';
comment on column YW_P_GRGZ.djrq
  is '登记日期';
comment on column YW_P_GRGZ.zzjgdm
  is '组织机构代码';
comment on column YW_P_GRGZ.jgqcyw
  is '机构全称英文';
comment on column YW_P_GRGZ.jgqczw
  is '机构全称中文';
comment on column YW_P_GRGZ.gszch
  is '工商注册号（单位注册号）';
comment on column YW_P_GRGZ.tyshxydm
  is '统一社会信用代码';
comment on column YW_P_GRGZ.sfzh
  is '身份证号';
comment on column YW_P_GRGZ.jgdj_id
  is '关联个人基本信息YW_P_GRJBXX表主键ID';
alter table YW_P_GRGZ
  add constraint PK_YW_P_GRGZ primary key (ID);

create table YW_P_GRHEIMINGDAN
(
  id          VARCHAR2(50) not null,
  status      VARCHAR2(2) default 0 not null,
  source      VARCHAR2(2),
  create_time DATE,
  create_user VARCHAR2(50),
  bmmc        VARCHAR2(200),
  bmbm        VARCHAR2(50),
  tgrq        DATE,
  xm          VARCHAR2(50),
  sfzh        VARCHAR2(50),
  zjlx        VARCHAR2(200),
  rwbh        VARCHAR2(50),
  bz          VARCHAR2(500),
  zysxss      VARCHAR2(500),
  xzcljdnr    VARCHAR2(1000),
  rdwh        VARCHAR2(100),
  rddw        VARCHAR2(200),
  rdrq        DATE,
  gsjzq       DATE,
  jgdj_id     VARCHAR2(50)
)
;
comment on table YW_P_GRHEIMINGDAN
  is '个人黑名单';
comment on column YW_P_GRHEIMINGDAN.id
  is '主键';
comment on column YW_P_GRHEIMINGDAN.status
  is '数据的状态（是否可用，是否变更过等）';
comment on column YW_P_GRHEIMINGDAN.source
  is '数据来源';
comment on column YW_P_GRHEIMINGDAN.create_time
  is '创建时间';
comment on column YW_P_GRHEIMINGDAN.create_user
  is '创建人ID';
comment on column YW_P_GRHEIMINGDAN.bmmc
  is '信息提供部门名称';
comment on column YW_P_GRHEIMINGDAN.bmbm
  is '信息提供部门编码';
comment on column YW_P_GRHEIMINGDAN.tgrq
  is '提供日期';
comment on column YW_P_GRHEIMINGDAN.xm
  is '姓名';
comment on column YW_P_GRHEIMINGDAN.sfzh
  is '身份证号';
comment on column YW_P_GRHEIMINGDAN.zjlx
  is '证件类型';
comment on column YW_P_GRHEIMINGDAN.rwbh
  is '任务编号';
comment on column YW_P_GRHEIMINGDAN.bz
  is '备注';
comment on column YW_P_GRHEIMINGDAN.zysxss
  is '主要失信事实';
comment on column YW_P_GRHEIMINGDAN.xzcljdnr
  is '行政处理决定内容';
comment on column YW_P_GRHEIMINGDAN.rdwh
  is '认定文号';
comment on column YW_P_GRHEIMINGDAN.rddw
  is '认定单位';
comment on column YW_P_GRHEIMINGDAN.rdrq
  is '认定日期';
comment on column YW_P_GRHEIMINGDAN.gsjzq
  is '公示截止期';
comment on column YW_P_GRHEIMINGDAN.jgdj_id
  is '关联个人基本信息YW_P_GRJBXX表主键ID';
alter table YW_P_GRHEIMINGDAN
  add constraint PK_YW_P_GRHEIMINGDAN primary key (ID);

create table YW_P_GRHONGMINGDAN
(
  id          VARCHAR2(50) not null,
  status      VARCHAR2(2) default 0 not null,
  source      VARCHAR2(2),
  create_time DATE,
  create_user VARCHAR2(50),
  bmmc        VARCHAR2(200),
  bmbm        VARCHAR2(50),
  tgrq        DATE,
  xm          VARCHAR2(50),
  sfzh        VARCHAR2(50),
  zjlx        VARCHAR2(200),
  rwbh        VARCHAR2(50),
  bz          VARCHAR2(500),
  rymc        VARCHAR2(200),
  rysx        VARCHAR2(1000),
  rdwh        VARCHAR2(100),
  rddw        VARCHAR2(200),
  rdrq        DATE,
  gsjzq       DATE,
  jgdj_id     VARCHAR2(50)
)
;
comment on table YW_P_GRHONGMINGDAN
  is '个人红名单';
comment on column YW_P_GRHONGMINGDAN.id
  is '主键';
comment on column YW_P_GRHONGMINGDAN.status
  is '数据的状态（是否可用，是否变更过等）';
comment on column YW_P_GRHONGMINGDAN.source
  is '数据来源';
comment on column YW_P_GRHONGMINGDAN.create_time
  is '创建时间';
comment on column YW_P_GRHONGMINGDAN.create_user
  is '创建人ID';
comment on column YW_P_GRHONGMINGDAN.bmmc
  is '信息提供部门名称';
comment on column YW_P_GRHONGMINGDAN.bmbm
  is '信息提供部门编码';
comment on column YW_P_GRHONGMINGDAN.tgrq
  is '提供日期';
comment on column YW_P_GRHONGMINGDAN.xm
  is '姓名';
comment on column YW_P_GRHONGMINGDAN.sfzh
  is '身份证号';
comment on column YW_P_GRHONGMINGDAN.zjlx
  is '证件类型';
comment on column YW_P_GRHONGMINGDAN.rwbh
  is '任务编号';
comment on column YW_P_GRHONGMINGDAN.bz
  is '备注';
comment on column YW_P_GRHONGMINGDAN.rymc
  is '荣誉名称';
comment on column YW_P_GRHONGMINGDAN.rysx
  is '荣誉事项';
comment on column YW_P_GRHONGMINGDAN.rdwh
  is '认定文号';
comment on column YW_P_GRHONGMINGDAN.rddw
  is '认定单位';
comment on column YW_P_GRHONGMINGDAN.rdrq
  is '认定日期';
comment on column YW_P_GRHONGMINGDAN.gsjzq
  is '公示截止期';
comment on column YW_P_GRHONGMINGDAN.jgdj_id
  is '关联个人基本信息YW_P_GRJBXX表主键ID';
alter table YW_P_GRHONGMINGDAN
  add constraint PK_YW_P_GRHONGMINGDAN primary key (ID);

create table YW_P_GRHYDJ
(
  id          VARCHAR2(50) not null,
  status      VARCHAR2(2) default 0 not null,
  source      VARCHAR2(2),
  create_time DATE,
  create_user VARCHAR2(50),
  bmmc        VARCHAR2(200),
  bmbm        VARCHAR2(50),
  tgrq        DATE,
  rwbh        VARCHAR2(50),
  bz          VARCHAR2(500),
  djjg        VARCHAR2(200),
  djrq        DATE,
  nanfxm      VARCHAR2(100),
  nanfsfzh    VARCHAR2(100),
  nvfxm       VARCHAR2(100),
  nvfsfzh     VARCHAR2(100),
  ywlx        VARCHAR2(200),
  hyzknv      VARCHAR2(200),
  hyzknan     VARCHAR2(200),
  jgdj_id     VARCHAR2(50)
)
;
comment on table YW_P_GRHYDJ
  is '个人婚姻登记信息';
comment on column YW_P_GRHYDJ.id
  is '主键';
comment on column YW_P_GRHYDJ.status
  is '数据的状态（是否可用，是否变更过等）';
comment on column YW_P_GRHYDJ.source
  is '数据来源';
comment on column YW_P_GRHYDJ.create_time
  is '创建时间';
comment on column YW_P_GRHYDJ.create_user
  is '创建人ID';
comment on column YW_P_GRHYDJ.bmmc
  is '信息提供部门名称';
comment on column YW_P_GRHYDJ.bmbm
  is '信息提供部门编码';
comment on column YW_P_GRHYDJ.tgrq
  is '提供日期';
comment on column YW_P_GRHYDJ.rwbh
  is '任务编号';
comment on column YW_P_GRHYDJ.bz
  is '备注';
comment on column YW_P_GRHYDJ.djjg
  is '登记机关';
comment on column YW_P_GRHYDJ.djrq
  is '登记日期';
comment on column YW_P_GRHYDJ.nanfxm
  is '男方姓名';
comment on column YW_P_GRHYDJ.nanfsfzh
  is '男方身份证号';
comment on column YW_P_GRHYDJ.nvfxm
  is '女方姓名';
comment on column YW_P_GRHYDJ.nvfsfzh
  is '女方身份证号';
comment on column YW_P_GRHYDJ.ywlx
  is '业务类型';
comment on column YW_P_GRHYDJ.hyzknv
  is '婚姻状况（女）';
comment on column YW_P_GRHYDJ.hyzknan
  is '婚姻状况（男）';
comment on column YW_P_GRHYDJ.jgdj_id
  is '关联个人基本信息YW_P_GRJBXX表主键ID';
alter table YW_P_GRHYDJ
  add constraint PK_YW_P_GRHYDJ primary key (ID);

create table YW_P_GRJBXX
(
  id          VARCHAR2(50) not null,
  status      VARCHAR2(2) default 0 not null,
  source      VARCHAR2(2),
  create_time DATE,
  create_user VARCHAR2(50),
  bmmc        VARCHAR2(200),
  bmbm        VARCHAR2(50),
  tgrq        DATE,
  xm          VARCHAR2(50),
  sfzh        VARCHAR2(50),
  zjlx        VARCHAR2(200),
  rwbh        VARCHAR2(50),
  bz          VARCHAR2(500),
  rkjlid      VARCHAR2(50),
  xb          VARCHAR2(50),
  csrq        DATE,
  hjdz        VARCHAR2(500),
  jfjg        VARCHAR2(200),
  qfrq        DATE,
  mz          VARCHAR2(100),
  lxdh        VARCHAR2(50)
)
;
comment on table YW_P_GRJBXX
  is '个人基本信息表';
comment on column YW_P_GRJBXX.id
  is '主键';
comment on column YW_P_GRJBXX.status
  is '数据的状态（是否可用，是否变更过等）';
comment on column YW_P_GRJBXX.source
  is '数据来源';
comment on column YW_P_GRJBXX.create_time
  is '创建时间';
comment on column YW_P_GRJBXX.create_user
  is '创建人ID';
comment on column YW_P_GRJBXX.bmmc
  is '信息提供部门名称';
comment on column YW_P_GRJBXX.bmbm
  is '信息提供部门编码';
comment on column YW_P_GRJBXX.tgrq
  is '提供日期';
comment on column YW_P_GRJBXX.xm
  is '姓名';
comment on column YW_P_GRJBXX.sfzh
  is '身份证号';
comment on column YW_P_GRJBXX.zjlx
  is '证件类型';
comment on column YW_P_GRJBXX.rwbh
  is '任务编号';
comment on column YW_P_GRJBXX.bz
  is '备注';
comment on column YW_P_GRJBXX.rkjlid
  is '人口记录ID';
comment on column YW_P_GRJBXX.xb
  is '性别';
comment on column YW_P_GRJBXX.csrq
  is '出生日期';
comment on column YW_P_GRJBXX.hjdz
  is '户籍地址';
comment on column YW_P_GRJBXX.jfjg
  is '签发机关';
comment on column YW_P_GRJBXX.qfrq
  is '签发日期';
comment on column YW_P_GRJBXX.mz
  is '民族';
comment on column YW_P_GRJBXX.lxdh
  is '联系电话';
alter table YW_P_GRJBXX
  add constraint PK_YW_P_GRJBXX primary key (ID);
create index yw_p_grjbxx_sfzh on yw_p_grjbxx(sfzh);
create index yw_p_grjbxx_xm on yw_p_grjbxx(xm);

create table YW_P_GRJTSX
(
  id          VARCHAR2(50) not null,
  status      VARCHAR2(2) default 0 not null,
  source      VARCHAR2(2),
  create_time DATE,
  create_user VARCHAR2(50),
  bmmc        VARCHAR2(200),
  bmbm        VARCHAR2(50),
  tgrq        DATE,
  xm          VARCHAR2(50),
  sfzh        VARCHAR2(50),
  zjlx        VARCHAR2(200),
  rwbh        VARCHAR2(50),
  bz          VARCHAR2(500),
  jtsxxw      VARCHAR2(500),
  sxyzcd      VARCHAR2(100),
  rdjg        VARCHAR2(200),
  rdrq        DATE,
  jlyxq       VARCHAR2(100),
  jgdj_id     VARCHAR2(50)
)
;
comment on table YW_P_GRJTSX
  is '个人交通失信信息';
comment on column YW_P_GRJTSX.id
  is '主键';
comment on column YW_P_GRJTSX.status
  is '数据的状态（是否可用，是否变更过等）';
comment on column YW_P_GRJTSX.source
  is '数据来源';
comment on column YW_P_GRJTSX.create_time
  is '创建时间';
comment on column YW_P_GRJTSX.create_user
  is '创建人ID';
comment on column YW_P_GRJTSX.bmmc
  is '信息提供部门名称';
comment on column YW_P_GRJTSX.bmbm
  is '信息提供部门编码';
comment on column YW_P_GRJTSX.tgrq
  is '提供日期';
comment on column YW_P_GRJTSX.xm
  is '姓名';
comment on column YW_P_GRJTSX.sfzh
  is '身份证号';
comment on column YW_P_GRJTSX.zjlx
  is '证件类型';
comment on column YW_P_GRJTSX.rwbh
  is '任务编号';
comment on column YW_P_GRJTSX.bz
  is '备注';
comment on column YW_P_GRJTSX.jtsxxw
  is '交通失信行为';
comment on column YW_P_GRJTSX.sxyzcd
  is '失信严重程度';
comment on column YW_P_GRJTSX.rdjg
  is '认定机关';
comment on column YW_P_GRJTSX.rdrq
  is '认定日期';
comment on column YW_P_GRJTSX.jlyxq
  is '记录有效期';
comment on column YW_P_GRJTSX.jgdj_id
  is '关联个人基本信息YW_P_GRJBXX表主键ID';
alter table YW_P_GRJTSX
  add constraint PK_YW_P_GRJTSX primary key (ID);

create table YW_P_GRJYZK
(
  id          VARCHAR2(50) not null,
  status      VARCHAR2(2) default 0 not null,
  source      VARCHAR2(2),
  create_time DATE,
  create_user VARCHAR2(50),
  bmmc        VARCHAR2(200),
  bmbm        VARCHAR2(50),
  tgrq        DATE,
  xm          VARCHAR2(50),
  sfzh        VARCHAR2(50),
  zjlx        VARCHAR2(200),
  rwbh        VARCHAR2(50),
  bz          VARCHAR2(500),
  jyzk        VARCHAR2(300),
  djjg        VARCHAR2(200),
  djrq        DATE,
  jgdj_id     VARCHAR2(50)
)
;
comment on table YW_P_GRJYZK
  is '个人就业状况信息';
comment on column YW_P_GRJYZK.id
  is '主键';
comment on column YW_P_GRJYZK.status
  is '数据的状态（是否可用，是否变更过等）';
comment on column YW_P_GRJYZK.source
  is '数据来源';
comment on column YW_P_GRJYZK.create_time
  is '创建时间';
comment on column YW_P_GRJYZK.create_user
  is '创建人ID';
comment on column YW_P_GRJYZK.bmmc
  is '信息提供部门名称';
comment on column YW_P_GRJYZK.bmbm
  is '信息提供部门编码';
comment on column YW_P_GRJYZK.tgrq
  is '提供日期';
comment on column YW_P_GRJYZK.xm
  is '姓名';
comment on column YW_P_GRJYZK.sfzh
  is '身份证号';
comment on column YW_P_GRJYZK.zjlx
  is '证件类型';
comment on column YW_P_GRJYZK.rwbh
  is '任务编号';
comment on column YW_P_GRJYZK.bz
  is '备注';
comment on column YW_P_GRJYZK.jyzk
  is '就业状况';
comment on column YW_P_GRJYZK.djjg
  is '登记机关';
comment on column YW_P_GRJYZK.djrq
  is '登记日期';
comment on column YW_P_GRJYZK.jgdj_id
  is '关联个人基本信息YW_P_GRJBXX表主键ID';
alter table YW_P_GRJYZK
  add constraint PK_YW_P_GRJYZK primary key (ID);

create table YW_P_GRNS
(
  id          VARCHAR2(50) not null,
  status      VARCHAR2(2) default 0 not null,
  source      VARCHAR2(2),
  create_time DATE,
  create_user VARCHAR2(50),
  bmmc        VARCHAR2(200),
  bmbm        VARCHAR2(50),
  tgrq        DATE,
  xm          VARCHAR2(50),
  sfzh        VARCHAR2(50),
  zjlx        VARCHAR2(200),
  rwbh        VARCHAR2(50),
  bz          VARCHAR2(500),
  sz          VARCHAR2(200),
  jnzt        VARCHAR2(100),
  skssqsrq    DATE,
  sksszzrq    DATE,
  nsrq        DATE,
  zgswjg      VARCHAR2(200),
  jgdj_id     VARCHAR2(50)
)
;
comment on table YW_P_GRNS
  is '个人纳税信息';
comment on column YW_P_GRNS.id
  is '主键';
comment on column YW_P_GRNS.status
  is '数据的状态（是否可用，是否变更过等）';
comment on column YW_P_GRNS.source
  is '数据来源';
comment on column YW_P_GRNS.create_time
  is '创建时间';
comment on column YW_P_GRNS.create_user
  is '创建人ID';
comment on column YW_P_GRNS.bmmc
  is '信息提供部门名称';
comment on column YW_P_GRNS.bmbm
  is '信息提供部门编码';
comment on column YW_P_GRNS.tgrq
  is '提供日期';
comment on column YW_P_GRNS.xm
  is '姓名';
comment on column YW_P_GRNS.sfzh
  is '身份证号';
comment on column YW_P_GRNS.zjlx
  is '证件类型';
comment on column YW_P_GRNS.rwbh
  is '任务编号';
comment on column YW_P_GRNS.bz
  is '备注';
comment on column YW_P_GRNS.sz
  is '税种';
comment on column YW_P_GRNS.jnzt
  is '缴纳状态';
comment on column YW_P_GRNS.skssqsrq
  is '税款所属起始日期';
comment on column YW_P_GRNS.sksszzrq
  is '税款所属终止日期';
comment on column YW_P_GRNS.nsrq
  is '纳税日期';
comment on column YW_P_GRNS.zgswjg
  is '主管税务机关';
comment on column YW_P_GRNS.jgdj_id
  is '关联个人基本信息YW_P_GRJBXX表主键ID';
alter table YW_P_GRNS
  add constraint PK_YW_P_GRNS primary key (ID);

create table YW_P_GRPJ
(
  id          VARCHAR2(50) not null,
  status      VARCHAR2(2) default 0 not null,
  source      VARCHAR2(2),
  create_time DATE,
  create_user VARCHAR2(50),
  bmmc        VARCHAR2(200),
  bmbm        VARCHAR2(50),
  tgrq        DATE,
  xm          VARCHAR2(50),
  sfzh        VARCHAR2(50),
  zjlx        VARCHAR2(200),
  rwbh        VARCHAR2(50),
  bz          VARCHAR2(500),
  ah          VARCHAR2(100),
  pjjg        VARCHAR2(200),
  zxjg        VARCHAR2(200),
  pjjiguan    VARCHAR2(200),
  pjrq        DATE,
  jgdj_id     VARCHAR2(50)
)
;
comment on table YW_P_GRPJ
  is '个人判决信息';
comment on column YW_P_GRPJ.id
  is '主键';
comment on column YW_P_GRPJ.status
  is '数据的状态（是否可用，是否变更过等）';
comment on column YW_P_GRPJ.source
  is '数据来源';
comment on column YW_P_GRPJ.create_time
  is '创建时间';
comment on column YW_P_GRPJ.create_user
  is '创建人ID';
comment on column YW_P_GRPJ.bmmc
  is '信息提供部门名称';
comment on column YW_P_GRPJ.bmbm
  is '信息提供部门编码';
comment on column YW_P_GRPJ.tgrq
  is '提供日期';
comment on column YW_P_GRPJ.xm
  is '姓名';
comment on column YW_P_GRPJ.sfzh
  is '身份证号';
comment on column YW_P_GRPJ.zjlx
  is '证件类型';
comment on column YW_P_GRPJ.rwbh
  is '任务编号';
comment on column YW_P_GRPJ.bz
  is '备注';
comment on column YW_P_GRPJ.ah
  is '案号';
comment on column YW_P_GRPJ.pjjg
  is '判决结果';
comment on column YW_P_GRPJ.zxjg
  is '执行结果';
comment on column YW_P_GRPJ.pjjiguan
  is '判决机关';
comment on column YW_P_GRPJ.pjrq
  is '判决日期';
comment on column YW_P_GRPJ.jgdj_id
  is '关联个人基本信息YW_P_GRJBXX表主键ID';
alter table YW_P_GRPJ
  add constraint PK_YW_P_GRPJ primary key (ID);

create table YW_P_GRQS
(
  id          VARCHAR2(50) not null,
  status      VARCHAR2(2) default 0 not null,
  source      VARCHAR2(2),
  create_time DATE,
  create_user VARCHAR2(50),
  bmmc        VARCHAR2(200),
  bmbm        VARCHAR2(50),
  tgrq        DATE,
  xm          VARCHAR2(50),
  sfzh        VARCHAR2(50),
  zjlx        VARCHAR2(200),
  rwbh        VARCHAR2(50),
  bz          VARCHAR2(500),
  szdm        VARCHAR2(200),
  szmc        VARCHAR2(200),
  qsye        NUMBER,
  zgswjg      VARCHAR2(100),
  jzrq        DATE,
  jgdj_id     VARCHAR2(50)
)
;
comment on table YW_P_GRQS
  is '个人欠税信息';
comment on column YW_P_GRQS.id
  is '主键';
comment on column YW_P_GRQS.status
  is '数据的状态（是否可用，是否变更过等）';
comment on column YW_P_GRQS.source
  is '数据来源';
comment on column YW_P_GRQS.create_time
  is '创建时间';
comment on column YW_P_GRQS.create_user
  is '创建人ID';
comment on column YW_P_GRQS.bmmc
  is '信息提供部门名称';
comment on column YW_P_GRQS.bmbm
  is '信息提供部门编码';
comment on column YW_P_GRQS.tgrq
  is '提供日期';
comment on column YW_P_GRQS.xm
  is '姓名';
comment on column YW_P_GRQS.sfzh
  is '身份证号';
comment on column YW_P_GRQS.zjlx
  is '证件类型';
comment on column YW_P_GRQS.rwbh
  is '任务编号';
comment on column YW_P_GRQS.bz
  is '备注';
comment on column YW_P_GRQS.szdm
  is '税种代码';
comment on column YW_P_GRQS.szmc
  is '税种名称';
comment on column YW_P_GRQS.qsye
  is '欠税余额';
comment on column YW_P_GRQS.zgswjg
  is '主管税务机关';
comment on column YW_P_GRQS.jzrq
  is '截止日期';
comment on column YW_P_GRQS.jgdj_id
  is '关联个人基本信息YW_P_GRJBXX表主键ID';
alter table YW_P_GRQS
  add constraint PK_YW_P_GRQS primary key (ID);

create table YW_P_GRSFBD
(
  id          VARCHAR2(50) not null,
  status      VARCHAR2(2) default 0 not null,
  source      VARCHAR2(2),
  create_time DATE,
  create_user VARCHAR2(50),
  bmmc        VARCHAR2(200),
  bmbm        VARCHAR2(50),
  tgrq        DATE,
  xm          VARCHAR2(50),
  sfzh        VARCHAR2(50),
  zjlx        VARCHAR2(200),
  rwbh        VARCHAR2(50),
  bz          VARCHAR2(500),
  bgyy        VARCHAR2(500),
  bgdjjg      VARCHAR2(200),
  bgrq        DATE,
  jgdj_id     VARCHAR2(50)
)
;
comment on table YW_P_GRSFBD
  is '个人身份变动信息';
comment on column YW_P_GRSFBD.id
  is '主键';
comment on column YW_P_GRSFBD.status
  is '数据的状态（是否可用，是否变更过等）';
comment on column YW_P_GRSFBD.source
  is '数据来源';
comment on column YW_P_GRSFBD.create_time
  is '创建时间';
comment on column YW_P_GRSFBD.create_user
  is '创建人ID';
comment on column YW_P_GRSFBD.bmmc
  is '信息提供部门名称';
comment on column YW_P_GRSFBD.bmbm
  is '信息提供部门编码';
comment on column YW_P_GRSFBD.tgrq
  is '提供日期';
comment on column YW_P_GRSFBD.xm
  is '姓名';
comment on column YW_P_GRSFBD.sfzh
  is '身份证号';
comment on column YW_P_GRSFBD.zjlx
  is '证件类型';
comment on column YW_P_GRSFBD.rwbh
  is '任务编号';
comment on column YW_P_GRSFBD.bz
  is '备注';
comment on column YW_P_GRSFBD.bgyy
  is '变更原因';
comment on column YW_P_GRSFBD.bgdjjg
  is '变更登记机关';
comment on column YW_P_GRSFBD.bgrq
  is '变更日期';
comment on column YW_P_GRSFBD.jgdj_id
  is '关联个人基本信息YW_P_GRJBXX表主键ID';
alter table YW_P_GRSFBD
  add constraint PK_YW_P_GRSFBD primary key (ID);

create table YW_P_GRSYWY
(
  id          VARCHAR2(50) not null,
  status      VARCHAR2(2) default 0 not null,
  source      VARCHAR2(2),
  create_time DATE,
  create_user VARCHAR2(50),
  bmmc        VARCHAR2(200),
  bmbm        VARCHAR2(50),
  tgrq        DATE,
  xm          VARCHAR2(50),
  sfzh        VARCHAR2(50),
  zjlx        VARCHAR2(200),
  rwbh        VARCHAR2(50),
  bz          VARCHAR2(500),
  zhh         VARCHAR2(100),
  sxyzcd      VARCHAR2(100),
  qfje        NUMBER,
  bzqqfbjrq   DATE,
  sxxwyxq     VARCHAR2(100),
  zqsj        DATE,
  jgdj_id     VARCHAR2(50)
)
;
comment on table YW_P_GRSYWY
  is '个人商业违约信息';
comment on column YW_P_GRSYWY.id
  is '主键';
comment on column YW_P_GRSYWY.status
  is '数据的状态（是否可用，是否变更过等）';
comment on column YW_P_GRSYWY.source
  is '数据来源';
comment on column YW_P_GRSYWY.create_time
  is '创建时间';
comment on column YW_P_GRSYWY.create_user
  is '创建人ID';
comment on column YW_P_GRSYWY.bmmc
  is '信息提供部门名称';
comment on column YW_P_GRSYWY.bmbm
  is '信息提供部门编码';
comment on column YW_P_GRSYWY.tgrq
  is '信息提供日期';
comment on column YW_P_GRSYWY.xm
  is '姓名';
comment on column YW_P_GRSYWY.sfzh
  is '身份证号';
comment on column YW_P_GRSYWY.zjlx
  is '证件类型';
comment on column YW_P_GRSYWY.rwbh
  is '任务编号';
comment on column YW_P_GRSYWY.bz
  is '备注';
comment on column YW_P_GRSYWY.zhh
  is '账户号';
comment on column YW_P_GRSYWY.sxyzcd
  is '失信严重程度';
comment on column YW_P_GRSYWY.qfje
  is '欠费金额';
comment on column YW_P_GRSYWY.bzqqfbjrq
  is '本账期欠费补缴日期';
comment on column YW_P_GRSYWY.sxxwyxq
  is '失信行为有效期';
comment on column YW_P_GRSYWY.zqsj
  is '账期时间';
comment on column YW_P_GRSYWY.jgdj_id
  is '关联个人基本信息YW_P_GRJBXX表主键ID';
alter table YW_P_GRSYWY
  add constraint PK_YW_P_GRSYWY primary key (ID);

create table YW_P_GRXIANXIE
(
  id          VARCHAR2(50) not null,
  status      VARCHAR2(2) default 0 not null,
  source      VARCHAR2(2),
  create_time DATE,
  create_user VARCHAR2(50),
  bmmc        VARCHAR2(200),
  bmbm        VARCHAR2(50),
  tgrq        DATE,
  xm          VARCHAR2(50),
  sfzh        VARCHAR2(50),
  zjlx        VARCHAR2(200),
  rwbh        VARCHAR2(50),
  bz          VARCHAR2(500),
  jlid        VARCHAR2(100),
  xxm         VARCHAR2(100),
  xxrq        DATE,
  xxlx        VARCHAR2(50),
  xylx        VARCHAR2(50),
  xxl         VARCHAR2(100),
  zsxxl       VARCHAR2(100),
  jgdj_id     VARCHAR2(50)
)
;
comment on table YW_P_GRXIANXIE
  is '个人献血信息';
comment on column YW_P_GRXIANXIE.id
  is '主键';
comment on column YW_P_GRXIANXIE.status
  is '数据的状态（是否可用，是否变更过等）';
comment on column YW_P_GRXIANXIE.source
  is '数据来源';
comment on column YW_P_GRXIANXIE.create_time
  is '创建时间';
comment on column YW_P_GRXIANXIE.create_user
  is '创建人ID';
comment on column YW_P_GRXIANXIE.bmmc
  is '信息提供部门名称';
comment on column YW_P_GRXIANXIE.bmbm
  is '信息提供部门编码';
comment on column YW_P_GRXIANXIE.tgrq
  is '提供日期';
comment on column YW_P_GRXIANXIE.xm
  is '姓名';
comment on column YW_P_GRXIANXIE.sfzh
  is '身份证号';
comment on column YW_P_GRXIANXIE.zjlx
  is '证件类型';
comment on column YW_P_GRXIANXIE.rwbh
  is '任务编号';
comment on column YW_P_GRXIANXIE.bz
  is '备注';
comment on column YW_P_GRXIANXIE.jlid
  is '记录ID';
comment on column YW_P_GRXIANXIE.xxm
  is '献血码';
comment on column YW_P_GRXIANXIE.xxrq
  is '献血日期';
comment on column YW_P_GRXIANXIE.xxlx
  is '献血类型';
comment on column YW_P_GRXIANXIE.xylx
  is '血液类型';
comment on column YW_P_GRXIANXIE.xxl
  is '献血量';
comment on column YW_P_GRXIANXIE.zsxxl
  is '折算献血量';
comment on column YW_P_GRXIANXIE.jgdj_id
  is '关联个人基本信息YW_P_GRJBXX表主键ID';
alter table YW_P_GRXIANXIE
  add constraint PK_YW_P_GRXIANXIE primary key (ID);

create table YW_P_GRXL
(
  id          VARCHAR2(50) not null,
  status      VARCHAR2(2) default 0 not null,
  source      VARCHAR2(2),
  create_time DATE,
  create_user VARCHAR2(50),
  bmmc        VARCHAR2(200),
  bmbm        VARCHAR2(50),
  tgrq        DATE,
  xm          VARCHAR2(50),
  sfzh        VARCHAR2(50),
  zjlx        VARCHAR2(200),
  rwbh        VARCHAR2(50),
  bz          VARCHAR2(500),
  xl          VARCHAR2(200),
  xlbyxx      VARCHAR2(200),
  xlbysj      DATE,
  xlbyzy      VARCHAR2(200),
  xw          VARCHAR2(200),
  xwbyxx      VARCHAR2(200),
  xwbysj      DATE,
  xwbyzy      VARCHAR2(200),
  jgdj_id     VARCHAR2(50)
)
;
comment on table YW_P_GRXL
  is '个人学历信息';
comment on column YW_P_GRXL.id
  is '主键';
comment on column YW_P_GRXL.status
  is '数据的状态（是否可用，是否变更过等）';
comment on column YW_P_GRXL.source
  is '数据来源';
comment on column YW_P_GRXL.create_time
  is '创建时间';
comment on column YW_P_GRXL.create_user
  is '创建人ID';
comment on column YW_P_GRXL.bmmc
  is '信息提供部门名称';
comment on column YW_P_GRXL.bmbm
  is '信息提供部门编码';
comment on column YW_P_GRXL.tgrq
  is '提供日期';
comment on column YW_P_GRXL.xm
  is '姓名';
comment on column YW_P_GRXL.sfzh
  is '身份证号';
comment on column YW_P_GRXL.zjlx
  is '证件类型';
comment on column YW_P_GRXL.rwbh
  is '任务编号';
comment on column YW_P_GRXL.bz
  is '备注';
comment on column YW_P_GRXL.xl
  is '学历';
comment on column YW_P_GRXL.xlbyxx
  is '学历毕业学校';
comment on column YW_P_GRXL.xlbysj
  is '学历毕业时间';
comment on column YW_P_GRXL.xlbyzy
  is '学历毕业专业';
comment on column YW_P_GRXL.xw
  is '学位';
comment on column YW_P_GRXL.xwbyxx
  is '学位毕业信息';
comment on column YW_P_GRXL.xwbysj
  is '学位毕业时间';
comment on column YW_P_GRXL.xwbyzy
  is '学位毕业专业';
comment on column YW_P_GRXL.jgdj_id
  is '关联个人基本信息YW_P_GRJBXX表主键ID';
alter table YW_P_GRXL
  add constraint PK_YW_P_GRXL primary key (ID);

create table YW_P_GRXZCF
(
  id          VARCHAR2(50) not null,
  status      VARCHAR2(2) default 0 not null,
  source      VARCHAR2(2),
  create_time DATE,
  create_user VARCHAR2(50),
  bmmc        VARCHAR2(200),
  bmbm        VARCHAR2(50),
  tgrq        DATE,
  xm          VARCHAR2(50),
  sfzh        VARCHAR2(50),
  zjlx        VARCHAR2(200),
  rwbh        VARCHAR2(50),
  bz          VARCHAR2(4000),
  cfwh        VARCHAR2(200),
  cfmc        VARCHAR2(500),
  cfsy        VARCHAR2(2000),
  cfyj        VARCHAR2(4000),
  cfzl        VARCHAR2(500),
  cfjg        VARCHAR2(2000),
  cfdj        VARCHAR2(500),
  cfrq        DATE,
  cfsxq       DATE,
  cfjzq       DATE,
  cfjgmc      VARCHAR2(500),
  zxqk        VARCHAR2(500),
  zxwcrq      DATE,
  gsjzq       DATE,
  gxsjc       DATE,
  xzcfbm      VARCHAR2(200),
  xxsyfw      VARCHAR2(500),
  jgdj_id     varchar(50)
)
;
comment on table YW_P_GRXZCF
  is '个人行政处罚';
comment on column YW_P_GRXZCF.id
  is '主键';
comment on column YW_P_GRXZCF.status
  is '数据的状态（是否可用，是否变更过等）';
comment on column YW_P_GRXZCF.source
  is '数据来源';
comment on column YW_P_GRXZCF.create_time
  is '创建时间';
comment on column YW_P_GRXZCF.create_user
  is '创建人ID';
comment on column YW_P_GRXZCF.bmmc
  is '信息提供部门名称';
comment on column YW_P_GRXZCF.bmbm
  is '信息提供部门编码';
comment on column YW_P_GRXZCF.tgrq
  is '提供日期';
comment on column YW_P_GRXZCF.xm
  is '姓名';
comment on column YW_P_GRXZCF.sfzh
  is '身份证号';
comment on column YW_P_GRXZCF.zjlx
  is '证件类型';
comment on column YW_P_GRXZCF.rwbh
  is '任务编号';
comment on column YW_P_GRXZCF.bz
  is '备注';
comment on column YW_P_GRXZCF.cfwh
  is '处罚文号';
comment on column YW_P_GRXZCF.cfmc
  is '处罚名称';
comment on column YW_P_GRXZCF.cfsy
  is '处罚事由（违法事实、案由）';
comment on column YW_P_GRXZCF.cfyj
  is '处罚依据';
comment on column YW_P_GRXZCF.cfzl
  is '处罚种类';
comment on column YW_P_GRXZCF.cfjg
  is '处罚结果';
comment on column YW_P_GRXZCF.cfdj
  is '处罚等级（特别严重、严重、一般、轻微）、失信行为等级、失信严重程度';
comment on column YW_P_GRXZCF.cfrq
  is '处罚日期';
comment on column YW_P_GRXZCF.cfsxq
  is '处罚生效期';
comment on column YW_P_GRXZCF.cfjzq
  is '处罚截止期';
comment on column YW_P_GRXZCF.cfjgmc
  is '处罚机关名称（发出处罚决定的）';
comment on column YW_P_GRXZCF.zxqk
  is '执行情况（当前状态）';
comment on column YW_P_GRXZCF.zxwcrq
  is '执行完成日期';
comment on column YW_P_GRXZCF.gsjzq
  is '公示截止期';
comment on column YW_P_GRXZCF.gxsjc
  is '数据更新时间戳';
comment on column YW_P_GRXZCF.xzcfbm
  is '行政处罚编码';
comment on column YW_P_GRXZCF.xxsyfw
  is '信息使用范围';
comment on column YW_P_GRXZCF.jgdj_id
  is '关联个人基本信息YW_P_GRJBXX表主键ID';

alter table YW_P_GRXZCF
  add constraint PK_YW_P_GRXZCF primary key (ID);

create table YW_P_GRXZXK
(
  id          VARCHAR2(50) not null,
  status      VARCHAR2(2) default 0 not null,
  source      VARCHAR2(2),
  create_time DATE,
  create_user VARCHAR2(50),
  bmmc        VARCHAR2(200),
  bmbm        VARCHAR2(50),
  tgrq        DATE,
  xm          VARCHAR2(50),
  sfzh        VARCHAR2(50),
  zjlx        VARCHAR2(200),
  rwbh        VARCHAR2(50),
  bz          VARCHAR2(500),
  xkjdswh     VARCHAR2(200),
  xkzbh       VARCHAR2(200),
  xkzmc       VARCHAR2(200),
  xkzfw       VARCHAR2(500),
  zl          VARCHAR2(200),
  xksxq       DATE,
  xkjzq       DATE,
  pzjgqc      VARCHAR2(200),
  pzrq        DATE,
  bghzrq      DATE,
  xkzdqzt     VARCHAR2(50),
  gxsjc       DATE,
  xmmc        VARCHAR2(200),
  splb        VARCHAR2(200),
  dfbm        VARCHAR2(200),
  gsjzq       DATE,
  jgdj_id     varchar(50)
)
;
comment on table YW_P_GRXZXK
  is '个人行政许可信息';
comment on column YW_P_GRXZXK.id
  is '主键';
comment on column YW_P_GRXZXK.status
  is '数据的状态（是否可用，是否变更过等）';
comment on column YW_P_GRXZXK.source
  is '数据来源';
comment on column YW_P_GRXZXK.create_time
  is '创建时间';
comment on column YW_P_GRXZXK.create_user
  is '创建人ID';
comment on column YW_P_GRXZXK.bmmc
  is '信息提供部门名称';
comment on column YW_P_GRXZXK.bmbm
  is '信息提供部门编码';
comment on column YW_P_GRXZXK.tgrq
  is '提供日期';
comment on column YW_P_GRXZXK.xm
  is '姓名';
comment on column YW_P_GRXZXK.sfzh
  is '身份证号';
comment on column YW_P_GRXZXK.zjlx
  is '证件类型';
comment on column YW_P_GRXZXK.rwbh
  is '任务编号';
comment on column YW_P_GRXZXK.bz
  is '备注';
comment on column YW_P_GRXZXK.xkjdswh
  is '许可决定书文号';
comment on column YW_P_GRXZXK.xkzbh
  is '许可证编号';
comment on column YW_P_GRXZXK.xkzmc
  is '许可证名称';
comment on column YW_P_GRXZXK.xkzfw
  is '许可证内容（范围）';
comment on column YW_P_GRXZXK.zl
  is '种类（设立/变更/注销/撤销/吊销）';
comment on column YW_P_GRXZXK.xksxq
  is '许可生效期';
comment on column YW_P_GRXZXK.xkjzq
  is '许可截止期';
comment on column YW_P_GRXZXK.pzjgqc
  is '批准机关全称';
comment on column YW_P_GRXZXK.pzrq
  is '批准(注/撤/吊销)日期';
comment on column YW_P_GRXZXK.bghzrq
  is '（变更）核准日期';
comment on column YW_P_GRXZXK.xkzdqzt
  is '许可证当前状态';
comment on column YW_P_GRXZXK.gxsjc
  is '数据更新时间戳';
comment on column YW_P_GRXZXK.xmmc
  is '项目名称';
comment on column YW_P_GRXZXK.splb
  is '审批类别';
comment on column YW_P_GRXZXK.dfbm
  is '地方编码';
comment on column YW_P_GRXZXK.gsjzq
  is '公示截止期';
comment on column YW_P_GRXZXK.jgdj_id
  is '关联个人基本信息YW_P_GRJBXX表主键ID';
alter table YW_P_GRXZXK
  add constraint PK_YW_P_GRXZXK primary key (ID);

create table YW_P_GRYLBXZT
(
  id          VARCHAR2(50) not null,
  status      VARCHAR2(2) default 0 not null,
  source      VARCHAR2(2),
  create_time DATE,
  create_user VARCHAR2(50),
  bmmc        VARCHAR2(200),
  bmbm        VARCHAR2(50),
  tgrq        DATE,
  xm          VARCHAR2(50),
  sfzh        VARCHAR2(50),
  zjlx        VARCHAR2(200),
  rwbh        VARCHAR2(50),
  bz          VARCHAR2(500),
  ylbxzt      VARCHAR2(100),
  jgdj_id     VARCHAR2(50)
)
;
comment on table YW_P_GRYLBXZT
  is '个人养老保险状态';
comment on column YW_P_GRYLBXZT.id
  is '主键';
comment on column YW_P_GRYLBXZT.status
  is '数据的状态（是否可用，是否变更过等）';
comment on column YW_P_GRYLBXZT.source
  is '数据来源';
comment on column YW_P_GRYLBXZT.create_time
  is '创建时间';
comment on column YW_P_GRYLBXZT.create_user
  is '创建人ID';
comment on column YW_P_GRYLBXZT.bmmc
  is '信息提供部门名称';
comment on column YW_P_GRYLBXZT.bmbm
  is '信息提供部门编码';
comment on column YW_P_GRYLBXZT.tgrq
  is '提供日期';
comment on column YW_P_GRYLBXZT.xm
  is '姓名';
comment on column YW_P_GRYLBXZT.sfzh
  is '身份证号';
comment on column YW_P_GRYLBXZT.zjlx
  is '证件类型';
comment on column YW_P_GRYLBXZT.rwbh
  is '任务编号';
comment on column YW_P_GRYLBXZT.bz
  is '备注';
comment on column YW_P_GRYLBXZT.ylbxzt
  is '养老保险状态';
comment on column YW_P_GRYLBXZT.jgdj_id
  is '关联个人基本信息YW_P_GRJBXX表主键ID';
alter table YW_P_GRYLBXZT
  add constraint PK_YW_P_GRYLBXZT primary key (ID);

create table YW_P_GRZGZC
(
  id           VARCHAR2(50) not null,
  status       VARCHAR2(2) default 0 not null,
  source       VARCHAR2(2),
  create_time  DATE,
  create_user  VARCHAR2(50),
  bmmc         VARCHAR2(200),
  bmbm         VARCHAR2(50),
  tgrq         DATE,
  xm           VARCHAR2(50),
  sfzh         VARCHAR2(50),
  zjlx         VARCHAR2(200),
  rwbh         VARCHAR2(50),
  bz           VARCHAR2(500),
  zczsmc       VARCHAR2(100),
  zyzgdj       VARCHAR2(100),
  zczsbh       VARCHAR2(100),
  zcrq         DATE,
  zssxq        DATE,
  zsjzq        DATE,
  fzdw         VARCHAR2(200),
  zgzt         VARCHAR2(100),
  zydwmc       VARCHAR2(100),
  zydwzzjgdm   VARCHAR2(50),
  zydwgszch    VARCHAR2(50),
  zydwtyshxydm VARCHAR2(50),
  jgdj_id     VARCHAR2(50)
)
;
comment on table YW_P_GRZGZC
  is '个人-资格注册信息';
comment on column YW_P_GRZGZC.id
  is '主键';
comment on column YW_P_GRZGZC.status
  is '数据的状态（是否可用，是否变更过等）';
comment on column YW_P_GRZGZC.source
  is '数据来源';
comment on column YW_P_GRZGZC.create_time
  is '创建时间';
comment on column YW_P_GRZGZC.create_user
  is '创建人ID';
comment on column YW_P_GRZGZC.bmmc
  is '信息提供部门名称';
comment on column YW_P_GRZGZC.bmbm
  is '信息提供部门编码';
comment on column YW_P_GRZGZC.tgrq
  is '提供日期';
comment on column YW_P_GRZGZC.xm
  is '姓名';
comment on column YW_P_GRZGZC.sfzh
  is '身份证号';
comment on column YW_P_GRZGZC.zjlx
  is '证件类型';
comment on column YW_P_GRZGZC.rwbh
  is '任务编号';
comment on column YW_P_GRZGZC.bz
  is '备注';
comment on column YW_P_GRZGZC.zczsmc
  is '注册证书名称';
comment on column YW_P_GRZGZC.zyzgdj
  is '执业资格等级';
comment on column YW_P_GRZGZC.zczsbh
  is '注册证书编号';
comment on column YW_P_GRZGZC.zcrq
  is '注册日期';
comment on column YW_P_GRZGZC.zssxq
  is '证书生效期';
comment on column YW_P_GRZGZC.zsjzq
  is '证书截止期';
comment on column YW_P_GRZGZC.fzdw
  is '发证单位';
comment on column YW_P_GRZGZC.zgzt
  is '资格状态';
comment on column YW_P_GRZGZC.zydwmc
  is '执业单位名称';
comment on column YW_P_GRZGZC.zydwzzjgdm
  is '执业单位组织机构代码';
comment on column YW_P_GRZGZC.zydwgszch
  is '执业单位工商注册号';
comment on column YW_P_GRZGZC.zydwtyshxydm
  is '执业单位统一社会信用代码';
comment on column YW_P_GRZGZC.jgdj_id
  is '关联个人基本信息YW_P_GRJBXX表主键ID';
alter table YW_P_GRZGZC
  add constraint PK_YW_P_GRZGZC primary key (ID);

create table YW_P_GRZGZCX
(
  id          VARCHAR2(50) not null,
  status      VARCHAR2(2) default 0 not null,
  source      VARCHAR2(2),
  create_time DATE,
  create_user VARCHAR2(50),
  bmmc        VARCHAR2(200),
  bmbm        VARCHAR2(50),
  tgrq        DATE,
  xm          VARCHAR2(50),
  sfzh        VARCHAR2(50),
  zjlx        VARCHAR2(200),
  rwbh        VARCHAR2(50),
  bz          VARCHAR2(500),
  zsbh        VARCHAR2(100),
  zgmc        VARCHAR2(200),
  zcxlx       VARCHAR2(100),
  zcxrq       DATE,
  zcxjg       VARCHAR2(200),
  jgdj_id     VARCHAR2(50)
)
;
comment on table YW_P_GRZGZCX
  is '个人资格注（撤）销信息';
comment on column YW_P_GRZGZCX.id
  is '主键';
comment on column YW_P_GRZGZCX.status
  is '数据的状态（是否可用，是否变更过等）';
comment on column YW_P_GRZGZCX.source
  is '数据来源';
comment on column YW_P_GRZGZCX.create_time
  is '创建时间';
comment on column YW_P_GRZGZCX.create_user
  is '创建人ID';
comment on column YW_P_GRZGZCX.bmmc
  is '信息提供部门名称';
comment on column YW_P_GRZGZCX.bmbm
  is '信息提供部门编码';
comment on column YW_P_GRZGZCX.tgrq
  is '提供日期';
comment on column YW_P_GRZGZCX.xm
  is '姓名';
comment on column YW_P_GRZGZCX.sfzh
  is '身份证号';
comment on column YW_P_GRZGZCX.zjlx
  is '证件类型';
comment on column YW_P_GRZGZCX.rwbh
  is '任务编号';
comment on column YW_P_GRZGZCX.bz
  is '备注';
comment on column YW_P_GRZGZCX.zsbh
  is '证书编号';
comment on column YW_P_GRZGZCX.zgmc
  is '资格名称';
comment on column YW_P_GRZGZCX.zcxlx
  is '注（撤）销类型';
comment on column YW_P_GRZGZCX.zcxrq
  is '注（撤）销日期';
comment on column YW_P_GRZGZCX.zcxjg
  is '注（撤）销机关';
comment on column YW_P_GRZGZCX.jgdj_id
  is '关联个人基本信息YW_P_GRJBXX表主键ID';
alter table YW_P_GRZGZCX
  add constraint PK_YW_P_GRZGZCX primary key (ID);

create table YW_P_GRZYFWSC
(
  id          VARCHAR2(50) not null,
  status      VARCHAR2(2) default 0 not null,
  source      VARCHAR2(2),
  create_time DATE,
  create_user VARCHAR2(50),
  bmmc        VARCHAR2(200),
  bmbm        VARCHAR2(50),
  tgrq        DATE,
  xm          VARCHAR2(50),
  sfzh        VARCHAR2(50),
  zjlx        VARCHAR2(200),
  rwbh        VARCHAR2(50),
  bz          VARCHAR2(500),
  zzmm        VARCHAR2(100),
  gzdw        VARCHAR2(100),
  fwsc        VARCHAR2(100),
  jgdj_id     VARCHAR2(50)
)
;
comment on table YW_P_GRZYFWSC
  is '个人职业服务时长';
comment on column YW_P_GRZYFWSC.id
  is '主键';
comment on column YW_P_GRZYFWSC.status
  is '数据的状态（是否可用，是否变更过等）';
comment on column YW_P_GRZYFWSC.source
  is '数据来源';
comment on column YW_P_GRZYFWSC.create_time
  is '创建时间';
comment on column YW_P_GRZYFWSC.create_user
  is '创建人ID';
comment on column YW_P_GRZYFWSC.bmmc
  is '信息提供部门名称';
comment on column YW_P_GRZYFWSC.bmbm
  is '信息提供部门编码';
comment on column YW_P_GRZYFWSC.tgrq
  is '提供日期';
comment on column YW_P_GRZYFWSC.xm
  is '姓名';
comment on column YW_P_GRZYFWSC.sfzh
  is '身份证号';
comment on column YW_P_GRZYFWSC.zjlx
  is '证件类型';
comment on column YW_P_GRZYFWSC.rwbh
  is '任务编号';
comment on column YW_P_GRZYFWSC.bz
  is '备注';
comment on column YW_P_GRZYFWSC.zzmm
  is '政治面貌';
comment on column YW_P_GRZYFWSC.gzdw
  is '工作单位';
comment on column YW_P_GRZYFWSC.fwsc
  is '服务时长';
comment on column YW_P_GRZYFWSC.jgdj_id
  is '关联个人基本信息YW_P_GRJBXX表主键ID';
alter table YW_P_GRZYFWSC
  add constraint PK_YW_P_GRZYFWSC primary key (ID);

create table YW_P_GRZYHZXX
(
  id          VARCHAR2(50) not null,
  status      VARCHAR2(2) default '0' not null,
  source      VARCHAR2(2),
  create_time DATE,
  create_user VARCHAR2(50),
  bmmc        VARCHAR2(200),
  bmbm        VARCHAR2(50),
  tgrq        DATE,
  xm          VARCHAR2(50),
  sfzh        VARCHAR2(50),
  zjlx        VARCHAR2(200),
  rwbh        VARCHAR2(50),
  bz          VARCHAR2(500),
  zymc        VARCHAR2(250),
  jgdj_id     VARCHAR2(50)
)
;
comment on table YW_P_GRZYHZXX
  is '个人职业汇总信息表';
comment on column YW_P_GRZYHZXX.id
  is '主键';
comment on column YW_P_GRZYHZXX.status
  is '数据的状态（是否可用，是否变更过等）';
comment on column YW_P_GRZYHZXX.source
  is '数据来源';
comment on column YW_P_GRZYHZXX.create_time
  is '创建时间';
comment on column YW_P_GRZYHZXX.create_user
  is '创建人ID';
comment on column YW_P_GRZYHZXX.bmmc
  is '信息提供部门名称';
comment on column YW_P_GRZYHZXX.bmbm
  is '信息提供部门编码';
comment on column YW_P_GRZYHZXX.tgrq
  is '提供日期';
comment on column YW_P_GRZYHZXX.xm
  is '姓名';
comment on column YW_P_GRZYHZXX.sfzh
  is '身份证号';
comment on column YW_P_GRZYHZXX.zjlx
  is '证件类型';
comment on column YW_P_GRZYHZXX.rwbh
  is '任务编号';
comment on column YW_P_GRZYHZXX.bz
  is '备注';
comment on column YW_P_GRZYHZXX.zymc
  is '职业名称';
comment on column YW_P_GRZYHZXX.jgdj_id
  is '关联个人基本信息YW_P_GRJBXX表主键ID';
alter table YW_P_GRZYHZXX
  add constraint PK_YW_P_GRZYHZXX primary key (ID);

create table YW_P_GRZYJSZG
(
  id          VARCHAR2(50) not null,
  status      VARCHAR2(2) default 0 not null,
  source      VARCHAR2(2),
  create_time DATE,
  create_user VARCHAR2(50),
  bmmc        VARCHAR2(200),
  bmbm        VARCHAR2(50),
  tgrq        DATE,
  xm          VARCHAR2(50),
  sfzh        VARCHAR2(50),
  zjlx        VARCHAR2(200),
  rwbh        VARCHAR2(50),
  bz          VARCHAR2(500),
  zyjszgmc    VARCHAR2(100),
  zylb        VARCHAR2(100),
  qdrq        DATE,
  spdw        VARCHAR2(200),
  jgdj_id     VARCHAR2(50)
)
;
comment on table YW_P_GRZYJSZG
  is '个人专业技术资格';
comment on column YW_P_GRZYJSZG.id
  is '主键';
comment on column YW_P_GRZYJSZG.status
  is '数据的状态（是否可用，是否变更过等）';
comment on column YW_P_GRZYJSZG.source
  is '数据来源';
comment on column YW_P_GRZYJSZG.create_time
  is '创建时间';
comment on column YW_P_GRZYJSZG.create_user
  is '创建人ID';
comment on column YW_P_GRZYJSZG.bmmc
  is '信息提供部门名称';
comment on column YW_P_GRZYJSZG.bmbm
  is '信息提供部门编码';
comment on column YW_P_GRZYJSZG.tgrq
  is '提供日期';
comment on column YW_P_GRZYJSZG.xm
  is '姓名';
comment on column YW_P_GRZYJSZG.sfzh
  is '身份证号';
comment on column YW_P_GRZYJSZG.zjlx
  is '证件类型';
comment on column YW_P_GRZYJSZG.rwbh
  is '任务编号';
comment on column YW_P_GRZYJSZG.bz
  is '备注';
comment on column YW_P_GRZYJSZG.zyjszgmc
  is '专业技术资格名称';
comment on column YW_P_GRZYJSZG.zylb
  is '专业类别';
comment on column YW_P_GRZYJSZG.qdrq
  is '取得日期';
comment on column YW_P_GRZYJSZG.spdw
  is '审批单位';
comment on column YW_P_GRZYJSZG.jgdj_id
  is '关联个人基本信息YW_P_GRJBXX表主键ID';
alter table YW_P_GRZYJSZG
  add constraint PK_YW_P_GRZYJSZG primary key (ID);

create table YW_P_GRZYZYZG
(
  id          VARCHAR2(50) not null,
  status      VARCHAR2(2) default 0 not null,
  source      VARCHAR2(2),
  create_time DATE,
  create_user VARCHAR2(50),
  bmmc        VARCHAR2(200),
  bmbm        VARCHAR2(50),
  tgrq        DATE,
  xm          VARCHAR2(50),
  sfzh        VARCHAR2(50),
  zjlx        VARCHAR2(200),
  rwbh        VARCHAR2(50),
  bz          VARCHAR2(500),
  zczsmc      VARCHAR2(100),
  zyzgdj      VARCHAR2(100),
  zcrq        DATE,
  zcyxqz      DATE,
  fzdw        VARCHAR2(200),
  zydwmc      VARCHAR2(200),
  jgdj_id     VARCHAR2(50)
)
;
comment on table YW_P_GRZYZYZG
  is '个人职业执业资格信息';
comment on column YW_P_GRZYZYZG.id
  is '主键';
comment on column YW_P_GRZYZYZG.status
  is '数据的状态（是否可用，是否变更过等）';
comment on column YW_P_GRZYZYZG.source
  is '数据来源';
comment on column YW_P_GRZYZYZG.create_time
  is '创建时间';
comment on column YW_P_GRZYZYZG.create_user
  is '创建人ID';
comment on column YW_P_GRZYZYZG.bmmc
  is '信息提供部门名称';
comment on column YW_P_GRZYZYZG.bmbm
  is '信息提供部门编码';
comment on column YW_P_GRZYZYZG.tgrq
  is '提供日期';
comment on column YW_P_GRZYZYZG.xm
  is '姓名';
comment on column YW_P_GRZYZYZG.sfzh
  is '身份证号';
comment on column YW_P_GRZYZYZG.zjlx
  is '证件类型';
comment on column YW_P_GRZYZYZG.rwbh
  is '任务编号';
comment on column YW_P_GRZYZYZG.bz
  is '备注';
comment on column YW_P_GRZYZYZG.zczsmc
  is '注册证书名称';
comment on column YW_P_GRZYZYZG.zyzgdj
  is '执业资格等级';
comment on column YW_P_GRZYZYZG.zcrq
  is '注册日期';
comment on column YW_P_GRZYZYZG.zcyxqz
  is '注册有效期至';
comment on column YW_P_GRZYZYZG.fzdw
  is '发证单位';
comment on column YW_P_GRZYZYZG.zydwmc
  is '执业单位名称';
comment on column YW_P_GRZYZYZG.jgdj_id
  is '关联个人基本信息YW_P_GRJBXX表主键ID';
alter table YW_P_GRZYZYZG
  add constraint PK_YW_P_GRZYZYZG primary key (ID);

drop view view_jgjbxx cascade constraints;
create or replace view view_jgjbxx as
(
  SELECT GS.GSZCH AS GSZCH, GS.ZZJGDM AS ZZJGDM, GS.JGQC AS QYMC,
    GS.TYSHXYDM AS SHXYDM, GS.SSHYMC AS SSHYMC, GS.SSHYDM,
    GS.QYLXMC AS QYLX, GS.QYLXDM, GS.FZJGMC AS FZJGMC, GS.FZRQ AS ZCRQ,
    GS.JGDZ AS QYDZ, GS.FDDBRXM AS FDDBR, GS.FDDBRZJLX AS DBRZJLX,
    GS.FDDBRZJHM AS DBRZJHM, GS.ZCZJ AS ZCZJ, GS.JYFW, GS.HZRQ,
    GS.BMMC AS XXLYBM, GS.BMMC AS TGDWQC, GS.TGRQ, GS.BMBM, GS.JJLX,
    GS.XZQH, GS.ID, GS.LXDH AS DHHM
  FROM YW_L_JGSLBGDJ GS
);

drop table DZ_CREDIT_TEMPLATE cascade constraints;
drop table DZ_CREDIT_THEME cascade constraints;
drop table DZ_CREDIT_THEME_COLUMN cascade constraints;
drop table DZ_THEME cascade constraints;
drop table DZ_THEME_COLUMN cascade constraints;
drop table DZ_CREDIT_WATERMARK cascade constraints;

create table DZ_CREDIT_TEMPLATE
(
  id           VARCHAR2(50) not null,
  title        VARCHAR2(200),
  credit_name  VARCHAR2(500),
  status       VARCHAR2(50),
  create_time  TIMESTAMP(0),
  isdefault    VARCHAR2(1),
  category     VARCHAR2(2),
  use_type     VARCHAR2(2),
  bg_img       VARCHAR2(2000),
  address      VARCHAR2(2000),
  reportsource VARCHAR2(500),
  contact      VARCHAR2(100),
  contactphone VARCHAR2(50),
  datafrom VARCHAR2(500)
)
;
comment on table DZ_CREDIT_TEMPLATE
  is '模板定制表';
comment on column DZ_CREDIT_TEMPLATE.id
  is '主键';
comment on column DZ_CREDIT_TEMPLATE.title
  is '报告标题';
comment on column DZ_CREDIT_TEMPLATE.credit_name
  is '报告名称';
comment on column DZ_CREDIT_TEMPLATE.status
  is '有效标志，1有效， 0无效';
comment on column DZ_CREDIT_TEMPLATE.create_time
  is '创建时间';
comment on column DZ_CREDIT_TEMPLATE.isdefault
  is '是否默认模板（1不是，0是）';
comment on column DZ_CREDIT_TEMPLATE.category
  is '分类（0法人，1自然人）';
comment on column DZ_CREDIT_TEMPLATE.use_type
  is '模板用途（0信用报告查询，1接口配置，2定制查询）';
comment on column DZ_CREDIT_TEMPLATE.bg_img
  is '背部水印图片名称';
comment on column DZ_CREDIT_TEMPLATE.address
  is '信用报告最下面展示的地址';
comment on column DZ_CREDIT_TEMPLATE.reportsource
  is '报告出处';
comment on column DZ_CREDIT_TEMPLATE.contact
  is '联系人';
comment on column DZ_CREDIT_TEMPLATE.contactphone
  is '联系电话';
comment on column DZ_CREDIT_TEMPLATE.datafrom
  is '数据来源';
alter table DZ_CREDIT_TEMPLATE
  add primary key (ID);

create table DZ_CREDIT_THEME
(
  id                 VARCHAR2(50) not null,
  credit_template_id VARCHAR2(50) not null,
  theme_id           VARCHAR2(50) not null,
  type               VARCHAR2(50),
  display_order      NUMBER,
  status             VARCHAR2(50),
  create_time        TIMESTAMP(0)
)
;
comment on table DZ_CREDIT_THEME
  is '模板资源表';
comment on column DZ_CREDIT_THEME.id
  is '主键';
comment on column DZ_CREDIT_THEME.credit_template_id
  is '外键(信用报告模板)';
comment on column DZ_CREDIT_THEME.theme_id
  is '外键(资源库外键)';
comment on column DZ_CREDIT_THEME.type
  is '资源级别(一级主题,二级主题)';
comment on column DZ_CREDIT_THEME.display_order
  is '顺序';
comment on column DZ_CREDIT_THEME.status
  is '有效标志';
comment on column DZ_CREDIT_THEME.create_time
  is '创建时间';
alter table DZ_CREDIT_THEME
  add primary key (ID);

create table DZ_CREDIT_THEME_COLUMN
(
  id              VARCHAR2(50) not null,
  credit_theme_id VARCHAR2(50) not null,
  theme_column_id VARCHAR2(50) not null,
  display_order   NUMBER,
  status          VARCHAR2(50),
  create_time     TIMESTAMP(0)
)
;
comment on table DZ_CREDIT_THEME_COLUMN
  is '模板字段表';
comment on column DZ_CREDIT_THEME_COLUMN.id
  is '主键';
comment on column DZ_CREDIT_THEME_COLUMN.credit_theme_id
  is '外键(信用报告主题外键)';
comment on column DZ_CREDIT_THEME_COLUMN.theme_column_id
  is '外键(资源库字段外键)';
comment on column DZ_CREDIT_THEME_COLUMN.display_order
  is '顺序';
comment on column DZ_CREDIT_THEME_COLUMN.status
  is '有效标志';
comment on column DZ_CREDIT_THEME_COLUMN.create_time
  is '创建时间';
alter table DZ_CREDIT_THEME_COLUMN
  add primary key (ID);

create table DZ_THEME
(
  id          VARCHAR2(50) not null,
  parent_id   VARCHAR2(50),
  type        VARCHAR2(50),
  type_name   VARCHAR2(200),
  data_source VARCHAR2(50),
  data_table  VARCHAR2(200),
  status      VARCHAR2(50),
  create_time TIMESTAMP(0),
  zyyt        VARCHAR2(250),
  display_order number
)
;
comment on table DZ_THEME
  is '信用资源库';
comment on column DZ_THEME.id
  is '主键';
comment on column DZ_THEME.parent_id
  is '父资源id';
comment on column DZ_THEME.type
  is '级别(0顶级资源-页面上不开放维护，1,一级资源,2二级资源)';
comment on column DZ_THEME.type_name
  is '资源名称';
comment on column DZ_THEME.data_source
  is '数据源ID';
comment on column DZ_THEME.data_table
  is '数据库表';
comment on column DZ_THEME.status
  is '有效标志';
comment on column DZ_THEME.create_time
  is '创建时间';
comment on column DZ_THEME.zyyt
  is '资源用途';
comment on column DZ_THEME.display_order
  is '顺序';
alter table DZ_THEME
  add primary key (ID);

create table DZ_THEME_COLUMN
(
  id              VARCHAR2(50) not null,
  theme_id        VARCHAR2(50) not null,
  column_name     VARCHAR2(200),
  column_comments VARCHAR2(200),
  create_time     TIMESTAMP(0),
  column_alias    VARCHAR2(200),
  display_order number,
  data_order VARCHAR2(50)
)
;
comment on table DZ_THEME_COLUMN
  is '与资源库对应的字段表';
comment on column DZ_THEME_COLUMN.id
  is '主键';
comment on column DZ_THEME_COLUMN.theme_id
  is 'DZ_THEME主键';
comment on column DZ_THEME_COLUMN.column_name
  is '字段名称';
comment on column DZ_THEME_COLUMN.column_comments
  is '字段描述';
comment on column DZ_THEME_COLUMN.create_time
  is '创建时间';
comment on column DZ_THEME_COLUMN.column_alias
  is '字段别名（信用报告中列标题及Tab标签上显示的名称）';
comment on column DZ_THEME_COLUMN.display_order
  is '显示顺序';
comment on column DZ_THEME_COLUMN.data_order
  is '数据排序（asc升序，desc降序，空表示不以该字段排序）';
alter table DZ_THEME_COLUMN
  add primary key (ID);

create table DZ_CREDIT_WATERMARK
(
  id               VARCHAR2(50) not null,
  name             VARCHAR2(50) not null,
  file_name        VARCHAR2(50),
  create_user_name VARCHAR2(50),
  create_time      DATE
);
-- Add comments to the table
comment on table DZ_CREDIT_WATERMARK
  is '信用报告水印管理表';
-- Add comments to the columns
comment on column DZ_CREDIT_WATERMARK.id
  is '主键';
comment on column DZ_CREDIT_WATERMARK.name
  is '水印名称';
comment on column DZ_CREDIT_WATERMARK.file_name
  is '水印文件名';
comment on column DZ_CREDIT_WATERMARK.create_user_name
  is '上传者';
comment on column DZ_CREDIT_WATERMARK.create_time
  is '上传时间';
-- Create/Recreate primary, unique and foreign key constraints
alter table DZ_CREDIT_WATERMARK
  add constraint PK_DZ_CREDIT_WATERMARK primary key (ID)
  using index;

insert into DZ_CREDIT_WATERMARK (ID, NAME, FILE_NAME, CREATE_USER_NAME, CREATE_TIME) values ('4028946a5afff929015afffa6f150000', '江苏未至科技股份有限公司', 'weizhibj.png', 'admin', sysdate);
insert into DZ_CREDIT_WATERMARK (ID, NAME, FILE_NAME, CREATE_USER_NAME, CREATE_TIME) values ('4028946a5afff929015afffa8f730002', '苏州市公共信用服务中心', 'defaultbj.png', 'admin', sysdate);

insert into dt_upload_file (UPLOAD_FILE_ID, FILE_NAME, FILE_PATH, FILE_TYPE, CREATE_DATE, SYS_USER_ID, BUSINESS_ID, FILE_VIEWPATH, ICON)
values ('4028946a5afff929015afffa6f3a0001', 'weizhibj.png', 'D:/work/workspace/.metadata/.plugins/org.eclipse.wst.server.core/tmp1/wtpwebapps/CreditService2.0/app/images/creditReport/1490420183364.png', '1', to_date('24-03-2017 19:01:26', 'dd-mm-yyyy hh24:mi:ss'), '8aa0bef8446c32a301446c409a950002', '4028946a5afff929015afffa6f150000', null, null);
insert into dt_upload_file (UPLOAD_FILE_ID, FILE_NAME, FILE_PATH, FILE_TYPE, CREATE_DATE, SYS_USER_ID, BUSINESS_ID, FILE_VIEWPATH, ICON)
values ('4028946a5afff929015afffa8f8d0003', 'defaultbj.png', 'D:/work/workspace/.metadata/.plugins/org.eclipse.wst.server.core/tmp1/wtpwebapps/CreditService2.0/app/images/creditReport/1490420141537.png', '1', to_date('24-03-2017 19:01:35', 'dd-mm-yyyy hh24:mi:ss'), '8aa0bef8446c32a301446c409a950002', '4028946a5afff929015afffa8f730002', null, null);

insert into DZ_CREDIT_TEMPLATE (id, title, credit_name, status, create_time, isdefault, category, use_type, bg_img, address, reportsource, contact, contactphone)
values ('2c93ca8159b05ada0159b08dd913002e', '苏州市自然人公共信用报告', '自然人', '1', sysdate, '0', '1', '0', 'weizhibj.png', '测试', '苏州市公共信用信息中心', '李俊杰', '13962167696');
insert into DZ_CREDIT_TEMPLATE (id, title, credit_name, status, create_time, isdefault, category, use_type, bg_img, address, reportsource, contact, contactphone)
values ('4028498158d72ce10158d829c75200c3', '苏州市社会法人信用信息', '法人', '1', sysdate, '0', '0', '0', 'defaultbj.png', '苏州市人民东路甲一号行政办公大楼1136房间', '苏州市公共信用信息中心', '侯永涛', '0373-3696723');
commit;
insert into DZ_CREDIT_THEME (id, credit_template_id, theme_id, type, display_order, status, create_time)
values ('4028946a5b28c645015b28cf73eb0008', '4028498158d72ce10158d829c75200c3', '4028946a57b1a26a0157b1a39e640003', '1', 1, '1', sysdate);
insert into DZ_CREDIT_THEME (id, credit_template_id, theme_id, type, display_order, status, create_time)
values ('4028946a5b28c645015b28cf73eb0009', '4028498158d72ce10158d829c75200c3', '4028946a57b1a6ea0157b1a8048b0004', '2', 1, '1', sysdate);
insert into DZ_CREDIT_THEME (id, credit_template_id, theme_id, type, display_order, status, create_time)
values ('4028946a5b28c645015b28cf73ec000e', '4028498158d72ce10158d829c75200c3', '2c93378157d6ed8a0157dc1a3b78005e', '2', 1, '1', sysdate);
insert into DZ_CREDIT_THEME (id, credit_template_id, theme_id, type, display_order, status, create_time)
values ('4028946a5b28c645015b28cf73ec0013', '4028498158d72ce10158d829c75200c3', '2c93378157d6ed8a0157dc181ee40056', '2', 1, '1', sysdate);
insert into DZ_CREDIT_THEME (id, credit_template_id, theme_id, type, display_order, status, create_time)
values ('4028946a5b28c645015b28cf73ec0019', '4028498158d72ce10158d829c75200c3', '2c93378157d6ed8a0157dc0d382b0047', '2', 1, '1', sysdate);
insert into DZ_CREDIT_THEME (id, credit_template_id, theme_id, type, display_order, status, create_time)
values ('4028946a5b28c645015b28cf73ed001f', '4028498158d72ce10158d829c75200c3', '2c93378157d6ed8a0157dc033289003a', '2', 1, '1', sysdate);
insert into DZ_CREDIT_THEME (id, credit_template_id, theme_id, type, display_order, status, create_time)
values ('4028946a5b28c645015b28cf73ee0025', '4028498158d72ce10158d829c75200c3', '4028946a57b2549c0157b28d3934000b', '2', 1, '1', sysdate);
insert into DZ_CREDIT_THEME (id, credit_template_id, theme_id, type, display_order, status, create_time)
values ('4028946a5b28c645015b28cf73ee002b', '4028498158d72ce10158d829c75200c3', '4028946a57b1a6ea0157b24442b9000f', '2', 1, '1', sysdate);
insert into DZ_CREDIT_THEME (id, credit_template_id, theme_id, type, display_order, status, create_time)
values ('4028946a5b28c645015b28cf73ee002f', '4028498158d72ce10158d829c75200c3', '2c93378157d6ed8a0157dc0a9c450041', '2', 2, '1', sysdate);
insert into DZ_CREDIT_THEME (id, credit_template_id, theme_id, type, display_order, status, create_time)
values ('4028946a5b28c645015b28cf73ef0034', '4028498158d72ce10158d829c75200c3', '2c93378157d6ed8a0157dc0d87c20048', '2', 2, '1', sysdate);
insert into DZ_CREDIT_THEME (id, credit_template_id, theme_id, type, display_order, status, create_time)
values ('4028946a5b28c645015b28cf73ef003a', '4028498158d72ce10158d829c75200c3', '4028946a57b2549c0157b28cef65000a', '1', 2, '1', sysdate);
insert into DZ_CREDIT_THEME (id, credit_template_id, theme_id, type, display_order, status, create_time)
values ('4028946a5b28c645015b28cf73ef003b', '4028498158d72ce10158d829c75200c3', '2c93378157d6ed8a0157dc1a8268005f', '2', 2, '1', sysdate);
insert into DZ_CREDIT_THEME (id, credit_template_id, theme_id, type, display_order, status, create_time)
values ('4028946a5b28c645015b28cf73ef003f', '4028498158d72ce10158d829c75200c3', '2c93378157d6ed8a0157dc01da2d0039', '1', 3, '1', sysdate);
insert into DZ_CREDIT_THEME (id, credit_template_id, theme_id, type, display_order, status, create_time)
values ('4028946a5b28c645015b28cf73ef0040', '4028498158d72ce10158d829c75200c3', '2c93378157d6ed8a0157dc0cf2870046', '1', 4, '1', sysdate);
insert into DZ_CREDIT_THEME (id, credit_template_id, theme_id, type, display_order, status, create_time)
values ('4028946a5b28c645015b28cf73ef0041', '4028498158d72ce10158d829c75200c3', '2c93378157d6ed8a0157dc17dde90055', '1', 5, '1', sysdate);
insert into DZ_CREDIT_THEME (id, credit_template_id, theme_id, type, display_order, status, create_time)
values ('4028946a5b28c645015b28cf73ef0042', '4028498158d72ce10158d829c75200c3', '2c93378157d6ed8a0157dc19e37a005d', '1', 6, '1', sysdate);
insert into DZ_CREDIT_THEME (id, credit_template_id, theme_id, type, display_order, status, create_time)
values ('4028946a5b28c645015b28cf9aeb0044', '2c93ca8159b05ada0159b08dd913002e', '2c93ca8159b05ada0159b08645380026', '2', 1, '1', sysdate);
insert into DZ_CREDIT_THEME (id, credit_template_id, theme_id, type, display_order, status, create_time)
values ('4028946a5b28c645015b28cf9aeb0048', '2c93ca8159b05ada0159b08dd913002e', '2c93ca8159b05ada0159b082eb840011', '2', 1, '1', sysdate);
insert into DZ_CREDIT_THEME (id, credit_template_id, theme_id, type, display_order, status, create_time)
values ('4028946a5b28c645015b28cf9aec004d', '2c93ca8159b05ada0159b08dd913002e', '2c93ca8159b05ada0159b085dfc90023', '1', 1, '1', sysdate);
insert into DZ_CREDIT_THEME (id, credit_template_id, theme_id, type, display_order, status, create_time)
values ('4028946a5b28c645015b28cf9aec004e', '2c93ca8159b05ada0159b08dd913002e', '2c93ca8159b05ada0159b0843f53001a', '2', 2, '1', sysdate);
insert into DZ_CREDIT_THEME (id, credit_template_id, theme_id, type, display_order, status, create_time)
values ('4028946a5b28c645015b28cf9aec0055', '2c93ca8159b05ada0159b08dd913002e', '2c93ca8159b05ada0159b08206c3000e', '1', 5, '1', sysdate);
commit;
insert into DZ_CREDIT_THEME_COLUMN (id, credit_theme_id, theme_column_id, display_order, status, create_time)
values ('4028946a5b28c645015b28cf9aeb0049', '4028946a5b28c645015b28cf9aeb0048', '2c93ca8159b05ada0159b083f3250014', 1, '1', sysdate);
insert into DZ_CREDIT_THEME_COLUMN (id, credit_theme_id, theme_column_id, display_order, status, create_time)
values ('4028946a5b28c645015b28cf73eb000a', '4028946a5b28c645015b28cf73eb0009', '4028498158d72ce10158d8236c6a00b6', 1, '1', sysdate);
insert into DZ_CREDIT_THEME_COLUMN (id, credit_theme_id, theme_column_id, display_order, status, create_time)
values ('4028946a5b28c645015b28cf73eb000b', '4028946a5b28c645015b28cf73eb0009', '4028498158d72ce10158d8236c6a00b5', 2, '1', sysdate);
insert into DZ_CREDIT_THEME_COLUMN (id, credit_theme_id, theme_column_id, display_order, status, create_time)
values ('4028946a5b28c645015b28cf73eb000c', '4028946a5b28c645015b28cf73eb0009', '4028498158d72ce10158d8236c6a00b8', 3, '1', sysdate);
insert into DZ_CREDIT_THEME_COLUMN (id, credit_theme_id, theme_column_id, display_order, status, create_time)
values ('4028946a5b28c645015b28cf73eb000d', '4028946a5b28c645015b28cf73eb0009', '4028498158d72ce10158d8236c6a00b7', 4, '1', sysdate);
insert into DZ_CREDIT_THEME_COLUMN (id, credit_theme_id, theme_column_id, display_order, status, create_time)
values ('4028946a5b28c645015b28cf73ec000f', '4028946a5b28c645015b28cf73ec000e', '4028498158d72ce10158d822d52000b0', 1, '1', sysdate);
insert into DZ_CREDIT_THEME_COLUMN (id, credit_theme_id, theme_column_id, display_order, status, create_time)
values ('4028946a5b28c645015b28cf73ec0010', '4028946a5b28c645015b28cf73ec000e', '4028498158d72ce10158d822d52100b1', 2, '1', sysdate);
insert into DZ_CREDIT_THEME_COLUMN (id, credit_theme_id, theme_column_id, display_order, status, create_time)
values ('4028946a5b28c645015b28cf73ec0011', '4028946a5b28c645015b28cf73ec000e', '4028498158d72ce10158d822d52000ae', 3, '1', sysdate);
insert into DZ_CREDIT_THEME_COLUMN (id, credit_theme_id, theme_column_id, display_order, status, create_time)
values ('4028946a5b28c645015b28cf73ec0012', '4028946a5b28c645015b28cf73ec000e', '4028498158d72ce10158d822d52000af', 4, '1', sysdate);
insert into DZ_CREDIT_THEME_COLUMN (id, credit_theme_id, theme_column_id, display_order, status, create_time)
values ('4028946a5b28c645015b28cf73ec0014', '4028946a5b28c645015b28cf73ec0013', '4028498158d72ce10158d8223fc200a9', 1, '1', sysdate);
insert into DZ_CREDIT_THEME_COLUMN (id, credit_theme_id, theme_column_id, display_order, status, create_time)
values ('4028946a5b28c645015b28cf73ec0015', '4028946a5b28c645015b28cf73ec0013', '4028498158d72ce10158d8223fc200ac', 2, '1', sysdate);
insert into DZ_CREDIT_THEME_COLUMN (id, credit_theme_id, theme_column_id, display_order, status, create_time)
values ('4028946a5b28c645015b28cf73ec0016', '4028946a5b28c645015b28cf73ec0013', '4028498158d72ce10158d8223fc200ad', 3, '1', sysdate);
insert into DZ_CREDIT_THEME_COLUMN (id, credit_theme_id, theme_column_id, display_order, status, create_time)
values ('4028946a5b28c645015b28cf73ec0017', '4028946a5b28c645015b28cf73ec0013', '4028498158d72ce10158d8223fc200aa', 4, '1', sysdate);
insert into DZ_CREDIT_THEME_COLUMN (id, credit_theme_id, theme_column_id, display_order, status, create_time)
values ('4028946a5b28c645015b28cf73ec0018', '4028946a5b28c645015b28cf73ec0013', '4028498158d72ce10158d8223fc200ab', 5, '1', sysdate);
insert into DZ_CREDIT_THEME_COLUMN (id, credit_theme_id, theme_column_id, display_order, status, create_time)
values ('4028946a5b28c645015b28cf73ec001a', '4028946a5b28c645015b28cf73ec0019', '4028498158d72ce10158d821c0a200a0', 1, '1', sysdate);
insert into DZ_CREDIT_THEME_COLUMN (id, credit_theme_id, theme_column_id, display_order, status, create_time)
values ('4028946a5b28c645015b28cf73ec001b', '4028946a5b28c645015b28cf73ec0019', '4028498158d72ce10158d821c0a200a1', 2, '1', sysdate);
insert into DZ_CREDIT_THEME_COLUMN (id, credit_theme_id, theme_column_id, display_order, status, create_time)
values ('4028946a5b28c645015b28cf73ec001c', '4028946a5b28c645015b28cf73ec0019', '4028498158d72ce10158d821c0a200a3', 3, '1', sysdate);
insert into DZ_CREDIT_THEME_COLUMN (id, credit_theme_id, theme_column_id, display_order, status, create_time)
values ('4028946a5b28c645015b28cf73ed001d', '4028946a5b28c645015b28cf73ec0019', '4028498158d72ce10158d821c0a200a2', 4, '1', sysdate);
insert into DZ_CREDIT_THEME_COLUMN (id, credit_theme_id, theme_column_id, display_order, status, create_time)
values ('4028946a5b28c645015b28cf73ed001e', '4028946a5b28c645015b28cf73ec0019', '4028498158d72ce10158d821c0a2009f', 5, '1', sysdate);
insert into DZ_CREDIT_THEME_COLUMN (id, credit_theme_id, theme_column_id, display_order, status, create_time)
values ('4028946a5b28c645015b28cf73ed0020', '4028946a5b28c645015b28cf73ed001f', '4028498158d72ce10158d820e2c9009a', 1, '1', sysdate);
insert into DZ_CREDIT_THEME_COLUMN (id, credit_theme_id, theme_column_id, display_order, status, create_time)
values ('4028946a5b28c645015b28cf73ed0021', '4028946a5b28c645015b28cf73ed001f', '4028498158d72ce10158d820e2c90096', 2, '1', sysdate);
insert into DZ_CREDIT_THEME_COLUMN (id, credit_theme_id, theme_column_id, display_order, status, create_time)
values ('4028946a5b28c645015b28cf73ed0022', '4028946a5b28c645015b28cf73ed001f', '4028498158d72ce10158d820e2c90097', 3, '1', sysdate);
insert into DZ_CREDIT_THEME_COLUMN (id, credit_theme_id, theme_column_id, display_order, status, create_time)
values ('4028946a5b28c645015b28cf73ee0023', '4028946a5b28c645015b28cf73ed001f', '4028498158d72ce10158d820e2c90098', 4, '1', sysdate);
insert into DZ_CREDIT_THEME_COLUMN (id, credit_theme_id, theme_column_id, display_order, status, create_time)
values ('4028946a5b28c645015b28cf73ee0024', '4028946a5b28c645015b28cf73ed001f', '4028498158d72ce10158d820e2c90099', 5, '1', sysdate);
insert into DZ_CREDIT_THEME_COLUMN (id, credit_theme_id, theme_column_id, display_order, status, create_time)
values ('4028946a5b28c645015b28cf73ee0026', '4028946a5b28c645015b28cf73ee0025', '4028498158d72ce10158d824260e00be', 1, '1', sysdate);
insert into DZ_CREDIT_THEME_COLUMN (id, credit_theme_id, theme_column_id, display_order, status, create_time)
values ('4028946a5b28c645015b28cf73ee0027', '4028946a5b28c645015b28cf73ee0025', '4028498158d72ce10158d824260e00c0', 2, '1', sysdate);
insert into DZ_CREDIT_THEME_COLUMN (id, credit_theme_id, theme_column_id, display_order, status, create_time)
values ('4028946a5b28c645015b28cf73ee0028', '4028946a5b28c645015b28cf73ee0025', '4028498158d72ce10158d824260e00bf', 3, '1', sysdate);
insert into DZ_CREDIT_THEME_COLUMN (id, credit_theme_id, theme_column_id, display_order, status, create_time)
values ('4028946a5b28c645015b28cf73ee0029', '4028946a5b28c645015b28cf73ee0025', '4028498158d72ce10158d824260e00bc', 4, '1', sysdate);
insert into DZ_CREDIT_THEME_COLUMN (id, credit_theme_id, theme_column_id, display_order, status, create_time)
values ('4028946a5b28c645015b28cf73ee002a', '4028946a5b28c645015b28cf73ee0025', '4028498158d72ce10158d824260e00bd', 5, '1', sysdate);
insert into DZ_CREDIT_THEME_COLUMN (id, credit_theme_id, theme_column_id, display_order, status, create_time)
values ('4028946a5b28c645015b28cf73ee002c', '4028946a5b28c645015b28cf73ee002b', '4028498158d72ce10158d823b8c200b9', 1, '1', sysdate);
insert into DZ_CREDIT_THEME_COLUMN (id, credit_theme_id, theme_column_id, display_order, status, create_time)
values ('4028946a5b28c645015b28cf73ee002d', '4028946a5b28c645015b28cf73ee002b', '4028498158d72ce10158d823b8c200ba', 2, '1', sysdate);
insert into DZ_CREDIT_THEME_COLUMN (id, credit_theme_id, theme_column_id, display_order, status, create_time)
values ('4028946a5b28c645015b28cf73ee002e', '4028946a5b28c645015b28cf73ee002b', '4028498158d72ce10158d823b8c200bb', 3, '1', sysdate);
insert into DZ_CREDIT_THEME_COLUMN (id, credit_theme_id, theme_column_id, display_order, status, create_time)
values ('4028946a5b28c645015b28cf73ee0030', '4028946a5b28c645015b28cf73ee002f', '4028498158d72ce10158d8215117009e', 1, '1', sysdate);
insert into DZ_CREDIT_THEME_COLUMN (id, credit_theme_id, theme_column_id, display_order, status, create_time)
values ('4028946a5b28c645015b28cf73ee0031', '4028946a5b28c645015b28cf73ee002f', '4028498158d72ce10158d8215116009b', 2, '1', sysdate);
insert into DZ_CREDIT_THEME_COLUMN (id, credit_theme_id, theme_column_id, display_order, status, create_time)
values ('4028946a5b28c645015b28cf73ee0032', '4028946a5b28c645015b28cf73ee002f', '4028498158d72ce10158d8215116009c', 3, '1', sysdate);
insert into DZ_CREDIT_THEME_COLUMN (id, credit_theme_id, theme_column_id, display_order, status, create_time)
values ('4028946a5b28c645015b28cf73ef0033', '4028946a5b28c645015b28cf73ee002f', '4028498158d72ce10158d8215116009d', 4, '1', sysdate);
insert into DZ_CREDIT_THEME_COLUMN (id, credit_theme_id, theme_column_id, display_order, status, create_time)
values ('4028946a5b28c645015b28cf73ef0035', '4028946a5b28c645015b28cf73ef0034', '4028498158d72ce10158d821fd2c00a6', 1, '1', sysdate);
insert into DZ_CREDIT_THEME_COLUMN (id, credit_theme_id, theme_column_id, display_order, status, create_time)
values ('4028946a5b28c645015b28cf73ef0036', '4028946a5b28c645015b28cf73ef0034', '4028498158d72ce10158d821fd2d00a7', 2, '1', sysdate);
insert into DZ_CREDIT_THEME_COLUMN (id, credit_theme_id, theme_column_id, display_order, status, create_time)
values ('4028946a5b28c645015b28cf73ef0037', '4028946a5b28c645015b28cf73ef0034', '4028498158d72ce10158d821fd2d00a8', 3, '1', sysdate);
insert into DZ_CREDIT_THEME_COLUMN (id, credit_theme_id, theme_column_id, display_order, status, create_time)
values ('4028946a5b28c645015b28cf73ef0038', '4028946a5b28c645015b28cf73ef0034', '4028498158d72ce10158d821fd2c00a5', 4, '1', sysdate);
insert into DZ_CREDIT_THEME_COLUMN (id, credit_theme_id, theme_column_id, display_order, status, create_time)
values ('4028946a5b28c645015b28cf73ef0039', '4028946a5b28c645015b28cf73ef0034', '4028498158d72ce10158d821fd2c00a4', 5, '1', sysdate);
insert into DZ_CREDIT_THEME_COLUMN (id, credit_theme_id, theme_column_id, display_order, status, create_time)
values ('4028946a5b28c645015b28cf73ef003c', '4028946a5b28c645015b28cf73ef003b', '4028498158d72ce10158d82331e500b2', 1, '1', sysdate);
insert into DZ_CREDIT_THEME_COLUMN (id, credit_theme_id, theme_column_id, display_order, status, create_time)
values ('4028946a5b28c645015b28cf73ef003d', '4028946a5b28c645015b28cf73ef003b', '4028498158d72ce10158d82331e500b4', 2, '1', sysdate);
insert into DZ_CREDIT_THEME_COLUMN (id, credit_theme_id, theme_column_id, display_order, status, create_time)
values ('4028946a5b28c645015b28cf73ef003e', '4028946a5b28c645015b28cf73ef003b', '4028498158d72ce10158d82331e500b3', 3, '1', sysdate);
insert into DZ_CREDIT_THEME_COLUMN (id, credit_theme_id, theme_column_id, display_order, status, create_time)
values ('4028946a5b28c645015b28cf9aeb0045', '4028946a5b28c645015b28cf9aeb0044', '2c93ca8159b05ada0159b0867c140027', 1, '1', sysdate);
insert into DZ_CREDIT_THEME_COLUMN (id, credit_theme_id, theme_column_id, display_order, status, create_time)
values ('4028946a5b28c645015b28cf9aeb0046', '4028946a5b28c645015b28cf9aeb0044', '2c93ca8159b05ada0159b0867c140028', 12, '1', sysdate);
insert into DZ_CREDIT_THEME_COLUMN (id, credit_theme_id, theme_column_id, display_order, status, create_time)
values ('4028946a5b28c645015b28cf9aeb0047', '4028946a5b28c645015b28cf9aeb0044', '2c93ca8159b05ada0159b0867c140029', 15, '1', sysdate);
insert into DZ_CREDIT_THEME_COLUMN (id, credit_theme_id, theme_column_id, display_order, status, create_time)
values ('4028946a5b28c645015b28cf9aeb004a', '4028946a5b28c645015b28cf9aeb0048', '2c93ca8159b05ada0159b083f3250016', 5, '1', sysdate);
insert into DZ_CREDIT_THEME_COLUMN (id, credit_theme_id, theme_column_id, display_order, status, create_time)
values ('4028946a5b28c645015b28cf9aeb004b', '4028946a5b28c645015b28cf9aeb0048', '2c93ca8159b05ada0159b083f3250015', 10, '1', sysdate);
insert into DZ_CREDIT_THEME_COLUMN (id, credit_theme_id, theme_column_id, display_order, status, create_time)
values ('4028946a5b28c645015b28cf9aec004c', '4028946a5b28c645015b28cf9aeb0048', '2c93ca8159b05ada0159b083f3250017', 15, '1', sysdate);
insert into DZ_CREDIT_THEME_COLUMN (id, credit_theme_id, theme_column_id, display_order, status, create_time)
values ('4028946a5b28c645015b28cf9aec004f', '4028946a5b28c645015b28cf9aec004e', '2c93ca8159b05ada0159b084dccd001c', 1, '1', sysdate);
insert into DZ_CREDIT_THEME_COLUMN (id, credit_theme_id, theme_column_id, display_order, status, create_time)
values ('4028946a5b28c645015b28cf9aec0050', '4028946a5b28c645015b28cf9aec004e', '2c93ca8159b05ada0159b084dccd001d', 2, '1', sysdate);
insert into DZ_CREDIT_THEME_COLUMN (id, credit_theme_id, theme_column_id, display_order, status, create_time)
values ('4028946a5b28c645015b28cf9aec0051', '4028946a5b28c645015b28cf9aec004e', '2c93ca8159b05ada0159b084dccd001e', 3, '1', sysdate);
insert into DZ_CREDIT_THEME_COLUMN (id, credit_theme_id, theme_column_id, display_order, status, create_time)
values ('4028946a5b28c645015b28cf9aec0052', '4028946a5b28c645015b28cf9aec004e', '2c93ca8159b05ada0159b084dccf001f', 4, '1', sysdate);
insert into DZ_CREDIT_THEME_COLUMN (id, credit_theme_id, theme_column_id, display_order, status, create_time)
values ('4028946a5b28c645015b28cf9aec0053', '4028946a5b28c645015b28cf9aec004e', '2c93ca8159b05ada0159b084dccd001b', 5, '1', sysdate);
insert into DZ_CREDIT_THEME_COLUMN (id, credit_theme_id, theme_column_id, display_order, status, create_time)
values ('4028946a5b28c645015b28cf9aec0054', '4028946a5b28c645015b28cf9aec004e', '2c93ca8159b05ada0159b084dccf0020', 6, '1', sysdate);
insert into DZ_CREDIT_THEME_COLUMN (id, credit_theme_id, theme_column_id, display_order, status, create_time)
values ('4028946a59167fe0015919eedde9005c', '4028946a59167fe0015919eedde9005a', '4028498158d72ce10158d821c0a200a1', 2, '1', sysdate);
insert into DZ_CREDIT_THEME_COLUMN (id, credit_theme_id, theme_column_id, display_order, status, create_time)
values ('2c99188158b453fd0158b4580e5b0009', '2c99188158b453fd0158b4580e5b0008', '4028946a58a886f20158a8a1df470010', 1, '1', sysdate);
insert into DZ_CREDIT_THEME_COLUMN (id, credit_theme_id, theme_column_id, display_order, status, create_time)
values ('2c99188158b453fd0158b4580e5b000a', '2c99188158b453fd0158b4580e5b0008', '4028946a58a886f20158a8a1df480011', 2, '1', sysdate);
commit;
insert into DZ_THEME (id, parent_id, type, type_name, data_source, data_table, status, create_time, zyyt)
values ('4028946a5a7e3db0015a7e4202f60004', '4028946a5a7e0729015a7e29ecf50056', '2', '欠缴费信息', 'jdbcTemplate', 'YW_L_QJF', '1', sysdate, '2');
insert into DZ_THEME (id, parent_id, type, type_name, data_source, data_table, status, create_time, zyyt)
values ('4028946a5a7e3db0015a7e448c170010', 'ROOT_2', '1', '表彰荣誉', null, null, '1', sysdate, '2');
insert into DZ_THEME (id, parent_id, type, type_name, data_source, data_table, status, create_time, zyyt)
values ('4028946a5a7e3db0015a7e47b37c001d', 'ROOT_2', '1', '参保信息', null, null, '1', sysdate, '2');
insert into DZ_THEME (id, parent_id, type, type_name, data_source, data_table, status, create_time, zyyt)
values ('4028946a5a7e3db0015a7e4861f80020', '4028946a5a7e3db0015a7e47b37c001d', '2', '参保缴费信息', 'jdbcTemplate', 'YW_L_QYCBJF', '1', sysdate, '2');
insert into DZ_THEME (id, parent_id, type, type_name, data_source, data_table, status, create_time, zyyt)
values ('4028946a5a7e3db0015a7e4f1bcb002c', '4028946a5a7e3db0015a7e47b37c001d', '2', '参保欠缴信息', 'jdbcTemplate', 'YW_L_QYCBQJ', '1', sysdate, '2');
insert into DZ_THEME (id, parent_id, type, type_name, data_source, data_table, status, create_time, zyyt)
values ('4028946a5a7e3db0015a7e5298d7003b', 'ROOT_3', '1', '失信信息', null, null, '1', sysdate, '3');
insert into DZ_THEME (id, parent_id, type, type_name, data_source, data_table, status, create_time, zyyt)
values ('4028946a5a7e3db0015a7e53da53003e', '4028946a5a7e3db0015a7e5298d7003b', '2', '行政处罚信息', 'jdbcTemplate', 'YW_L_SGSXZCF', '1', sysdate, '3');
insert into DZ_THEME (id, parent_id, type, type_name, data_source, data_table, status, create_time, zyyt)
values ('4028946a5a7e3db0015a7e61bbf50076', '4028946a5a7e3db0015a7e606eb90070', '2', '参保欠缴信息', 'jdbcTemplate', 'YW_L_QYCBQJ', '1', sysdate, '3');
insert into DZ_THEME (id, parent_id, type, type_name, data_source, data_table, status, create_time, zyyt)
values ('4028946a591a278301591a3393b4001c', '40284981590176840159017769f50004', '2', '法人严重失信黑名单', 'jdbcTemplate', 'YW_L_HEIMINGDAN', '1', sysdate, '1');
insert into DZ_THEME (id, parent_id, type, type_name, data_source, data_table, status, create_time, zyyt)
values ('2c93ca8159b05ada0159b0843f53001a', '2c93ca8159b05ada0159b08206c3000e', '2', '婚姻信息', 'jdbcTemplate', 'YW_P_GRHYDJ', '1', sysdate, '0');
insert into DZ_THEME (id, parent_id, type, type_name, data_source, data_table, status, create_time, zyyt)
values ('2c93ca8159b05ada0159b08206c3000e', 'ROOT_0', '1', '个人登记信息', null, null, '1', sysdate, '0');
insert into DZ_THEME (id, parent_id, type, type_name, data_source, data_table, status, create_time, zyyt)
values ('2c93ca8159b05ada0159b085dfc90023', 'ROOT_0', '1', '就业状况', null, null, '1', sysdate, '0');
insert into DZ_THEME (id, parent_id, type, type_name, data_source, data_table, status, create_time, zyyt)
values ('2c93ca8159b05ada0159b082eb840011', '2c93ca8159b05ada0159b08206c3000e', '2', '个人信息', 'jdbcTemplate', 'YW_P_GRJBXX', '1', sysdate, '0');
insert into DZ_THEME (id, parent_id, type, type_name, data_source, data_table, status, create_time, zyyt)
values ('2c93ca81593ed4d901593efb64230024', 'ROOT_2', '1', '失信信息', null, null, '1', sysdate, '2');
insert into DZ_THEME (id, parent_id, type, type_name, data_source, data_table, status, create_time, zyyt)
values ('2c93ca8159b05ada0159b08645380026', '2c93ca8159b05ada0159b085dfc90023', '2', '就业状况', 'jdbcTemplate', 'YW_P_GRJYZK', '1', sysdate, '0');
insert into DZ_THEME (id, parent_id, type, type_name, data_source, data_table, status, create_time, zyyt)
values ('4028946a591648ed01591667b46e0020', 'ROOT_1', '1', '履行约定', null, null, '1', sysdate, '1');
insert into DZ_THEME (id, parent_id, type, type_name, data_source, data_table, status, create_time, zyyt)
values ('4028946a59167fe001591a05afe200af', '4028946a591648ed01591667b46e0020', '2', '欠税信息', 'jdbcTemplate', 'YW_L_QS', '1', sysdate, '1');
insert into DZ_THEME (id, parent_id, type, type_name, data_source, data_table, status, create_time, zyyt)
values ('4028946a59167fe001591a062cd900b2', '4028946a591648ed01591667b46e0020', '2', '欠缴费信息', 'jdbcTemplate', 'YW_L_QJF', '1', sysdate, '1');
insert into DZ_THEME (id, parent_id, type, type_name, data_source, data_table, status, create_time, zyyt)
values ('40284981590176840159017769f50004', 'ROOT_1', '1', '失信信息', null, null, '1', sysdate, '1');
insert into DZ_THEME (id, parent_id, type, type_name, data_source, data_table, status, create_time, zyyt)
values ('ROOT_0', 'ROOT', '0', '报告查询', null, null, '1', sysdate, '0');
insert into DZ_THEME (id, parent_id, type, type_name, data_source, data_table, status, create_time, zyyt)
values ('ROOT_1', 'ROOT', '0', '联合奖惩', null, null, '1', sysdate, '1');
insert into DZ_THEME (id, parent_id, type, type_name, data_source, data_table, status, create_time, zyyt)
values ('ROOT_2', 'ROOT', '0', '异议申诉', null, null, '1', sysdate, '2');
insert into DZ_THEME (id, parent_id, type, type_name, data_source, data_table, status, create_time, zyyt)
values ('ROOT_3', 'ROOT', '0', '信用修复', null, null, '1', sysdate, '3');
insert into DZ_THEME (id, parent_id, type, type_name, data_source, data_table, status, create_time, zyyt)
values ('ROOT', null, null, '主题', null, null, '1', null, '0');
insert into DZ_THEME (id, parent_id, type, type_name, data_source, data_table, status, create_time, zyyt)
values ('2c93378157d6ed8a0157dc0a9c450041', '2c93378157d6ed8a0157dc01da2d0039', '2', '法人严重失信黑名单', 'jdbcTemplate', 'YW_L_HEIMINGDAN', '1', sysdate, '0');
insert into DZ_THEME (id, parent_id, type, type_name, data_source, data_table, status, create_time, zyyt)
values ('2c93378157d6ed8a0157dc01da2d0039', 'ROOT_0', '1', '失信信息', null, null, '1', sysdate, '0');
insert into DZ_THEME (id, parent_id, type, type_name, data_source, data_table, status, create_time, zyyt)
values ('2c93378157d6ed8a0157dc0cf2870046', 'ROOT_0', '1', '履行约定', null, null, '1', sysdate, '0');
insert into DZ_THEME (id, parent_id, type, type_name, data_source, data_table, status, create_time, zyyt)
values ('2c93378157d6ed8a0157dc033289003a', '2c93378157d6ed8a0157dc01da2d0039', '2', '行政处罚信息', 'jdbcTemplate', 'YW_L_SGSXZCF', '1', sysdate, '0');
insert into DZ_THEME (id, parent_id, type, type_name, data_source, data_table, status, create_time, zyyt)
values ('2c93378157d6ed8a0157dc0d382b0047', '2c93378157d6ed8a0157dc0cf2870046', '2', '欠税信息', 'jdbcTemplate', 'YW_L_QS', '1', sysdate, '0');
insert into DZ_THEME (id, parent_id, type, type_name, data_source, data_table, status, create_time, zyyt)
values ('2c93378157d6ed8a0157dc0d87c20048', '2c93378157d6ed8a0157dc0cf2870046', '2', '欠缴费信息', 'jdbcTemplate', 'YW_L_QJF', '1', sysdate, '0');
insert into DZ_THEME (id, parent_id, type, type_name, data_source, data_table, status, create_time, zyyt)
values ('2c93378157d6ed8a0157dc17dde90055', 'ROOT_0', '1', '表彰荣誉', null, null, '1', sysdate, '0');
insert into DZ_THEME (id, parent_id, type, type_name, data_source, data_table, status, create_time, zyyt)
values ('2c93378157d6ed8a0157dc181ee40056', '2c93378157d6ed8a0157dc17dde90055', '2', '表彰荣誉', 'jdbcTemplate', 'YW_L_QYBZRY', '1', sysdate, '0');
insert into DZ_THEME (id, parent_id, type, type_name, data_source, data_table, status, create_time, zyyt)
values ('2c93378157d6ed8a0157dc19e37a005d', 'ROOT_0', '1', '参保信息', null, null, '1', sysdate, '0');
insert into DZ_THEME (id, parent_id, type, type_name, data_source, data_table, status, create_time, zyyt)
values ('2c93378157d6ed8a0157dc1a3b78005e', '2c93378157d6ed8a0157dc19e37a005d', '2', '参保缴费信息', 'jdbcTemplate', 'YW_L_QYCBJF', '1', sysdate, '0');
insert into DZ_THEME (id, parent_id, type, type_name, data_source, data_table, status, create_time, zyyt)
values ('2c93378157d6ed8a0157dc1a8268005f', '2c93378157d6ed8a0157dc19e37a005d', '2', '参保欠缴信息', 'jdbcTemplate', 'YW_L_QYCBQJ', '1', sysdate, '0');
insert into DZ_THEME (id, parent_id, type, type_name, data_source, data_table, status, create_time, zyyt)
values ('4028946a57b2549c0157b28cef65000a', 'ROOT_0', '1', '许可资质', null, null, '1', sysdate, '0');
insert into DZ_THEME (id, parent_id, type, type_name, data_source, data_table, status, create_time, zyyt)
values ('4028946a57b2549c0157b28d3934000b', '4028946a57b2549c0157b28cef65000a', '2', '行政许可', 'jdbcTemplate', 'YW_L_SGSXZXK', '1', sysdate, '0');
insert into DZ_THEME (id, parent_id, type, type_name, data_source, data_table, status, create_time, zyyt)
values ('4028946a591a385b01591a3b6e450011', 'ROOT_2', '1', '企业概况', null, null, '1', sysdate, '2');
insert into DZ_THEME (id, parent_id, type, type_name, data_source, data_table, status, create_time, zyyt)
values ('4028946a591a385b01591a3bbf3e0014', '4028946a591a385b01591a3b6e450011', '2', '股东信息', 'jdbcTemplate', 'YW_L_GD', '1', sysdate, '2');
insert into DZ_THEME (id, parent_id, type, type_name, data_source, data_table, status, create_time, zyyt)
values ('4028946a57b1a6ea0157b1a8048b0004', '4028946a57b1a26a0157b1a39e640003', '2', '股东信息', 'jdbcTemplate', 'YW_L_GD', '1', sysdate, '0');
insert into DZ_THEME (id, parent_id, type, type_name, data_source, data_table, status, create_time, zyyt)
values ('4028946a57b1a6ea0157b24442b9000f', '4028946a57b1a26a0157b1a39e640003', '2', '董事监事高管信息', 'jdbcTemplate', 'YW_L_DSJSGG', '1', sysdate, '0');
insert into DZ_THEME (id, parent_id, type, type_name, data_source, data_table, status, create_time, zyyt)
values ('4028946a57b1a26a0157b1a39e640003', 'ROOT_0', '1', '企业概况', null, null, '1', sysdate, '0');
insert into DZ_THEME (id, parent_id, type, type_name, data_source, data_table, status, create_time, zyyt)
values ('402849815901a24c015901cd29000008', '40284981590176840159017769f50004', '2', '行政处罚', 'jdbcTemplate', 'YW_L_XZCF', '1', sysdate, '1');
insert into DZ_THEME (id, parent_id, type, type_name, data_source, data_table, status, create_time, zyyt)
values ('4028946a5a7e3db0015a7e44f38a0013', '4028946a5a7e3db0015a7e448c170010', '2', '表彰荣誉', 'jdbcTemplate', 'YW_L_QYBZRY', '1', sysdate, '2');
insert into DZ_THEME (id, parent_id, type, type_name, data_source, data_table, status, create_time, zyyt)
values ('4028946a5a7e3db0015a7e576f520054', 'ROOT_3', '1', '履行约定', null, null, '1', sysdate, '3');
insert into DZ_THEME (id, parent_id, type, type_name, data_source, data_table, status, create_time, zyyt)
values ('4028946a5a7e3db0015a7e57c93c0057', '4028946a5a7e3db0015a7e576f520054', '2', '欠税信息', 'jdbcTemplate', 'YW_L_QS', '1', sysdate, '3');
insert into DZ_THEME (id, parent_id, type, type_name, data_source, data_table, status, create_time, zyyt)
values ('4028946a5a7e3db0015a7e5839cb005a', '4028946a5a7e3db0015a7e576f520054', '2', '欠缴费信息', 'jdbcTemplate', 'YW_L_QJF', '1', sysdate, '3');
insert into DZ_THEME (id, parent_id, type, type_name, data_source, data_table, status, create_time, zyyt)
values ('4028946a5a7e3db0015a7e606eb90070', 'ROOT_3', '1', '参保信息', null, null, '1', sysdate, '3');
insert into DZ_THEME (id, parent_id, type, type_name, data_source, data_table, status, create_time, zyyt)
values ('4028946a5a7e3db0015a7e612d800073', '4028946a5a7e3db0015a7e606eb90070', '2', '参保缴费信息', 'jdbcTemplate', 'YW_L_QYCBJF', '1', sysdate, '3');
insert into DZ_THEME (id, parent_id, type, type_name, data_source, data_table, status, create_time, zyyt)
values ('4028946a5a7e0729015a7e1fdc64000f', '4028946a591a385b01591a3b6e450011', '2', '董事监事高管信息', 'jdbcTemplate', 'YW_L_DSJSGG', '1', sysdate, '2');
insert into DZ_THEME (id, parent_id, type, type_name, data_source, data_table, status, create_time, zyyt)
values ('4028946a5a7e0729015a7e220ba20018', 'ROOT_2', '1', '许可资质', null, null, '1', sysdate, '2');
insert into DZ_THEME (id, parent_id, type, type_name, data_source, data_table, status, create_time, zyyt)
values ('4028946a5a7e0729015a7e2292a2001b', '4028946a5a7e0729015a7e220ba20018', '2', '行政许可', 'jdbcTemplate', 'YW_L_SGSXZXK', '1', sysdate, '2');
insert into DZ_THEME (id, parent_id, type, type_name, data_source, data_table, status, create_time, zyyt)
values ('4028946a5a7e0729015a7e25e7660032', '2c93ca81593ed4d901593efb64230024', '2', '行政处罚信息', 'jdbcTemplate', 'YW_L_SGSXZCF', '1', sysdate, '2');
insert into DZ_THEME (id, parent_id, type, type_name, data_source, data_table, status, create_time, zyyt)
values ('4028946a5a7e0729015a7e28415e0049', '2c93ca81593ed4d901593efb64230024', '2', '严重失信黑名单信息', 'jdbcTemplate', 'YW_L_HEIMINGDAN', '1', sysdate, '2');
insert into DZ_THEME (id, parent_id, type, type_name, data_source, data_table, status, create_time, zyyt)
values ('4028946a5a7e0729015a7e29ecf50056', 'ROOT_2', '1', '履行约定', null, null, '1', sysdate, '2');
insert into DZ_THEME (id, parent_id, type, type_name, data_source, data_table, status, create_time, zyyt)
values ('4028946a5a7e0729015a7e2a5f7b0059', '4028946a5a7e0729015a7e29ecf50056', '2', '欠税信息', 'jdbcTemplate', 'YW_L_QS', '1', sysdate, '2');
commit;
insert into DZ_THEME_COLUMN (id, theme_id, column_name, column_comments, create_time, column_alias)
values ('4028946a5a7e0729015a7e29836b004f', '4028946a5a7e0729015a7e28415e0049', 'ZYSXSS', '主要失信事实 ', sysdate, '主要失信事实 ');
insert into DZ_THEME_COLUMN (id, theme_id, column_name, column_comments, create_time, column_alias)
values ('4028946a5a7e0729015a7e29836b0050', '4028946a5a7e0729015a7e28415e0049', 'SCFZYNR', '行政处理处罚或法院判决决定的主要内容', sysdate, '主要内容');
insert into DZ_THEME_COLUMN (id, theme_id, column_name, column_comments, create_time, column_alias)
values ('4028946a5a7e0729015a7e29836b0051', '4028946a5a7e0729015a7e28415e0049', 'QRYZSXRQ', '确认严重失信日期', sysdate, '确认严重失信日期');
insert into DZ_THEME_COLUMN (id, theme_id, column_name, column_comments, create_time, column_alias)
values ('4028946a5a7e0729015a7e29836b0052', '4028946a5a7e0729015a7e28415e0049', 'GSJZQ', '公示截止期', sysdate, '公示截止期');
insert into DZ_THEME_COLUMN (id, theme_id, column_name, column_comments, create_time, column_alias)
values ('4028946a5a7e0729015a7e29836b0053', '4028946a5a7e0729015a7e28415e0049', 'JHDWQC', '交换单位全称', sysdate, '交换单位全称');
insert into DZ_THEME_COLUMN (id, theme_id, column_name, column_comments, create_time, column_alias)
values ('4028946a5a7e0729015a7e32fe34005a', '4028946a5a7e0729015a7e2a5f7b0059', 'QSSZDM', '欠税税种代码', sysdate, '欠税税种代码');
insert into DZ_THEME_COLUMN (id, theme_id, column_name, column_comments, create_time, column_alias)
values ('4028946a5a7e0729015a7e32fe35005b', '4028946a5a7e0729015a7e2a5f7b0059', 'QSSZMC', '欠税税种名称', sysdate, '欠税税种名称');
insert into DZ_THEME_COLUMN (id, theme_id, column_name, column_comments, create_time, column_alias)
values ('4028946a5a7e0729015a7e32fe35005c', '4028946a5a7e0729015a7e2a5f7b0059', 'ZJJGQC', '征缴机关全称', sysdate, '征缴机关全称');
insert into DZ_THEME_COLUMN (id, theme_id, column_name, column_comments, create_time, column_alias)
values ('4028946a5a7e0729015a7e32fe35005d', '4028946a5a7e0729015a7e2a5f7b0059', 'DQQSJE', '当期欠税金额（元）', sysdate, '当期欠税金额（元）');
insert into DZ_THEME_COLUMN (id, theme_id, column_name, column_comments, create_time, column_alias)
values ('4028946a5a7e0729015a7e32fe35005e', '4028946a5a7e0729015a7e2a5f7b0059', 'LJQSJE', '累计欠税金额合计', sysdate, '累计欠税金额合计');
insert into DZ_THEME_COLUMN (id, theme_id, column_name, column_comments, create_time, column_alias)
values ('4028946a5a7e0729015a7e32fe35005f', '4028946a5a7e0729015a7e2a5f7b0059', 'QSKSRQ', '欠税开始日期', sysdate, '欠税开始日期');
insert into DZ_THEME_COLUMN (id, theme_id, column_name, column_comments, create_time, column_alias)
values ('4028946a5a7e0729015a7e32fe360060', '4028946a5a7e0729015a7e2a5f7b0059', 'QSJZRQ', '欠税截止日期', sysdate, '欠税截止日期');
insert into DZ_THEME_COLUMN (id, theme_id, column_name, column_comments, create_time, column_alias)
values ('4028946a5a7e0729015a7e32fe360061', '4028946a5a7e0729015a7e2a5f7b0059', 'NSRSBH', '纳税人识别号', sysdate, '纳税人识别号');
insert into DZ_THEME_COLUMN (id, theme_id, column_name, column_comments, create_time, column_alias)
values ('4028946a5a7e0729015a7e32fe360062', '4028946a5a7e0729015a7e2a5f7b0059', 'FDDBRMC', '法定代表人名称', sysdate, '法定代表人名称');
insert into DZ_THEME_COLUMN (id, theme_id, column_name, column_comments, create_time, column_alias)
values ('4028946a5a7e0729015a7e32fe360063', '4028946a5a7e0729015a7e2a5f7b0059', 'FDDBRZJLX', '法定代表人证件类型', sysdate, '法定代表人证件类型');
insert into DZ_THEME_COLUMN (id, theme_id, column_name, column_comments, create_time, column_alias)
values ('4028946a5a7e0729015a7e32fe360064', '4028946a5a7e0729015a7e2a5f7b0059', 'FDDBRZJHM', '法定代表人证件号码', sysdate, '法定代表人证件号码');
insert into DZ_THEME_COLUMN (id, theme_id, column_name, column_comments, create_time, column_alias)
values ('4028946a5a7e0729015a7e32fe360065', '4028946a5a7e0729015a7e2a5f7b0059', 'DJZCLX', '登记注册类型', sysdate, '登记注册类型');
insert into DZ_THEME_COLUMN (id, theme_id, column_name, column_comments, create_time, column_alias)
values ('4028946a5a7e0729015a7e32fe360066', '4028946a5a7e0729015a7e2a5f7b0059', 'JHDWQC', '交换单位全称', sysdate, '交换单位全称');
insert into DZ_THEME_COLUMN (id, theme_id, column_name, column_comments, create_time, column_alias)
values ('4028946a5a7e3db0015a7e46ff850014', '4028946a5a7e3db0015a7e44f38a0013', 'BZWJH', '表彰文件号', sysdate, '表彰文件号');
insert into DZ_THEME_COLUMN (id, theme_id, column_name, column_comments, create_time, column_alias)
values ('4028946a5a7e3db0015a7e46ff860015', '4028946a5a7e3db0015a7e44f38a0013', 'BZMC', '表彰名称', sysdate, '表彰名称');
insert into DZ_THEME_COLUMN (id, theme_id, column_name, column_comments, create_time, column_alias)
values ('4028946a5a7e3db0015a7e46ff860016', '4028946a5a7e3db0015a7e44f38a0013', 'RYDJ', '荣誉等级', sysdate, '荣誉等级');
insert into DZ_THEME_COLUMN (id, theme_id, column_name, column_comments, create_time, column_alias)
values ('4028946a5a7e3db0015a7e46ff860017', '4028946a5a7e3db0015a7e44f38a0013', 'RYNR', '荣誉内容', sysdate, '荣誉内容');
insert into DZ_THEME_COLUMN (id, theme_id, column_name, column_comments, create_time, column_alias)
values ('4028946a5a7e3db0015a7e46ff860018', '4028946a5a7e3db0015a7e44f38a0013', 'RDJGQC', '认定机关全称', sysdate, '认定机关全称');
insert into DZ_THEME_COLUMN (id, theme_id, column_name, column_comments, create_time, column_alias)
values ('4028946a5a7e3db0015a7e46ff860019', '4028946a5a7e3db0015a7e44f38a0013', 'RDRQ', '认定日期', sysdate, '认定日期');
insert into DZ_THEME_COLUMN (id, theme_id, column_name, column_comments, create_time, column_alias)
values ('4028946a5a7e3db0015a7e46ff86001a', '4028946a5a7e3db0015a7e44f38a0013', 'JHDWQC', '交换单位全称', sysdate, '交换单位全称');
insert into DZ_THEME_COLUMN (id, theme_id, column_name, column_comments, create_time, column_alias)
values ('4028946a5a7e3db0015a7e4b5e180021', '4028946a5a7e3db0015a7e4861f80020', 'JFNY', '缴费年月', sysdate, '缴费年月');
insert into DZ_THEME_COLUMN (id, theme_id, column_name, column_comments, create_time, column_alias)
values ('4028946a5a7e3db0015a7e4b5e180022', '4028946a5a7e3db0015a7e4861f80020', 'SWJFJS', '单位缴费基数', sysdate, '单位缴费基数');
insert into DZ_THEME_COLUMN (id, theme_id, column_name, column_comments, create_time, column_alias)
values ('4028946a5a7e3db0015a7e4b5e180023', '4028946a5a7e3db0015a7e4861f80020', 'GRJFJS', '个人缴费基数', sysdate, '个人缴费基数');
insert into DZ_THEME_COLUMN (id, theme_id, column_name, column_comments, create_time, column_alias)
values ('4028946a5a7e3db0015a7e4b5e190024', '4028946a5a7e3db0015a7e4861f80020', 'BYYJJE', '本月应缴金额合计（元）', sysdate, '本月应缴金额合计（元）');
insert into DZ_THEME_COLUMN (id, theme_id, column_name, column_comments, create_time, column_alias)
values ('4028946a5a7e3db0015a7e4b5e190025', '4028946a5a7e3db0015a7e4861f80020', 'BYSJJE', '本月实缴金额合计（元）', sysdate, '本月实缴金额合计（元）');
insert into DZ_THEME_COLUMN (id, theme_id, column_name, column_comments, create_time, column_alias)
values ('4028946a5a7e3db0015a7e4b5e190026', '4028946a5a7e3db0015a7e4861f80020', 'TCQDM', '统筹区代码', sysdate, '统筹区代码');
insert into DZ_THEME_COLUMN (id, theme_id, column_name, column_comments, create_time, column_alias)
values ('4028946a5a7e3db0015a7e4b5e190027', '4028946a5a7e3db0015a7e4861f80020', 'TCQMC', '统筹区名称', sysdate, '统筹区名称');
insert into DZ_THEME_COLUMN (id, theme_id, column_name, column_comments, create_time, column_alias)
values ('4028946a5a7e3db0015a7e4b5e190028', '4028946a5a7e3db0015a7e4861f80020', 'CBRS', '参保人数', sysdate, '参保人数');
insert into DZ_THEME_COLUMN (id, theme_id, column_name, column_comments, create_time, column_alias)
values ('4028946a5a7e3db0015a7e4b5e190029', '4028946a5a7e3db0015a7e4861f80020', 'LB', '类别（包含医疗，失业，生育，工伤，养老保险五种险种，含0缴费）', sysdate, '类别');
insert into DZ_THEME_COLUMN (id, theme_id, column_name, column_comments, create_time, column_alias)
values ('4028946a5a7e3db0015a7e508fb4002d', '4028946a5a7e3db0015a7e4f1bcb002c', 'BYQJJE', '本月欠缴金额（元）', sysdate, '本月欠缴金额（元）');
insert into DZ_THEME_COLUMN (id, theme_id, column_name, column_comments, create_time, column_alias)
values ('4028946a5a7e3db0015a7e508fb4002e', '4028946a5a7e3db0015a7e4f1bcb002c', 'QJNY', '欠缴年月', sysdate, '欠缴年月');
insert into DZ_THEME_COLUMN (id, theme_id, column_name, column_comments, create_time, column_alias)
values ('4028946a5a7e3db0015a7e508fb4002f', '4028946a5a7e3db0015a7e4f1bcb002c', 'LJQJJE', '累计欠缴金额合计（元）', sysdate, '累计欠缴金额合计（元）');
insert into DZ_THEME_COLUMN (id, theme_id, column_name, column_comments, create_time, column_alias)
values ('4028946a5a7e3db0015a7e508fb40030', '4028946a5a7e3db0015a7e4f1bcb002c', 'LJQJYS', '累计欠缴月数', sysdate, '累计欠缴月数');
insert into DZ_THEME_COLUMN (id, theme_id, column_name, column_comments, create_time, column_alias)
values ('4028946a5a7e3db0015a7e508fb40031', '4028946a5a7e3db0015a7e4f1bcb002c', 'JBJGQC', '经办机关全称', sysdate, '经办机关全称');
insert into DZ_THEME_COLUMN (id, theme_id, column_name, column_comments, create_time, column_alias)
values ('4028946a5a7e3db0015a7e508fb40032', '4028946a5a7e3db0015a7e4f1bcb002c', 'RDRQ', '认定日期', sysdate, '认定日期');
insert into DZ_THEME_COLUMN (id, theme_id, column_name, column_comments, create_time, column_alias)
values ('4028946a5a7e3db0015a7e508fb40033', '4028946a5a7e3db0015a7e4f1bcb002c', 'SFBJ', '是否补缴', sysdate, '是否补缴');
insert into DZ_THEME_COLUMN (id, theme_id, column_name, column_comments, create_time, column_alias)
values ('4028946a5a7e3db0015a7e508fb40034', '4028946a5a7e3db0015a7e4f1bcb002c', 'SXYZCD', '失信严重程度', sysdate, '失信严重程度');
insert into DZ_THEME_COLUMN (id, theme_id, column_name, column_comments, create_time, column_alias)
values ('4028946a5a7e3db0015a7e508fb40035', '4028946a5a7e3db0015a7e4f1bcb002c', 'SXXWYXQ', '失信行为有效期', sysdate, '失信行为有效期');
insert into DZ_THEME_COLUMN (id, theme_id, column_name, column_comments, create_time, column_alias)
values ('4028946a5a7e3db0015a7e508fb40036', '4028946a5a7e3db0015a7e4f1bcb002c', 'TCQDM', '统筹区代码', sysdate, '统筹区代码');
insert into DZ_THEME_COLUMN (id, theme_id, column_name, column_comments, create_time, column_alias)
values ('4028946a5a7e3db0015a7e508fb50037', '4028946a5a7e3db0015a7e4f1bcb002c', 'TCQMC', '统筹区名称', sysdate, '统筹区名称');
insert into DZ_THEME_COLUMN (id, theme_id, column_name, column_comments, create_time, column_alias)
values ('4028946a5a7e3db0015a7e508fb50038', '4028946a5a7e3db0015a7e4f1bcb002c', 'LB', '类别（包含医疗，失业，生育，工伤，养老保险五种险种，含0缴费）', sysdate, '类别');
insert into DZ_THEME_COLUMN (id, theme_id, column_name, column_comments, create_time, column_alias)
values ('4028946a5a7e3db0015a7e5fc00a005b', '4028946a5a7e3db0015a7e57c93c0057', 'QSSZDM', '欠税税种代码', sysdate, '欠税税种代码');
insert into DZ_THEME_COLUMN (id, theme_id, column_name, column_comments, create_time, column_alias)
values ('4028946a5a7e3db0015a7e5fc00a005c', '4028946a5a7e3db0015a7e57c93c0057', 'QSSZMC', '欠税税种名称', sysdate, '欠税税种名称');
insert into DZ_THEME_COLUMN (id, theme_id, column_name, column_comments, create_time, column_alias)
values ('4028946a5a7e3db0015a7e5fc00a005d', '4028946a5a7e3db0015a7e57c93c0057', 'ZJJGQC', '征缴机关全称', sysdate, '征缴机关全称');
insert into DZ_THEME_COLUMN (id, theme_id, column_name, column_comments, create_time, column_alias)
values ('4028946a5a7e3db0015a7e5fc00a005e', '4028946a5a7e3db0015a7e57c93c0057', 'DQQSJE', '当期欠税金额（元）', sysdate, '当期欠税金额（元）');
insert into DZ_THEME_COLUMN (id, theme_id, column_name, column_comments, create_time, column_alias)
values ('4028946a5a7e3db0015a7e5fc00b005f', '4028946a5a7e3db0015a7e57c93c0057', 'LJQSJE', '累计欠税金额合计', sysdate, '累计欠税金额合计');
insert into DZ_THEME_COLUMN (id, theme_id, column_name, column_comments, create_time, column_alias)
values ('4028946a5a7e3db0015a7e5fc00b0060', '4028946a5a7e3db0015a7e57c93c0057', 'QSKSRQ', '欠税开始日期', sysdate, '欠税开始日期');
insert into DZ_THEME_COLUMN (id, theme_id, column_name, column_comments, create_time, column_alias)
values ('4028946a5a7e3db0015a7e5fc00b0061', '4028946a5a7e3db0015a7e57c93c0057', 'QSJZRQ', '欠税截止日期', sysdate, '欠税截止日期');
insert into DZ_THEME_COLUMN (id, theme_id, column_name, column_comments, create_time, column_alias)
values ('4028946a5a7e3db0015a7e5fc00b0062', '4028946a5a7e3db0015a7e57c93c0057', 'NSRSBH', '纳税人识别号', sysdate, '纳税人识别号');
insert into DZ_THEME_COLUMN (id, theme_id, column_name, column_comments, create_time, column_alias)
values ('4028946a5a7e3db0015a7e5fc00b0063', '4028946a5a7e3db0015a7e57c93c0057', 'FDDBRMC', '法定代表人名称', sysdate, '法定代表人名称');
insert into DZ_THEME_COLUMN (id, theme_id, column_name, column_comments, create_time, column_alias)
values ('4028946a5a7e3db0015a7e5fc00b0064', '4028946a5a7e3db0015a7e57c93c0057', 'FDDBRZJLX', '法定代表人证件类型', sysdate, '法定代表人证件类型');
insert into DZ_THEME_COLUMN (id, theme_id, column_name, column_comments, create_time, column_alias)
values ('4028946a5a7e3db0015a7e5fc00b0065', '4028946a5a7e3db0015a7e57c93c0057', 'FDDBRZJHM', '法定代表人证件号码', sysdate, '法定代表人证件号码');
insert into DZ_THEME_COLUMN (id, theme_id, column_name, column_comments, create_time, column_alias)
values ('4028946a5a7e3db0015a7e6002c50066', '4028946a5a7e3db0015a7e5839cb005a', 'QJLXMC', '欠缴类型名称', sysdate, '欠缴类型名称');
insert into DZ_THEME_COLUMN (id, theme_id, column_name, column_comments, create_time, column_alias)
values ('4028946a5a7e3db0015a7e6002c50067', '4028946a5a7e3db0015a7e5839cb005a', 'QFSD', '欠费时段', sysdate, '欠费时段');
insert into DZ_THEME_COLUMN (id, theme_id, column_name, column_comments, create_time, column_alias)
values ('4028946a5a7e3db0015a7e6002c50068', '4028946a5a7e3db0015a7e5839cb005a', 'QFJE', '欠费金额（元）', sysdate, '欠费金额（元）');
insert into DZ_THEME_COLUMN (id, theme_id, column_name, column_comments, create_time, column_alias)
values ('4028946a5a7e3db0015a7e6002c50069', '4028946a5a7e3db0015a7e5839cb005a', 'QFJSRQ', '欠费开始日期', sysdate, '欠费开始日期');
insert into DZ_THEME_COLUMN (id, theme_id, column_name, column_comments, create_time, column_alias)
values ('4028946a5a7e3db0015a7e6002c5006a', '4028946a5a7e3db0015a7e5839cb005a', 'QFJZRQ', '欠费截止日期', sysdate, '欠费截止日期');
insert into DZ_THEME_COLUMN (id, theme_id, column_name, column_comments, create_time, column_alias)
values ('4028946a5a7e3db0015a7e6002c5006b', '4028946a5a7e3db0015a7e5839cb005a', 'QFL', '欠费量', sysdate, '欠费量');
insert into DZ_THEME_COLUMN (id, theme_id, column_name, column_comments, create_time, column_alias)
values ('4028946a5a7e3db0015a7e6002c6006c', '4028946a5a7e3db0015a7e5839cb005a', 'RDBMQC', '认定部门全称', sysdate, '认定部门全称');
insert into DZ_THEME_COLUMN (id, theme_id, column_name, column_comments, create_time, column_alias)
values ('4028946a5a7e3db0015a7e6002c6006d', '4028946a5a7e3db0015a7e5839cb005a', 'RDRQ', '认定日期', sysdate, '认定日期');

insert into DZ_THEME_COLUMN (id, theme_id, column_name, column_comments, create_time, column_alias)
values ('402894ee5bf56f6e015bf583203f0046', '402894ee5bf56f6e015bf580b9740045', 'ZZJGDM', '组织机构代码', sysdate, '组织机构代码');
insert into DZ_THEME_COLUMN (id, theme_id, column_name, column_comments, create_time, column_alias)
values ('402894ee5bf56f6e015bf58320450047', '402894ee5bf56f6e015bf580b9740045', 'JGQC', '机构全称中文', sysdate, '机构全称中文');
insert into DZ_THEME_COLUMN (id, theme_id, column_name, column_comments, create_time, column_alias)
values ('402894ee5bf56f6e015bf58320450048', '402894ee5bf56f6e015bf580b9740045', 'GSZCH', '工商注册号（单位注册号）', sysdate, '工商注册号');
insert into DZ_THEME_COLUMN (id, theme_id, column_name, column_comments, create_time, column_alias)
values ('402894ee5bf56f6e015bf58320450049', '402894ee5bf56f6e015bf580b9740045', 'TYSHXYDM', '统一社会信用代码', sysdate, '统一社会信用代码');
insert into DZ_THEME_COLUMN (id, theme_id, column_name, column_comments, create_time, column_alias)
values ('402894ee5bf56f6e015bf5832045004a', '402894ee5bf56f6e015bf580b9740045', 'XZCFBM', '行政处罚编码', sysdate, '行政处罚编码');
insert into DZ_THEME_COLUMN (id, theme_id, column_name, column_comments, create_time, column_alias)
values ('402894ee5bf56f6e015bf5832045004b', '402894ee5bf56f6e015bf580b9740045', 'CFJDSWH', '处罚决定书文号', sysdate, '处罚决定书文号');
insert into DZ_THEME_COLUMN (id, theme_id, column_name, column_comments, create_time, column_alias)
values ('402894ee5bf56f6e015bf5832045004c', '402894ee5bf56f6e015bf580b9740045', 'CFMC', '处罚名称', sysdate, '处罚名称');
insert into DZ_THEME_COLUMN (id, theme_id, column_name, column_comments, create_time, column_alias)
values ('402894ee5bf56f6e015bf5832045004d', '402894ee5bf56f6e015bf580b9740045', 'CFSY', '处罚事由（违法事实、案由）', sysdate, '处罚事由');
insert into DZ_THEME_COLUMN (id, theme_id, column_name, column_comments, create_time, column_alias)
values ('402894ee5bf56f6e015bf5832045004e', '402894ee5bf56f6e015bf580b9740045', 'CFYJ', '处罚依据', sysdate, '处罚依据');
insert into DZ_THEME_COLUMN (id, theme_id, column_name, column_comments, create_time, column_alias)
values ('402894ee5bf56f6e015bf5832045004f', '402894ee5bf56f6e015bf580b9740045', 'WFXWLX', '违法行为类型', sysdate, '违法行为类型');
insert into DZ_THEME_COLUMN (id, theme_id, column_name, column_comments, create_time, column_alias)
values ('402894ee5bf56f6e015bf58320450050', '402894ee5bf56f6e015bf580b9740045', 'CFZL', '处罚种类（警告，罚款，没收违法所得，没收非法财物，责令停产停业，暂扣或吊销许可证，暂扣或吊销执照）', sysdate, '处罚种类');
insert into DZ_THEME_COLUMN (id, theme_id, column_name, column_comments, create_time, column_alias)
values ('402894ee5bf56f6e015bf58320450051', '402894ee5bf56f6e015bf580b9740045', 'CFJG', '处罚结果', sysdate, '处罚结果');
insert into DZ_THEME_COLUMN (id, theme_id, column_name, column_comments, create_time, column_alias)
values ('402894ee5bf56f6e015bf58320460052', '402894ee5bf56f6e015bf580b9740045', 'CFDJ', '处罚等级（失信严重程度：一般、较重、严重）', sysdate, '处罚等级');
insert into DZ_THEME_COLUMN (id, theme_id, column_name, column_comments, create_time, column_alias)
values ('402894ee5bf56f6e015bf58320460053', '402894ee5bf56f6e015bf580b9740045', 'CFJDRQ', '处罚决定日期', sysdate, '处罚决定日期');
insert into DZ_THEME_COLUMN (id, theme_id, column_name, column_comments, create_time, column_alias)
values ('4028946a5a7e3db0015a7e443b3c0005', '4028946a5a7e3db0015a7e4202f60004', 'QJLXMC', '欠缴类型名称', sysdate, '欠缴类型名称');
insert into DZ_THEME_COLUMN (id, theme_id, column_name, column_comments, create_time, column_alias)
values ('4028946a5a7e3db0015a7e443b3c0006', '4028946a5a7e3db0015a7e4202f60004', 'QFSD', '欠费时段', sysdate, '欠费时段');
insert into DZ_THEME_COLUMN (id, theme_id, column_name, column_comments, create_time, column_alias)
values ('4028946a5a7e3db0015a7e443b3c0007', '4028946a5a7e3db0015a7e4202f60004', 'QFJE', '欠费金额（元）', sysdate, '欠费金额（元）');
insert into DZ_THEME_COLUMN (id, theme_id, column_name, column_comments, create_time, column_alias)
values ('4028946a5a7e3db0015a7e443b3f0008', '4028946a5a7e3db0015a7e4202f60004', 'QFJSRQ', '欠费开始日期', sysdate, '欠费开始日期');
insert into DZ_THEME_COLUMN (id, theme_id, column_name, column_comments, create_time, column_alias)
values ('4028946a5a7e3db0015a7e443b400009', '4028946a5a7e3db0015a7e4202f60004', 'QFJZRQ', '欠费截止日期', sysdate, '欠费截止日期');
insert into DZ_THEME_COLUMN (id, theme_id, column_name, column_comments, create_time, column_alias)
values ('4028946a5a7e3db0015a7e443b40000a', '4028946a5a7e3db0015a7e4202f60004', 'QFL', '欠费量', sysdate, '欠费量');
insert into DZ_THEME_COLUMN (id, theme_id, column_name, column_comments, create_time, column_alias)
values ('4028946a5a7e3db0015a7e443b40000b', '4028946a5a7e3db0015a7e4202f60004', 'RDBMQC', '认定部门全称', sysdate, '认定部门全称');
insert into DZ_THEME_COLUMN (id, theme_id, column_name, column_comments, create_time, column_alias)
values ('4028946a5a7e3db0015a7e443b40000c', '4028946a5a7e3db0015a7e4202f60004', 'RDRQ', '认定日期', sysdate, '认定日期');
insert into DZ_THEME_COLUMN (id, theme_id, column_name, column_comments, create_time, column_alias)
values ('4028946a5a7e3db0015a7e443b40000d', '4028946a5a7e3db0015a7e4202f60004', 'JHDWQC', '交换单位全称', sysdate, '交换单位全称');
insert into dz_theme_column (ID, THEME_ID, COLUMN_NAME, COLUMN_COMMENTS, CREATE_TIME, COLUMN_ALIAS, DISPLAY_ORDER, DATA_ORDER)
values ('4028946a5a7e3db0015a7e561626003f', '4028946a5a7e3db0015a7e53da53003e', 'AJMC', '处罚名称', sysdate, '处罚名称', 1, null);
insert into dz_theme_column (ID, THEME_ID, COLUMN_NAME, COLUMN_COMMENTS, CREATE_TIME, COLUMN_ALIAS, DISPLAY_ORDER, DATA_ORDER)
values ('4028946a5a7e3db0015a7e5616270040', '4028946a5a7e3db0015a7e53da53003e', 'CFDJ', '处罚等级，失信严重程度（未定，一般、较重、严重）', sysdate, '处罚等级', 2, null);
insert into dz_theme_column (ID, THEME_ID, COLUMN_NAME, COLUMN_COMMENTS, CREATE_TIME, COLUMN_ALIAS, DISPLAY_ORDER, DATA_ORDER)
values ('4028946a5a7e3db0015a7e5616270041', '4028946a5a7e3db0015a7e53da53003e', 'CFJDSWH', '行政处罚决定书文号', sysdate, '行政处罚决定书文号', 3, null);
insert into dz_theme_column (ID, THEME_ID, COLUMN_NAME, COLUMN_COMMENTS, CREATE_TIME, COLUMN_ALIAS, DISPLAY_ORDER, DATA_ORDER)
values ('4028946a5a7e3db0015a7e5616270042', '4028946a5a7e3db0015a7e53da53003e', 'CFSY', '处罚事由（违法事实、案由）', sysdate, '处罚事由', 4, null);
insert into dz_theme_column (ID, THEME_ID, COLUMN_NAME, COLUMN_COMMENTS, CREATE_TIME, COLUMN_ALIAS, DISPLAY_ORDER, DATA_ORDER)
values ('4028946a5a7e3db0015a7e5616270043', '4028946a5a7e3db0015a7e53da53003e', 'CFSXQ', '处罚生效期', sysdate, '处罚生效期', 5, null);
insert into dz_theme_column (ID, THEME_ID, COLUMN_NAME, COLUMN_COMMENTS, CREATE_TIME, COLUMN_ALIAS, DISPLAY_ORDER, DATA_ORDER)
values ('4028946a5a7e3db0015a7e5616270044', '4028946a5a7e3db0015a7e53da53003e', 'CFYJ', '处罚依据', sysdate, '处罚依据', 6, null);
insert into dz_theme_column (ID, THEME_ID, COLUMN_NAME, COLUMN_COMMENTS, CREATE_TIME, COLUMN_ALIAS, DISPLAY_ORDER, DATA_ORDER)
values ('4028946a5a7e3db0015a7e5616270045', '4028946a5a7e3db0015a7e53da53003e', 'CFZL', '处罚类别1', sysdate, '处罚类别', 7, null);
insert into dz_theme_column (ID, THEME_ID, COLUMN_NAME, COLUMN_COMMENTS, CREATE_TIME, COLUMN_ALIAS, DISPLAY_ORDER, DATA_ORDER)
values ('4028946a5a7e3db0015a7e5616280046', '4028946a5a7e3db0015a7e53da53003e', 'CFJG', '处罚结果', sysdate, '处罚结果', 8, null);
insert into dz_theme_column (ID, THEME_ID, COLUMN_NAME, COLUMN_COMMENTS, CREATE_TIME, COLUMN_ALIAS, DISPLAY_ORDER, DATA_ORDER)
values ('4028946a5a7e3db0015a7e5616280047', '4028946a5a7e3db0015a7e53da53003e', 'DQZT', '0=正常（公示中），1=撤销（取消公示），2=异议，3=其他', sysdate, '当前状态', 9, null);
insert into dz_theme_column (ID, THEME_ID, COLUMN_NAME, COLUMN_COMMENTS, CREATE_TIME, COLUMN_ALIAS, DISPLAY_ORDER, DATA_ORDER)
values ('4028946a5a7e3db0015a7e5616280048', '4028946a5a7e3db0015a7e53da53003e', 'GSJZQ', '公示截止期', sysdate, '公示截止期', 10, null);
insert into DZ_THEME_COLUMN (id, theme_id, column_name, column_comments, create_time, column_alias)
values ('4028946a5a7e3db0015a7e6217750077', '4028946a5a7e3db0015a7e612d800073', 'JFNY', '缴费年月', sysdate, '缴费年月');
insert into DZ_THEME_COLUMN (id, theme_id, column_name, column_comments, create_time, column_alias)
values ('4028946a5a7e3db0015a7e6217750078', '4028946a5a7e3db0015a7e612d800073', 'SWJFJS', '单位缴费基数', sysdate, '单位缴费基数');
insert into DZ_THEME_COLUMN (id, theme_id, column_name, column_comments, create_time, column_alias)
values ('4028946a5a7e3db0015a7e6217750079', '4028946a5a7e3db0015a7e612d800073', 'GRJFJS', '个人缴费基数', sysdate, '个人缴费基数');
insert into DZ_THEME_COLUMN (id, theme_id, column_name, column_comments, create_time, column_alias)
values ('4028946a5a7e3db0015a7e621776007a', '4028946a5a7e3db0015a7e612d800073', 'BYYJJE', '本月应缴金额合计（元）', sysdate, '本月应缴金额合计（元）');
insert into DZ_THEME_COLUMN (id, theme_id, column_name, column_comments, create_time, column_alias)
values ('4028946a5a7e3db0015a7e621776007b', '4028946a5a7e3db0015a7e612d800073', 'BYSJJE', '本月实缴金额合计（元）', sysdate, '本月实缴金额合计（元）');
insert into DZ_THEME_COLUMN (id, theme_id, column_name, column_comments, create_time, column_alias)
values ('4028946a5a7e3db0015a7e621776007c', '4028946a5a7e3db0015a7e612d800073', 'CBRS', '参保人数', sysdate, '参保人数');
insert into DZ_THEME_COLUMN (id, theme_id, column_name, column_comments, create_time, column_alias)
values ('4028946a5a7e3db0015a7e621776007d', '4028946a5a7e3db0015a7e612d800073', 'LB', '类别（包含医疗，失业，生育，工伤，养老保险五种险种，含0缴费）', sysdate, '类别');
insert into DZ_THEME_COLUMN (id, theme_id, column_name, column_comments, create_time, column_alias)
values ('4028946a5a7e3db0015a7e6274f2007e', '4028946a5a7e3db0015a7e61bbf50076', 'BYQJJE', '本月欠缴金额（元）', sysdate, '本月欠缴金额（元）');
insert into DZ_THEME_COLUMN (id, theme_id, column_name, column_comments, create_time, column_alias)
values ('4028946a5a7e3db0015a7e6274f2007f', '4028946a5a7e3db0015a7e61bbf50076', 'QJNY', '欠缴年月', sysdate, '欠缴年月');
insert into DZ_THEME_COLUMN (id, theme_id, column_name, column_comments, create_time, column_alias)
values ('4028946a5a7e3db0015a7e6274f20080', '4028946a5a7e3db0015a7e61bbf50076', 'LJQJJE', '累计欠缴金额合计（元）', sysdate, '累计欠缴金额合计（元）');
insert into DZ_THEME_COLUMN (id, theme_id, column_name, column_comments, create_time, column_alias)
values ('4028946a5a7e3db0015a7e6274f20081', '4028946a5a7e3db0015a7e61bbf50076', 'LJQJYS', '累计欠缴月数', sysdate, '累计欠缴月数');
insert into DZ_THEME_COLUMN (id, theme_id, column_name, column_comments, create_time, column_alias)
values ('4028946a5a7e3db0015a7e6274f20082', '4028946a5a7e3db0015a7e61bbf50076', 'JBJGQC', '经办机关全称', sysdate, '经办机关全称');
insert into DZ_THEME_COLUMN (id, theme_id, column_name, column_comments, create_time, column_alias)
values ('4028946a5a7e3db0015a7e6274f20083', '4028946a5a7e3db0015a7e61bbf50076', 'RDRQ', '认定日期', sysdate, '认定日期');
insert into DZ_THEME_COLUMN (id, theme_id, column_name, column_comments, create_time, column_alias)
values ('4028946a5a7e3db0015a7e6274f20084', '4028946a5a7e3db0015a7e61bbf50076', 'SFBJ', '是否补缴', sysdate, '是否补缴');
insert into DZ_THEME_COLUMN (id, theme_id, column_name, column_comments, create_time, column_alias)
values ('4028946a5a7e3db0015a7e6274f20085', '4028946a5a7e3db0015a7e61bbf50076', 'SXYZCD', '失信严重程度', sysdate, '失信严重程度');
insert into DZ_THEME_COLUMN (id, theme_id, column_name, column_comments, create_time, column_alias)
values ('4028946a5a7e3db0015a7e6274f30086', '4028946a5a7e3db0015a7e61bbf50076', 'SXXWYXQ', '失信行为有效期', sysdate, '失信行为有效期');
insert into DZ_THEME_COLUMN (id, theme_id, column_name, column_comments, create_time, column_alias)
values ('4028946a5a7e3db0015a7e6274f30087', '4028946a5a7e3db0015a7e61bbf50076', 'LB', '类别（包含医疗，失业，生育，工伤，养老保险五种险种，含0缴费）', sysdate, '类别');
insert into DZ_THEME_COLUMN (id, theme_id, column_name, column_comments, create_time, column_alias)
values ('4028946a591a278301591a3492950025', '4028946a59167fe001591a062cd900b2', 'QJLXMC', '欠缴类型名称', sysdate, '欠缴类型名称');
insert into DZ_THEME_COLUMN (id, theme_id, column_name, column_comments, create_time, column_alias)
values ('4028946a591a278301591a3492950026', '4028946a59167fe001591a062cd900b2', 'QFSD', '欠费时段', sysdate, '欠费时段');
insert into DZ_THEME_COLUMN (id, theme_id, column_name, column_comments, create_time, column_alias)
values ('4028946a591a278301591a3492950027', '4028946a59167fe001591a062cd900b2', 'QFJE', '欠费金额（元）', sysdate, '欠费金额（元）');
insert into DZ_THEME_COLUMN (id, theme_id, column_name, column_comments, create_time, column_alias)
values ('4028946a591a278301591a3492950028', '4028946a59167fe001591a062cd900b2', 'RDRQ', '认定日期', sysdate, '认定日期');
insert into DZ_THEME_COLUMN (id, theme_id, column_name, column_comments, create_time, column_alias)
values ('4028946a591a278301591a33fa2b001d', '4028946a591a278301591a3393b4001c', 'RDDW', '认定单位', sysdate, '认定单位');
insert into DZ_THEME_COLUMN (id, theme_id, column_name, column_comments, create_time, column_alias)
values ('4028946a591a278301591a33fa2c001e', '4028946a591a278301591a3393b4001c', 'RDWH', '认定文号', sysdate, '认定文号');
insert into DZ_THEME_COLUMN (id, theme_id, column_name, column_comments, create_time, column_alias)
values ('4028946a591a278301591a33fa2c001f', '4028946a591a278301591a3393b4001c', 'ZYSXSS', '主要失信事实 ', sysdate, '主要失信事实 ');
insert into DZ_THEME_COLUMN (id, theme_id, column_name, column_comments, create_time, column_alias)
values ('4028946a591a278301591a33fa2c0020', '4028946a591a278301591a3393b4001c', 'QRYZSXRQ', '确认严重失信日期', sysdate, '确认严重失信日期');
insert into DZ_THEME_COLUMN (id, theme_id, column_name, column_comments, create_time, column_alias)
values ('4028946a591a278301591a345f300021', '4028946a59167fe001591a05afe200af', 'QSSZDM', '欠税税种代码', sysdate, '欠税税种代码');
insert into DZ_THEME_COLUMN (id, theme_id, column_name, column_comments, create_time, column_alias)
values ('4028946a591a278301591a345f300022', '4028946a59167fe001591a05afe200af', 'QSSZMC', '欠税税种名称', sysdate, '欠税税种名称');
insert into DZ_THEME_COLUMN (id, theme_id, column_name, column_comments, create_time, column_alias)
values ('4028946a591a278301591a345f310023', '4028946a59167fe001591a05afe200af', 'ZJJGQC', '征缴机关全称', sysdate, '征缴机关全称');
insert into DZ_THEME_COLUMN (id, theme_id, column_name, column_comments, create_time, column_alias)
values ('4028946a591a278301591a345f310024', '4028946a59167fe001591a05afe200af', 'LJQSJE', '累计欠税金额合计', sysdate, '累计欠税金额合计');
insert into DZ_THEME_COLUMN (id, theme_id, column_name, column_comments, create_time, column_alias)
values ('2c93ca8159b05ada0159b083f3240012', '2c93ca8159b05ada0159b082eb840011', 'XM', '姓名', sysdate, '姓名');
insert into DZ_THEME_COLUMN (id, theme_id, column_name, column_comments, create_time, column_alias)
values ('2c93ca8159b05ada0159b083f3250013', '2c93ca8159b05ada0159b082eb840011', 'SFZH', '身份证号', sysdate, '身份证号');
insert into DZ_THEME_COLUMN (id, theme_id, column_name, column_comments, create_time, column_alias)
values ('2c93ca8159b05ada0159b083f3250014', '2c93ca8159b05ada0159b082eb840011', 'XB', '性别', sysdate, '性别');
insert into DZ_THEME_COLUMN (id, theme_id, column_name, column_comments, create_time, column_alias)
values ('2c93ca8159b05ada0159b083f3250015', '2c93ca8159b05ada0159b082eb840011', 'CSRQ', '出生日期', sysdate, '出生日期');
insert into DZ_THEME_COLUMN (id, theme_id, column_name, column_comments, create_time, column_alias)
values ('2c93ca8159b05ada0159b083f3250016', '2c93ca8159b05ada0159b082eb840011', 'HJDZ', '户籍地址', sysdate, '户籍地址');
insert into DZ_THEME_COLUMN (id, theme_id, column_name, column_comments, create_time, column_alias)
values ('2c93ca8159b05ada0159b083f3250017', '2c93ca8159b05ada0159b082eb840011', 'JFJG', '签发机关', sysdate, '签发机关');
insert into DZ_THEME_COLUMN (id, theme_id, column_name, column_comments, create_time, column_alias)
values ('2c93ca8159b05ada0159b084dccd001b', '2c93ca8159b05ada0159b0843f53001a', 'DJRQ', '登记日期', sysdate, '登记日期');
insert into DZ_THEME_COLUMN (id, theme_id, column_name, column_comments, create_time, column_alias)
values ('2c93ca8159b05ada0159b084dccd001c', '2c93ca8159b05ada0159b0843f53001a', 'NANFXM', '男方姓名', sysdate, '男方姓名');
insert into DZ_THEME_COLUMN (id, theme_id, column_name, column_comments, create_time, column_alias)
values ('2c93ca8159b05ada0159b084dccd001d', '2c93ca8159b05ada0159b0843f53001a', 'NANFSFZH', '男方身份证号', sysdate, '男方身份证号');
insert into DZ_THEME_COLUMN (id, theme_id, column_name, column_comments, create_time, column_alias)
values ('2c93ca8159b05ada0159b084dccd001e', '2c93ca8159b05ada0159b0843f53001a', 'NVFXM', '女方姓名', sysdate, '女方姓名');
insert into DZ_THEME_COLUMN (id, theme_id, column_name, column_comments, create_time, column_alias)
values ('2c93ca8159b05ada0159b084dccf001f', '2c93ca8159b05ada0159b0843f53001a', 'NVFSFZH', '女方身份证号', sysdate, '女方身份证号');
insert into DZ_THEME_COLUMN (id, theme_id, column_name, column_comments, create_time, column_alias)
values ('2c93ca8159b05ada0159b084dccf0020', '2c93ca8159b05ada0159b0843f53001a', 'YWLX', '业务类型', sysdate, '业务类型');
insert into DZ_THEME_COLUMN (id, theme_id, column_name, column_comments, create_time, column_alias)
values ('2c93ca8159b05ada0159b0867c140027', '2c93ca8159b05ada0159b08645380026', 'JYZK', '就业状况', sysdate, '就业状况');
insert into DZ_THEME_COLUMN (id, theme_id, column_name, column_comments, create_time, column_alias)
values ('2c93ca8159b05ada0159b0867c140028', '2c93ca8159b05ada0159b08645380026', 'DJJG', '登记机关', sysdate, '登记机关');
insert into DZ_THEME_COLUMN (id, theme_id, column_name, column_comments, create_time, column_alias)
values ('2c93ca8159b05ada0159b0867c140029', '2c93ca8159b05ada0159b08645380026', 'DJRQ', '登记日期', sysdate, '登记日期');
insert into DZ_THEME_COLUMN (id, theme_id, column_name, column_comments, create_time, column_alias)
values ('2c93ca81596748510159677d2fc00032', '402849815901a24c015901cd29000008', 'CFMC', '处罚名称', sysdate, '处罚名称');
insert into DZ_THEME_COLUMN (id, theme_id, column_name, column_comments, create_time, column_alias)
values ('2c93ca81596748510159677d2fc10033', '402849815901a24c015901cd29000008', 'CFSY', '处罚事由（违法事实、案由）', sysdate, '处罚事由');
insert into DZ_THEME_COLUMN (id, theme_id, column_name, column_comments, create_time, column_alias)
values ('2c93ca81596748510159677d2fc10034', '402849815901a24c015901cd29000008', 'CFYJ', '处罚依据', sysdate, '处罚依据');
insert into DZ_THEME_COLUMN (id, theme_id, column_name, column_comments, create_time, column_alias)
values ('2c93ca81596748510159677d2fc10035', '402849815901a24c015901cd29000008', 'WFXWLX', '违法行为类型', sysdate, '违法行为类型');
insert into DZ_THEME_COLUMN (id, theme_id, column_name, column_comments, create_time, column_alias)
values ('2c93ca81596748510159677d2fc40036', '402849815901a24c015901cd29000008', 'CFJG', '处罚结果', sysdate, '处罚结果');
insert into DZ_THEME_COLUMN (id, theme_id, column_name, column_comments, create_time, column_alias)
values ('2c93ca81596748510159677d2fc40037', '402849815901a24c015901cd29000008', 'CFJDRQ', '处罚决定日期', sysdate, '处罚决定日期');
insert into DZ_THEME_COLUMN (id, theme_id, column_name, column_comments, create_time, column_alias)
values ('4028498158d72ce10158d821c0a2009f', '2c93378157d6ed8a0157dc0d382b0047', 'QSSZMC', '欠税税种名称', sysdate, '欠税税种名称');
insert into DZ_THEME_COLUMN (id, theme_id, column_name, column_comments, create_time, column_alias)
values ('4028498158d72ce10158d821c0a200a0', '2c93378157d6ed8a0157dc0d382b0047', 'DQQSJE', '当期欠税金额（元）', sysdate, '当期欠税金额（元）');
insert into DZ_THEME_COLUMN (id, theme_id, column_name, column_comments, create_time, column_alias)
values ('4028498158d72ce10158d821c0a200a1', '2c93378157d6ed8a0157dc0d382b0047', 'LJQSJE', '累计欠税金额合计', sysdate, '累计欠税金额合计');
insert into DZ_THEME_COLUMN (id, theme_id, column_name, column_comments, create_time, column_alias)
values ('4028498158d72ce10158d821c0a200a2', '2c93378157d6ed8a0157dc0d382b0047', 'QSKSRQ', '欠税开始日期', sysdate, '欠税开始日期');
insert into DZ_THEME_COLUMN (id, theme_id, column_name, column_comments, create_time, column_alias)
values ('4028498158d72ce10158d821c0a200a3', '2c93378157d6ed8a0157dc0d382b0047', 'QSJZRQ', '欠税截止日期', sysdate, '欠税截止日期');
insert into DZ_THEME_COLUMN (id, theme_id, column_name, column_comments, create_time, column_alias)
values ('4028498158d72ce10158d821fd2c00a4', '2c93378157d6ed8a0157dc0d87c20048', 'QJLXMC', '欠缴类型名称', sysdate, '欠缴类型名称');
insert into DZ_THEME_COLUMN (id, theme_id, column_name, column_comments, create_time, column_alias)
values ('4028498158d72ce10158d821fd2c00a5', '2c93378157d6ed8a0157dc0d87c20048', 'QFSD', '欠费时段', sysdate, '欠费时段');
insert into DZ_THEME_COLUMN (id, theme_id, column_name, column_comments, create_time, column_alias)
values ('4028498158d72ce10158d821fd2c00a6', '2c93378157d6ed8a0157dc0d87c20048', 'QFJE', '欠费金额（元）', sysdate, '欠费金额（元）');
insert into DZ_THEME_COLUMN (id, theme_id, column_name, column_comments, create_time, column_alias)
values ('4028498158d72ce10158d821fd2d00a7', '2c93378157d6ed8a0157dc0d87c20048', 'QFJSRQ', '欠费开始日期', sysdate, '欠费开始日期');
insert into DZ_THEME_COLUMN (id, theme_id, column_name, column_comments, create_time, column_alias)
values ('4028498158d72ce10158d821fd2d00a8', '2c93378157d6ed8a0157dc0d87c20048', 'QFJZRQ', '欠费截止日期', sysdate, '欠费截止日期');
insert into DZ_THEME_COLUMN (id, theme_id, column_name, column_comments, create_time, column_alias)
values ('4028498158d72ce10158d8223fc200a9', '2c93378157d6ed8a0157dc181ee40056', 'BZMC', '表彰名称', sysdate, '表彰名称');
insert into DZ_THEME_COLUMN (id, theme_id, column_name, column_comments, create_time, column_alias)
values ('4028498158d72ce10158d8223fc200aa', '2c93378157d6ed8a0157dc181ee40056', 'RYDJ', '荣誉等级', sysdate, '荣誉等级');
insert into DZ_THEME_COLUMN (id, theme_id, column_name, column_comments, create_time, column_alias)
values ('4028498158d72ce10158d8223fc200ab', '2c93378157d6ed8a0157dc181ee40056', 'RYNR', '荣誉内容', sysdate, '荣誉内容');
insert into DZ_THEME_COLUMN (id, theme_id, column_name, column_comments, create_time, column_alias)
values ('4028498158d72ce10158d8223fc200ac', '2c93378157d6ed8a0157dc181ee40056', 'RDJGQC', '认定机关全称', sysdate, '认定机关全称');
insert into DZ_THEME_COLUMN (id, theme_id, column_name, column_comments, create_time, column_alias)
values ('4028498158d72ce10158d8223fc200ad', '2c93378157d6ed8a0157dc181ee40056', 'RDRQ', '认定日期', sysdate, '认定日期');
insert into DZ_THEME_COLUMN (id, theme_id, column_name, column_comments, create_time, column_alias)
values ('4028498158d72ce10158d822d52000ae', '2c93378157d6ed8a0157dc1a3b78005e', 'JFNY', '缴费年月', sysdate, '缴费年月');
insert into DZ_THEME_COLUMN (id, theme_id, column_name, column_comments, create_time, column_alias)
values ('4028498158d72ce10158d822d52000af', '2c93378157d6ed8a0157dc1a3b78005e', 'SWJFJS', '单位缴费基数', sysdate, '单位缴费基数');
insert into DZ_THEME_COLUMN (id, theme_id, column_name, column_comments, create_time, column_alias)
values ('4028498158d72ce10158d822d52000b0', '2c93378157d6ed8a0157dc1a3b78005e', 'BYSJJE', '本月实缴金额合计（元）', sysdate, '本月实缴金额合计（元）');
insert into DZ_THEME_COLUMN (id, theme_id, column_name, column_comments, create_time, column_alias)
values ('4028498158d72ce10158d822d52100b1', '2c93378157d6ed8a0157dc1a3b78005e', 'CBRS', '参保人数', sysdate, '参保人数');
insert into DZ_THEME_COLUMN (id, theme_id, column_name, column_comments, create_time, column_alias)
values ('4028498158d72ce10158d82331e500b2', '2c93378157d6ed8a0157dc1a8268005f', 'BYQJJE', '本月欠缴金额（元）', sysdate, '本月欠缴金额（元）');
insert into DZ_THEME_COLUMN (id, theme_id, column_name, column_comments, create_time, column_alias)
values ('4028498158d72ce10158d82331e500b3', '2c93378157d6ed8a0157dc1a8268005f', 'QJNY', '欠缴年月', sysdate, '欠缴年月');
insert into DZ_THEME_COLUMN (id, theme_id, column_name, column_comments, create_time, column_alias)
values ('4028498158d72ce10158d82331e500b4', '2c93378157d6ed8a0157dc1a8268005f', 'LJQJJE', '累计欠缴金额合计（元）', sysdate, '累计欠缴金额合计（元）');
insert into DZ_THEME_COLUMN (id, theme_id, column_name, column_comments, create_time, column_alias)
values ('4028498158d72ce10158d8236c6a00b5', '4028946a57b1a6ea0157b1a8048b0004', 'GDLX', '股东类型', sysdate, '股东类型');
insert into DZ_THEME_COLUMN (id, theme_id, column_name, column_comments, create_time, column_alias)
values ('4028498158d72ce10158d8236c6a00b6', '4028946a57b1a6ea0157b1a8048b0004', 'GDMC', '股东名称', sysdate, '股东名称');
insert into DZ_THEME_COLUMN (id, theme_id, column_name, column_comments, create_time, column_alias)
values ('4028498158d72ce10158d8236c6a00b7', '4028946a57b1a6ea0157b1a8048b0004', 'SJCZ', '实缴出资（万元）', sysdate, '实缴出资（万元）');
insert into DZ_THEME_COLUMN (id, theme_id, column_name, column_comments, create_time, column_alias)
values ('4028498158d72ce10158d8236c6a00b8', '4028946a57b1a6ea0157b1a8048b0004', 'DJRQ', '登记日期', sysdate, '登记日期');
insert into DZ_THEME_COLUMN (id, theme_id, column_name, column_comments, create_time, column_alias)
values ('4028498158d72ce10158d823b8c200b9', '4028946a57b1a6ea0157b24442b9000f', 'XM', '姓名', sysdate, '姓名');
insert into DZ_THEME_COLUMN (id, theme_id, column_name, column_comments, create_time, column_alias)
values ('4028498158d72ce10158d823b8c200ba', '4028946a57b1a6ea0157b24442b9000f', 'ZJHM', '证件号码', sysdate, '证件号码');
insert into DZ_THEME_COLUMN (id, theme_id, column_name, column_comments, create_time, column_alias)
values ('4028498158d72ce10158d823b8c200bb', '4028946a57b1a6ea0157b24442b9000f', 'ZWLX', '职务类型（级别）', sysdate, '职务类型（级别）');
insert into dz_theme_column (ID, THEME_ID, COLUMN_NAME, COLUMN_COMMENTS, CREATE_TIME, COLUMN_ALIAS, DISPLAY_ORDER, DATA_ORDER)
values ('4028498158d72ce10158d824260e00bc', '4028946a57b2549c0157b28d3934000b', 'XKJDSWH', '许可决定书文号', sysdate, '许可决定书文号', 2, null);
insert into dz_theme_column (ID, THEME_ID, COLUMN_NAME, COLUMN_COMMENTS, CREATE_TIME, COLUMN_ALIAS, DISPLAY_ORDER, DATA_ORDER)
values ('4028498158d72ce10158d824260e00bd', '4028946a57b2549c0157b28d3934000b', 'XKNR', '许可内容', sysdate, '许可内容', 3, null);
insert into dz_theme_column (ID, THEME_ID, COLUMN_NAME, COLUMN_COMMENTS, CREATE_TIME, COLUMN_ALIAS, DISPLAY_ORDER, DATA_ORDER)
values ('4028498158d72ce10158d824260e00be', '4028946a57b2549c0157b28d3934000b', 'XKSXQ', '许可决定日期', sysdate, '许可决定日期', 4, null);
insert into dz_theme_column (ID, THEME_ID, COLUMN_NAME, COLUMN_COMMENTS, CREATE_TIME, COLUMN_ALIAS, DISPLAY_ORDER, DATA_ORDER)
values ('4028498158d72ce10158d824260e00c0', '4028946a57b2549c0157b28d3934000b', 'XKJZQ', '许可截止期', sysdate, '许可截止期', 6, null);
insert into dz_theme_column (ID, THEME_ID, COLUMN_NAME, COLUMN_COMMENTS, CREATE_TIME, COLUMN_ALIAS, DISPLAY_ORDER, DATA_ORDER)
values ('4028498158d72ce10158d824260e00bf', '4028946a57b2549c0157b28d3934000b', 'SPLB', '审批类别（普通许可，特许认可，核准登记，其他）', sysdate, '审批类别', 7, null);
insert into dz_theme_column (ID, THEME_ID, COLUMN_NAME, COLUMN_COMMENTS, CREATE_TIME, COLUMN_ALIAS, DISPLAY_ORDER, DATA_ORDER)
values ('4028498158d72ce10158d824260e00bg', '4028946a57b2549c0157b28d3934000b', 'XMMC', '项目名称', sysdate, '项目名称', 1, null);
insert into dz_theme_column (ID, THEME_ID, COLUMN_NAME, COLUMN_COMMENTS, CREATE_TIME, COLUMN_ALIAS, DISPLAY_ORDER, DATA_ORDER)
values ('4028946b670741ed01670bc0b7c60073', '2c93378157d6ed8a0157dc033289003a', 'AJMC', '处罚名称', sysdate, '处罚名称', 1, null);
insert into dz_theme_column (ID, THEME_ID, COLUMN_NAME, COLUMN_COMMENTS, CREATE_TIME, COLUMN_ALIAS, DISPLAY_ORDER, DATA_ORDER)
values ('4028946b670741ed01670bc0b7c60074', '2c93378157d6ed8a0157dc033289003a', 'CFDJ', '处罚等级，失信严重程度（未定，一般、较重、严重）', sysdate, '处罚等级', 2, null);
insert into dz_theme_column (ID, THEME_ID, COLUMN_NAME, COLUMN_COMMENTS, CREATE_TIME, COLUMN_ALIAS, DISPLAY_ORDER, DATA_ORDER)
values ('4028946b670741ed01670bc0b7c60075', '2c93378157d6ed8a0157dc033289003a', 'CFJDSWH', '行政处罚决定书文号', sysdate, '行政处罚决定书文号', 3, null);
insert into dz_theme_column (ID, THEME_ID, COLUMN_NAME, COLUMN_COMMENTS, CREATE_TIME, COLUMN_ALIAS, DISPLAY_ORDER, DATA_ORDER)
values ('4028946b670741ed01670bc0b7c60076', '2c93378157d6ed8a0157dc033289003a', 'CFSY', '处罚事由（违法事实、案由）', sysdate, '处罚事由', 4, null);
insert into dz_theme_column (ID, THEME_ID, COLUMN_NAME, COLUMN_COMMENTS, CREATE_TIME, COLUMN_ALIAS, DISPLAY_ORDER, DATA_ORDER)
values ('4028946b670741ed01670bc0b7c60077', '2c93378157d6ed8a0157dc033289003a', 'CFSXQ', '处罚生效期', sysdate, '处罚生效期', 5, null);
insert into dz_theme_column (ID, THEME_ID, COLUMN_NAME, COLUMN_COMMENTS, CREATE_TIME, COLUMN_ALIAS, DISPLAY_ORDER, DATA_ORDER)
values ('4028946b670741ed01670bc0b7c60078', '2c93378157d6ed8a0157dc033289003a', 'CFYJ', '处罚依据', sysdate, '处罚依据', 6, null);
insert into dz_theme_column (ID, THEME_ID, COLUMN_NAME, COLUMN_COMMENTS, CREATE_TIME, COLUMN_ALIAS, DISPLAY_ORDER, DATA_ORDER)
values ('4028946b670741ed01670bc0b7c60079', '2c93378157d6ed8a0157dc033289003a', 'CFZL', '处罚类别1', sysdate, '处罚类别', 7, null);
insert into dz_theme_column (ID, THEME_ID, COLUMN_NAME, COLUMN_COMMENTS, CREATE_TIME, COLUMN_ALIAS, DISPLAY_ORDER, DATA_ORDER)
values ('4028946b670741ed01670bc0b7c6007a', '2c93378157d6ed8a0157dc033289003a', 'CFJG', '处罚结果', sysdate, '处罚结果', 8, null);
insert into dz_theme_column (ID, THEME_ID, COLUMN_NAME, COLUMN_COMMENTS, CREATE_TIME, COLUMN_ALIAS, DISPLAY_ORDER, DATA_ORDER)
values ('4028946b670741ed01670bc0b7c6007b', '2c93378157d6ed8a0157dc033289003a', 'DQZT', '0=正常（公示中），1=撤销（取消公示），2=异议，3=其他', sysdate, '当前状态', 9, null);
insert into dz_theme_column (ID, THEME_ID, COLUMN_NAME, COLUMN_COMMENTS, CREATE_TIME, COLUMN_ALIAS, DISPLAY_ORDER, DATA_ORDER)
values ('4028946b670741ed01670bc0b7c6007c', '2c93378157d6ed8a0157dc033289003a', 'GSJZQ', '公示截止期', sysdate, '公示截止期', 10, null);
commit;
insert into DZ_THEME_COLUMN (id, theme_id, column_name, column_comments, create_time, column_alias)
values ('4028498158d72ce10158d8215116009b', '2c93378157d6ed8a0157dc0a9c450041', 'RDDW', '认定单位', sysdate, '认定单位');
insert into DZ_THEME_COLUMN (id, theme_id, column_name, column_comments, create_time, column_alias)
values ('4028498158d72ce10158d8215116009c', '2c93378157d6ed8a0157dc0a9c450041', 'RDWH', '认定文号', sysdate, '认定文号');
insert into DZ_THEME_COLUMN (id, theme_id, column_name, column_comments, create_time, column_alias)
values ('4028498158d72ce10158d8215116009d', '2c93378157d6ed8a0157dc0a9c450041', 'ZYSXSS', '主要失信事实 ', sysdate, '主要失信事实 ');
insert into DZ_THEME_COLUMN (id, theme_id, column_name, column_comments, create_time, column_alias)
values ('4028498158d72ce10158d8215117009e', '2c93378157d6ed8a0157dc0a9c450041', 'QRYZSXRQ', '确认严重失信日期', sysdate, '确认严重失信日期');
insert into DZ_THEME_COLUMN (id, theme_id, column_name, column_comments, create_time, column_alias)
values ('4028946a5a7e0729015a7e1f63860005', '4028946a591a385b01591a3bbf3e0014', 'GDLX', '股东类型', sysdate, '股东类型');
insert into DZ_THEME_COLUMN (id, theme_id, column_name, column_comments, create_time, column_alias)
values ('4028946a5a7e0729015a7e1f63870006', '4028946a591a385b01591a3bbf3e0014', 'GDMC', '股东名称', sysdate, '股东名称');
insert into DZ_THEME_COLUMN (id, theme_id, column_name, column_comments, create_time, column_alias)
values ('4028946a5a7e0729015a7e1f63870007', '4028946a591a385b01591a3bbf3e0014', 'RJCZ', '认缴出资（万元）', sysdate, '认缴出资（万元）');
insert into DZ_THEME_COLUMN (id, theme_id, column_name, column_comments, create_time, column_alias)
values ('4028946a5a7e0729015a7e1f63870008', '4028946a591a385b01591a3bbf3e0014', 'SJCZ', '实缴出资（万元）', sysdate, '实缴出资（万元）');
insert into DZ_THEME_COLUMN (id, theme_id, column_name, column_comments, create_time, column_alias)
values ('4028946a5a7e0729015a7e1f63870009', '4028946a591a385b01591a3bbf3e0014', 'DJJGMC', '登记机关名称', sysdate, '登记机关名称');
insert into DZ_THEME_COLUMN (id, theme_id, column_name, column_comments, create_time, column_alias)
values ('4028946a5a7e0729015a7e1f6387000a', '4028946a591a385b01591a3bbf3e0014', 'DJRQ', '登记日期', sysdate, '登记日期');
insert into DZ_THEME_COLUMN (id, theme_id, column_name, column_comments, create_time, column_alias)
values ('4028946a5a7e0729015a7e1f6387000b', '4028946a591a385b01591a3bbf3e0014', 'GSGQCZZM', '公司股权出质证明', sysdate, '公司股权出质证明');
insert into DZ_THEME_COLUMN (id, theme_id, column_name, column_comments, create_time, column_alias)
values ('4028946a5a7e0729015a7e1f6387000c', '4028946a591a385b01591a3bbf3e0014', 'BGRQ', '变更日期', sysdate, '变更日期');
insert into DZ_THEME_COLUMN (id, theme_id, column_name, column_comments, create_time, column_alias)
values ('4028946a5a7e0729015a7e206ee50010', '4028946a5a7e0729015a7e1fdc64000f', 'XM', '姓名', sysdate, '姓名');
insert into DZ_THEME_COLUMN (id, theme_id, column_name, column_comments, create_time, column_alias)
values ('4028946a5a7e0729015a7e206ee60011', '4028946a5a7e0729015a7e1fdc64000f', 'ZJLX', '证件类型', sysdate, '证件类型');
insert into DZ_THEME_COLUMN (id, theme_id, column_name, column_comments, create_time, column_alias)
values ('4028946a5a7e0729015a7e206ee60012', '4028946a5a7e0729015a7e1fdc64000f', 'ZJHM', '证件号码', sysdate, '证件号码');
insert into DZ_THEME_COLUMN (id, theme_id, column_name, column_comments, create_time, column_alias)
values ('4028946a5a7e0729015a7e206ee60013', '4028946a5a7e0729015a7e1fdc64000f', 'ZWLX', '职务类型（级别）', sysdate, '职务类型（级别）');
insert into DZ_THEME_COLUMN (id, theme_id, column_name, column_comments, create_time, column_alias)
values ('4028946a5a7e0729015a7e206ee60014', '4028946a5a7e0729015a7e1fdc64000f', 'GJ', '国籍', sysdate, '国籍');
insert into DZ_THEME_COLUMN (id, theme_id, column_name, column_comments, create_time, column_alias)
values ('4028946a5a7e0729015a7e206ee60015', '4028946a5a7e0729015a7e1fdc64000f', 'BGHZRQ', '（变更）核准日期', sysdate, '核准日期');
insert into dz_theme_column (ID, THEME_ID, COLUMN_NAME, COLUMN_COMMENTS, CREATE_TIME, COLUMN_ALIAS, DISPLAY_ORDER, DATA_ORDER)
values ('4028946b670741ed01670b9a42b60052', '4028946a5a7e0729015a7e2292a2001b', 'XMMC', '项目名称', sysdate, '项目名称', 1, null);
insert into dz_theme_column (ID, THEME_ID, COLUMN_NAME, COLUMN_COMMENTS, CREATE_TIME, COLUMN_ALIAS, DISPLAY_ORDER, DATA_ORDER)
values ('4028946b670741ed01670b9a42b60053', '4028946a5a7e0729015a7e2292a2001b', 'XKNR', '许可内容', sysdate, '许可内容', 2, null);
insert into dz_theme_column (ID, THEME_ID, COLUMN_NAME, COLUMN_COMMENTS, CREATE_TIME, COLUMN_ALIAS, DISPLAY_ORDER, DATA_ORDER)
values ('4028946b670741ed01670b9a42b60054', '4028946a5a7e0729015a7e2292a2001b', 'XKSXQ', '许可决定日期', sysdate, '许可决定日期', 3, null);
insert into dz_theme_column (ID, THEME_ID, COLUMN_NAME, COLUMN_COMMENTS, CREATE_TIME, COLUMN_ALIAS, DISPLAY_ORDER, DATA_ORDER)
values ('4028946b670741ed01670b9a42b60055', '4028946a5a7e0729015a7e2292a2001b', 'XKJDSWH', '许可决定书文号', sysdate, '许可决定书文号', 4, null);
insert into dz_theme_column (ID, THEME_ID, COLUMN_NAME, COLUMN_COMMENTS, CREATE_TIME, COLUMN_ALIAS, DISPLAY_ORDER, DATA_ORDER)
values ('4028946b670741ed01670b9a42b60056', '4028946a5a7e0729015a7e2292a2001b', 'SPLB', '审批类别（普通许可，特许认可，核准登记，其他）', sysdate, '审批类别', 6, null);
insert into dz_theme_column (ID, THEME_ID, COLUMN_NAME, COLUMN_COMMENTS, CREATE_TIME, COLUMN_ALIAS, DISPLAY_ORDER, DATA_ORDER)
values ('4028946b670741ed01670b9a42b60057', '4028946a5a7e0729015a7e2292a2001b', 'XKJZQ', '许可截止期', sysdate, '许可截止期', 7, null);
insert into DZ_THEME_COLUMN (id, theme_id, column_name, column_comments, create_time, column_alias)
values ('4028946a5a7e0729015a7e248fda001c', '4028946a5a7e0729015a7e2292a2001b', 'XZXKBM', '行政许可编码', sysdate, '行政许可编码');
insert into DZ_THEME_COLUMN (id, theme_id, column_name, column_comments, create_time, column_alias)
values ('4028946a5a7e0729015a7e248fda001d', '4028946a5a7e0729015a7e2292a2001b', 'ZL', '种类（设立/变更）', sysdate, '种类');
insert into DZ_THEME_COLUMN (id, theme_id, column_name, column_comments, create_time, column_alias)
values ('4028946a5a7e0729015a7e24900d001e', '4028946a5a7e0729015a7e2292a2001b', 'XKZBH', '许可证编号', sysdate, '许可证编号');
insert into DZ_THEME_COLUMN (id, theme_id, column_name, column_comments, create_time, column_alias)
values ('4028946a5a7e0729015a7e24900d001f', '4028946a5a7e0729015a7e2292a2001b', 'XKZMC', '许可证名称', sysdate, '许可证名称');
insert into DZ_THEME_COLUMN (id, theme_id, column_name, column_comments, create_time, column_alias)
values ('4028946a5a7e0729015a7e24900d0020', '4028946a5a7e0729015a7e2292a2001b', 'XKNR', '许可内容（范围）', sysdate, '许可内容（范围）');
insert into DZ_THEME_COLUMN (id, theme_id, column_name, column_comments, create_time, column_alias)
values ('4028946a5a7e0729015a7e24900d0021', '4028946a5a7e0729015a7e2292a2001b', 'SPLB', '审批类别', sysdate, '审批类别');
insert into DZ_THEME_COLUMN (id, theme_id, column_name, column_comments, create_time, column_alias)
values ('4028946a5a7e0729015a7e24900e0022', '4028946a5a7e0729015a7e2292a2001b', 'XKSXQ', '许可生效期', sysdate, '许可生效期');
insert into DZ_THEME_COLUMN (id, theme_id, column_name, column_comments, create_time, column_alias)
values ('4028946a5a7e0729015a7e24900e0023', '4028946a5a7e0729015a7e2292a2001b', 'XKJZQ', '许可截止期', sysdate, '许可截止期');
insert into DZ_THEME_COLUMN (id, theme_id, column_name, column_comments, create_time, column_alias)
values ('4028946a5a7e0729015a7e24900e0024', '4028946a5a7e0729015a7e2292a2001b', 'PZJGQC', '批准机关全称', sysdate, '批准机关全称');
insert into DZ_THEME_COLUMN (id, theme_id, column_name, column_comments, create_time, column_alias)
values ('4028946a5a7e0729015a7e24900e0025', '4028946a5a7e0729015a7e2292a2001b', 'PZRQ', '批准日期', sysdate, '批准日期');
insert into DZ_THEME_COLUMN (id, theme_id, column_name, column_comments, create_time, column_alias)
values ('4028946a5a7e0729015a7e24900e0026', '4028946a5a7e0729015a7e2292a2001b', 'BGHZRQ', '变更核准日期', sysdate, '变更核准日期');
insert into DZ_THEME_COLUMN (id, theme_id, column_name, column_comments, create_time, column_alias)
values ('4028946a5a7e0729015a7e24900e0027', '4028946a5a7e0729015a7e2292a2001b', 'QLBM', '权力编码', sysdate, '权力编码');
insert into DZ_THEME_COLUMN (id, theme_id, column_name, column_comments, create_time, column_alias)
values ('4028946a5a7e0729015a7e24900e0028', '4028946a5a7e0729015a7e2292a2001b', 'QLMC', '权力名称', sysdate, '权力名称');
insert into DZ_THEME_COLUMN (id, theme_id, column_name, column_comments, create_time, column_alias)
values ('4028946a5a7e0729015a7e24900e0029', '4028946a5a7e0729015a7e2292a2001b', 'JHDWQC', '交换单位全称', sysdate, '交换单位全称');
insert into dz_theme_column (ID, THEME_ID, COLUMN_NAME, COLUMN_COMMENTS, CREATE_TIME, COLUMN_ALIAS, DISPLAY_ORDER, DATA_ORDER)
values ('4028946b670741ed01670bc0b7c60093', '4028946a5a7e0729015a7e25e7660032', 'AJMC', '处罚名称', sysdate, '处罚名称', 1, null);
insert into dz_theme_column (ID, THEME_ID, COLUMN_NAME, COLUMN_COMMENTS, CREATE_TIME, COLUMN_ALIAS, DISPLAY_ORDER, DATA_ORDER)
values ('4028946b670741ed01670bc0b7c60094', '4028946a5a7e0729015a7e25e7660032', 'CFDJ', '处罚等级，失信严重程度（未定，一般、较重、严重）', sysdate, '处罚等级', 2, null);
insert into dz_theme_column (ID, THEME_ID, COLUMN_NAME, COLUMN_COMMENTS, CREATE_TIME, COLUMN_ALIAS, DISPLAY_ORDER, DATA_ORDER)
values ('4028946b670741ed01670bc0b7c60095', '4028946a5a7e0729015a7e25e7660032', 'CFJDSWH', '行政处罚决定书文号', sysdate, '行政处罚决定书文号', 3, null);
insert into dz_theme_column (ID, THEME_ID, COLUMN_NAME, COLUMN_COMMENTS, CREATE_TIME, COLUMN_ALIAS, DISPLAY_ORDER, DATA_ORDER)
values ('4028946b670741ed01670bc0b7c60096', '4028946a5a7e0729015a7e25e7660032', 'CFSY', '处罚事由（违法事实、案由）', sysdate, '处罚事由', 4, null);
insert into dz_theme_column (ID, THEME_ID, COLUMN_NAME, COLUMN_COMMENTS, CREATE_TIME, COLUMN_ALIAS, DISPLAY_ORDER, DATA_ORDER)
values ('4028946b670741ed01670bc0b7c60097', '4028946a5a7e0729015a7e25e7660032', 'CFSXQ', '处罚生效期', sysdate, '处罚生效期', 5, null);
insert into dz_theme_column (ID, THEME_ID, COLUMN_NAME, COLUMN_COMMENTS, CREATE_TIME, COLUMN_ALIAS, DISPLAY_ORDER, DATA_ORDER)
values ('4028946b670741ed01670bc0b7c60098', '4028946a5a7e0729015a7e25e7660032', 'CFYJ', '处罚依据', sysdate, '处罚依据', 6, null);
insert into dz_theme_column (ID, THEME_ID, COLUMN_NAME, COLUMN_COMMENTS, CREATE_TIME, COLUMN_ALIAS, DISPLAY_ORDER, DATA_ORDER)
values ('4028946b670741ed01670bc0b7c60099', '4028946a5a7e0729015a7e25e7660032', 'CFZL', '处罚类别1', sysdate, '处罚类别', 7, null);
insert into dz_theme_column (ID, THEME_ID, COLUMN_NAME, COLUMN_COMMENTS, CREATE_TIME, COLUMN_ALIAS, DISPLAY_ORDER, DATA_ORDER)
values ('4028946b670741ed01670bc0b7c6009a', '4028946a5a7e0729015a7e25e7660032', 'CFJG', '处罚结果', sysdate, '处罚结果', 8, null);
insert into dz_theme_column (ID, THEME_ID, COLUMN_NAME, COLUMN_COMMENTS, CREATE_TIME, COLUMN_ALIAS, DISPLAY_ORDER, DATA_ORDER)
values ('4028946b670741ed01670bc0b7c6009b', '4028946a5a7e0729015a7e25e7660032', 'DQZT', '0=正常（公示中），1=撤销（取消公示），2=异议，3=其他', sysdate, '当前状态', 9, null);
insert into dz_theme_column (ID, THEME_ID, COLUMN_NAME, COLUMN_COMMENTS, CREATE_TIME, COLUMN_ALIAS, DISPLAY_ORDER, DATA_ORDER)
values ('4028946b670741ed01670bc0b7c6009c', '4028946a5a7e0729015a7e25e7660032', 'GSJZQ', '公示截止期', sysdate, '公示截止期', 10, null);
insert into DZ_THEME_COLUMN (id, theme_id, column_name, column_comments, create_time, column_alias)
values ('4028946a5a7e0729015a7e29836a004a', '4028946a5a7e0729015a7e28415e0049', 'RDDW', '认定单位', sysdate, '认定单位');
insert into DZ_THEME_COLUMN (id, theme_id, column_name, column_comments, create_time, column_alias)
values ('4028946a5a7e0729015a7e29836a004b', '4028946a5a7e0729015a7e28415e0049', 'RDWH', '认定文号', sysdate, '认定文号');
insert into DZ_THEME_COLUMN (id, theme_id, column_name, column_comments, create_time, column_alias)
values ('4028946a5a7e0729015a7e29836a004c', '4028946a5a7e0729015a7e28415e0049', 'ZCDZ', '注册地址', sysdate, '注册地址');
insert into DZ_THEME_COLUMN (id, theme_id, column_name, column_comments, create_time, column_alias)
values ('4028946a5a7e0729015a7e29836b004d', '4028946a5a7e0729015a7e28415e0049', 'FDDBR', '法定代表人', sysdate, '法定代表人');
insert into DZ_THEME_COLUMN (id, theme_id, column_name, column_comments, create_time, column_alias)
values ('4028946a5a7e0729015a7e29836b004e', '4028946a5a7e0729015a7e28415e0049', 'FZRXM', '负责人姓名', sysdate, '负责人姓名');
commit;

--添加模板管理菜单
insert into SYS_MENU (sys_menu_id, parent_id, menu_name, menu_url, menu_icon, display_order) values ('2c90c281587574200158759e26350068', 'ROOT_1', '模板管理', null, 'icon-screen-tablet', 30);
insert into SYS_MENU (sys_menu_id, parent_id, menu_name, menu_url, menu_icon, display_order) values ('2c90c28158757420015875ace3ac0098', '2c90c281587574200158759e26350068', '信用报告模板', 'creditTemplate/creditTemplate.action', 'fa fa-circle-o', 3000);
insert into SYS_MENU (sys_menu_id, parent_id, menu_name, menu_url, menu_icon, display_order) values ('2c90c281588ff88001589048aaa5002f', '2c90c281587574200158759e26350068', '信用资源库', 'theme/theme.action', 'fa fa-circle-o', 3005);

--添加信用报告模板权限
insert into sys_privilege (SYS_PRIVILEGE_ID, SYS_MENU_ID, PRIVILEGE_CODE, PRIVILEGE_NAME, DESCRIPTION, USERS_COUNT, ROLES_COUNT, ALL_USERS_COUNT, DISPLAY_ORDER)
values ('4028946a5af91aa9015af91f4c460008', '2c90c28158757420015875ace3ac0098', 'watermark.manage', '水印管理', null, null, null, null, null);
insert into SYS_PRIVILEGE (sys_privilege_id, SYS_MENU_ID, privilege_code, privilege_name, description, users_count, roles_count, all_users_count, display_order)
values ('4028946a58a886f20158a8bd44b3002e', '2c90c28158757420015875ace3ac0098', 'creditTemplate.column.list', '模板主题字段列表', null, null, null, null, null);
insert into SYS_PRIVILEGE (sys_privilege_id, SYS_MENU_ID, privilege_code, privilege_name, description, users_count, roles_count, all_users_count, display_order)
values ('2c90c28158757420015875cd1d56018e', '2c90c28158757420015875ace3ac0098', 'creditTemplate.config', '模板管理内容配置', null, null, null, null, null);
insert into SYS_PRIVILEGE (sys_privilege_id, SYS_MENU_ID, privilege_code, privilege_name, description, users_count, roles_count, all_users_count, display_order)
values ('4028946a58a886f20158a8bdeb080037', '2c90c28158757420015875ace3ac0098', 'creditTemplate.rep', '模板报告预览', null, null, null, null, null);
insert into SYS_PRIVILEGE (sys_privilege_id, SYS_MENU_ID, privilege_code, privilege_name, description, users_count, roles_count, all_users_count, display_order)
values ('2c90c28158757420015875cc61140183', '2c90c28158757420015875ace3ac0098', 'creditTemplate.zsgc', '模板管理删除', null, null, null, null, null);

--添加信用资源库权限
insert into SYS_PRIVILEGE (sys_privilege_id, SYS_MENU_ID, privilege_code, privilege_name, description, users_count, roles_count, all_users_count, display_order)
values ('2c90c281588ff88001589056ec260044', '2c90c281588ff88001589048aaa5002f', 'theme.zsgc', '增删改查', null, null, null, null, null);
insert into SYS_PRIVILEGE (sys_privilege_id, SYS_MENU_ID, privilege_code, privilege_name, description, users_count, roles_count, all_users_count, display_order)
values ('2c90c281588ff88001589059bae4004e', '2c90c281588ff88001589048aaa5002f', 'theme.zd.zsgc', '主题字段增删改查', null, null, null, null, null);

--绑定信用报告模板权限和角色的关系
insert into sys_role_to_privilege (SYS_ROLE_ID, SYS_PRIVILEGE_ID) values ('2c90c28158761b550158762482b50015', '4028946a5af91aa9015af91f4c460008');
insert into sys_role_to_privilege (SYS_ROLE_ID, SYS_PRIVILEGE_ID) values ('8aa0bef544713ca60144713d364a0000', '4028946a5af91aa9015af91f4c460008');
insert into sys_role_to_privilege (SYS_ROLE_ID, SYS_PRIVILEGE_ID) values ('2c90c28158761b550158762482b50015', '4028946a58a886f20158a8bd44b3002e');
insert into sys_role_to_privilege (SYS_ROLE_ID, SYS_PRIVILEGE_ID) values ('8aa0bef544713ca60144713d364a0000', '4028946a58a886f20158a8bd44b3002e');
insert into sys_role_to_privilege (SYS_ROLE_ID, SYS_PRIVILEGE_ID) values ('2c90c28158761b550158762482b50015', '2c90c28158757420015875cd1d56018e');
insert into sys_role_to_privilege (SYS_ROLE_ID, SYS_PRIVILEGE_ID) values ('8aa0bef544713ca60144713d364a0000', '2c90c28158757420015875cd1d56018e');
insert into sys_role_to_privilege (SYS_ROLE_ID, SYS_PRIVILEGE_ID) values ('2c90c28158761b550158762482b50015', '4028946a58a886f20158a8bdeb080037');
insert into sys_role_to_privilege (SYS_ROLE_ID, SYS_PRIVILEGE_ID) values ('8aa0bef544713ca60144713d364a0000', '4028946a58a886f20158a8bdeb080037');
insert into sys_role_to_privilege (SYS_ROLE_ID, SYS_PRIVILEGE_ID) values ('2c90c28158761b550158762482b50015', '2c90c28158757420015875cc61140183');
insert into sys_role_to_privilege (SYS_ROLE_ID, SYS_PRIVILEGE_ID) values ('8aa0bef544713ca60144713d364a0000', '2c90c28158757420015875cc61140183');

--绑定信用资源库权限和角色的关系
insert into sys_role_to_privilege (SYS_ROLE_ID, SYS_PRIVILEGE_ID) values ('2c90c28158761b550158762482b50015', '2c90c281588ff88001589056ec260044');
insert into sys_role_to_privilege (SYS_ROLE_ID, SYS_PRIVILEGE_ID) values ('8aa0bef544713ca60144713d364a0000', '2c90c281588ff88001589056ec260044');
insert into sys_role_to_privilege (SYS_ROLE_ID, SYS_PRIVILEGE_ID) values ('2c90c28158761b550158762482b50015', '2c90c281588ff88001589059bae4004e');
insert into sys_role_to_privilege (SYS_ROLE_ID, SYS_PRIVILEGE_ID) values ('8aa0bef544713ca60144713d364a0000', '2c90c281588ff88001589059bae4004e');

--字典
--1.数据源
insert into SYS_DICTIONARY_GROUP (id, group_key, group_name, description)
values ('4028947e5432ecef01543302e81e0020', 'dataSource', '数据源', '提供信用报告数据来源的数据库');
insert into SYS_DICTIONARY (id, group_id, dict_key, dict_value, dict_order)
values ('2c93ca815996ea9801599adc6e200046', '4028947e5432ecef01543302e81e0020', 'jdbcTemplate2', '有效库', null);
insert into SYS_DICTIONARY (id, group_id, dict_key, dict_value, dict_order)
values ('2c93ca815996ea9801599adc6e200047', '4028947e5432ecef01543302e81e0020', 'jdbcTemplate1', '原始库', null);
insert into SYS_DICTIONARY (id, group_id, dict_key, dict_value, dict_order)
values ('2c93ca815996ea9801599adc6e200048', '4028947e5432ecef01543302e81e0020', 'jdbcTemplate', '业务库', null);

--2.信用报告模板用途
insert into SYS_DICTIONARY_GROUP (id, group_key, group_name, description)
values ('4028947e54c324900154c3715a2f001d', 'templateUseType', '信用报告模板用途', '信用报告模板用途');
insert into SYS_DICTIONARY (id, group_id, dict_key, dict_value, dict_order)
values ('4028498159001426015900615d460026', '4028947e54c324900154c3715a2f001d', '0', '报告查询', null);

--定时器任务插入日志表
DROP TABLE DP_QRTZ_LOG CASCADE CONSTRAINTS;
create table DP_QRTZ_LOG
(
  jobname    VARCHAR2(200) not null,
  jobdesc    VARCHAR2(500) not null,
  status     VARCHAR2(1),
  createtime DATE
)
;
comment on table DP_QRTZ_LOG
  is '定时任务执行记录表';
comment on column DP_QRTZ_LOG.jobname
  is '定时任务名';
comment on column DP_QRTZ_LOG.jobdesc
  is '定时任务描述';
comment on column DP_QRTZ_LOG.status
  is '执行状态（1开始 2结束 3异常）';
comment on column DP_QRTZ_LOG.createtime
  is '创建时间';
--1common end

--2business begin
drop table DT_CREDIT_REPORT_PRINT cascade constraints;
drop table DT_ENTERPRISE_CREDIT cascade constraints;
drop table DT_ENTERPRISE_FIELD cascade constraints;
drop table DT_ENTERPRISE_OBJECTION cascade constraints;
drop table DT_ENTERPRISE_REPAIR cascade constraints;
drop table DT_ENTERPRISE_REPORT_APPLY cascade constraints;
drop table DT_PERSON_REPORT_APPLY cascade constraints;
drop table ST_HONGHEIBANG_CONFIG cascade constraints;

drop sequence SQ_BGBH;

begin
    dbms_scheduler.drop_job(job_name => 'P_DISPOSE_RED_BLACK_LIST_JOB',force => TRUE);
    EXCEPTION WHEN OTHERS THEN NULL;
end;
/

create table DT_CREDIT_REPORT_PRINT
(
  id          VARCHAR2(50) not null,
  bgbh        VARCHAR2(50) not null,
  print_date  DATE not null,
  sys_user_id VARCHAR2(50) not null
)
;
comment on table DT_CREDIT_REPORT_PRINT
  is '信用报告打印记录表';
comment on column DT_CREDIT_REPORT_PRINT.id
  is '主键';
comment on column DT_CREDIT_REPORT_PRINT.bgbh
  is '报告编号';
comment on column DT_CREDIT_REPORT_PRINT.print_date
  is '打印日期';
comment on column DT_CREDIT_REPORT_PRINT.sys_user_id
  is '创建者id';
alter table DT_CREDIT_REPORT_PRINT
  add constraint PK_CREDIT_REPORT_PRINT primary key (ID);

create table DT_ENTERPRISE_CREDIT
(
  id          VARCHAR2(50) not null,
  business_id VARCHAR2(50),
  third_id    VARCHAR2(50),
  data_table  VARCHAR2(50),
  bjbh        VARCHAR2(50),
  status      VARCHAR2(4),
  dept_code   VARCHAR2(50),
  zxshyj      VARCHAR2(1000),
  zxshr       VARCHAR2(50),
  zxshsj      DATE,
  bmshyj      VARCHAR2(1000),
  bmshr       VARCHAR2(50),
  bmshsj      DATE,
  category    VARCHAR2(50),
  dept_name   VARCHAR2(50),
  type        VARCHAR2(4)
)
;
comment on table DT_ENTERPRISE_CREDIT
  is '企业异议申诉修复信用关系表';
comment on column DT_ENTERPRISE_CREDIT.id
  is '主键';
comment on column DT_ENTERPRISE_CREDIT.business_id
  is '异议或修复ID';
comment on column DT_ENTERPRISE_CREDIT.third_id
  is '信用信息ID(行政处罚ID、欠税ID...)';
comment on column DT_ENTERPRISE_CREDIT.data_table
  is '表名';
comment on column DT_ENTERPRISE_CREDIT.bjbh
  is '办件编号';
comment on column DT_ENTERPRISE_CREDIT.status
  is '处理状态(0:待审核,1:待核实,2:已通过,3:未通过,4:已完成)';
comment on column DT_ENTERPRISE_CREDIT.dept_code
  is '数据提供部门编码';
comment on column DT_ENTERPRISE_CREDIT.zxshyj
  is '中心审核意见';
comment on column DT_ENTERPRISE_CREDIT.zxshr
  is '中心审核人';
comment on column DT_ENTERPRISE_CREDIT.zxshsj
  is '中心审核时间';
comment on column DT_ENTERPRISE_CREDIT.bmshyj
  is '部门审核意见';
comment on column DT_ENTERPRISE_CREDIT.bmshr
  is '部门审核人';
comment on column DT_ENTERPRISE_CREDIT.bmshsj
  is '部门审核时间';
comment on column DT_ENTERPRISE_CREDIT.category
  is '信息名称';
comment on column DT_ENTERPRISE_CREDIT.dept_name
  is '数据提供部门名称';
comment on column DT_ENTERPRISE_CREDIT.type
  is '信用类型(1：异议，2：修复)';
alter table DT_ENTERPRISE_CREDIT
  add primary key (ID);

create table DT_ENTERPRISE_FIELD
(
  id          VARCHAR2(50) not null,
  business_id VARCHAR2(50),
  data_table  VARCHAR2(50),
  third_id    VARCHAR2(50),
  label       VARCHAR2(200),
  code        VARCHAR2(100),
  old_value   VARCHAR2(4000),
  new_value   VARCHAR2(4000)
)
;
comment on table DT_ENTERPRISE_FIELD
  is '企业异议申诉修正字段信息表';
comment on column DT_ENTERPRISE_FIELD.id
  is '主键';
comment on column DT_ENTERPRISE_FIELD.business_id
  is '异议明细ID';
comment on column DT_ENTERPRISE_FIELD.data_table
  is '表标识';
comment on column DT_ENTERPRISE_FIELD.third_id
  is '信用信息ID(行政处罚ID、欠税ID...)';
comment on column DT_ENTERPRISE_FIELD.label
  is '字段描述';
comment on column DT_ENTERPRISE_FIELD.code
  is '字段编码';
comment on column DT_ENTERPRISE_FIELD.old_value
  is '旧值';
comment on column DT_ENTERPRISE_FIELD.new_value
  is '新值';
alter table DT_ENTERPRISE_FIELD
  add primary key (ID);

create table DT_ENTERPRISE_OBJECTION
(
  id          VARCHAR2(50) not null,
  zzjgdm      VARCHAR2(50),
  qymc        VARCHAR2(200),
  gszch       VARCHAR2(200),
  jbrxm       VARCHAR2(200),
  jbrlxdh     VARCHAR2(50),
  create_date DATE,
  create_id   VARCHAR2(50),
  ssbz        VARCHAR2(2000),
  tyshxydm    VARCHAR2(200),
  jbrsfzhm    VARCHAR2(50)
)
;
comment on table DT_ENTERPRISE_OBJECTION
  is '企业异议申诉表';
comment on column DT_ENTERPRISE_OBJECTION.id
  is '主键';
comment on column DT_ENTERPRISE_OBJECTION.zzjgdm
  is '组织机构代码';
comment on column DT_ENTERPRISE_OBJECTION.qymc
  is '企业名称';
comment on column DT_ENTERPRISE_OBJECTION.gszch
  is '工商注册号';
comment on column DT_ENTERPRISE_OBJECTION.jbrxm
  is '经办人姓名';
comment on column DT_ENTERPRISE_OBJECTION.jbrlxdh
  is '经办人联系电话';
comment on column DT_ENTERPRISE_OBJECTION.create_date
  is '申请时间';
comment on column DT_ENTERPRISE_OBJECTION.create_id
  is '录入人';
comment on column DT_ENTERPRISE_OBJECTION.ssbz
  is '申诉备注';
comment on column DT_ENTERPRISE_OBJECTION.tyshxydm
  is '统一社会信用代码';
comment on column DT_ENTERPRISE_OBJECTION.jbrsfzhm
  is '经办人身份证号码';
alter table DT_ENTERPRISE_OBJECTION
  add constraint DT_ENTERPRISE_OBJECTION_PK primary key (ID);

create table DT_ENTERPRISE_REPAIR
(
  id          VARCHAR2(50) not null,
  zzjgdm      VARCHAR2(50),
  qymc        VARCHAR2(200),
  gszch       VARCHAR2(200),
  jbrxm       VARCHAR2(200),
  jbrlxdh     VARCHAR2(50),
  xfzt        VARCHAR2(200),
  create_date DATE,
  create_id   VARCHAR2(50),
  tyshxydm    VARCHAR2(200),
  jbrsfzhm    VARCHAR2(50),
  xfbz        VARCHAR2(2000)
)
;
comment on table DT_ENTERPRISE_REPAIR
  is '企业信用修复申请表';
comment on column DT_ENTERPRISE_REPAIR.id
  is '主键';
comment on column DT_ENTERPRISE_REPAIR.zzjgdm
  is '组织机构代码';
comment on column DT_ENTERPRISE_REPAIR.qymc
  is '企业名称';
comment on column DT_ENTERPRISE_REPAIR.gszch
  is '工商注册号';
comment on column DT_ENTERPRISE_REPAIR.jbrxm
  is '经办人姓名';
comment on column DT_ENTERPRISE_REPAIR.jbrlxdh
  is '经办人联系电话';
comment on column DT_ENTERPRISE_REPAIR.xfzt
  is '修复主题';
comment on column DT_ENTERPRISE_REPAIR.create_date
  is '申请时间';
comment on column DT_ENTERPRISE_REPAIR.create_id
  is '录入人';
comment on column DT_ENTERPRISE_REPAIR.tyshxydm
  is '统一社会信用代码';
comment on column DT_ENTERPRISE_REPAIR.jbrsfzhm
  is '经办人身份证号码';
comment on column DT_ENTERPRISE_REPAIR.xfbz
  is '修复备注';
alter table DT_ENTERPRISE_REPAIR
  add constraint DT_ENTERPRISE_REPAIR_PK primary key (ID);

-- Create table
create table DT_ENTERPRISE_REPORT_APPLY
(
  id              VARCHAR2(50) not null,
  zzjgdm          VARCHAR2(50),
  qymc            VARCHAR2(200),
  gszch           VARCHAR2(200),
  jbrxm           VARCHAR2(200),
  jbrlxdh         VARCHAR2(50),
  bjbh            VARCHAR2(50),
  status          VARCHAR2(4),
  create_date     DATE,
  create_id       VARCHAR2(50),
  bz              VARCHAR2(4000),
  update_id       VARCHAR2(50),
  tyshxydm        VARCHAR2(200),
  jbrsfzhm        VARCHAR2(50),
  zxshyj          VARCHAR2(4000),
  zxshr           VARCHAR2(50),
  zxshsj          DATE,
  sqbgqssj        DATE,
  sqbgjzsj        DATE,
  sqzzjgdm        VARCHAR2(50),
  sqqymc          VARCHAR2(200),
  sqgszch         VARCHAR2(200),
  sqtyshxydm      VARCHAR2(200),
  type            VARCHAR2(1),
  purpose         VARCHAR2(50),
  xybgbh          VARCHAR2(100),
  is_has_basic    VARCHAR2(2) default '0',
  is_has_report   VARCHAR2(2) default '0',
  no_report_cause VARCHAR2(2000),
  is_issue        VARCHAR2(2) default '0',
  issue_opition   VARCHAR2(2000),
  issue_date      DATE,
  is_audit_back   VARCHAR2(2) default '0',
  audit_back_date DATE,
  audit_back_user VARCHAR2(50)
);
-- Add comments to the table 
comment on table DT_ENTERPRISE_REPORT_APPLY
  is '企业信用报告申请表';
-- Add comments to the columns 
comment on column DT_ENTERPRISE_REPORT_APPLY.id
  is '主键';
comment on column DT_ENTERPRISE_REPORT_APPLY.zzjgdm
  is '组织机构代码';
comment on column DT_ENTERPRISE_REPORT_APPLY.qymc
  is '企业名称';
comment on column DT_ENTERPRISE_REPORT_APPLY.gszch
  is '工商注册号';
comment on column DT_ENTERPRISE_REPORT_APPLY.jbrxm
  is '经办人姓名';
comment on column DT_ENTERPRISE_REPORT_APPLY.jbrlxdh
  is '经办人联系电话';
comment on column DT_ENTERPRISE_REPORT_APPLY.bjbh
  is '办件编号';
comment on column DT_ENTERPRISE_REPORT_APPLY.status
  is '处理状态  0:待审核,1:已通过,2:未通过';
comment on column DT_ENTERPRISE_REPORT_APPLY.create_date
  is '申请时间';
comment on column DT_ENTERPRISE_REPORT_APPLY.create_id
  is '录入人';
comment on column DT_ENTERPRISE_REPORT_APPLY.bz
  is '备注';
comment on column DT_ENTERPRISE_REPORT_APPLY.update_id
  is '修改人';
comment on column DT_ENTERPRISE_REPORT_APPLY.tyshxydm
  is '统一社会信用代码';
comment on column DT_ENTERPRISE_REPORT_APPLY.jbrsfzhm
  is '经办人身份证号码';
comment on column DT_ENTERPRISE_REPORT_APPLY.zxshyj
  is '中心审核意见';
comment on column DT_ENTERPRISE_REPORT_APPLY.zxshr
  is '中心审核人';
comment on column DT_ENTERPRISE_REPORT_APPLY.zxshsj
  is '中心审核时间';
comment on column DT_ENTERPRISE_REPORT_APPLY.sqbgqssj
  is '申请报告起始时间';
comment on column DT_ENTERPRISE_REPORT_APPLY.sqbgjzsj
  is '申请报告截止时间';
comment on column DT_ENTERPRISE_REPORT_APPLY.sqzzjgdm
  is '授权组织机构代码';
comment on column DT_ENTERPRISE_REPORT_APPLY.sqqymc
  is '授权企业名称';
comment on column DT_ENTERPRISE_REPORT_APPLY.sqgszch
  is '授权工商注册号';
comment on column DT_ENTERPRISE_REPORT_APPLY.sqtyshxydm
  is '授权统一社会信用代码';
comment on column DT_ENTERPRISE_REPORT_APPLY.type
  is '查询类型（0:企业自查,1:委托查询）';
comment on column DT_ENTERPRISE_REPORT_APPLY.purpose
  is '申请报告用途（字典项值）';
comment on column DT_ENTERPRISE_REPORT_APPLY.xybgbh
  is '信用报告编号';
comment on column DT_ENTERPRISE_REPORT_APPLY.is_has_basic
  is '是否有企业基本信息（0：无，1：有）';
comment on column DT_ENTERPRISE_REPORT_APPLY.is_has_report
  is '是否有省报告（0：无，1：有）';
comment on column DT_ENTERPRISE_REPORT_APPLY.no_report_cause
  is '无省报告的原因';
comment on column DT_ENTERPRISE_REPORT_APPLY.is_issue
  is '是否已下发（0：未下发，1：已下发）';
comment on column DT_ENTERPRISE_REPORT_APPLY.issue_opition
  is '下发意见';
comment on column DT_ENTERPRISE_REPORT_APPLY.issue_date
  is '下发时间';
comment on column DT_ENTERPRISE_REPORT_APPLY.is_audit_back
  is '是否已退回审核（0：未退回，1：已退回）';
comment on column DT_ENTERPRISE_REPORT_APPLY.audit_back_date
  is '审核退回时间';
comment on column DT_ENTERPRISE_REPORT_APPLY.audit_back_user
  is '审核退回用户ID';
-- Create/Recreate primary, unique and foreign key constraints 
alter table DT_ENTERPRISE_REPORT_APPLY
  add constraint DT_ENTERPRISE_REPORT_APPLY_PK primary key (ID);

create table DT_PERSON_REPORT_APPLY
(
  id          VARCHAR2(50) not null,
  bjbh        VARCHAR2(50),
  cxrxm       VARCHAR2(50),
  cxrsfzh     VARCHAR2(50),
  wtrxm       VARCHAR2(50),
  wtrsfzh     VARCHAR2(50),
  wtrlxdh     VARCHAR2(50),
  purpose     VARCHAR2(50),
  sqbgqssj    DATE,
  sqbgjzsj    DATE,
  bz          VARCHAR2(2000),
  status      VARCHAR2(4),
  create_date DATE,
  create_id   VARCHAR2(50),
  update_id   VARCHAR2(50),
  zxshyj      VARCHAR2(1000),
  zxshr       VARCHAR2(50),
  zxshsj      DATE,
  type        VARCHAR2(1),
  xybgbh      VARCHAR2(100),
  is_has_basic    VARCHAR2(2) default '0',
  is_has_report   VARCHAR2(2) default '0',
  no_report_cause VARCHAR2(2000),
  is_issue        VARCHAR2(2) default '0',
  issue_opition   VARCHAR2(2000),
  issue_date      DATE,
  is_audit_back   VARCHAR2(2) default '0',
  audit_back_date DATE,
  audit_back_user VARCHAR2(50)
)
;
comment on table DT_PERSON_REPORT_APPLY
  is '自然人信用报告申请表';
comment on column DT_PERSON_REPORT_APPLY.id
  is '主键';
comment on column DT_PERSON_REPORT_APPLY.bjbh
  is '办件编号';
comment on column DT_PERSON_REPORT_APPLY.cxrxm
  is '查询人姓名';
comment on column DT_PERSON_REPORT_APPLY.cxrsfzh
  is '查询人身份证号';
comment on column DT_PERSON_REPORT_APPLY.wtrxm
  is '委托人姓名';
comment on column DT_PERSON_REPORT_APPLY.wtrsfzh
  is '委托人身份证号';
comment on column DT_PERSON_REPORT_APPLY.wtrlxdh
  is '委托人系电话';
comment on column DT_PERSON_REPORT_APPLY.purpose
  is '申请报告用途（字典项值）';
comment on column DT_PERSON_REPORT_APPLY.sqbgqssj
  is '申请报告起始时间';
comment on column DT_PERSON_REPORT_APPLY.sqbgjzsj
  is '申请报告截止时间';
comment on column DT_PERSON_REPORT_APPLY.bz
  is '备注';
comment on column DT_PERSON_REPORT_APPLY.status
  is '处理状态  0:待审核,1:已通过,2:未通过';
comment on column DT_PERSON_REPORT_APPLY.create_date
  is '申请时间';
comment on column DT_PERSON_REPORT_APPLY.create_id
  is '录入人';
comment on column DT_PERSON_REPORT_APPLY.update_id
  is '修改人';
comment on column DT_PERSON_REPORT_APPLY.zxshyj
  is '中心审核意见';
comment on column DT_PERSON_REPORT_APPLY.zxshr
  is '中心审核人';
comment on column DT_PERSON_REPORT_APPLY.zxshsj
  is '中心审核时间';
comment on column DT_PERSON_REPORT_APPLY.type
  is '查询类型（0:本人查询,1:委托查询）';
comment on column DT_PERSON_REPORT_APPLY.xybgbh
  is '信用报告编号';
comment on column DT_PERSON_REPORT_APPLY.is_has_basic
  is '是否有个人基本信息（0：无，1：有）';
comment on column DT_PERSON_REPORT_APPLY.is_has_report
  is '是否有省报告（0：无，1：有）';
comment on column DT_PERSON_REPORT_APPLY.no_report_cause
  is '无省报告的原因';
comment on column DT_PERSON_REPORT_APPLY.is_issue
  is '是否已下发（0：未下发，1：已下发）';
comment on column DT_PERSON_REPORT_APPLY.issue_opition
  is '下发意见';
comment on column DT_PERSON_REPORT_APPLY.issue_date
  is '下发时间';
comment on column DT_PERSON_REPORT_APPLY.is_audit_back
  is '是否已退回审核（0：未退回，1：已退回）';
comment on column DT_PERSON_REPORT_APPLY.audit_back_date
  is '审核退回时间';
comment on column DT_PERSON_REPORT_APPLY.audit_back_user
  is '审核退回用户ID';
alter table DT_PERSON_REPORT_APPLY
  add constraint PK_DT_PERSON_REPORT_APPLY primary key (ID);

-- Create table
create table ST_HONGHEIBANG_CONFIG
(
  id          VARCHAR2(50) not null,
  type        NUMBER,
  level_order NUMBER,
  level_name  VARCHAR2(100),
  level_count NUMBER,
  create_time DATE
);

comment on table ST_HONGHEIBANG_CONFIG
  is '红黑榜设置（配置需列入红黑榜的必要条件信息）';
comment on column ST_HONGHEIBANG_CONFIG.id
  is '主键';
comment on column ST_HONGHEIBANG_CONFIG.type
  is '种类（0：红榜，1：黑榜）';
comment on column ST_HONGHEIBANG_CONFIG.level_order
  is '级别，递增关系（失信分三种：一般0，较重1，严重2；荣誉分三种：县级0，市级1，省级2）';
comment on column ST_HONGHEIBANG_CONFIG.level_name
  is '数量（每个级别下到达要求的数据，则级别晋级。目前一般失信3次，记一次较重失信；较重失信3次记一次严重失信；严重失信3次记入黑榜；2、县级荣誉3次记1次市级荣誉；市级荣誉3次记一次省级荣誉；省级荣誉3次记一次红榜；）';
comment on column ST_HONGHEIBANG_CONFIG.level_count
  is '数量（每个级别下到达要求的数据，则级别晋级。目前一般失信3次，记一次较重失信；较重失信3次记一次严重失信；严重失信3次记入黑榜；2、县级荣誉3次记1次市级荣誉；市级荣誉3次记一次省级荣誉；省级荣誉3次记一次红榜；）';
comment on column ST_HONGHEIBANG_CONFIG.create_time
  is '创建时间';
  
insert into ST_HONGHEIBANG_CONFIG (ID, TYPE, LEVEL_ORDER, LEVEL_NAME, LEVEL_COUNT, CREATE_TIME)
values ('1', 0, 0, '县级', 3, sysdate);

insert into ST_HONGHEIBANG_CONFIG (ID, TYPE, LEVEL_ORDER, LEVEL_NAME, LEVEL_COUNT, CREATE_TIME)
values ('2', 0, 1, '市级', 3, sysdate);

insert into ST_HONGHEIBANG_CONFIG (ID, TYPE, LEVEL_ORDER, LEVEL_NAME, LEVEL_COUNT, CREATE_TIME)
values ('3', 0, 2, '省级', 3, sysdate);

insert into ST_HONGHEIBANG_CONFIG (ID, TYPE, LEVEL_ORDER, LEVEL_NAME, LEVEL_COUNT, CREATE_TIME)
values ('4', 1, 0, '一般', 3, sysdate);

insert into ST_HONGHEIBANG_CONFIG (ID, TYPE, LEVEL_ORDER, LEVEL_NAME, LEVEL_COUNT, CREATE_TIME)
values ('5', 1, 1, '较重', 3, sysdate);

insert into ST_HONGHEIBANG_CONFIG (ID, TYPE, LEVEL_ORDER, LEVEL_NAME, LEVEL_COUNT, CREATE_TIME)
values ('6', 1, 2, '严重', 3, sysdate);
commit;

insert into dt_upload_file (UPLOAD_FILE_ID, FILE_NAME, FILE_PATH, FILE_TYPE, CREATE_DATE, SYS_USER_ID, BUSINESS_ID, FILE_VIEWPATH, ICON)
values ('4028946a5afff929015afffa6f3a0001', 'weizhibj.png', 'D:/work/workspace/.metadata/.plugins/org.eclipse.wst.server.core/tmp1/wtpwebapps/CreditService2.0/app/images/creditReport/1490420183364.png', '1', to_date('24-03-2017 19:01:26', 'dd-mm-yyyy hh24:mi:ss'), '8aa0bef8446c32a301446c409a950002', '4028946a5afff929015afffa6f150000', null, null);
insert into dt_upload_file (UPLOAD_FILE_ID, FILE_NAME, FILE_PATH, FILE_TYPE, CREATE_DATE, SYS_USER_ID, BUSINESS_ID, FILE_VIEWPATH, ICON)
values ('4028946a5afff929015afffa8f8d0003', 'defaultbj.png', 'D:/work/workspace/.metadata/.plugins/org.eclipse.wst.server.core/tmp1/wtpwebapps/CreditService2.0/app/images/creditReport/1490420141537.png', '1', to_date('24-03-2017 19:01:35', 'dd-mm-yyyy hh24:mi:ss'), '8aa0bef8446c32a301446c409a950002', '4028946a5afff929015afffa8f730002', null, null);

-- Create sequence
create sequence SQ_BGBH
minvalue 1
maxvalue 99999999999999999
start with 2
increment by 1
nocache;


--  处理红黑名单
CREATE OR REPLACE PROCEDURE P_DISPOSE_RED_BLACK_LIST IS

-- 游标(有表彰荣誉且不在红名单中的企业)
CURSOR RED_LIST IS
    SELECT A.JGQC, A.GSZCH, A.ZZJGDM, A.TYSHXYDM FROM YW_L_QYBZRY A
    WHERE NOT EXISTS
    (SELECT * FROM YW_L_HONGMINGDAN B WHERE A.JGQC = B.JGQC OR A.GSZCH = B.GSZCH
    OR A.ZZJGDM = B.ZZJGDM OR A.TYSHXYDM = B.TYSHXYDM)
    GROUP BY A.JGQC, A.GSZCH, A.ZZJGDM, A.TYSHXYDM;

-- 游标(有行政处罚且不在黑名单中的企业)
CURSOR BLACK_LIST IS
    SELECT A.JGQC, A.GSZCH, A.ZZJGDM, A.TYSHXYDM FROM YW_L_XZCF A
    WHERE NOT EXISTS
    (SELECT * FROM YW_L_HEIMINGDAN B WHERE A.JGQC = B.JGQC OR A.GSZCH = B.GSZCH
    OR A.ZZJGDM = B.ZZJGDM OR A.TYSHXYDM = B.TYSHXYDM)
    GROUP BY A.JGQC, A.GSZCH, A.ZZJGDM, A.TYSHXYDM;

-- 游标(红名单配置)
CURSOR RED_CONFIG IS
    SELECT * FROM ST_HONGHEIBANG_CONFIG
    WHERE TYPE = 0 ORDER BY LEVEL_ORDER ASC;

-- 游标(黑名单配置)
CURSOR BLACK_CONFIG IS
    SELECT * FROM ST_HONGHEIBANG_CONFIG
    WHERE TYPE = 1 ORDER BY LEVEL_ORDER ASC;

RED_COUNT NUMBER;   --  红名单个数

BLACK_COUNT NUMBER; --  黑名单个数

JGSLBGDJ_ID VARCHAR2(50); -- 机构基本信息表主键ID

TEMP_VAR NUMBER;    --  临时变量

BEGIN

    -- 处理红名单
    FOR RED IN RED_LIST LOOP

        RED_COUNT := 0;

        --  处理表彰数量
        FOR CONFIG IN RED_CONFIG LOOP

            SELECT COUNT(1) INTO TEMP_VAR FROM YW_L_QYBZRY A
            WHERE A.RYDJ = CONFIG.LEVEL_NAME
            AND ( A.JGQC = RED.JGQC OR A.GSZCH = RED.GSZCH
            OR A.ZZJGDM = RED.ZZJGDM OR A.TYSHXYDM = RED.TYSHXYDM );

            SELECT FLOOR((TEMP_VAR + RED_COUNT) / CONFIG.LEVEL_COUNT)
            INTO RED_COUNT FROM DUAL;

        END LOOP;

        --  判断是否达到加入红名单的条件
        IF RED_COUNT >= 1 THEN

            SELECT COUNT(1) INTO TEMP_VAR FROM YW_L_HONGMINGDAN A
            WHERE A.JGQC = RED.JGQC OR A.GSZCH = RED.GSZCH
            OR A.ZZJGDM = RED.ZZJGDM OR A.TYSHXYDM = RED.TYSHXYDM;
            
            SELECT A.ID INTO JGSLBGDJ_ID FROM YW_L_JGSLBGDJ A
            WHERE A.JGQC = RED.JGQC OR A.GSZCH = RED.GSZCH
            OR A.ZZJGDM = RED.ZZJGDM OR A.TYSHXYDM = RED.TYSHXYDM;

            --  不在红名单中，则加入红名单
            IF TEMP_VAR <= 0 THEN
                INSERT INTO YW_L_HONGMINGDAN (
                    ID, STATUS, CREATE_TIME, TGRQ, JGQC, GSZCH, ZZJGDM, TYSHXYDM, BZ, JGDJ_ID, RDRQ
                ) VALUES (
                    SYS_GUID(), '1', SYSDATE, SYSDATE, RED.JGQC,
                    RED.GSZCH, RED.ZZJGDM, RED.TYSHXYDM, '系统自动加入红名单',JGSLBGDJ_ID, trunc（sysdate,'dd'）
                );
            END IF;

        END IF;

    END LOOP;


    -- 处理黑名单
    FOR BLACK IN BLACK_LIST LOOP

        BLACK_COUNT := 0;

        --  处理处罚数量
        FOR CONFIG IN BLACK_CONFIG LOOP

            SELECT COUNT(1) INTO TEMP_VAR FROM YW_L_XZCF A
            WHERE A.CFDJ = CONFIG.LEVEL_NAME
            AND ( A.JGQC = BLACK.JGQC OR A.GSZCH = BLACK.GSZCH
            OR A.ZZJGDM = BLACK.ZZJGDM OR A.TYSHXYDM = BLACK.TYSHXYDM );

            SELECT FLOOR((TEMP_VAR + BLACK_COUNT) / CONFIG.LEVEL_COUNT)
            INTO BLACK_COUNT FROM DUAL;

        END LOOP;

        --  判断是否达到加入红名单的条件
        IF BLACK_COUNT >= 1 THEN

            SELECT COUNT(1) INTO TEMP_VAR FROM YW_L_HEIMINGDAN A
            WHERE A.JGQC = BLACK.JGQC OR A.GSZCH = BLACK.GSZCH
            OR A.ZZJGDM = BLACK.ZZJGDM OR A.TYSHXYDM = BLACK.TYSHXYDM;
            
            SELECT A.ID INTO JGSLBGDJ_ID FROM YW_L_JGSLBGDJ A
            WHERE A.JGQC = BLACK.JGQC OR A.GSZCH = BLACK.GSZCH
            OR A.ZZJGDM = BLACK.ZZJGDM OR A.TYSHXYDM = BLACK.TYSHXYDM;

            --  不在红名单中，则加入黑名单
            IF TEMP_VAR <= 0 THEN
                INSERT INTO YW_L_HEIMINGDAN (
                    ID, STATUS, CREATE_TIME, TGRQ, JGQC, GSZCH, ZZJGDM, TYSHXYDM, BZ, JGDJ_ID, QRYZSXRQ
                ) VALUES (
                    SYS_GUID(), '1', SYSDATE, SYSDATE, BLACK.JGQC,
                    BLACK.GSZCH, BLACK.ZZJGDM, BLACK.TYSHXYDM, '系统自动加入黑名单', JGSLBGDJ_ID, trunc（sysdate,'dd'）
                );
            END IF;

        END IF;

    END LOOP;

    COMMIT;
END;
/

--添加索引，提高存储过程P_DISPOSE_RED_BLACK_LIST的执行速度
create index YW_L_XZCF_SY_JGQC on YW_L_XZCF (JGQC);
create index YW_L_XZCF_SY_GSZCH on YW_L_XZCF (GSZCH);
create index YW_L_XZCF_SY_ZZJGDM on YW_L_XZCF (ZZJGDM);
create index YW_L_XZCF_SY_TYSHXYDM on YW_L_XZCF (TYSHXYDM);

create index YW_L_QYBZRY_SY_JGQC on YW_L_QYBZRY (JGQC);
create index YW_L_QYBZRY_SY_GSZCH on YW_L_QYBZRY (GSZCH);
create index YW_L_QYBZRY_SY_ZZJGDM on YW_L_QYBZRY (ZZJGDM);
create index YW_L_QYBZRY_SY_TYSHXYDM on YW_L_QYBZRY (TYSHXYDM);

begin
  sys.dbms_scheduler.create_job(job_name            => 'P_DISPOSE_RED_BLACK_LIST_JOB',
                                job_type            => 'STORED_PROCEDURE',
                                job_action          => 'P_DISPOSE_RED_BLACK_LIST',
                                start_date          => trunc(sysdate + 1),
                                repeat_interval     => 'Freq=Daily;Interval=1',
                                end_date            => to_date(null),
                                job_class           => 'DEFAULT_JOB_CLASS',
                                enabled             => true,
                                auto_drop           => false,
                                comments            => '定期处理红黑榜数据');
end;
/

-- 菜单
insert into SYS_MENU (sys_menu_id, parent_id, menu_name, menu_url, menu_icon, display_order)
values ('2c90c28158757420015875ada135009f', 'ROOT_3', '业务办理', null, 'icon-user-following', 10);
insert into SYS_MENU (sys_menu_id, parent_id, menu_name, menu_url, menu_icon, display_order)
values ('2c90c28158757420015875addca500a4', 'ROOT_3', '业务查询', null, 'icon-magnifier', 15);
insert into SYS_MENU (sys_menu_id, parent_id, menu_name, menu_url, menu_icon, display_order)
values ('2c90c28158757420015875ae474600a9', 'ROOT_3', '报告打印', null, 'icon-printer', 20);
insert into SYS_MENU (sys_menu_id, parent_id, menu_name, menu_url, menu_icon, display_order)
values ('2c90c2815875742001587598fda00058', 'ROOT_1', '业务管理', null, 'icon-user-following', 15);
insert into SYS_MENU (sys_menu_id, parent_id, menu_name, menu_url, menu_icon, display_order)
values ('2c90c28158757420015875aec1f100af', '2c90c28158757420015875ada135009f', '法人信用报告申请', 'hallReport/toReportApply.action', 'fa fa-circle-o', 1000);
insert into SYS_MENU (sys_menu_id, parent_id, menu_name, menu_url, menu_icon, display_order)
values ('402894f85996651f015996afaa360016', '2c90c28158757420015875ada135009f', '自然人信用报告申请', 'hallPReport/toReportApply.action', 'fa fa-circle-o', 1001);
insert into SYS_MENU (sys_menu_id, parent_id, menu_name, menu_url, menu_icon, display_order)
values ('2c90c28158757420015875b12f5700c0', '2c90c28158757420015875addca500a4', '法人信用报告查询', 'hallReport/toReportList.action', 'fa fa-circle-o', 1500);
insert into SYS_MENU (sys_menu_id, parent_id, menu_name, menu_url, menu_icon, display_order)
values ('402894f85996651f015996b03903001b', '2c90c28158757420015875addca500a4', '自然人信用报告查询', 'hallPReport/toReportList.action', 'fa fa-circle-o', 1501);
insert into SYS_MENU (sys_menu_id, parent_id, menu_name, menu_url, menu_icon, display_order)
values ('4028946a5a169e66015a17f29cf6008e', '2c90c28158757420015875ae474600a9', '法人信用报告', 'hallReport/toReportPrintList.action', 'fa fa-circle-o', 2005);
insert into SYS_MENU (sys_menu_id, parent_id, menu_name, menu_url, menu_icon, display_order)
values ('4028946a5a169e66015a17f3629b0095', '2c90c28158757420015875ae474600a9', '自然人信用报告', 'hallPReport/toReportPrintList.action', 'fa fa-circle-o', 2010);
insert into SYS_MENU (sys_menu_id, parent_id, menu_name, menu_url, menu_icon, display_order)
values ('2c90c28158757420015875a40a75006e', '2c90c2815875742001587598fda00058', '法人信用报告审核', 'creditReport/toReportList.action', 'fa fa-circle-o', 1500);
insert into SYS_MENU (sys_menu_id, parent_id, menu_name, menu_url, menu_icon, display_order)
values ('2c93ca8159a6814a0159a68370270008', '2c90c2815875742001587598fda00058', '自然人信用报告审核', 'creditPReport/toReportList.action', 'fa fa-circle-o', 1501);
insert into SYS_MENU (SYS_MENU_ID, PARENT_ID, MENU_NAME, MENU_URL, MENU_ICON, DISPLAY_ORDER)
values ('2c90c281587574200158757811750011', 'ROOT_2', '异议申诉审核', 'govObjection/toObjectionList.action', 'icon-speech', 20);
insert into SYS_MENU (SYS_MENU_ID, PARENT_ID, MENU_NAME, MENU_URL, MENU_ICON, DISPLAY_ORDER)
values ('2c90c2815875742001587578c8ba0016', 'ROOT_2', '信用修复审核', 'govRepair/toRepairList.action', 'icon-flag', 25);
insert into SYS_MENU (SYS_MENU_ID, PARENT_ID, MENU_NAME, MENU_URL, MENU_ICON, DISPLAY_ORDER)
values ('2c90c28158757420015875af9dd900b5', '2c90c28158757420015875ada135009f', '异议申诉申请', 'hallObjection/toObjectionApply.action', 'fa fa-circle-o', 1005);
insert into SYS_MENU (SYS_MENU_ID, PARENT_ID, MENU_NAME, MENU_URL, MENU_ICON, DISPLAY_ORDER)
values ('2c90c28158757420015875b0521f00ba', '2c90c28158757420015875ada135009f', '信用修复申请', 'hallRepair/toRepairApply.action', 'fa fa-circle-o', 1010);
insert into SYS_MENU (SYS_MENU_ID, PARENT_ID, MENU_NAME, MENU_URL, MENU_ICON, DISPLAY_ORDER)
values ('2c90c28158757420015875a4de210074', '2c90c2815875742001587598fda00058', '异议申诉审核', 'centerObjection/toObjectionList.action', 'fa fa-circle-o', 1505);
insert into SYS_MENU (SYS_MENU_ID, PARENT_ID, MENU_NAME, MENU_URL, MENU_ICON, DISPLAY_ORDER)
values ('2c90c28158757420015875b1ced000c6', '2c90c28158757420015875addca500a4', '异议申诉查询', 'hallObjection/toObjectionList.action', 'fa fa-circle-o', 1505);
insert into SYS_MENU (SYS_MENU_ID, PARENT_ID, MENU_NAME, MENU_URL, MENU_ICON, DISPLAY_ORDER)
values ('2c90c28158757420015875b25d6f00cc', '2c90c28158757420015875addca500a4', '信用修复查询', 'hallRepair/toRepairList.action', 'fa fa-circle-o', 1510);
insert into SYS_MENU (SYS_MENU_ID, PARENT_ID, MENU_NAME, MENU_URL, MENU_ICON, DISPLAY_ORDER)
values ('2c90c28158757420015875a5990a0079', '2c90c2815875742001587598fda00058', '信用修复审核', 'centerRepair/toRepairList.action', 'fa fa-circle-o', 1510);

-- 权限
insert into SYS_PRIVILEGE (sys_privilege_id, sys_menu_id, privilege_code, privilege_name, description, users_count, roles_count, all_users_count, display_order)
values ('2c90c28158757420015875c6f68f0141', '2c90c28158757420015875aec1f100af', 'credit.report.apply', '法人信用报告申请', null, null, null, null, null);
insert into SYS_PRIVILEGE (sys_privilege_id, sys_menu_id, privilege_code, privilege_name, description, users_count, roles_count, all_users_count, display_order)
values ('402894f85996651f015996b13232002a', '402894f85996651f015996afaa360016', 'p.report.apply', '自然人信用报告申请', null, null, null, null, null);
insert into SYS_PRIVILEGE (sys_privilege_id, sys_menu_id, privilege_code, privilege_name, description, users_count, roles_count, all_users_count, display_order)
values ('2c90c28158757420015875c86a530155', '2c90c28158757420015875b12f5700c0', 'report.apply.read', '信用报告申请查询及报告查看', null, null, null, null, null);
insert into SYS_PRIVILEGE (sys_privilege_id, sys_menu_id, privilege_code, privilege_name, description, users_count, roles_count, all_users_count, display_order)
values ('2c90c28158757420015875d1076c01cb', '2c90c28158757420015875a40a75006e', 'credit.reportList.audit', '信用报告审核列表', null, null, null, null, null);
insert into SYS_PRIVILEGE (sys_privilege_id, sys_menu_id, privilege_code, privilege_name, description, users_count, roles_count, all_users_count, display_order)
values ('4028498158d36f1f0158d37c167b0008', '2c90c28158757420015875a40a75006e', 'credit.report.data.query', '信用报告数据查询', null, null, null, null, null);
insert into SYS_PRIVILEGE (sys_privilege_id, sys_menu_id, privilege_code, privilege_name, description, users_count, roles_count, all_users_count, display_order)
values ('2c93ca8159a6814a0159a68636310012', '2c93ca8159a6814a0159a68370270008', 'credit.p.reportList', '自然人信用报告审核列表', null, null, null, null, null);
insert into SYS_PRIVILEGE (sys_privilege_id, sys_menu_id, privilege_code, privilege_name, description, users_count, roles_count, all_users_count, display_order)
values ('2c93ca8159a6814a0159a68762e7001c', '2c93ca8159a6814a0159a68370270008', 'credit.p.report.data', '自然人信用报告数据获取', null, null, null, null, null);
insert into SYS_PRIVILEGE (sys_privilege_id, sys_menu_id, privilege_code, privilege_name, description, users_count, roles_count, all_users_count, display_order)
values ('4028946a58b849670158b85113d4001e', '2c90c28158757420015875aec1f100af', 'credit.report.apply.print', '法人信用报告申请单打印', null, null, null, null, null);
insert into SYS_PRIVILEGE (sys_privilege_id, sys_menu_id, privilege_code, privilege_name, description, users_count, roles_count, all_users_count, display_order)
values ('402894f85996651f015996b18cfa0034', '402894f85996651f015996afaa360016', 'p.report.apply.print', '自然人信用报告申请单打印', null, null, null, null, null);
insert into SYS_PRIVILEGE (sys_privilege_id, sys_menu_id, privilege_code, privilege_name, description, users_count, roles_count, all_users_count, display_order)
values ('402894f85996651f015996b1ff3d0039', '402894f85996651f015996b03903001b', 'p.report.apply.read', '自然人信用报告申请及报告查询', null, null, null, null, null);
insert into SYS_PRIVILEGE (sys_privilege_id, sys_menu_id, privilege_code, privilege_name, description, users_count, roles_count, all_users_count, display_order)
values ('4028946a5a169e66015a17f415c100a4', '4028946a5a169e66015a17f29cf6008e', 'report.print', '信用报告打印列表', null, null, null, null, null);
insert into SYS_PRIVILEGE (sys_privilege_id, sys_menu_id, privilege_code, privilege_name, description, users_count, roles_count, all_users_count, display_order)
values ('4028946a5a169e66015a17f4e10600b0', '4028946a5a169e66015a17f3629b0095', 'p.report.print', '自然人信用报告打印列表', null, null, null, null, null);
insert into SYS_PRIVILEGE (SYS_PRIVILEGE_ID, SYS_MENU_ID, PRIVILEGE_CODE, PRIVILEGE_NAME, DESCRIPTION, USERS_COUNT, ROLES_COUNT, ALL_USERS_COUNT, DISPLAY_ORDER)
values ('2c90c28158757420015875c5ac990130', '2c90c28158757420015875af9dd900b5', 'hallObjection.apply', '法人异议申诉申请', null, null, null, null, null);
insert into SYS_PRIVILEGE (SYS_PRIVILEGE_ID, SYS_MENU_ID, PRIVILEGE_CODE, PRIVILEGE_NAME, DESCRIPTION, USERS_COUNT, ROLES_COUNT, ALL_USERS_COUNT, DISPLAY_ORDER)
values ('2c90c28158757420015875c6c3e3013c', '2c90c28158757420015875af9dd900b5', 'hallObjection.print', '异议申诉申请打印', null, null, null, null, null);
insert into SYS_PRIVILEGE (SYS_PRIVILEGE_ID, SYS_MENU_ID, PRIVILEGE_CODE, PRIVILEGE_NAME, DESCRIPTION, USERS_COUNT, ROLES_COUNT, ALL_USERS_COUNT, DISPLAY_ORDER)
values ('2c90c28158757420015875c7e2230146', '2c90c28158757420015875b0521f00ba', 'hallRepair.apply', '法人信用修复申请', null, null, null, null, null);
insert into SYS_PRIVILEGE (SYS_PRIVILEGE_ID, SYS_MENU_ID, PRIVILEGE_CODE, PRIVILEGE_NAME, DESCRIPTION, USERS_COUNT, ROLES_COUNT, ALL_USERS_COUNT, DISPLAY_ORDER)
values ('2c90c28158757420015875c84728014b', '2c90c28158757420015875b0521f00ba', 'hallRepair.print', '信用修复申请打印', null, null, null, null, null);
insert into SYS_PRIVILEGE (SYS_PRIVILEGE_ID, SYS_MENU_ID, PRIVILEGE_CODE, PRIVILEGE_NAME, DESCRIPTION, USERS_COUNT, ROLES_COUNT, ALL_USERS_COUNT, DISPLAY_ORDER)
values ('2c90c28158757420015875c910b4015a', '2c90c28158757420015875b1ced000c6', 'hallObjection.list', '异议申诉部门查看', null, null, null, null, null);
insert into SYS_PRIVILEGE (SYS_PRIVILEGE_ID, SYS_MENU_ID, PRIVILEGE_CODE, PRIVILEGE_NAME, DESCRIPTION, USERS_COUNT, ROLES_COUNT, ALL_USERS_COUNT, DISPLAY_ORDER)
values ('2c90c28158757420015875c9b2bc0161', '2c90c28158757420015875b25d6f00cc', 'hallRepair.list', '修复申诉查看', null, null, null, null, null);
insert into SYS_PRIVILEGE (SYS_PRIVILEGE_ID, SYS_MENU_ID, PRIVILEGE_CODE, PRIVILEGE_NAME, DESCRIPTION, USERS_COUNT, ROLES_COUNT, ALL_USERS_COUNT, DISPLAY_ORDER)
values ('2c90c28158757420015875cfd14501b4', '2c90c28158757420015875a5990a0079', 'centerRepair.list', '信用修复中心审核', null, null, null, null, null);
insert into SYS_PRIVILEGE (SYS_PRIVILEGE_ID, SYS_MENU_ID, PRIVILEGE_CODE, PRIVILEGE_NAME, DESCRIPTION, USERS_COUNT, ROLES_COUNT, ALL_USERS_COUNT, DISPLAY_ORDER)
values ('2c90c28158757420015875d05b4301bd', '2c90c28158757420015875a4de210074', 'centerObjection.list', '异议申诉审核', null, null, null, null, null);
insert into SYS_PRIVILEGE (SYS_PRIVILEGE_ID, SYS_MENU_ID, PRIVILEGE_CODE, PRIVILEGE_NAME, DESCRIPTION, USERS_COUNT, ROLES_COUNT, ALL_USERS_COUNT, DISPLAY_ORDER)
values ('402894ee58d6db230158d71cad9b0093', '2c90c28158757420015875a4de210074', 'centerObjection.amend', '异议申诉修正', null, null, null, null, null);
insert into SYS_PRIVILEGE (SYS_PRIVILEGE_ID, SYS_MENU_ID, PRIVILEGE_CODE, PRIVILEGE_NAME, DESCRIPTION, USERS_COUNT, ROLES_COUNT, ALL_USERS_COUNT, DISPLAY_ORDER)
values ('402894ee58aa11540158aa17b785002b', '2c90c281587574200158757811750011', 'govObjection.list', '异议申诉部门审核', null, null, null, null, null);
insert into SYS_PRIVILEGE (SYS_PRIVILEGE_ID, SYS_MENU_ID, PRIVILEGE_CODE, PRIVILEGE_NAME, DESCRIPTION, USERS_COUNT, ROLES_COUNT, ALL_USERS_COUNT, DISPLAY_ORDER)
values ('402894ee58b964c60158b966933f0013', '2c90c2815875742001587578c8ba0016', 'govRepair.list', '信用修复部门审核', null, null, null, null, null);

-- 角色赋权限
insert into SYS_ROLE_TO_PRIVILEGE (sys_role_id, sys_privilege_id)
values ('2c90c28158761b5501587622bd340011', '2c90c28158757420015875c6f68f0141');
insert into SYS_ROLE_TO_PRIVILEGE (sys_role_id, sys_privilege_id)
values ('8aa0bef544713ca60144713d364a0000', '2c90c28158757420015875c6f68f0141');
insert into SYS_ROLE_TO_PRIVILEGE (sys_role_id, sys_privilege_id)
values ('2c90c28158761b5501587622bd340011', '402894f85996651f015996b13232002a');
insert into SYS_ROLE_TO_PRIVILEGE (sys_role_id, sys_privilege_id)
values ('8aa0bef544713ca60144713d364a0000', '402894f85996651f015996b13232002a');
insert into SYS_ROLE_TO_PRIVILEGE (sys_role_id, sys_privilege_id)
values ('2c90c28158761b5501587622bd340011', '2c90c28158757420015875c86a530155');
insert into SYS_ROLE_TO_PRIVILEGE (sys_role_id, sys_privilege_id)
values ('8aa0bef544713ca60144713d364a0000', '2c90c28158757420015875c86a530155');
insert into SYS_ROLE_TO_PRIVILEGE (sys_role_id, sys_privilege_id)
values ('2c90c28158761b550158762482b50015', '2c90c28158757420015875d1076c01cb');
insert into SYS_ROLE_TO_PRIVILEGE (sys_role_id, sys_privilege_id)
values ('8aa0bef544713ca60144713d364a0000', '2c90c28158757420015875d1076c01cb');
insert into SYS_ROLE_TO_PRIVILEGE (sys_role_id, sys_privilege_id)
values ('2c90c28158761b550158762482b50015', '4028498158d36f1f0158d37c167b0008');
insert into SYS_ROLE_TO_PRIVILEGE (sys_role_id, sys_privilege_id)
values ('8aa0bef544713ca60144713d364a0000', '4028498158d36f1f0158d37c167b0008');
insert into SYS_ROLE_TO_PRIVILEGE (sys_role_id, sys_privilege_id)
values ('2c90c28158761b550158762482b50015', '2c93ca8159a6814a0159a68636310012');
insert into SYS_ROLE_TO_PRIVILEGE (sys_role_id, sys_privilege_id)
values ('8aa0bef544713ca60144713d364a0000', '2c93ca8159a6814a0159a68636310012');
insert into SYS_ROLE_TO_PRIVILEGE (sys_role_id, sys_privilege_id)
values ('2c90c28158761b550158762482b50015', '2c93ca8159a6814a0159a68762e7001c');
insert into SYS_ROLE_TO_PRIVILEGE (sys_role_id, sys_privilege_id)
values ('8aa0bef544713ca60144713d364a0000', '2c93ca8159a6814a0159a68762e7001c');
insert into SYS_ROLE_TO_PRIVILEGE (sys_role_id, sys_privilege_id)
values ('2c90c28158761b5501587622bd340011', '4028946a58b849670158b85113d4001e');
insert into SYS_ROLE_TO_PRIVILEGE (sys_role_id, sys_privilege_id)
values ('8aa0bef544713ca60144713d364a0000', '4028946a58b849670158b85113d4001e');
insert into SYS_ROLE_TO_PRIVILEGE (sys_role_id, sys_privilege_id)
values ('2c90c28158761b5501587622bd340011', '402894f85996651f015996b18cfa0034');
insert into SYS_ROLE_TO_PRIVILEGE (sys_role_id, sys_privilege_id)
values ('8aa0bef544713ca60144713d364a0000', '402894f85996651f015996b18cfa0034');
insert into SYS_ROLE_TO_PRIVILEGE (sys_role_id, sys_privilege_id)
values ('2c90c28158761b5501587622bd340011', '402894f85996651f015996b1ff3d0039');
insert into SYS_ROLE_TO_PRIVILEGE (sys_role_id, sys_privilege_id)
values ('8aa0bef544713ca60144713d364a0000', '402894f85996651f015996b1ff3d0039');
insert into SYS_ROLE_TO_PRIVILEGE (sys_role_id, sys_privilege_id)
values ('2c90c28158761b5501587622bd340011', '4028946a5a169e66015a17f415c100a4');
insert into SYS_ROLE_TO_PRIVILEGE (sys_role_id, sys_privilege_id)
values ('8aa0bef544713ca60144713d364a0000', '4028946a5a169e66015a17f415c100a4');
insert into SYS_ROLE_TO_PRIVILEGE (sys_role_id, sys_privilege_id)
values ('2c90c28158761b5501587622bd340011', '4028946a5a169e66015a17f4e10600b0');
insert into SYS_ROLE_TO_PRIVILEGE (sys_role_id, sys_privilege_id)
values ('8aa0bef544713ca60144713d364a0000', '4028946a5a169e66015a17f4e10600b0');
insert into SYS_ROLE_TO_PRIVILEGE (SYS_ROLE_ID, SYS_PRIVILEGE_ID)
values ('2c90c28158761b5501587622bd340011', '2c90c28158757420015875c5ac990130');
insert into SYS_ROLE_TO_PRIVILEGE (SYS_ROLE_ID, SYS_PRIVILEGE_ID)
values ('2c90c28158761b5501587622bd340011', '2c90c28158757420015875c6c3e3013c');
insert into SYS_ROLE_TO_PRIVILEGE (SYS_ROLE_ID, SYS_PRIVILEGE_ID)
values ('2c90c28158761b5501587622bd340011', '2c90c28158757420015875c7e2230146');
insert into SYS_ROLE_TO_PRIVILEGE (SYS_ROLE_ID, SYS_PRIVILEGE_ID)
values ('2c90c28158761b5501587622bd340011', '2c90c28158757420015875c84728014b');
insert into SYS_ROLE_TO_PRIVILEGE (SYS_ROLE_ID, SYS_PRIVILEGE_ID)
values ('2c90c28158761b5501587622bd340011', '2c90c28158757420015875c910b4015a');
insert into SYS_ROLE_TO_PRIVILEGE (SYS_ROLE_ID, SYS_PRIVILEGE_ID)
values ('2c90c28158761b5501587622bd340011', '2c90c28158757420015875c9b2bc0161');
insert into SYS_ROLE_TO_PRIVILEGE (SYS_ROLE_ID, SYS_PRIVILEGE_ID)
values ('2c90c28158761b550158762482b50015', '2c90c28158757420015875cfd14501b4');
insert into SYS_ROLE_TO_PRIVILEGE (SYS_ROLE_ID, SYS_PRIVILEGE_ID)
values ('2c90c28158761b550158762482b50015', '2c90c28158757420015875d05b4301bd');
insert into SYS_ROLE_TO_PRIVILEGE (SYS_ROLE_ID, SYS_PRIVILEGE_ID)
values ('2c90c28158761b550158762482b50015', '402894ee58d6db230158d71cad9b0093');
insert into SYS_ROLE_TO_PRIVILEGE (SYS_ROLE_ID, SYS_PRIVILEGE_ID)
values ('40289454547b159d01547b1efe25000c', '402894ee58aa11540158aa17b785002b');
insert into SYS_ROLE_TO_PRIVILEGE (SYS_ROLE_ID, SYS_PRIVILEGE_ID)
values ('40289454547b159d01547b1efe25000c', '402894ee58b964c60158b966933f0013');
insert into SYS_ROLE_TO_PRIVILEGE (SYS_ROLE_ID, SYS_PRIVILEGE_ID)
values ('8aa0bef544713ca60144713d364a0000', '2c90c28158757420015875c5ac990130');
insert into SYS_ROLE_TO_PRIVILEGE (SYS_ROLE_ID, SYS_PRIVILEGE_ID)
values ('8aa0bef544713ca60144713d364a0000', '2c90c28158757420015875c6c3e3013c');
insert into SYS_ROLE_TO_PRIVILEGE (SYS_ROLE_ID, SYS_PRIVILEGE_ID)
values ('8aa0bef544713ca60144713d364a0000', '2c90c28158757420015875c7e2230146');
insert into SYS_ROLE_TO_PRIVILEGE (SYS_ROLE_ID, SYS_PRIVILEGE_ID)
values ('8aa0bef544713ca60144713d364a0000', '2c90c28158757420015875c84728014b');
insert into SYS_ROLE_TO_PRIVILEGE (SYS_ROLE_ID, SYS_PRIVILEGE_ID)
values ('8aa0bef544713ca60144713d364a0000', '2c90c28158757420015875c910b4015a');
insert into SYS_ROLE_TO_PRIVILEGE (SYS_ROLE_ID, SYS_PRIVILEGE_ID)
values ('8aa0bef544713ca60144713d364a0000', '2c90c28158757420015875c9b2bc0161');
insert into SYS_ROLE_TO_PRIVILEGE (SYS_ROLE_ID, SYS_PRIVILEGE_ID)
values ('8aa0bef544713ca60144713d364a0000', '2c90c28158757420015875cfd14501b4');
insert into SYS_ROLE_TO_PRIVILEGE (SYS_ROLE_ID, SYS_PRIVILEGE_ID)
values ('8aa0bef544713ca60144713d364a0000', '2c90c28158757420015875d05b4301bd');
insert into SYS_ROLE_TO_PRIVILEGE (SYS_ROLE_ID, SYS_PRIVILEGE_ID)
values ('8aa0bef544713ca60144713d364a0000', '402894ee58aa11540158aa17b785002b');
insert into SYS_ROLE_TO_PRIVILEGE (SYS_ROLE_ID, SYS_PRIVILEGE_ID)
values ('8aa0bef544713ca60144713d364a0000', '402894ee58b964c60158b966933f0013');
insert into SYS_ROLE_TO_PRIVILEGE (SYS_ROLE_ID, SYS_PRIVILEGE_ID)
values ('8aa0bef544713ca60144713d364a0000', '402894ee58d6db230158d71cad9b0093');

-- 字典
insert into SYS_DICTIONARY_GROUP (id, group_key, group_name, description)
values ('4028946a58bd15200158bd4685560008', 'applyReportPurpose', '法人申请信用报告用途', '法人申请信用报告用途');
insert into SYS_DICTIONARY (id, group_id, dict_key, dict_value, dict_order)
values ('2c93ca815996ea9801599753b2120038', '4028946a58bd15200158bd4685560008', '0', '专项资金', null);
insert into SYS_DICTIONARY (id, group_id, dict_key, dict_value, dict_order)
values ('2c93ca815996ea9801599753b2120039', '4028946a58bd15200158bd4685560008', '2', '评优评先', null);
insert into SYS_DICTIONARY (id, group_id, dict_key, dict_value, dict_order)
values ('2c93ca815996ea9801599753b212003a', '4028946a58bd15200158bd4685560008', '1', '招投标', null);
insert into SYS_DICTIONARY (id, group_id, dict_key, dict_value, dict_order)
values ('2c93ca815996ea9801599753b212003b', '4028946a58bd15200158bd4685560008', '3', '其它', null);
insert into sys_dictionary (ID, GROUP_ID, DICT_KEY, DICT_VALUE, DICT_ORDER)
values ('2c93ca815996ea9801599753b212003c', '4028946a58bd15200158bd4685560008', '4', '资质认定', null);
insert into sys_dictionary (ID, GROUP_ID, DICT_KEY, DICT_VALUE, DICT_ORDER)
values ('2c93ca815996ea9801599753b212003d', '4028946a58bd15200158bd4685560008', '5', '财政专项申报', null);
insert into sys_dictionary (ID, GROUP_ID, DICT_KEY, DICT_VALUE, DICT_ORDER)
values ('2c93ca815996ea9801599753b212003e', '4028946a58bd15200158bd4685560008', '6', '申请医保定点', null);
insert into sys_dictionary (ID, GROUP_ID, DICT_KEY, DICT_VALUE, DICT_ORDER)
values ('2c93ca815996ea9801599753b212003f', '4028946a58bd15200158bd4685560008', '7', '商业贷款', null);
insert into sys_dictionary (ID, GROUP_ID, DICT_KEY, DICT_VALUE, DICT_ORDER)
values ('2c93ca815996ea9801599753b2120040', '4028946a58bd15200158bd4685560008', '8', '信用调查', null);
insert into sys_dictionary (ID, GROUP_ID, DICT_KEY, DICT_VALUE, DICT_ORDER)
values ('2c93ca815996ea9801599753b2120041', '4028946a58bd15200158bd4685560008', '9', '信用管理贯标', null);
insert into sys_dictionary (ID, GROUP_ID, DICT_KEY, DICT_VALUE, DICT_ORDER)
values ('2c93ca815996ea9801599753b2120042', '4028946a58bd15200158bd4685560008', '10', '信用示范创建', null);
insert into sys_dictionary (ID, GROUP_ID, DICT_KEY, DICT_VALUE, DICT_ORDER)
values ('2c93ca815996ea9801599753b2120043', '4028946a58bd15200158bd4685560008', '11', '信用审核', null);
insert into sys_dictionary (ID, GROUP_ID, DICT_KEY, DICT_VALUE, DICT_ORDER)
values ('2c93ca815996ea9801599753b2120044', '4028946a58bd15200158bd4685560008', '12', '企业收购', null);
insert into sys_dictionary (ID, GROUP_ID, DICT_KEY, DICT_VALUE, DICT_ORDER)
values ('2c93ca815996ea9801599753b2120045', '4028946a58bd15200158bd4685560008', '13', '项目申报', null);

insert into SYS_DICTIONARY_GROUP (id, group_key, group_name, description)
values ('2c93ca815996ea9801599753879b0032', 'applyPReportPurpose', '自然人申请报告用途', '自然人申请报告用途');
insert into SYS_DICTIONARY (id, group_id, dict_key, dict_value, dict_order)
values ('2c93ca815996ea9801599753879b0033', '2c93ca815996ea9801599753879b0032', '1', '其他', null);
insert into SYS_DICTIONARY (id, group_id, dict_key, dict_value, dict_order)
values ('2c93ca815996ea9801599753879b0034', '2c93ca815996ea9801599753879b0032', '0', '信用审核', null);

-- 信用核查  表语句
drop table DT_CREDIT_EXAMINE cascade constraints;
drop table DT_CREDIT_EXAMINE_HIS cascade constraints;
drop table DT_ENTERPRISE_EXAMINE cascade constraints;
-- Create table
create table DT_CREDIT_EXAMINE
(
  id                VARCHAR2(50) not null,
  scxxl             VARCHAR2(4000),
  scmc              VARCHAR2(200),
  scsm              VARCHAR2(1000),
  status            VARCHAR2(4),
  apply_date        DATE,
  sys_user_id       VARCHAR2(50),
  sys_department_id VARCHAR2(50),
  bjbh              VARCHAR2(50),
  scsj_start        DATE,
  scsj_end          DATE
);
-- Add comments to the table 
comment on table DT_CREDIT_EXAMINE
  is '法人信用核查申请表';
-- Add comments to the columns 
comment on column DT_CREDIT_EXAMINE.id
  is '主键';
comment on column DT_CREDIT_EXAMINE.scxxl
  is '审查信息类';
comment on column DT_CREDIT_EXAMINE.scmc
  is '审查名称';
comment on column DT_CREDIT_EXAMINE.scsm
  is '审查说明';
comment on column DT_CREDIT_EXAMINE.status
  is '审核状态   待审核("0"), 审核不通过("1"), 审核通过("2")';
comment on column DT_CREDIT_EXAMINE.apply_date
  is '申请时间';
comment on column DT_CREDIT_EXAMINE.sys_user_id
  is '申请人';
comment on column DT_CREDIT_EXAMINE.sys_department_id
  is '审查需求部门';
comment on column DT_CREDIT_EXAMINE.bjbh
  is '办件编号';
comment on column DT_CREDIT_EXAMINE.scsj_start
  is '审查开始时间';
comment on column DT_CREDIT_EXAMINE.scsj_end
  is '审查结束时间';
-- Create/Recreate primary, unique and foreign key constraints 
alter table DT_CREDIT_EXAMINE
  add constraint DT_CREDIT_EXAMINE_PK primary key (ID)
  using index;


create table DT_CREDIT_EXAMINE_HIS
(
  id                VARCHAR2(50),
  status            VARCHAR2(4),
  opinion           VARCHAR2(1000),
  audit_date        DATE,
  sys_user_id       VARCHAR2(50),
  credit_examine_id VARCHAR2(50)
);
comment on table DT_CREDIT_EXAMINE_HIS
  is '法人信用核查审核表';
comment on column DT_CREDIT_EXAMINE_HIS.status
  is '审核状态   待审核("0"), 审核不通过("1"), 审核通过("2")';
comment on column DT_CREDIT_EXAMINE_HIS.opinion
  is '审核意见';
comment on column DT_CREDIT_EXAMINE_HIS.audit_date
  is '审核时间';
comment on column DT_CREDIT_EXAMINE_HIS.sys_user_id
  is '审核人';
comment on column DT_CREDIT_EXAMINE_HIS.credit_examine_id
  is '关联信用审查申请表';
alter table DT_CREDIT_EXAMINE_HIS
  add constraint PK_DT_CREDIT_EXAMINE_HIS_ID primary key (ID);

create table DT_ENTERPRISE_EXAMINE
(
  id                VARCHAR2(50) not null,
  qymc              VARCHAR2(500),
  gszch             VARCHAR2(200),
  zzjgdm            VARCHAR2(200),
  credit_examine_id VARCHAR2(50),
  bjbh              VARCHAR2(200),
  shxydm            VARCHAR2(100)
);
comment on table DT_ENTERPRISE_EXAMINE
  is '导入的需要核查的企业信息表';
comment on column DT_ENTERPRISE_EXAMINE.id
  is '主键';
comment on column DT_ENTERPRISE_EXAMINE.qymc
  is '企业名称';
comment on column DT_ENTERPRISE_EXAMINE.gszch
  is '工商注册号';
comment on column DT_ENTERPRISE_EXAMINE.zzjgdm
  is '组织机构代码';
comment on column DT_ENTERPRISE_EXAMINE.credit_examine_id
  is '关联信用审查申请表';
comment on column DT_ENTERPRISE_EXAMINE.bjbh
  is '办件编号';
comment on column DT_ENTERPRISE_EXAMINE.shxydm
  is '社会信用代码';
alter table DT_ENTERPRISE_EXAMINE
  add constraint PK_ENTERPRISE_EXAMINE primary key (ID);
alter table DT_ENTERPRISE_EXAMINE
  add constraint FK_ENTERPRISE_EXAMINE foreign key (CREDIT_EXAMINE_ID)
  references DT_CREDIT_EXAMINE (ID) on delete cascade;

-- 信用核查 菜单
insert into SYS_MENU (sys_menu_id, parent_id, menu_name, menu_url, menu_icon, display_order)
values ('2c90c281587574200158757500850008', 'ROOT_2', '信用核查', null, 'icon-shield', 15);
insert into SYS_MENU (sys_menu_id, parent_id, menu_name, menu_url, menu_icon, display_order)
values ('2c90c281587574200158759cd7a2005d', 'ROOT_1', '信用核查', null, 'icon-shield', 20);
insert into SYS_MENU (sys_menu_id, parent_id, menu_name, menu_url, menu_icon, display_order)
values ('402894f85986ff2d01598708c772003a', '2c90c281587574200158759cd7a2005d', '信用核查上传', '/center/creditCheck/creditCheckUpload.action', 'fa fa-circle-o', 2000);
insert into SYS_MENU (sys_menu_id, parent_id, menu_name, menu_url, menu_icon, display_order)
values ('2c90c28158757420015875a7090c007f', '2c90c281587574200158759cd7a2005d', '信用核查审核', '/center/creditCheck/toCreditExamineList.action', 'fa fa-circle-o', 1000);
insert into SYS_MENU (sys_menu_id, parent_id, menu_name, menu_url, menu_icon, display_order)
values ('2c90c28158757420015875885e000030', '2c90c281587574200158757500850008', '信用核查申请', '/gov/creditCheck/toApply.action', 'fa fa-circle-o', 1500);
insert into SYS_MENU (sys_menu_id, parent_id, menu_name, menu_url, menu_icon, display_order)
values ('2c90c281587574200158758946380035', '2c90c281587574200158757500850008', '信用核查列表', '/gov/creditCheck/toHisQuery.action', 'fa fa-circle-o', 1505);

-- 信用核查 权限
insert into SYS_PRIVILEGE (sys_privilege_id, SYS_MENU_ID, privilege_code, privilege_name, description, users_count, roles_count, all_users_count, display_order)
values ('402894f85986ff2d0159870ac3770062', '402894f85986ff2d01598708c772003a', 'center.creditCheck.upload', '信用核查上传', null, null, null, null, null);
insert into SYS_PRIVILEGE (sys_privilege_id, SYS_MENU_ID, privilege_code, privilege_name, description, users_count, roles_count, all_users_count, display_order)
values ('402894f8598c5c6001598c664fe10009', '402894f85986ff2d01598708c772003a', 'center.creditCheckUpload.report', '信用核查上传生成报告', '信用核查上传生成报告', null, null, null, null);
insert into SYS_PRIVILEGE (sys_privilege_id, SYS_MENU_ID, privilege_code, privilege_name, description, users_count, roles_count, all_users_count, display_order)
values ('2c90c28158757420015875cae9f3016f', '2c90c28158757420015875a7090c007f', 'center.creditCheck.examine', '信用核查审核', null, null, null, null, null);
insert into SYS_PRIVILEGE (sys_privilege_id, SYS_MENU_ID, privilege_code, privilege_name, description, users_count, roles_count, all_users_count, display_order)
values ('402894f858b954f20158b95beba20008', '2c90c28158757420015875a7090c007f', 'center.creditCheck.examineList', '信用核查审核列表', null, null, null, null, null);
insert into SYS_PRIVILEGE (sys_privilege_id, SYS_MENU_ID, privilege_code, privilege_name, description, users_count, roles_count, all_users_count, display_order)
values ('2c90c28158757420015875c278a60117', '2c90c28158757420015875885e000030', 'gov.creditCheck.apply', '信用核查申请', '发起核查申请', null, null, null, null);
insert into SYS_PRIVILEGE (sys_privilege_id, SYS_MENU_ID, privilege_code, privilege_name, description, users_count, roles_count, all_users_count, display_order)
values ('2c90c28158757420015875c35d460121', '2c90c281587574200158758946380035', 'gov.creditCheck.HisQuery', '信用核查历史查询', '信用核查历史查询', null, null, null, null);


-- 信用核查 角色权限关联表
insert into SYS_ROLE_TO_PRIVILEGE (sys_role_id, sys_privilege_id)
values ('2c90c28158761b550158762482b50015', '402894f85986ff2d0159870ac3770062');
insert into SYS_ROLE_TO_PRIVILEGE (sys_role_id, sys_privilege_id)
values ('8aa0bef544713ca60144713d364a0000', '402894f85986ff2d0159870ac3770062');
insert into SYS_ROLE_TO_PRIVILEGE (sys_role_id, sys_privilege_id)
values ('2c90c28158761b550158762482b50015', '402894f8598c5c6001598c664fe10009');
insert into SYS_ROLE_TO_PRIVILEGE (sys_role_id, sys_privilege_id)
values ('8aa0bef544713ca60144713d364a0000', '402894f8598c5c6001598c664fe10009');
insert into SYS_ROLE_TO_PRIVILEGE (sys_role_id, sys_privilege_id)
values ('2c90c28158761b550158762482b50015', '2c90c28158757420015875cae9f3016f');
insert into SYS_ROLE_TO_PRIVILEGE (sys_role_id, sys_privilege_id)
values ('8aa0bef544713ca60144713d364a0000', '2c90c28158757420015875cae9f3016f');
insert into SYS_ROLE_TO_PRIVILEGE (sys_role_id, sys_privilege_id)
values ('2c90c28158761b550158762482b50015', '402894f858b954f20158b95beba20008');
insert into SYS_ROLE_TO_PRIVILEGE (sys_role_id, sys_privilege_id)
values ('8aa0bef544713ca60144713d364a0000', '402894f858b954f20158b95beba20008');
insert into SYS_ROLE_TO_PRIVILEGE (sys_role_id, sys_privilege_id)
values ('40289454547b159d01547b1efe25000c', '2c90c28158757420015875c278a60117');
insert into SYS_ROLE_TO_PRIVILEGE (sys_role_id, sys_privilege_id)
values ('8aa0bef544713ca60144713d364a0000', '2c90c28158757420015875c278a60117');
insert into SYS_ROLE_TO_PRIVILEGE (sys_role_id, sys_privilege_id)
values ('40289454547b159d01547b1efe25000c', '2c90c28158757420015875c35d460121');
insert into SYS_ROLE_TO_PRIVILEGE (sys_role_id, sys_privilege_id)
values ('8aa0bef544713ca60144713d364a0000', '2c90c28158757420015875c35d460121');


-- 公示管理 菜单
insert into SYS_MENU (sys_menu_id, parent_id, menu_name, menu_url, menu_icon, display_order)
values ('402894f85991695a01599170dae2000a', 'ROOT_1', '公示管理', null, 'icon-book-open', 33);
insert into SYS_MENU (sys_menu_id, parent_id, menu_name, menu_url, menu_icon, display_order)
values ('402894f85991695a015991722bbe0015', '402894f85991695a01599170dae2000a', '行政许可公示', '/center/publicity/toLicensingList.action', 'fa fa-circle-o', 50);
insert into SYS_MENU (sys_menu_id, parent_id, menu_name, menu_url, menu_icon, display_order)
values ('402894f85991695a015991736d4a001e', '402894f85991695a01599170dae2000a', '行政处罚公示', '/center/publicity/toPenaltyList.action', 'fa fa-circle-o', 60);
insert into SYS_MENU (sys_menu_id, parent_id, menu_name, menu_url, menu_icon, display_order)
values ('402894f85a06b861015a06dde50d000d', '402894f85991695a01599170dae2000a', '红榜公示', '/center/publicity/toRedList.action', 'fa fa-circle-o', 70);
insert into SYS_MENU (sys_menu_id, parent_id, menu_name, menu_url, menu_icon, display_order)
values ('402894f85a06b861015a0795425d002f', '402894f85991695a01599170dae2000a', '黑榜公示', '/center/publicity/toBlackList.action', 'fa fa-circle-o', 80);

-- 公示管理 权限
insert into SYS_PRIVILEGE (sys_privilege_id, SYS_MENU_ID, privilege_code, privilege_name, description, users_count, roles_count, all_users_count, display_order)
values ('402894f85991695a01599174cb7d002c', '402894f85991695a015991722bbe0015', 'center.publicity.licensing', '行政许可公示', '行政许可公示权限', null, null, null, null);
insert into SYS_PRIVILEGE (sys_privilege_id, SYS_MENU_ID, privilege_code, privilege_name, description, users_count, roles_count, all_users_count, display_order)
values ('402894f85991695a01599176e4cb0043', '402894f85991695a015991736d4a001e', 'center.publicity.penalty', '行政处罚公示', '行政处罚公示权限', null, null, null, null);
insert into SYS_PRIVILEGE (sys_privilege_id, SYS_MENU_ID, privilege_code, privilege_name, description, users_count, roles_count, all_users_count, display_order)
values ('402894f85a06b861015a07a9ea38004a', '402894f85a06b861015a06dde50d000d', 'center.publicity.toRedList', '红榜公示', '红榜公示权限', null, null, null, null);
insert into SYS_PRIVILEGE (sys_privilege_id, SYS_MENU_ID, privilege_code, privilege_name, description, users_count, roles_count, all_users_count, display_order)
values ('402894f85a06b861015a07a952650044', '402894f85a06b861015a0795425d002f', 'center.publicity.toBlackList', '黑榜公示', '黑榜公示权限', null, null, null, null);


-- 公示管理 角色权限关联表
insert into SYS_ROLE_TO_PRIVILEGE (sys_role_id, sys_privilege_id)
values ('2c90c28158761b550158762482b50015', '402894f85991695a01599174cb7d002c');
insert into SYS_ROLE_TO_PRIVILEGE (sys_role_id, sys_privilege_id)
values ('8aa0bef544713ca60144713d364a0000', '402894f85991695a01599174cb7d002c');
insert into SYS_ROLE_TO_PRIVILEGE (sys_role_id, sys_privilege_id)
values ('2c90c28158761b550158762482b50015', '402894f85991695a01599176e4cb0043');
insert into SYS_ROLE_TO_PRIVILEGE (sys_role_id, sys_privilege_id)
values ('8aa0bef544713ca60144713d364a0000', '402894f85991695a01599176e4cb0043');
insert into SYS_ROLE_TO_PRIVILEGE (sys_role_id, sys_privilege_id)
values ('2c90c28158761b550158762482b50015', '402894f85a06b861015a07a9ea38004a');
insert into SYS_ROLE_TO_PRIVILEGE (sys_role_id, sys_privilege_id)
values ('8aa0bef544713ca60144713d364a0000', '402894f85a06b861015a07a9ea38004a');
insert into SYS_ROLE_TO_PRIVILEGE (sys_role_id, sys_privilege_id)
values ('2c90c28158761b550158762482b50015', '402894f85a06b861015a07a952650044');
insert into SYS_ROLE_TO_PRIVILEGE (sys_role_id, sys_privilege_id)
values ('8aa0bef544713ca60144713d364a0000', '402894f85a06b861015a07a952650044');

commit;
--2business end

--3rewards-punishments begin
drop table LD_JGBM cascade constraints;
drop table LD_JGBMQX cascade constraints;
drop table LD_JGQY cascade constraints;
drop table LD_JGZT cascade constraints;
drop table LD_JGQYJGCS cascade constraints;

create table LD_JGBM
(
  id          VARCHAR2(50) not null,
  type        VARCHAR2(1),
  dept_id     VARCHAR2(50),
  jgzt_id     VARCHAR2(50),
  create_user VARCHAR2(50),
  create_time DATE
)
;
comment on table LD_JGBM
  is '监管主题部门表';
comment on column LD_JGBM.id
  is '主键';
comment on column LD_JGBM.type
  is '监管部门类型（0负责部门，1协同部门）';
comment on column LD_JGBM.dept_id
  is '部门id（关联部门表中的主键id）';
comment on column LD_JGBM.jgzt_id
  is '监管主题id（关联监管主题表主键）';
comment on column LD_JGBM.create_user
  is '创建人ID';
comment on column LD_JGBM.create_time
  is '创建时间';
alter table LD_JGBM
  add constraint PK_LD_JGBM primary key (ID);

create table LD_JGBMQX
(
  id          VARCHAR2(50) not null,
  type        VARCHAR2(1),
  jgzt_id     VARCHAR2(50),
  zy_id       VARCHAR2(50),
  create_user VARCHAR2(50),
  create_time DATE
)
;
comment on table LD_JGBMQX
  is '监管部门权限表（也即监管事项）';
comment on column LD_JGBMQX.id
  is '主键';
comment on column LD_JGBMQX.type
  is '权限类型（0负责部门权限，1协同部门权限）';
comment on column LD_JGBMQX.jgzt_id
  is '监管主题id（关联监管主题表主键）';
comment on column LD_JGBMQX.zy_id
  is '联合奖惩二级资源id（关联资源库二级资源id）';
comment on column LD_JGBMQX.create_user
  is '创建人ID';
comment on column LD_JGBMQX.create_time
  is '创建时间';
alter table LD_JGBMQX
  add constraint PK_LD_JGBMQX primary key (ID);

create table LD_JGQY
(
  id          VARCHAR2(50) default SYS_GUID() not null,
  qymc        VARCHAR2(200),
  gszch       VARCHAR2(200),
  zzjgdm      VARCHAR2(200),
  tyshxydm    VARCHAR2(200),
  jgzt_id     VARCHAR2(50),
  create_user VARCHAR2(50),
  create_time DATE
)
;
comment on table LD_JGQY
  is '监管企业信息';
comment on column LD_JGQY.id
  is '主键';
comment on column LD_JGQY.qymc
  is '企业名称';
comment on column LD_JGQY.gszch
  is '工商注册号（单位注册号）';
comment on column LD_JGQY.zzjgdm
  is '组织机构代码';
comment on column LD_JGQY.tyshxydm
  is '统一社会信用代码';
comment on column LD_JGQY.jgzt_id
  is '监管主题id（关联监管主题表主键）';
comment on column LD_JGQY.create_user
  is '创建人ID（监管人员）';
comment on column LD_JGQY.create_time
  is '创建时间';
alter table LD_JGQY
  add constraint PK_LD_JGQY primary key (ID);

-- Create table
create table LD_JGZT
(
  id          VARCHAR2(50) not null,
  type        VARCHAR2(1),
  name        VARCHAR2(500),
  description VARCHAR2(4000),
  end_time    DATE,
  begin_time  DATE,
  status      VARCHAR2(1),
  shyj        VARCHAR2(4000),
  bz          VARCHAR2(4000),
  create_user VARCHAR2(50),
  create_time DATE,
  update_time DATE,
  update_user VARCHAR2(50),
  jgdx        VARCHAR2(4000),
  ssfs        VARCHAR2(4000),
  jgztlx      VARCHAR2(100)
);
-- Add comments to the table 
comment on table LD_JGZT
  is '监管主题信息表';
-- Add comments to the columns 
comment on column LD_JGZT.id
  is '主键';
comment on column LD_JGZT.type
  is '监管主题类型（0奖励，1惩戒）';
comment on column LD_JGZT.name
  is '监管主题名称';
comment on column LD_JGZT.description
  is '监管主题描述';
comment on column LD_JGZT.end_time
  is '结束时间';
comment on column LD_JGZT.begin_time
  is '开始时间';
comment on column LD_JGZT.status
  is '状态（待设置("0"), 未启用("1"), 监管中("2"), 已中止("3"), 已结束("4"), 已删除("5")）';
comment on column LD_JGZT.shyj
  is '审核意见';
comment on column LD_JGZT.bz
  is '备注';
comment on column LD_JGZT.create_user
  is '创建人ID';
comment on column LD_JGZT.create_time
  is '创建时间';
comment on column LD_JGZT.update_time
  is '更新时间';
comment on column LD_JGZT.update_user
  is '更新人ID';
comment on column LD_JGZT.jgdx
  is '监管对象';
comment on column LD_JGZT.ssfs
  is '实施方式';
comment on column LD_JGZT.jgztlx
  is '监管主体类型（1企业法人，2自然人，3企业法人和自然人）';
-- Create/Recreate primary, unique and foreign key constraints 
alter table LD_JGZT
  add constraint PK_LD_JGZT primary key (ID);

create table LD_JGQYJGCS
(
  id          VARCHAR2(50) not null,
  jgzt_id     VARCHAR2(50),
  jgqy_id     VARCHAR2(50),
  dept_id     VARCHAR2(50),
  zy_id       VARCHAR2(50),
  jgcslb      VARCHAR2(250),
  jgcsxq      VARCHAR2(2000),
  create_user VARCHAR2(50),
  create_time DATE,
  zdycslb     VARCHAR2(500)
)
;
comment on table LD_JGQYJGCS
  is '监管企业监管措施记录表（被部门执行监管时，记录的监管信息）';
comment on column LD_JGQYJGCS.id
  is '主键';
comment on column LD_JGQYJGCS.jgzt_id
  is '监管主题id（关联监管主题表主键）';
comment on column LD_JGQYJGCS.jgqy_id
  is '监管企业id（关联监管企业信息表主键）';
comment on column LD_JGQYJGCS.dept_id
  is '执行监管的部门id';
comment on column LD_JGQYJGCS.zy_id
  is '监管事项id（关联资源库一级资源id）';
comment on column LD_JGQYJGCS.jgcslb
  is '监管措施类别';
comment on column LD_JGQYJGCS.jgcsxq
  is '监管措施详情';
comment on column LD_JGQYJGCS.create_user
  is '创建人ID（监管人员）';
comment on column LD_JGQYJGCS.create_time
  is '创建时间';
comment on column LD_JGQYJGCS.zdycslb
  is '自定义措施类别';
alter table LD_JGQYJGCS
  add constraint PK_LD_JGQYJGCS primary key (ID);
alter table LD_JGQYJGCS
  add constraint FK_LD_JGQYJ_REFERENCE_LD_JGQY foreign key (JGQY_ID)
  references LD_JGQY (ID) on delete cascade;
alter table LD_JGQYJGCS
  add constraint FK_LD_JGQYJ_REFERENCE_LD_JGZT foreign key (JGZT_ID)
  references LD_JGZT (ID) on delete cascade;


-- 菜单
insert into SYS_MENU (SYS_MENU_ID, PARENT_ID, MENU_NAME, MENU_URL, MENU_ICON, DISPLAY_ORDER)
values ('402894ee58f717110158f71a756e0009', 'ROOT_1', '联合奖惩', null, 'icon-badge', 50);
insert into SYS_MENU (SYS_MENU_ID, PARENT_ID, MENU_NAME, MENU_URL, MENU_ICON, DISPLAY_ORDER)
values ('402894ee58f786890158fc9a3cf20069', '402894ee58f717110158f71a756e0009', '联动监管', 'centerSupervision/toSupervisionList.action?come=1', 'fa fa-circle-o', 5005);
insert into SYS_MENU (SYS_MENU_ID, PARENT_ID, MENU_NAME, MENU_URL, MENU_ICON, DISPLAY_ORDER)
values ('402894ee58f786890158fca262d70084', 'ROOT_2', '联合奖惩', null, 'icon-badge', 35);
insert into SYS_MENU (SYS_MENU_ID, PARENT_ID, MENU_NAME, MENU_URL, MENU_ICON, DISPLAY_ORDER)
values ('402894ee58f786890158fca2afc90089', '402894ee58f786890158fca262d70084', '联动监管', 'govSupervision/toSupervisionList.action?come=1', 'fa fa-circle-o', 3505);

-- 权限
insert into SYS_PRIVILEGE (SYS_PRIVILEGE_ID, SYS_MENU_ID, PRIVILEGE_CODE, PRIVILEGE_NAME, DESCRIPTION, USERS_COUNT, ROLES_COUNT, ALL_USERS_COUNT, DISPLAY_ORDER)
values ('2c93ca81594a34d801594a399f590007', '402894ee58f786890158fc9a3cf20069', 'center.jgsx', '中心端监管事项', null, null, null, null, null);
insert into SYS_PRIVILEGE (SYS_PRIVILEGE_ID, SYS_MENU_ID, PRIVILEGE_CODE, PRIVILEGE_NAME, DESCRIPTION, USERS_COUNT, ROLES_COUNT, ALL_USERS_COUNT, DISPLAY_ORDER)
values ('402894ee58f786890158fc9af1e70071', '402894ee58f786890158fc9a3cf20069', 'center.supervision.list', '中心端联动监管', null, null, null, null, null);
insert into SYS_PRIVILEGE (SYS_PRIVILEGE_ID, SYS_MENU_ID, PRIVILEGE_CODE, PRIVILEGE_NAME, DESCRIPTION, USERS_COUNT, ROLES_COUNT, ALL_USERS_COUNT, DISPLAY_ORDER)
values ('402894ee5943e1ea015943e605f30009', '402894ee58f786890158fc9a3cf20069', 'center.supervision.measure', '中心端监管措施', null, null, null, null, null);
insert into SYS_PRIVILEGE (SYS_PRIVILEGE_ID, SYS_MENU_ID, PRIVILEGE_CODE, PRIVILEGE_NAME, DESCRIPTION, USERS_COUNT, ROLES_COUNT, ALL_USERS_COUNT, DISPLAY_ORDER)
values ('402894ee5925afc9015925b270930007', '402894ee58f786890158fc9a3cf20069', 'center.supervision.operate', '中心端联动监管按钮操作', null, null, null, null, null);
insert into SYS_PRIVILEGE (SYS_PRIVILEGE_ID, SYS_MENU_ID, PRIVILEGE_CODE, PRIVILEGE_NAME, DESCRIPTION, USERS_COUNT, ROLES_COUNT, ALL_USERS_COUNT, DISPLAY_ORDER)
values ('402894f8593f7efb01593f96a66e0011', '402894ee58f786890158fc9a3cf20069', 'center.supvEnterprise.enterListExport', '中心端联动监管企业目录导出', '中心端联动监管企业目录导出', null, null, null, null);
insert into SYS_PRIVILEGE (SYS_PRIVILEGE_ID, SYS_MENU_ID, PRIVILEGE_CODE, PRIVILEGE_NAME, DESCRIPTION, USERS_COUNT, ROLES_COUNT, ALL_USERS_COUNT, DISPLAY_ORDER)
values ('402894f8591b6adf01591f151482003b', '402894ee58f786890158fc9a3cf20069', 'center.supvEnterprise.enterListManage', '中心端联动监管企业目录', '中心端联动监管企业目录', null, null, null, null);
insert into SYS_PRIVILEGE (SYS_PRIVILEGE_ID, SYS_MENU_ID, PRIVILEGE_CODE, PRIVILEGE_NAME, DESCRIPTION, USERS_COUNT, ROLES_COUNT, ALL_USERS_COUNT, DISPLAY_ORDER)
values ('402894f85948764c0159494cc5b6002b', '402894ee58f786890158fc9a3cf20069', 'center.supvEnterprise.executeSupv', '中心端联动监管企业执行监管', '中心端联动监管企业执行监管', null, null, null, null);
insert into SYS_PRIVILEGE (SYS_PRIVILEGE_ID, SYS_MENU_ID, PRIVILEGE_CODE, PRIVILEGE_NAME, DESCRIPTION, USERS_COUNT, ROLES_COUNT, ALL_USERS_COUNT, DISPLAY_ORDER)
values ('402894f8593f57a901593f595f4e000d', '402894ee58f786890158fc9a3cf20069', 'center.supvEnterprise.toView', '中心端联动监管企业详细', 'center.supvEnterprise.toView', null, null, null, null);
insert into SYS_PRIVILEGE (SYS_PRIVILEGE_ID, SYS_MENU_ID, PRIVILEGE_CODE, PRIVILEGE_NAME, DESCRIPTION, USERS_COUNT, ROLES_COUNT, ALL_USERS_COUNT, DISPLAY_ORDER)
values ('2c93ca81594ee71201594eebe1d70007', '402894ee58f786890158fc9a3cf20069', 'common.zxjg', '公用执行监管', null, null, null, null, null);
insert into SYS_PRIVILEGE (SYS_PRIVILEGE_ID, SYS_MENU_ID, PRIVILEGE_CODE, PRIVILEGE_NAME, DESCRIPTION, USERS_COUNT, ROLES_COUNT, ALL_USERS_COUNT, DISPLAY_ORDER)
values ('2c93ca81594f693901594f6b7fac000f', '402894ee58f786890158fca2afc90089', 'common.zxjg.gov', '公用执行监管gov', null, null, null, null, null);
insert into SYS_PRIVILEGE (SYS_PRIVILEGE_ID, SYS_MENU_ID, PRIVILEGE_CODE, PRIVILEGE_NAME, DESCRIPTION, USERS_COUNT, ROLES_COUNT, ALL_USERS_COUNT, DISPLAY_ORDER)
values ('2c93ca81594f693901594f6aad190008', '402894ee58f786890158fca2afc90089', 'gov.jgsx', '政务端监管事项', null, null, null, null, null);
insert into SYS_PRIVILEGE (SYS_PRIVILEGE_ID, SYS_MENU_ID, PRIVILEGE_CODE, PRIVILEGE_NAME, DESCRIPTION, USERS_COUNT, ROLES_COUNT, ALL_USERS_COUNT, DISPLAY_ORDER)
values ('402894ee58f786890158fca467d50094', '402894ee58f786890158fca2afc90089', 'gov.supervision.list', '政务端联动监管', null, null, null, null, null);
insert into SYS_PRIVILEGE (SYS_PRIVILEGE_ID, SYS_MENU_ID, PRIVILEGE_CODE, PRIVILEGE_NAME, DESCRIPTION, USERS_COUNT, ROLES_COUNT, ALL_USERS_COUNT, DISPLAY_ORDER)
values ('402894ee5943e1ea015943e6a2c5000f', '402894ee58f786890158fca2afc90089', 'gov.supervision.measure', '政务端监管措施', null, null, null, null, null);
insert into SYS_PRIVILEGE (SYS_PRIVILEGE_ID, SYS_MENU_ID, PRIVILEGE_CODE, PRIVILEGE_NAME, DESCRIPTION, USERS_COUNT, ROLES_COUNT, ALL_USERS_COUNT, DISPLAY_ORDER)
values ('40287d815939291c0159392fdca10018', '402894ee58f786890158fca2afc90089', 'gov.supervision.operate', '政务端联动监管按钮操作', null, null, null, null, null);
insert into SYS_PRIVILEGE (SYS_PRIVILEGE_ID, SYS_MENU_ID, PRIVILEGE_CODE, PRIVILEGE_NAME, DESCRIPTION, USERS_COUNT, ROLES_COUNT, ALL_USERS_COUNT, DISPLAY_ORDER)
values ('402894f8594e8b5401594e9e84940019', '402894ee58f786890158fca2afc90089', 'gov.supv.addUupv', '政务端联动监管企业目录执行监管', '政务端联动监管企业目录执行监管', null, null, null, null);
insert into SYS_PRIVILEGE (SYS_PRIVILEGE_ID, SYS_MENU_ID, PRIVILEGE_CODE, PRIVILEGE_NAME, DESCRIPTION, USERS_COUNT, ROLES_COUNT, ALL_USERS_COUNT, DISPLAY_ORDER)
values ('402894f8594e8b5401594e9bcc340008', '402894ee58f786890158fca2afc90089', 'gov.supv.enterList', '政务端联动监管企业目录', '政务端联动监管企业目录', null, null, null, null);
insert into SYS_PRIVILEGE (SYS_PRIVILEGE_ID, SYS_MENU_ID, PRIVILEGE_CODE, PRIVILEGE_NAME, DESCRIPTION, USERS_COUNT, ROLES_COUNT, ALL_USERS_COUNT, DISPLAY_ORDER)
values ('402894f8594e8b5401594e9d724c0010', '402894ee58f786890158fca2afc90089', 'gov.supv.supv', '政务端联动监管企业目录按钮操作', '政务端联动监管企业目录执行监管', null, null, null, null);

-- 角色-权限
insert into SYS_ROLE_TO_PRIVILEGE (SYS_ROLE_ID, SYS_PRIVILEGE_ID)
values ('2c90c28158761b550158762482b50015', '2c93ca81594a34d801594a399f590007');
insert into SYS_ROLE_TO_PRIVILEGE (SYS_ROLE_ID, SYS_PRIVILEGE_ID)
values ('2c90c28158761b550158762482b50015', '2c93ca81594ee71201594eebe1d70007');
insert into SYS_ROLE_TO_PRIVILEGE (SYS_ROLE_ID, SYS_PRIVILEGE_ID)
values ('2c90c28158761b550158762482b50015', '402894ee58f786890158fc9af1e70071');
insert into SYS_ROLE_TO_PRIVILEGE (SYS_ROLE_ID, SYS_PRIVILEGE_ID)
values ('2c90c28158761b550158762482b50015', '402894ee5925afc9015925b270930007');
insert into SYS_ROLE_TO_PRIVILEGE (SYS_ROLE_ID, SYS_PRIVILEGE_ID)
values ('2c90c28158761b550158762482b50015', '402894ee5943e1ea015943e605f30009');
insert into SYS_ROLE_TO_PRIVILEGE (SYS_ROLE_ID, SYS_PRIVILEGE_ID)
values ('2c90c28158761b550158762482b50015', '402894f8591b6adf01591f151482003b');
insert into SYS_ROLE_TO_PRIVILEGE (SYS_ROLE_ID, SYS_PRIVILEGE_ID)
values ('2c90c28158761b550158762482b50015', '402894f8593f57a901593f595f4e000d');
insert into SYS_ROLE_TO_PRIVILEGE (SYS_ROLE_ID, SYS_PRIVILEGE_ID)
values ('2c90c28158761b550158762482b50015', '402894f8593f7efb01593f96a66e0011');
insert into SYS_ROLE_TO_PRIVILEGE (SYS_ROLE_ID, SYS_PRIVILEGE_ID)
values ('2c90c28158761b550158762482b50015', '402894f85948764c0159494cc5b6002b');
insert into SYS_ROLE_TO_PRIVILEGE (SYS_ROLE_ID, SYS_PRIVILEGE_ID)
values ('40289454547b159d01547b1efe25000c', '2c93ca81594f693901594f6aad190008');
insert into SYS_ROLE_TO_PRIVILEGE (SYS_ROLE_ID, SYS_PRIVILEGE_ID)
values ('40289454547b159d01547b1efe25000c', '2c93ca81594f693901594f6b7fac000f');
insert into SYS_ROLE_TO_PRIVILEGE (SYS_ROLE_ID, SYS_PRIVILEGE_ID)
values ('40289454547b159d01547b1efe25000c', '40287d815939291c0159392fdca10018');
insert into SYS_ROLE_TO_PRIVILEGE (SYS_ROLE_ID, SYS_PRIVILEGE_ID)
values ('40289454547b159d01547b1efe25000c', '402894ee58f786890158fca467d50094');
insert into SYS_ROLE_TO_PRIVILEGE (SYS_ROLE_ID, SYS_PRIVILEGE_ID)
values ('40289454547b159d01547b1efe25000c', '402894ee5943e1ea015943e6a2c5000f');
insert into SYS_ROLE_TO_PRIVILEGE (SYS_ROLE_ID, SYS_PRIVILEGE_ID)
values ('40289454547b159d01547b1efe25000c', '402894f8594e8b5401594e9bcc340008');
insert into SYS_ROLE_TO_PRIVILEGE (SYS_ROLE_ID, SYS_PRIVILEGE_ID)
values ('40289454547b159d01547b1efe25000c', '402894f8594e8b5401594e9d724c0010');
insert into SYS_ROLE_TO_PRIVILEGE (SYS_ROLE_ID, SYS_PRIVILEGE_ID)
values ('40289454547b159d01547b1efe25000c', '402894f8594e8b5401594e9e84940019');
insert into SYS_ROLE_TO_PRIVILEGE (SYS_ROLE_ID, SYS_PRIVILEGE_ID)
values ('8aa0bef544713ca60144713d364a0000', '2c93ca81594a34d801594a399f590007');
insert into SYS_ROLE_TO_PRIVILEGE (SYS_ROLE_ID, SYS_PRIVILEGE_ID)
values ('8aa0bef544713ca60144713d364a0000', '2c93ca81594ee71201594eebe1d70007');
insert into SYS_ROLE_TO_PRIVILEGE (SYS_ROLE_ID, SYS_PRIVILEGE_ID)
values ('8aa0bef544713ca60144713d364a0000', '2c93ca81594f693901594f6aad190008');
insert into SYS_ROLE_TO_PRIVILEGE (SYS_ROLE_ID, SYS_PRIVILEGE_ID)
values ('8aa0bef544713ca60144713d364a0000', '2c93ca81594f693901594f6b7fac000f');
insert into SYS_ROLE_TO_PRIVILEGE (SYS_ROLE_ID, SYS_PRIVILEGE_ID)
values ('8aa0bef544713ca60144713d364a0000', '40287d815939291c0159392fdca10018');
insert into SYS_ROLE_TO_PRIVILEGE (SYS_ROLE_ID, SYS_PRIVILEGE_ID)
values ('8aa0bef544713ca60144713d364a0000', '402894ee58f786890158fc9af1e70071');
insert into SYS_ROLE_TO_PRIVILEGE (SYS_ROLE_ID, SYS_PRIVILEGE_ID)
values ('8aa0bef544713ca60144713d364a0000', '402894ee58f786890158fca467d50094');
insert into SYS_ROLE_TO_PRIVILEGE (SYS_ROLE_ID, SYS_PRIVILEGE_ID)
values ('8aa0bef544713ca60144713d364a0000', '402894ee5925afc9015925b270930007');
insert into SYS_ROLE_TO_PRIVILEGE (SYS_ROLE_ID, SYS_PRIVILEGE_ID)
values ('8aa0bef544713ca60144713d364a0000', '402894ee5943e1ea015943e605f30009');
insert into SYS_ROLE_TO_PRIVILEGE (SYS_ROLE_ID, SYS_PRIVILEGE_ID)
values ('8aa0bef544713ca60144713d364a0000', '402894ee5943e1ea015943e6a2c5000f');
insert into SYS_ROLE_TO_PRIVILEGE (SYS_ROLE_ID, SYS_PRIVILEGE_ID)
values ('8aa0bef544713ca60144713d364a0000', '402894f8591b6adf01591f151482003b');
insert into SYS_ROLE_TO_PRIVILEGE (SYS_ROLE_ID, SYS_PRIVILEGE_ID)
values ('8aa0bef544713ca60144713d364a0000', '402894f8593f57a901593f595f4e000d');
insert into SYS_ROLE_TO_PRIVILEGE (SYS_ROLE_ID, SYS_PRIVILEGE_ID)
values ('8aa0bef544713ca60144713d364a0000', '402894f8593f7efb01593f96a66e0011');
insert into SYS_ROLE_TO_PRIVILEGE (SYS_ROLE_ID, SYS_PRIVILEGE_ID)
values ('8aa0bef544713ca60144713d364a0000', '402894f85948764c0159494cc5b6002b');
insert into SYS_ROLE_TO_PRIVILEGE (SYS_ROLE_ID, SYS_PRIVILEGE_ID)
values ('8aa0bef544713ca60144713d364a0000', '402894f8594e8b5401594e9bcc340008');
insert into SYS_ROLE_TO_PRIVILEGE (SYS_ROLE_ID, SYS_PRIVILEGE_ID)
values ('8aa0bef544713ca60144713d364a0000', '402894f8594e8b5401594e9d724c0010');
insert into SYS_ROLE_TO_PRIVILEGE (SYS_ROLE_ID, SYS_PRIVILEGE_ID)
values ('8aa0bef544713ca60144713d364a0000', '402894f8594e8b5401594e9e84940019');

COMMIT;

-- 字典项
insert into sys_dictionary_group (ID, GROUP_KEY, GROUP_NAME, DESCRIPTION)
values ('402894ee59445596015944596d370006', 'jgcslb', '监管措施类别', '监管措施类别，对企业执行监管时需要选择的分类');

insert into sys_dictionary (ID, GROUP_ID, DICT_KEY, DICT_VALUE, DICT_ORDER)
values ('2c93ca81594d61b901594d6af693001e', '402894ee59445596015944596d370006', '1', '信用提醒或诚信约谈', null);
insert into sys_dictionary (ID, GROUP_ID, DICT_KEY, DICT_VALUE, DICT_ORDER)
values ('2c93ca81594d61b901594d6af693001c', '402894ee59445596015944596d370006', '2', '减少优惠政策和资金扶持力度', null);
insert into sys_dictionary (ID, GROUP_ID, DICT_KEY, DICT_VALUE, DICT_ORDER)
values ('2c93ca81594d61b901594d6af6920018', '402894ee59445596015944596d370006', '3', '加大优惠政策和资金扶持力度', null);
insert into sys_dictionary (ID, GROUP_ID, DICT_KEY, DICT_VALUE, DICT_ORDER)
values ('2c93ca81594d61b901594d6af693001d', '402894ee59445596015944596d370006', '4', '公示或书面告知', null);
insert into sys_dictionary (ID, GROUP_ID, DICT_KEY, DICT_VALUE, DICT_ORDER)
values ('2c93ca81594d61b901594d6af6930019', '402894ee59445596015944596d370006', '5', '给予荣誉称号，优先评优、评先', null);
insert into sys_dictionary (ID, GROUP_ID, DICT_KEY, DICT_VALUE, DICT_ORDER)
values ('2c93ca81594d61b901594d6af693001b', '402894ee59445596015944596d370006', '6', '撤销荣誉称号，禁止参与评优、评先', null);
insert into sys_dictionary (ID, GROUP_ID, DICT_KEY, DICT_VALUE, DICT_ORDER)
values ('2c93ca81594d61b901594d6af694001f', '402894ee59445596015944596d370006', '7', '限制或取消招标投标活动', null);
insert into sys_dictionary (ID, GROUP_ID, DICT_KEY, DICT_VALUE, DICT_ORDER)
values ('2c93ca81594d61b901594d6af693001a', '402894ee59445596015944596d370006', '8', '严格限制新增项目审批、核准', null);
insert into sys_dictionary (ID, GROUP_ID, DICT_KEY, DICT_VALUE, DICT_ORDER)
values ('2c93ca81594d61b901594d6af6920017', '402894ee59445596015944596d370006', '9', '其他惩戒方式', null);
insert into sys_dictionary (ID, GROUP_ID, DICT_KEY, DICT_VALUE, DICT_ORDER)
values ('2c93ca81594d61b901594d6af6920016', '402894ee59445596015944596d370006', '91', '其他激励方式', null);

COMMIT;
--3rewards-punishments end

--4data-process begin
DROP TABLE DP_WEBSERVICE_LOG CASCADE CONSTRAINTS;
drop table DP_COLLECTION_TASK cascade constraints;
drop table DP_PROCESS_RESULT cascade constraints;
drop table DP_LOGIC_TABLE cascade constraints;
drop table DP_LOGIC_COLUMN cascade constraints;
drop table DP_DATA_SIZE cascade constraints;
drop table DP_RULE cascade constraints;
drop table DP_COLUMN_RULE cascade constraints;
drop table DP_FILE_PARSE_LOG cascade constraints;
drop table DP_MULTI_REPORT_RELATION cascade constraints;
drop table DP_QRTZ_FILE_PARSE cascade constraints;
drop table DP_QRTZ_LOG cascade constraints;
drop table DP_TASK_STATUS_CHANGE_LOG cascade constraints;
drop table DP_UPLOAD_FILE cascade constraints;
drop table ETL_ENTERPRISE_TYPE_CHECKLIST cascade constraints;
drop table ETL_ERROR_CODE cascade constraints;
drop table ETL_INDUSTRY_CODE_CHECKLIST cascade constraints;
drop table ETL_ORGAN_SIGN cascade constraints;
drop table DP_ERROR_UPLOAD_FILE cascade constraints;
drop table DP_SUMMARY_INVALID_DATA cascade constraints;

create table DP_COLLECTION_TASK
(
  id                    VARCHAR2(50) not null,
  task_code             VARCHAR2(50) not null,
  task_name             VARCHAR2(100) not null,
  status                VARCHAR2(2) not null,
  taskbegin_time        DATE not null,
  taskend_time          DATE not null,
  create_time           DATE not null,
  updata_time           DATE,
  task_type             VARCHAR2(2) not null,
  logic_table_id        VARCHAR2(50) not null,
  create_user           VARCHAR2(50),
  update_user           VARCHAR2(50),
  upload_file_count     NUMBER,
  revocation_file_count NUMBER
)
;

comment on table DP_COLLECTION_TASK
  is '数据采集任务记录表';
comment on column DP_COLLECTION_TASK.id
  is '主键id';
comment on column DP_COLLECTION_TASK.task_code
  is '任务编号';
comment on column DP_COLLECTION_TASK.task_name
  is '任务名称';
comment on column DP_COLLECTION_TASK.status
  is '任务状态(0待上报 1待处理 2已处理 3待补充 4延期 5已完成)';
comment on column DP_COLLECTION_TASK.taskbegin_time
  is '任务开始时间';
comment on column DP_COLLECTION_TASK.taskend_time
  is '任务截止时间';
comment on column DP_COLLECTION_TASK.create_time
  is '创建时间';
comment on column DP_COLLECTION_TASK.updata_time
  is '更新时间';
comment on column DP_COLLECTION_TASK.task_type
  is '任务类型（0自动生成 1手工生成）';
comment on column DP_COLLECTION_TASK.logic_table_id
  is '外键（DP_LOGIC_TABLE表主键）';
comment on column DP_COLLECTION_TASK.create_user
  is '创建人';
comment on column DP_COLLECTION_TASK.update_user
  is '更新人';
comment on column DP_COLLECTION_TASK.upload_file_count
  is '上报文件数';
comment on column DP_COLLECTION_TASK.revocation_file_count
  is '撤回文件数';
alter table DP_COLLECTION_TASK
  add constraint PK_DP_COLLECTION_TASK primary key (ID);
alter table DP_COLLECTION_TASK
  add constraint U_DP_COLLECTION_TASK unique (TASK_CODE);

create table DP_PROCESS_RESULT
(
  id           VARCHAR2(50) default sys_guid() not null,
  type         NUMBER,
  process_size NUMBER,
  process_time DATE,
  table_code   VARCHAR2(50),
  ETL_TYPE     VARCHAR2(2),
  TASK_CODE    VARCHAR2(50),
  DEPT_ID      VARCHAR2(50)
)
;
comment on table DP_PROCESS_RESULT
  is '数据处理结果(数据质量统计页面使用)';
comment on column DP_PROCESS_RESULT.id
  is '主键';
comment on column DP_PROCESS_RESULT.type
  is '类别（1：正确，2：错误， 3：更新，4：未关联）';
comment on column DP_PROCESS_RESULT.process_size
  is '处理数据量';
comment on column DP_PROCESS_RESULT.process_time
  is '处理时间';
comment on column DP_PROCESS_RESULT.table_code
  is '目录编码（数据库实体表名）';
comment on column DP_PROCESS_RESULT.ETL_TYPE is
'kettle处理类型（0原始到有效，1有效到业务）';
comment on column DP_PROCESS_RESULT.TASK_CODE is
'批次编号（原任务编号）';
comment on column DP_PROCESS_RESULT.DEPT_ID is
'部门ID';
alter table DP_PROCESS_RESULT
  add primary key (ID);

create table DP_LOGIC_TABLE
(
  id                 VARCHAR2(50) not null,
  code               VARCHAR2(50) not null,
  name               VARCHAR2(100),
  create_id          VARCHAR2(50),
  create_time        DATE,
  update_id          VARCHAR2(50),
  update_time        DATE,
  dept_id            VARCHAR2(50),
  ds_type            NUMBER default 0,
  status             NUMBER default 1,
  mapped_code        VARCHAR2(50),
  task_period        VARCHAR2(20),
  data_category      VARCHAR2(20),
  days               NUMBER,
  table_desc 		 varchar2(2000),
  LOGIC_CLASSIFY_ID  VARCHAR2(50),
  TABLE_SORT         NUMBER(5),
  TEMPLATE_ID        VARCHAR2(50),
  person_Type          VARCHAR2(50)
)
;
 comment on table DP_LOGIC_TABLE
  is '数据目录配置表信息';
comment on column DP_LOGIC_TABLE.id
  is '主键';
comment on column DP_LOGIC_TABLE.code
  is '表名';
comment on column DP_LOGIC_TABLE.name
  is '表注释';
comment on column DP_LOGIC_TABLE.create_id
  is '创建人id';
comment on column DP_LOGIC_TABLE.create_time
  is '创建时间';
comment on column DP_LOGIC_TABLE.update_id
  is '更新人id';
comment on column DP_LOGIC_TABLE.update_time
  is '更新时间';
comment on column DP_LOGIC_TABLE.dept_id
  is '部门ID';
comment on column DP_LOGIC_TABLE.ds_type
  is '数据源类型（0文件、1数据库）';
comment on column DP_LOGIC_TABLE.status
  is '状态（1启用，0禁用）';
comment on column DP_LOGIC_TABLE.mapped_code
  is '映射关联表名（数据源为DB的表名）';
comment on column DP_LOGIC_TABLE.task_period
  is '归集周期(0周 1月 2季度 3半年 4年)';
comment on column DP_LOGIC_TABLE.data_category
  is '数据类别';
comment on column DP_LOGIC_TABLE.days
  is '上报天数';
comment on column DP_LOGIC_TABLE.table_desc
  is '目录描述';
COMMENT ON COLUMN DP_LOGIC_TABLE.LOGIC_CLASSIFY_ID IS
'数据分类ID';
COMMENT ON COLUMN DP_LOGIC_TABLE.TABLE_SORT IS
'目录排序';
COMMENT ON COLUMN DP_LOGIC_TABLE.TEMPLATE_ID IS
'数据目录模板ID';
comment on column  dp_logic_table.PERSON_TYPE  
IS '目录类型，1：自然人 0：法人';
alter table DP_LOGIC_TABLE
  add primary key (ID);

create table DP_LOGIC_COLUMN
(
  id             VARCHAR2(50) not null,
  logic_table_id VARCHAR2(50) not null,
  code           VARCHAR2(50) not null,
  name           VARCHAR2(50),
  type           VARCHAR2(10) not null,
  length         NUMBER(5),
  status         NUMBER default 1,
  mapped_code    VARCHAR2(50),
  is_core        NUMBER,
  is_nullable    NUMBER,
  is_repeat      NUMBER,
  is_update      NUMBER,
  is_search      NUMBER,
  REQUIRED_GROUP VARCHAR2(200),
  POSTIL VARCHAR2(400),
  FIELD_SORT NUMBER(5),
  COMMON_FIELD_ID    VARCHAR2(50)
)
;
comment on table DP_LOGIC_COLUMN
  is '数据目录配置列信息';
comment on column DP_LOGIC_COLUMN.id
  is '主键';
comment on column DP_LOGIC_COLUMN.logic_table_id
  is '外键（dp_logic_table表主键）';
comment on column DP_LOGIC_COLUMN.code
  is '列名';
comment on column DP_LOGIC_COLUMN.name
  is '列注释';
comment on column DP_LOGIC_COLUMN.type
  is '列在数据库中的类型（VARCHAR2/NUMBER/DATE）';
comment on column DP_LOGIC_COLUMN.length
  is '列在数据库中的长度';
comment on column DP_LOGIC_COLUMN.status
  is '状态（1启用，0禁用）';
comment on column DP_LOGIC_COLUMN.mapped_code
  is '映射关联的数据源中指定的列';
comment on column DP_LOGIC_COLUMN.is_core
  is '是否是核心项';
comment on column DP_LOGIC_COLUMN.is_nullable
  is '是否允许为空（0否，1允许）';
comment on column DP_LOGIC_COLUMN.is_repeat
  is '是否去重字段（0否，1是）';
comment on column DP_LOGIC_COLUMN.is_update
  is '是否是更新字段（0否，1是）';
comment on column DP_LOGIC_COLUMN.is_search
  is '是否是查询字段（0否，1是）';
comment on column DP_LOGIC_COLUMN.REQUIRED_GROUP
  is '组（多选一）';
comment on column DP_LOGIC_COLUMN.POSTIL
  is '批注';
comment on column DP_LOGIC_COLUMN.FIELD_SORT
  is '排序';
COMMENT ON COLUMN DP_LOGIC_COLUMN.COMMON_FIELD_ID IS
'公共指标ID';

alter table DP_LOGIC_COLUMN
  add primary key (ID);
alter table DP_LOGIC_COLUMN
  add foreign key (LOGIC_TABLE_ID)
  references DP_LOGIC_TABLE (ID) on delete cascade;

create table DP_DATA_SIZE
(
  id             VARCHAR2(50) default sys_guid() not null,
  dept_id        VARCHAR2(50) not null,
  logic_table_id VARCHAR2(50) not null,
  table_version_id VARCHAR2(50),
  success_size   NUMBER,
  fail_size      NUMBER,
  all_size       NUMBER,
  task_code      VARCHAR2(50) not null,
  create_time    DATE not null
)
;
comment on table DP_DATA_SIZE
  is '本次操作数据入库量';
comment on column DP_DATA_SIZE.id
  is '主键';
comment on column DP_DATA_SIZE.dept_id
  is '部门ID';
comment on column DP_DATA_SIZE.logic_table_id
  is '逻辑表id';
comment on column dp_data_size.table_version_id
  is '外键（DP_TABLE_VERSION表主键）';
comment on column DP_DATA_SIZE.success_size
  is '本次操作入库数据量';
comment on column DP_DATA_SIZE.fail_size
  is '本次操作错误数据量';
comment on column DP_DATA_SIZE.all_size
  is '本次操作合计数据量';
comment on column DP_DATA_SIZE.task_code
  is '任务code';
comment on column DP_DATA_SIZE.create_time
  is '创建时间';
alter table DP_DATA_SIZE
  add primary key (ID);

create table DP_RULE
(
  id          VARCHAR2(50) not null,
  pattern     VARCHAR2(600),
  msg         VARCHAR2(600),
  create_id   VARCHAR2(50),
  create_time DATE,
  update_id   VARCHAR2(50),
  update_time DATE,
  rulename    VARCHAR2(600)
)
;
comment on table DP_RULE
  is '字段校验规则表';
comment on column DP_RULE.id
  is '主键';
comment on column DP_RULE.pattern
  is '规则(正则表达式)';
comment on column DP_RULE.msg
  is '提示消息';
comment on column DP_RULE.create_id
  is '创建人';
comment on column DP_RULE.create_time
  is '创建时间';
comment on column DP_RULE.update_id
  is '更新人';
comment on column DP_RULE.update_time
  is '更新时间';
comment on column DP_RULE.rulename
  is '规则名称';
alter table DP_RULE
  add primary key (ID);

insert into dp_rule (ID, PATTERN, MSG, CREATE_ID, CREATE_TIME, UPDATE_ID, UPDATE_TIME, RULENAME)
values ('40288c81611b845e01611b8dfb8a000b', '[a-zA-Z0-9]{8}[a-zA-Z0-9]', '请输入正确的组织机构代码!', '8aa0bef8446c32a301446c409a950002', to_date('22-01-2018 09:49:05', 'dd-mm-yyyy hh24:mi:ss'), '8aa0bef8446c32a301446c409a950002', to_date('22-01-2018 09:51:17', 'dd-mm-yyyy hh24:mi:ss'), '组织机构代码');

insert into dp_rule (ID, PATTERN, MSG, CREATE_ID, CREATE_TIME, UPDATE_ID, UPDATE_TIME, RULENAME)
values ('40288c81611b845e01611b8e7fa9000d', '^普通$|^特许$|^认可$|^核准$|^登记$|^其他$', '请输入正确的审批类别!', '8aa0bef8446c32a301446c409a950002', to_date('22-01-2018 09:49:39', 'dd-mm-yyyy hh24:mi:ss'), '8aa0bef8446c32a301446c409a950002', to_date('22-01-2018 09:51:12', 'dd-mm-yyyy hh24:mi:ss'), '审批类别');

insert into dp_rule (ID, PATTERN, MSG, CREATE_ID, CREATE_TIME, UPDATE_ID, UPDATE_TIME, RULENAME)
values ('40288c81611b845e01611b8ed2d6000f', '^\d{6}$', '请输入正确的地方编码!', '8aa0bef8446c32a301446c409a950002', to_date('22-01-2018 09:50:00', 'dd-mm-yyyy hh24:mi:ss'), '8aa0bef8446c32a301446c409a950002', to_date('22-01-2018 09:51:08', 'dd-mm-yyyy hh24:mi:ss'), '地方编码');

insert into dp_rule (ID, PATTERN, MSG, CREATE_ID, CREATE_TIME, UPDATE_ID, UPDATE_TIME, RULENAME)
values ('40288c81611b845e01611b8f3a350011', '^[0-3]$', '请输入正确的当前状态!', '8aa0bef8446c32a301446c409a950002', to_date('22-01-2018 09:50:26', 'dd-mm-yyyy hh24:mi:ss'), '8aa0bef8446c32a301446c409a950002', to_date('22-01-2018 09:51:03', 'dd-mm-yyyy hh24:mi:ss'), '当前状态');

insert into dp_rule (ID, PATTERN, MSG, CREATE_ID, CREATE_TIME, UPDATE_ID, UPDATE_TIME, RULENAME)
values ('40288c81611b845e01611b8fba720013', '^[0-2]$', '请输入正确的使用范围!', '8aa0bef8446c32a301446c409a950002', to_date('22-01-2018 09:50:59', 'dd-mm-yyyy hh24:mi:ss'), '', null, '信息使用范围');

insert into dp_rule (ID, PATTERN, MSG, CREATE_ID, CREATE_TIME, UPDATE_ID, UPDATE_TIME, RULENAME)
values ('40288c81611b845e01611b90837b0019', '^[0-3]$', '请输入正确的失信严重程度！', '8aa0bef8446c32a301446c409a950002', to_date('22-01-2018 09:51:51', 'dd-mm-yyyy hh24:mi:ss'), '', null, '失信严重程度');

insert into dp_rule (ID, PATTERN, MSG, CREATE_ID, CREATE_TIME, UPDATE_ID, UPDATE_TIME, RULENAME)
values ('40288c81611b845e01611b90e510001b', '^警告$|^罚款$|^没收违法所得、没收非法财物$|^责令停产停业$|^暂扣或者吊销许可证、暂扣或者吊销执照$|^行政拘留$|^其他$', '请输入正确的处罚类别！', '8aa0bef8446c32a301446c409a950002', to_date('22-01-2018 09:52:16', 'dd-mm-yyyy hh24:mi:ss'), '', null, '处罚类别');

insert into dp_rule (ID, PATTERN, MSG, CREATE_ID, CREATE_TIME, UPDATE_ID, UPDATE_TIME, RULENAME)
values ('40288c81611b845e01611b914215001d', '^[1-9A-GY]{1}[1239]{1}[1-5]{1}[0-9]{5}[0-9A-HJ-NPQRTUWXY]{10}$', '请输入正确的统一社会信用代码！', '8aa0bef8446c32a301446c409a950002', to_date('22-01-2018 09:52:39', 'dd-mm-yyyy hh24:mi:ss'), '', null, '统一社会信用代码');

insert into dp_rule (ID, PATTERN, MSG, CREATE_ID, CREATE_TIME, UPDATE_ID, UPDATE_TIME, RULENAME)
values ('40288c81611b845e01611b91eb84001f', '/^[A-Z0-9]{15}$|^[A-Z0-9]{17}$|^[A-Z0-9]{18}$|^[A-Z0-9]{20}$/', '请输入正确的纳税人识别号！', '8aa0bef8446c32a301446c409a950002', to_date('22-01-2018 09:53:23', 'dd-mm-yyyy hh24:mi:ss'), '8aa0bef8446c32a301446c409a950002', to_date('22-01-2018 10:01:26', 'dd-mm-yyyy hh24:mi:ss'), '纳税人识别号');

insert into dp_rule (ID, PATTERN, MSG, CREATE_ID, CREATE_TIME, UPDATE_ID, UPDATE_TIME, RULENAME)
values ('40288c81611b845e01611b923c7b0021', '^\d{4}(\-|\/|\.)\d{1,2}\1\d{1,2}$', '请输入正确的日期格式！', '8aa0bef8446c32a301446c409a950002', to_date('22-01-2018 09:53:44', 'dd-mm-yyyy hh24:mi:ss'), '', null, '日期');

insert into dp_rule (ID, PATTERN, MSG, CREATE_ID, CREATE_TIME, UPDATE_ID, UPDATE_TIME, RULENAME)
values ('40288c81611b845e01611b9288470023', '^\d{15}$', '请输入正确的工商注册号！', '8aa0bef8446c32a301446c409a950002', to_date('22-01-2018 09:54:03', 'dd-mm-yyyy hh24:mi:ss'), '', null, '工商注册号');

insert into dp_rule (ID, PATTERN, MSG, CREATE_ID, CREATE_TIME, UPDATE_ID, UPDATE_TIME, RULENAME)
values ('402894ee58d889d40158dbf83b8e0030', '^(\d{1,2}|1\d\d|2[0-4]\d|25[0-5])\.(\d{1,2}|1\d\d|2[0-4]\d|25[0-5])\.(\d{1,2}|1\d\d|2[0-4]\d|25[0-5])\.(\d{1,2}|1\d\d|2[0-4]\d|25[0-5])$', '请输入正确的IP地址！', '8aa0bef8446c32a301446c409a950002', to_date('08-12-2016 09:07:08', 'dd-mm-yyyy hh24:mi:ss'), '8aa0bef8446c32a301446c409a950002', to_date('22-01-2018 09:45:48', 'dd-mm-yyyy hh24:mi:ss'), 'IP地址');

insert into dp_rule (ID, PATTERN, MSG, CREATE_ID, CREATE_TIME, UPDATE_ID, UPDATE_TIME, RULENAME)
values ('402894ee58d889d40158dbf70821002e', '^[男女]$', '请输入男或女！', '8aa0bef8446c32a301446c409a950002', to_date('08-12-2016 09:05:49', 'dd-mm-yyyy hh24:mi:ss'), '8aa0bef8446c32a301446c409a950002', to_date('12-12-2016 14:55:03', 'dd-mm-yyyy hh24:mi:ss'), '性别');

insert into dp_rule (ID, PATTERN, MSG, CREATE_ID, CREATE_TIME, UPDATE_ID, UPDATE_TIME, RULENAME)
values ('402894ee58d889d40158dbf7898e002f', '^[a-zA-Z0-9_@#$%^&*-]{6,18}$', '该输入项由6-18位的字母、数字、特殊字符组成！', '8aa0bef8446c32a301446c409a950002', to_date('08-12-2016 09:06:22', 'dd-mm-yyyy hh24:mi:ss'), '8aa0bef8446c32a301446c409a950002', to_date('22-01-2018 09:46:30', 'dd-mm-yyyy hh24:mi:ss'), '用户名密码等');

insert into dp_rule (ID, PATTERN, MSG, CREATE_ID, CREATE_TIME, UPDATE_ID, UPDATE_TIME, RULENAME)
values ('402894ee58d889d40158dbf8b76a0031', '^((0\d{2,3}-\d{7,8})|(1[345789]\d{9}))$', '固定电话或手机号码如0512-12345678或13012345678', '8aa0bef8446c32a301446c409a950002', to_date('08-12-2016 09:07:40', 'dd-mm-yyyy hh24:mi:ss'), '8aa0bef8446c32a301446c409a950002', to_date('22-01-2018 09:46:52', 'dd-mm-yyyy hh24:mi:ss'), '固话或移动电话');

insert into dp_rule (ID, PATTERN, MSG, CREATE_ID, CREATE_TIME, UPDATE_ID, UPDATE_TIME, RULENAME)
values ('402894ee58d889d40158dbf8e7cc0032', '^1[345789]\d{9}$', '请输入正确的手机号码！', '8aa0bef8446c32a301446c409a950002', to_date('08-12-2016 09:07:52', 'dd-mm-yyyy hh24:mi:ss'), '8aa0bef8446c32a301446c409a950002', to_date('22-01-2018 09:47:20', 'dd-mm-yyyy hh24:mi:ss'), '手机号码');

insert into dp_rule (ID, PATTERN, MSG, CREATE_ID, CREATE_TIME, UPDATE_ID, UPDATE_TIME, RULENAME)
values ('402894ee58f734300158f73aaaaa0008', '%', '%', '8aa0bef8446c32a301446c409a950002', to_date('13-12-2016 16:09:26', 'dd-mm-yyyy hh24:mi:ss'), '8aa0bef8446c32a301446c409a950002', to_date('13-12-2016 16:29:24', 'dd-mm-yyyy hh24:mi:ss'), '%');

commit;



create table DP_COLUMN_RULE
(
  id        VARCHAR2(50) not null,
  column_id VARCHAR2(50) not null,
  rule_id   VARCHAR2(50) not null,
  column_version_config_id   VARCHAR2(50) not null
)
;
comment on table DP_COLUMN_RULE
  is '字段规则关系表';
comment on column DP_COLUMN_RULE.id
  is '主键';
comment on column DP_COLUMN_RULE.column_id
  is '字段ID';
comment on column DP_COLUMN_RULE.rule_id
  is '规则ID';
comment on column DP_COLUMN_RULE.column_version_config_id
  is '外键（DP_COLUMN_VERSION_CONFIG表主键）';
alter table DP_COLUMN_RULE
  add primary key (ID);


create table DP_FILE_PARSE_LOG
(
  id          VARCHAR2(50) not null,
  file_path   VARCHAR2(250) not null,
  task_code   VARCHAR2(50) not null,
  type        VARCHAR2(1) not null,
  create_time DATE not null,
  create_user VARCHAR2(50)
)
;
comment on table DP_FILE_PARSE_LOG
  is '数据文件解析入库日志表（暂不使用）';
comment on column DP_FILE_PARSE_LOG.id
  is '主键';
comment on column DP_FILE_PARSE_LOG.file_path
  is '文件路径';
comment on column DP_FILE_PARSE_LOG.task_code
  is '任务编号';
comment on column DP_FILE_PARSE_LOG.type
  is '日志类型（0成功，1失败,2文件不存在）';
comment on column DP_FILE_PARSE_LOG.create_time
  is '创建时间（解析时间）';
comment on column DP_FILE_PARSE_LOG.create_user
  is '创建人';
alter table DP_FILE_PARSE_LOG
  add constraint PK_DP_FILE_PARSE_LOG primary key (ID);

create table DP_MULTI_REPORT_RELATION
(
  id              VARCHAR2(50) not null,
  first_record_id VARCHAR2(50) not null,
  multi_record_id VARCHAR2(50) not null,
  insert_time     TIMESTAMP(0) not null
)
;
comment on table DP_MULTI_REPORT_RELATION
  is '记录多次上报关系表';
comment on column DP_MULTI_REPORT_RELATION.id
  is '主键id';
comment on column DP_MULTI_REPORT_RELATION.first_record_id
  is '首次上报记录的主键id';
comment on column DP_MULTI_REPORT_RELATION.multi_record_id
  is '非首次上报记录的主键id';
comment on column DP_MULTI_REPORT_RELATION.insert_time
  is '非首次上报记录插入时间';
alter table DP_MULTI_REPORT_RELATION
  add constraint PK_DP_MULTI_REPORT_RELATION primary key (ID);

create table DP_QRTZ_FILE_PARSE
(
  id                        VARCHAR2(50) not null,
  task_code                 VARCHAR2(50) not null,
  task_name                 VARCHAR2(250) not null,
  file_path                 VARCHAR2(250) not null,
  table_code                VARCHAR2(50) not null,
  dept_code                 VARCHAR2(50) not null,
  login_table_id            VARCHAR2(50) not null,
  table_version_id            VARCHAR2(50),
  table_column_code         VARCHAR2(4000) not null,
  create_time               DATE not null,
  create_user               VARCHAR2(50),
  file_name                 VARCHAR2(250) not null,
  dept_name                 VARCHAR2(250),
  status                    INTEGER default 0,
  parse_time_start          DATE,
  parse_time_end            DATE,
  parse_cnt_success         INTEGER default 0,
  parse_cnt_fail            INTEGER default 0,
  file_storage_host_name    VARCHAR2(2000),
  file_storage_host_address VARCHAR2(2000),
  file_parse_host_name      VARCHAR2(2000),
  file_parse_host_address   VARCHAR2(2000)
);
comment on table DP_QRTZ_FILE_PARSE
  is '数据上报文件定时解析表';
comment on column DP_QRTZ_FILE_PARSE.id
  is '主键';
comment on column DP_QRTZ_FILE_PARSE.task_code
  is '任务编号';
comment on column DP_QRTZ_FILE_PARSE.task_name
  is '任务名称（也是表名的注释）';
comment on column DP_QRTZ_FILE_PARSE.file_path
  is '要解析的文件路径';
comment on column DP_QRTZ_FILE_PARSE.table_code
  is '表名编码';
comment on column DP_QRTZ_FILE_PARSE.dept_code
  is '部门编码';
comment on column DP_QRTZ_FILE_PARSE.login_table_id
  is '外键（关联DP_LOGIN_TABLE主键id）';
comment on column dp_qrtz_file_parse.table_version_id
  is '外键（DP_TABLE_VERSION表主键）';
comment on column DP_QRTZ_FILE_PARSE.table_column_code
  is '表字段编码（多个之间用逗号隔开）';
comment on column DP_QRTZ_FILE_PARSE.create_time
  is '创建时间';
comment on column DP_QRTZ_FILE_PARSE.create_user
  is '创建人id';
comment on column DP_QRTZ_FILE_PARSE.file_name
  is '原始文件名';
comment on column DP_QRTZ_FILE_PARSE.dept_name
  is '部门名称';
comment on column DP_QRTZ_FILE_PARSE.status
  is '0：待解析，1：解析中，2：解析成功，3：解析失败，4：文件不存在';
comment on column DP_QRTZ_FILE_PARSE.parse_time_start
  is '解析开始时间';
comment on column DP_QRTZ_FILE_PARSE.parse_time_end
  is '解析结束时间';
comment on column DP_QRTZ_FILE_PARSE.parse_cnt_success
  is '解析成功数据量';
comment on column DP_QRTZ_FILE_PARSE.parse_cnt_fail
  is '解析失败数据量';
comment on column DP_QRTZ_FILE_PARSE.file_storage_host_name
  is '文件存放主机名称';
comment on column DP_QRTZ_FILE_PARSE.file_storage_host_address
  is '文件存放主机地址';
comment on column DP_QRTZ_FILE_PARSE.file_parse_host_name
  is '文件解析主机名称';
comment on column DP_QRTZ_FILE_PARSE.file_parse_host_address
  is '文件解析主机地址';
alter table DP_QRTZ_FILE_PARSE
  add constraint PK_DP_QRTZ_FILE_PARSE primary key (ID);

create table DP_QRTZ_LOG
(
  jobname    VARCHAR2(200) not null,
  jobdesc    VARCHAR2(500) not null,
  status     VARCHAR2(1),
  createtime DATE
)
;
comment on table DP_QRTZ_LOG
  is '定时任务执行记录表';
comment on column DP_QRTZ_LOG.jobname
  is '定时任务名';
comment on column DP_QRTZ_LOG.jobdesc
  is '定时任务描述';
comment on column DP_QRTZ_LOG.status
  is '执行状态（1开始 2结束 3异常）';
comment on column DP_QRTZ_LOG.createtime
  is '创建时间';

create table DP_TASK_STATUS_CHANGE_LOG
(
  id          VARCHAR2(50) not null,
  status      VARCHAR2(2) not null,
  taskcode    VARCHAR2(50) not null,
  create_time DATE not null,
  create_user VARCHAR2(50) not null
)
;
comment on table DP_TASK_STATUS_CHANGE_LOG
  is '采集任务状态变更日志表';
comment on column DP_TASK_STATUS_CHANGE_LOG.id
  is '主键';
comment on column DP_TASK_STATUS_CHANGE_LOG.status
  is '变更的状态';
comment on column DP_TASK_STATUS_CHANGE_LOG.taskcode
  is '任务编号';
comment on column DP_TASK_STATUS_CHANGE_LOG.create_time
  is '变更时间';
comment on column DP_TASK_STATUS_CHANGE_LOG.create_user
  is '变更人';
alter table DP_TASK_STATUS_CHANGE_LOG
  add constraint PK_DP_TASK_STATUS_CHANGE_LOG primary key (ID);

create table DP_UPLOAD_FILE
(
  id            VARCHAR2(50) not null,
  file_name     VARCHAR2(200),
  file_path     VARCHAR2(200),
  file_type     VARCHAR2(50),
  create_date   DATE,
  create_user   VARCHAR2(50),
  TASK_CODE   VARCHAR2(50),
  file_realname VARCHAR2(200),
  status        VARCHAR2(50)
)
;
comment on table DP_UPLOAD_FILE
  is '数据文件上传记录表（暂不使用）';
comment on column DP_UPLOAD_FILE.id
  is '主键';
comment on column DP_UPLOAD_FILE.file_name
  is '原始文件名';
comment on column DP_UPLOAD_FILE.file_path
  is '服务器文件路径';
comment on column DP_UPLOAD_FILE.file_type
  is '文件类型';
comment on column DP_UPLOAD_FILE.create_date
  is '创建日期';
comment on column DP_UPLOAD_FILE.create_user
  is '创建者';
comment on column DP_UPLOAD_FILE.TASK_CODE
  is '批次编号';
comment on column DP_UPLOAD_FILE.file_realname
  is '服务器文件名';
comment on column DP_UPLOAD_FILE.status
  is '文件状态（0：未解析 1：解析成功 2：有错误数据  9：已删除）,预留字段暂未启用';
alter table DP_UPLOAD_FILE
  add constraint PK_DP_UPLOAD_FILE primary key (ID);

  create table ETL_ENTERPRISE_TYPE_CHECKLIST
(
  old_qylxdm VARCHAR2(50),
  old_qylxmc VARCHAR2(250),
  qylxdm     VARCHAR2(50),
  qylxmc     VARCHAR2(250)
)
;
comment on table ETL_ENTERPRISE_TYPE_CHECKLIST
  is '数据清洗企业类型对照表';
comment on column ETL_ENTERPRISE_TYPE_CHECKLIST.old_qylxdm
  is '原企业类型代码';
comment on column ETL_ENTERPRISE_TYPE_CHECKLIST.old_qylxmc
  is '原企业类型名称';
comment on column ETL_ENTERPRISE_TYPE_CHECKLIST.qylxdm
  is '匹配后企业类型代码';
comment on column ETL_ENTERPRISE_TYPE_CHECKLIST.qylxmc
  is '匹配后企业类型名称';

  create table ETL_ERROR_CODE
(
  id          VARCHAR2(50) default sys_guid() not null,
  error_code  VARCHAR2(250) not null,
  error_desc  VARCHAR2(2000) not null,
  create_time DATE,
  error_order number
)
;
comment on table ETL_ERROR_CODE
  is 'ETL处理错误码';
comment on column ETL_ERROR_CODE.id
  is '主键';
comment on column ETL_ERROR_CODE.error_code
  is '错误码';
comment on column ETL_ERROR_CODE.error_desc
  is '错误描述';
comment on column ETL_ERROR_CODE.create_time
  is '创建时间';
comment on column ETL_ERROR_CODE.error_order
  is '顺序';
alter table ETL_ERROR_CODE
  add constraint PK_ETL_ERROR_CODE primary key (ID);

  create table ETL_INDUSTRY_CODE_CHECKLIST
(
  old_industry_name VARCHAR2(250) not null,
  industry_code     VARCHAR2(50),
  industry_name     VARCHAR2(250)
)
;
comment on table ETL_INDUSTRY_CODE_CHECKLIST
  is '数据清洗行业代码对照表';
comment on column ETL_INDUSTRY_CODE_CHECKLIST.old_industry_name
  is '原行业代码名称';
comment on column ETL_INDUSTRY_CODE_CHECKLIST.industry_code
  is '匹配后行业代码';
comment on column ETL_INDUSTRY_CODE_CHECKLIST.industry_name
  is '匹配后行业名称';
alter table ETL_INDUSTRY_CODE_CHECKLIST
  add primary key (OLD_INDUSTRY_NAME);

  create table ETL_ORGAN_SIGN
(
  id          VARCHAR2(50) default sys_guid() not null,
  zzjgdm      VARCHAR2(200),
  jgqc        VARCHAR2(2500),
  gszch       VARCHAR2(200),
  tyshxydm    VARCHAR2(200),
  create_time DATE,
  fzrq        VARCHAR2(20),
  hzrq        VARCHAR2(20)
)
;
comment on table ETL_ORGAN_SIGN
  is 'ETL数据清洗企业标识补全表';
comment on column ETL_ORGAN_SIGN.id
  is '主键';
comment on column ETL_ORGAN_SIGN.zzjgdm
  is '组织机构代码';
comment on column ETL_ORGAN_SIGN.jgqc
  is '机构全称中文';
comment on column ETL_ORGAN_SIGN.gszch
  is '工商注册号（单位注册号）';
comment on column ETL_ORGAN_SIGN.tyshxydm
  is '统一社会信用代码';
comment on column ETL_ORGAN_SIGN.create_time
  is '创建时间';
comment on column ETL_ORGAN_SIGN.fzrq
  is '发证日期';
comment on column ETL_ORGAN_SIGN.hzrq
  is '核准日期';
alter table ETL_ORGAN_SIGN
  add constraint PK_ETL_ORGAN_SIGN primary key (ID);

-- 中间表增加索引
create index FK_ETL_GSZCH on ETL_ORGAN_SIGN (GSZCH);
create index FK_ETL_TYSHXYDM on ETL_ORGAN_SIGN (TYSHXYDM);
create index FK_ETL_ZZJGDM on ETL_ORGAN_SIGN (ZZJGDM);

CREATE TABLE DP_ERROR_UPLOAD_FILE
(
  ID VARCHAR2(50) NOT NULL,
  FILE_NAME      VARCHAR2(200),
  FILE_PATH      VARCHAR2(200),
  TASK_CODE      VARCHAR2(50),
  DEPT_CODE      VARCHAR2(50),
  LOGIC_TABLE_ID VARCHAR2(50),
  CREATE_USER   VARCHAR2(50),
  CREATE_DATE    DATE,
  PRIMARY KEY (ID)
);
COMMENT ON TABLE  DP_ERROR_UPLOAD_FILE IS '错误记录表';
COMMENT ON COLUMN DP_ERROR_UPLOAD_FILE.ID IS '主键ID';
COMMENT ON COLUMN DP_ERROR_UPLOAD_FILE.FILE_NAME IS '错误文件名称';
COMMENT ON COLUMN DP_ERROR_UPLOAD_FILE.FILE_PATH IS '错误文件路径';
COMMENT ON COLUMN DP_ERROR_UPLOAD_FILE.TASK_CODE IS '任务编号';
COMMENT ON COLUMN DP_ERROR_UPLOAD_FILE.LOGIC_TABLE_ID IS 'dp_logic_table的主键';
COMMENT ON COLUMN DP_ERROR_UPLOAD_FILE.DEPT_CODE IS '部门编码';
COMMENT ON COLUMN DP_ERROR_UPLOAD_FILE.CREATE_USER IS '创建用户';
COMMENT ON COLUMN DP_ERROR_UPLOAD_FILE.CREATE_DATE IS '记录时间';

CREATE TABLE DP_SUMMARY_INVALID_DATA
(
   ID VARCHAR2(50) NOT NULL, 
   DATA_SOURCE VARCHAR2(2), 
   STATUS VARCHAR2(2), 
   CREATE_TIME DATE,
   INVALID_SIZE  number,
   DEPT_ID VARCHAR2(50),
   LOGIC_TABLE_ID VARCHAR2(50),
   TABLE_VERSION_ID VARCHAR2(50),
   TASK_CODE VARCHAR2(50)
);

comment on table DP_SUMMARY_INVALID_DATA
  is '疑问数据按部门和目录汇总表';
comment on column DP_SUMMARY_INVALID_DATA.ID
  is '主键';
comment on column DP_SUMMARY_INVALID_DATA.DATA_SOURCE
  is '数据源,0:文件解析 1:原始库 2:有效库 ';
comment on column DP_SUMMARY_INVALID_DATA.STATUS
  is '状态（表示该条无效数据是否进行过后续的处理，0未处理，1已处理，2已忽略，4已修改） ';
comment on column DP_SUMMARY_INVALID_DATA.CREATE_TIME
  is '创建时间';
comment on column DP_SUMMARY_INVALID_DATA.INVALID_SIZE
  is '疑问数据量';
comment on column DP_SUMMARY_INVALID_DATA.DEPT_ID
  is '部门id';
comment on column DP_SUMMARY_INVALID_DATA.LOGIC_TABLE_ID
  is '目录id';
comment on column DP_SUMMARY_INVALID_DATA.table_version_id
  is '版本ID（DP_TABLE_VERSION表主键）';
comment on column DP_SUMMARY_INVALID_DATA.TASK_CODE
  is '任务编号';

  
drop sequence SQ_RWBH;
-- Create sequence
create sequence SQ_RWBH
minvalue 1
maxvalue 99999999999999999
start with 2
increment by 1
nocache;

CREATE TABLE DP_WEBSERVICE_LOG (
  ID VARCHAR(50) NOT NULL,
  TASK_CODE VARCHAR(50) DEFAULT NULL,
  URL VARCHAR(200) DEFAULT NULL,
  IP VARCHAR(100) DEFAULT NULL,
  REQUEST_TIME DATE DEFAULT NULL,
  USER_NAME VARCHAR(50) DEFAULT NULL,
  JSON_BODY CLOB,
  ERROR_CODE VARCHAR(50) DEFAULT NULL,
  ERROR_MSG VARCHAR(200) DEFAULT NULL,
  LOG_TYPE CHAR(1) DEFAULT NULL,
  PRIMARY KEY (ID)
);
comment on table DP_WEBSERVICE_LOG
  is 'ETL数据清洗企业标识补全表';
comment on column DP_WEBSERVICE_LOG.ID
  is '主键';
comment on column DP_WEBSERVICE_LOG.TASK_CODE
  is '上报记录编号';
comment on column DP_WEBSERVICE_LOG.URL
  is '调用接口类';
comment on column DP_WEBSERVICE_LOG.IP
  is '调用端的ip';
comment on column DP_WEBSERVICE_LOG.REQUEST_TIME
  is '接口调用时间';
comment on column DP_WEBSERVICE_LOG.USER_NAME
  is '接口调用用户';
comment on column DP_WEBSERVICE_LOG.JSON_BODY
  is '接口调用参数详细信息';
comment on column DP_WEBSERVICE_LOG.ERROR_CODE
  is '错误码';
  comment on column DP_WEBSERVICE_LOG.ERROR_MSG
  is '错误描述';
comment on column DP_WEBSERVICE_LOG.LOG_TYPE
  is '日志类型（调动成功or失败0：成功；1：失败）';

-- 任务量统计、数据量统计、数据质量统计
insert into SYS_MENU (sys_menu_id, parent_id, menu_name, menu_url, menu_icon, display_order)
values ('2c90c281588489c001588588c7df006c', 'ROOT_1', '统计分析', null, 'icon-pie-chart', 32);

insert into SYS_MENU (sys_menu_id, parent_id, menu_name, menu_url, menu_icon, display_order)
values ('2c90c281588489c00158858932fa0071', '2c90c281588489c001588588c7df006c', '数据采集统计', null, 'icon-bar-chart', 3200);

insert into SYS_MENU (sys_menu_id, parent_id, menu_name, menu_url, menu_icon, display_order)
values ('2c90c281588489c00158858b7c60007b', '2c90c281588489c00158858932fa0071', '数据量统计', 'dataSize/dataSize.action', 'fa fa-circle-o', 320005);
insert into SYS_MENU (sys_menu_id, parent_id, menu_name, menu_url, menu_icon, display_order)
values ('2c90c281588489c00158858be7b00080', '2c90c281588489c00158858932fa0071', '数据质量统计', 'dataQuality/dataQuality.action', 'fa fa-circle-o', 320010);

insert into SYS_PRIVILEGE (sys_privilege_id, sys_menu_id, privilege_code, privilege_name, description, users_count, roles_count, all_users_count, display_order)
values ('2c90c281588489c00158858c99bc008f', '2c90c281588489c00158858be7b00080', 'statisAnalyze.dataQuality', '数据质量统计', null, null, null, null, null);
insert into SYS_PRIVILEGE (sys_privilege_id, sys_menu_id, privilege_code, privilege_name, description, users_count, roles_count, all_users_count, display_order)
values ('2c90c281588489c00158858cdace0099', '2c90c281588489c00158858b7c60007b', 'statisAnalyze.dataSize', '数据量统计', null, null, null, null, null);

insert into SYS_ROLE_TO_PRIVILEGE (sys_role_id, sys_privilege_id)
values ('2c90c28158761b550158762482b50015', '2c90c281588489c00158858c99bc008f');
insert into SYS_ROLE_TO_PRIVILEGE (sys_role_id, sys_privilege_id)
values ('2c90c28158761b550158762482b50015', '2c90c281588489c00158858cdace0099');
insert into SYS_ROLE_TO_PRIVILEGE (sys_role_id, sys_privilege_id)
values ('8aa0bef544713ca60144713d364a0000', '2c90c281588489c00158858c99bc008f');
insert into SYS_ROLE_TO_PRIVILEGE (sys_role_id, sys_privilege_id)
values ('8aa0bef544713ca60144713d364a0000', '2c90c281588489c00158858cdace0099');

commit;

-- '数据上报', '历史任务', '数据管理', '目录配置', '任务查询', '字段规则管理'
insert into SYS_MENU (SYS_MENU_ID, PARENT_ID, MENU_NAME, MENU_URL, MENU_ICON, DISPLAY_ORDER)
values ('2c90c28158757420015875a8d3f20089', '2c90c281587574200158759d3ced0062', '征集目录管理', 'schema/schemaList.action', 'fa fa-circle-o', 2505);

insert into SYS_MENU (SYS_MENU_ID, PARENT_ID, MENU_NAME, MENU_URL, MENU_ICON, DISPLAY_ORDER)
values ('2c90c28158757420015875abd92a0093', '2c90c281587574200158759d3ced0062', '征集记录', 'dp/task/toHisTask.action', 'fa fa-circle-o', 2515);

insert into SYS_MENU (SYS_MENU_ID, PARENT_ID, MENU_NAME, MENU_URL, MENU_ICON, DISPLAY_ORDER)
values ('4028946a586c9b6f0158755405ce023a', 'ROOT_2', '数据上报', null, 'icon-cloud-upload', 10);

insert into SYS_MENU (SYS_MENU_ID, PARENT_ID, MENU_NAME, MENU_URL, MENU_ICON, DISPLAY_ORDER)
values ('402894ee58d889d40158d88b54e20007', '2c90c281587574200158759d3ced0062', '字段规则管理', 'rule/ruleList.action', 'fa fa-circle-o', 2520);

insert into SYS_MENU (SYS_MENU_ID, PARENT_ID, MENU_NAME, MENU_URL, MENU_ICON, DISPLAY_ORDER)
values ('2c90c281587574200158757f9a6d001d', '4028946a586c9b6f0158755405ce023a', '数据上报', 'dp/task/toGovTask.action', 'fa fa-circle-o', 1000);

insert into SYS_MENU (SYS_MENU_ID, PARENT_ID, MENU_NAME, MENU_URL, MENU_ICON, DISPLAY_ORDER)
values ('2c90c281587574200158758630d4002b', '4028946a586c9b6f0158755405ce023a', '上报记录', 'dp/task/toGovTaskHis.action', 'fa fa-circle-o', 1005);

insert into SYS_MENU (SYS_MENU_ID, PARENT_ID, MENU_NAME, MENU_URL, MENU_ICON, DISPLAY_ORDER)
values ('2c90c281587574200158759d3ced0062', 'ROOT_1', '数据管理', null, 'icon-shuffle', 25);

insert into SYS_PRIVILEGE (SYS_PRIVILEGE_ID, SYS_MENU_ID, PRIVILEGE_CODE, PRIVILEGE_NAME, DESCRIPTION, USERS_COUNT, ROLES_COUNT, ALL_USERS_COUNT, DISPLAY_ORDER)
values ('2c90c28158757420015875b7f5aa00d5', '2c90c281587574200158758630d4002b', 'his.task.query', '历史任务页面查看', null, null, null, null, null);

insert into SYS_PRIVILEGE (SYS_PRIVILEGE_ID, SYS_MENU_ID, PRIVILEGE_CODE, PRIVILEGE_NAME, DESCRIPTION, USERS_COUNT, ROLES_COUNT, ALL_USERS_COUNT, DISPLAY_ORDER)
values ('2c90c28158757420015875baef1300dc', '2c90c281587574200158757f9a6d001d', 'dp.dataReport.query', '上报数据', null, null, null, null, null);

insert into SYS_PRIVILEGE (SYS_PRIVILEGE_ID, SYS_MENU_ID, PRIVILEGE_CODE, PRIVILEGE_NAME, DESCRIPTION, USERS_COUNT, ROLES_COUNT, ALL_USERS_COUNT, DISPLAY_ORDER)
values ('2c90c28158757420015875bb85e900e8', '2c90c281587574200158757f9a6d001d', 'dp.dataReport.file', '上传数据file', null, null, null, null, null);

insert into SYS_PRIVILEGE (SYS_PRIVILEGE_ID, SYS_MENU_ID, PRIVILEGE_CODE, PRIVILEGE_NAME, DESCRIPTION, USERS_COUNT, ROLES_COUNT, ALL_USERS_COUNT, DISPLAY_ORDER)
values ('2c90c28158757420015875ce7bc001a5', '2c90c28158757420015875a8d3f20089', 'schema.field', '字段维护', null, null, null, null, null);

insert into SYS_PRIVILEGE (SYS_PRIVILEGE_ID, SYS_MENU_ID, PRIVILEGE_CODE, PRIVILEGE_NAME, DESCRIPTION, USERS_COUNT, ROLES_COUNT, ALL_USERS_COUNT, DISPLAY_ORDER)
values ('402894f858ec631c0158ec69956d000a', '2c90c281587574200158757f9a6d001d', 'dp.dataReport.checkFile', '数据上报页面-模板相关', null, null, null, null, null);

insert into SYS_PRIVILEGE (SYS_PRIVILEGE_ID, SYS_MENU_ID, PRIVILEGE_CODE, PRIVILEGE_NAME, DESCRIPTION, USERS_COUNT, ROLES_COUNT, ALL_USERS_COUNT, DISPLAY_ORDER)
values ('297e11b45a270c6b015a271048670008', '2c90c281587574200158758630d4002b', 'his.task.dataReport', '任务上报记录详情', '任务上报记录详情', null, null, null, null);

insert into SYS_PRIVILEGE (SYS_PRIVILEGE_ID, SYS_MENU_ID, PRIVILEGE_CODE, PRIVILEGE_NAME, DESCRIPTION, USERS_COUNT, ROLES_COUNT, ALL_USERS_COUNT, DISPLAY_ORDER)
values ('402894ee58d889d40158d88cec970016', '402894ee58d889d40158d88b54e20007', 'rule.list', '字符规则管理', null, null, null, null, null);

insert into SYS_PRIVILEGE (SYS_PRIVILEGE_ID, SYS_MENU_ID, PRIVILEGE_CODE, PRIVILEGE_NAME, DESCRIPTION, USERS_COUNT, ROLES_COUNT, ALL_USERS_COUNT, DISPLAY_ORDER)
values ('402894f858fc8cf30158fc98c46d0007', '2c90c281587574200158757f9a6d001d', 'dp.dataReport.edit', '修改数据', '修改数据', null, null, null, null);

insert into SYS_PRIVILEGE (SYS_PRIVILEGE_ID, SYS_MENU_ID, PRIVILEGE_CODE, PRIVILEGE_NAME, DESCRIPTION, USERS_COUNT, ROLES_COUNT, ALL_USERS_COUNT, DISPLAY_ORDER)
values ('4028498159061fc60159070588f200bb', '2c90c281587574200158757f9a6d001d', 'task.realtime.btn', '新建任务', null, null, null, null, null);

insert into SYS_PRIVILEGE (SYS_PRIVILEGE_ID, SYS_MENU_ID, PRIVILEGE_CODE, PRIVILEGE_NAME, DESCRIPTION, USERS_COUNT, ROLES_COUNT, ALL_USERS_COUNT, DISPLAY_ORDER)
values ('4028498159061fc601590706f5a300d0', '2c90c281587574200158757f9a6d001d', 'task.confirm.btns', '确认完成s', null, null, null, null, null);

insert into SYS_PRIVILEGE (SYS_PRIVILEGE_ID, SYS_MENU_ID, PRIVILEGE_CODE, PRIVILEGE_NAME, DESCRIPTION, USERS_COUNT, ROLES_COUNT, ALL_USERS_COUNT, DISPLAY_ORDER)
values ('297e11b45a270c6b015a27139fda001e', '2c90c281587574200158757f9a6d001d', 'dp.dataReport.dataReportCheck', '数据校验疑和问数据操作', '数据校验疑、问数据操作、数据血缘', null, null, null, null);

insert into SYS_PRIVILEGE (SYS_PRIVILEGE_ID, SYS_MENU_ID, PRIVILEGE_CODE, PRIVILEGE_NAME, DESCRIPTION, USERS_COUNT, ROLES_COUNT, ALL_USERS_COUNT, DISPLAY_ORDER)
values ('4028498158e80cd20158e80f65270013', '2c90c281587574200158757f9a6d001d', 'dataReport.task.list', '上报任务列表', null, null, null, null, null);

insert into SYS_PRIVILEGE (SYS_PRIVILEGE_ID, SYS_MENU_ID, PRIVILEGE_CODE, PRIVILEGE_NAME, DESCRIPTION, USERS_COUNT, ROLES_COUNT, ALL_USERS_COUNT, DISPLAY_ORDER)
values ('2c90c28158757420015875ce11c8019a', '2c90c28158757420015875a8d3f20089', 'schema.list', '数据目录配置列表', null, null, null, null, null);

insert into SYS_PRIVILEGE (SYS_PRIVILEGE_ID, SYS_MENU_ID, PRIVILEGE_CODE, PRIVILEGE_NAME, DESCRIPTION, USERS_COUNT, ROLES_COUNT, ALL_USERS_COUNT, DISPLAY_ORDER)
values ('2c90c28158757420015875ceedae01ae', '2c90c28158757420015875abd92a0093', 'his.task.queryzx', '历史任务页面查看zx', null, null, null, null, null);

insert into SYS_PRIVILEGE (SYS_PRIVILEGE_ID, SYS_MENU_ID, PRIVILEGE_CODE, PRIVILEGE_NAME, DESCRIPTION, USERS_COUNT, ROLES_COUNT, ALL_USERS_COUNT, DISPLAY_ORDER)
values ('402894f858ec631c0158ec6772080003', '2c90c281587574200158757f9a6d001d', 'dp.dataReport.dataReport', '数据上报页面', null, null, null, null, null);

insert into SYS_ROLE_TO_PRIVILEGE (SYS_ROLE_ID, SYS_PRIVILEGE_ID)
values ('2c90c28158761b550158762482b50015', '297e11b45a270c6b015a271048670008');

insert into SYS_ROLE_TO_PRIVILEGE (SYS_ROLE_ID, SYS_PRIVILEGE_ID)
values ('2c90c28158761b550158762482b50015', '297e11b45a270c6b015a27139fda001e');

insert into SYS_ROLE_TO_PRIVILEGE (SYS_ROLE_ID, SYS_PRIVILEGE_ID)
values ('2c90c28158761b550158762482b50015', '2c90c28158757420015875ce11c8019a');

insert into SYS_ROLE_TO_PRIVILEGE (SYS_ROLE_ID, SYS_PRIVILEGE_ID)
values ('2c90c28158761b550158762482b50015', '2c90c28158757420015875ce7bc001a5');

insert into SYS_ROLE_TO_PRIVILEGE (SYS_ROLE_ID, SYS_PRIVILEGE_ID)
values ('2c90c28158761b550158762482b50015', '2c90c28158757420015875ceedae01ae');

insert into SYS_ROLE_TO_PRIVILEGE (SYS_ROLE_ID, SYS_PRIVILEGE_ID)
values ('2c90c28158761b550158762482b50015', '402894ee58d889d40158d88cec970016');

insert into SYS_ROLE_TO_PRIVILEGE (SYS_ROLE_ID, SYS_PRIVILEGE_ID)
values ('40289454547b159d01547b1efe25000c', '297e11b45a270c6b015a271048670008');

insert into SYS_ROLE_TO_PRIVILEGE (SYS_ROLE_ID, SYS_PRIVILEGE_ID)
values ('40289454547b159d01547b1efe25000c', '297e11b45a270c6b015a27139fda001e');

insert into SYS_ROLE_TO_PRIVILEGE (SYS_ROLE_ID, SYS_PRIVILEGE_ID)
values ('40289454547b159d01547b1efe25000c', '2c90c28158757420015875b7f5aa00d5');

insert into SYS_ROLE_TO_PRIVILEGE (SYS_ROLE_ID, SYS_PRIVILEGE_ID)
values ('40289454547b159d01547b1efe25000c', '2c90c28158757420015875baef1300dc');

insert into SYS_ROLE_TO_PRIVILEGE (SYS_ROLE_ID, SYS_PRIVILEGE_ID)
values ('40289454547b159d01547b1efe25000c', '2c90c28158757420015875bb85e900e8');

insert into SYS_ROLE_TO_PRIVILEGE (SYS_ROLE_ID, SYS_PRIVILEGE_ID)
values ('40289454547b159d01547b1efe25000c', '4028498158e80cd20158e80f65270013');

insert into SYS_ROLE_TO_PRIVILEGE (SYS_ROLE_ID, SYS_PRIVILEGE_ID)
values ('40289454547b159d01547b1efe25000c', '4028498159061fc60159070588f200bb');

insert into SYS_ROLE_TO_PRIVILEGE (SYS_ROLE_ID, SYS_PRIVILEGE_ID)
values ('40289454547b159d01547b1efe25000c', '4028498159061fc601590706f5a300d0');

insert into SYS_ROLE_TO_PRIVILEGE (SYS_ROLE_ID, SYS_PRIVILEGE_ID)
values ('40289454547b159d01547b1efe25000c', '402894f858ec631c0158ec6772080003');

insert into SYS_ROLE_TO_PRIVILEGE (SYS_ROLE_ID, SYS_PRIVILEGE_ID)
values ('40289454547b159d01547b1efe25000c', '402894f858ec631c0158ec69956d000a');

insert into SYS_ROLE_TO_PRIVILEGE (SYS_ROLE_ID, SYS_PRIVILEGE_ID)
values ('40289454547b159d01547b1efe25000c', '402894f858fc8cf30158fc98c46d0007');

insert into SYS_ROLE_TO_PRIVILEGE (SYS_ROLE_ID, SYS_PRIVILEGE_ID)
values ('8aa0bef544713ca60144713d364a0000', '297e11b45a270c6b015a271048670008');

insert into SYS_ROLE_TO_PRIVILEGE (SYS_ROLE_ID, SYS_PRIVILEGE_ID)
values ('8aa0bef544713ca60144713d364a0000', '297e11b45a270c6b015a27139fda001e');

insert into SYS_ROLE_TO_PRIVILEGE (SYS_ROLE_ID, SYS_PRIVILEGE_ID)
values ('8aa0bef544713ca60144713d364a0000', '2c90c28158757420015875b7f5aa00d5');

insert into SYS_ROLE_TO_PRIVILEGE (SYS_ROLE_ID, SYS_PRIVILEGE_ID)
values ('8aa0bef544713ca60144713d364a0000', '2c90c28158757420015875baef1300dc');

insert into SYS_ROLE_TO_PRIVILEGE (SYS_ROLE_ID, SYS_PRIVILEGE_ID)
values ('8aa0bef544713ca60144713d364a0000', '2c90c28158757420015875bb85e900e8');

insert into SYS_ROLE_TO_PRIVILEGE (SYS_ROLE_ID, SYS_PRIVILEGE_ID)
values ('8aa0bef544713ca60144713d364a0000', '2c90c28158757420015875ce11c8019a');

insert into SYS_ROLE_TO_PRIVILEGE (SYS_ROLE_ID, SYS_PRIVILEGE_ID)
values ('8aa0bef544713ca60144713d364a0000', '2c90c28158757420015875ce7bc001a5');

insert into SYS_ROLE_TO_PRIVILEGE (SYS_ROLE_ID, SYS_PRIVILEGE_ID)
values ('8aa0bef544713ca60144713d364a0000', '2c90c28158757420015875ceedae01ae');

insert into SYS_ROLE_TO_PRIVILEGE (SYS_ROLE_ID, SYS_PRIVILEGE_ID)
values ('8aa0bef544713ca60144713d364a0000', '4028498158e80cd20158e80f65270013');

insert into SYS_ROLE_TO_PRIVILEGE (SYS_ROLE_ID, SYS_PRIVILEGE_ID)
values ('8aa0bef544713ca60144713d364a0000', '4028498159061fc60159070588f200bb');

insert into SYS_ROLE_TO_PRIVILEGE (SYS_ROLE_ID, SYS_PRIVILEGE_ID)
values ('8aa0bef544713ca60144713d364a0000', '4028498159061fc601590706f5a300d0');

insert into SYS_ROLE_TO_PRIVILEGE (SYS_ROLE_ID, SYS_PRIVILEGE_ID)
values ('8aa0bef544713ca60144713d364a0000', '402894ee58d889d40158d88cec970016');

insert into SYS_ROLE_TO_PRIVILEGE (SYS_ROLE_ID, SYS_PRIVILEGE_ID)
values ('8aa0bef544713ca60144713d364a0000', '402894f858ec631c0158ec6772080003');

insert into SYS_ROLE_TO_PRIVILEGE (SYS_ROLE_ID, SYS_PRIVILEGE_ID)
values ('8aa0bef544713ca60144713d364a0000', '402894f858ec631c0158ec69956d000a');

insert into SYS_ROLE_TO_PRIVILEGE (SYS_ROLE_ID, SYS_PRIVILEGE_ID)
values ('8aa0bef544713ca60144713d364a0000', '402894f858fc8cf30158fc98c46d0007');
commit;

--字典项
insert into SYS_DICTIONARY_GROUP (id, group_key, group_name, description)
values ('402894ee58dd73780158dd7ae78b0005', 'common_fields', '公共字段列表', '数据目录配置 - 字段维护 - 选择公共字段');

insert into SYS_DICTIONARY_GROUP (id, group_key, group_name, description)
values ('402894ee58dd73780158dd7c5c98000e', 'data_category', '数据类别', '作为数据的统计类别使用');

insert into SYS_DICTIONARY_GROUP (id, group_key, group_name, description)
values ('402894ee58dd73780158dd7da49d001d', 'task_period', '归集周期', '数据采集任务-归集周期');

insert into SYS_DICTIONARY_GROUP (id, group_key, group_name, description)
values ('4028946a5bf5214d015bf52373880006', 'checkdate', '日期校验', '不能大于当前日期');

insert into SYS_DICTIONARY_GROUP (id, group_key, group_name, description)
values ('402894bc5d63ea27015d63ec615d0004', 'reportWay', '上报方式', '疑问数据查询条件，统计分析');


insert into sys_dictionary (ID, GROUP_ID, DICT_KEY, DICT_VALUE, DICT_ORDER)
values ('4028946a5bf5214d015bf52373880007', '4028946a5bf5214d015bf52373880006', 'CFJDRQ', '处罚决定日期', null);

insert into sys_dictionary (ID, GROUP_ID, DICT_KEY, DICT_VALUE, DICT_ORDER)
values ('4028946a5bf5214d015bf52373880008', '4028946a5bf5214d015bf52373880006', 'XKJDRQ', '许可决定日期', null);

insert into sys_dictionary (ID, GROUP_ID, DICT_KEY, DICT_VALUE, DICT_ORDER)
values ('2c92b4815a49f771015a4a249b630018', '402894ee58dd73780158dd7c5c98000e', '2', '资质信息', null);

insert into sys_dictionary (ID, GROUP_ID, DICT_KEY, DICT_VALUE, DICT_ORDER)
values ('2c92b4815a49f771015a4a249b630019', '402894ee58dd73780158dd7c5c98000e', '0', '其它', null);

insert into sys_dictionary (ID, GROUP_ID, DICT_KEY, DICT_VALUE, DICT_ORDER)
values ('2c92b4815a49f771015a4a249b64001a', '402894ee58dd73780158dd7c5c98000e', '3', '履行约定', null);

insert into sys_dictionary (ID, GROUP_ID, DICT_KEY, DICT_VALUE, DICT_ORDER)
values ('2c92b4815a49f771015a4a249b64001b', '402894ee58dd73780158dd7c5c98000e', '4', '失信信息', null);

insert into sys_dictionary (ID, GROUP_ID, DICT_KEY, DICT_VALUE, DICT_ORDER)
values ('2c92b4815a49f771015a4a249b65001c', '402894ee58dd73780158dd7c5c98000e', '5', '表彰荣誉', null);

insert into sys_dictionary (ID, GROUP_ID, DICT_KEY, DICT_VALUE, DICT_ORDER)
values ('2c92b4815a49f771015a4a249b65001d', '402894ee58dd73780158dd7c5c98000e', '1', '基本信息', null);


insert into sys_dictionary (ID, GROUP_ID, DICT_KEY, DICT_VALUE, DICT_ORDER)
values ('2c92b4815a49f771015a4aaad60e0062', '402894ee58dd73780158dd7ae78b0005', 'TYSHXYDM', '统一社会信用代码', null);

insert into sys_dictionary (ID, GROUP_ID, DICT_KEY, DICT_VALUE, DICT_ORDER)
values ('2c92b4815a49f771015a4aaad610006f', '402894ee58dd73780158dd7ae78b0005', 'JGQC', '机构全称', null);

insert into sys_dictionary (ID, GROUP_ID, DICT_KEY, DICT_VALUE, DICT_ORDER)
values ('2c92b4815a49f771015a4aaad6110072', '402894ee58dd73780158dd7ae78b0005', 'ZZJGDM', '组织机构代码', null);

insert into sys_dictionary (ID, GROUP_ID, DICT_KEY, DICT_VALUE, DICT_ORDER)
values ('2c92b4815a49f771015a4aaad6110073', '402894ee58dd73780158dd7ae78b0005', 'GSZCH', '工商注册号', null);

insert into sys_dictionary (ID, GROUP_ID, DICT_KEY, DICT_VALUE, DICT_ORDER)
values ('402894ee58dd73780158dd7da49d001e', '402894ee58dd73780158dd7da49d001d', '1', '月', null);

insert into sys_dictionary (ID, GROUP_ID, DICT_KEY, DICT_VALUE, DICT_ORDER)
values ('402894ee58dd73780158dd7da49d001f', '402894ee58dd73780158dd7da49d001d', '0', '周', null);

insert into sys_dictionary (ID, GROUP_ID, DICT_KEY, DICT_VALUE, DICT_ORDER)
values ('402894ee58dd73780158dd7da49d0021', '402894ee58dd73780158dd7da49d001d', '4', '年', null);

insert into sys_dictionary (ID, GROUP_ID, DICT_KEY, DICT_VALUE, DICT_ORDER)
values ('402894ee58dd73780158dd7da49e0022', '402894ee58dd73780158dd7da49d001d', '2', '季度', null);

insert into sys_dictionary (ID, GROUP_ID, DICT_KEY, DICT_VALUE, DICT_ORDER)
values ('402894ee58dd73780158dd7da49e0023', '402894ee58dd73780158dd7da49d001d', '3', '半年', null);


insert into sys_dictionary (ID, GROUP_ID, DICT_KEY, DICT_VALUE, DICT_ORDER)
values ('402894bc5d63ea27015d63ec615d0005', '402894bc5d63ea27015d63ec615d0004', '2', '数据库上报', null);

insert into sys_dictionary (ID, GROUP_ID, DICT_KEY, DICT_VALUE, DICT_ORDER)
values ('402894bc5d63ea27015d63ec615d0006', '402894bc5d63ea27015d63ec615d0004', '0', '手动录入', null);

insert into sys_dictionary (ID, GROUP_ID, DICT_KEY, DICT_VALUE, DICT_ORDER)
values ('402894bc5d63ea27015d63ec615e0007', '402894bc5d63ea27015d63ec615d0004', '3', 'FTP上报', null);

insert into sys_dictionary (ID, GROUP_ID, DICT_KEY, DICT_VALUE, DICT_ORDER)
values ('402894bc5d63ea27015d63ec615e0008', '402894bc5d63ea27015d63ec615d0004', '1', '文件上传', null);

insert into sys_dictionary (ID, GROUP_ID, DICT_KEY, DICT_VALUE, DICT_ORDER)
values ('402894bc5d63ea27015d63ec615e0009', '402894bc5d63ea27015d63ec615d0004', '4', '接口上报', null);

commit;

--定时任务

insert into QRTZ_JOB_DETAILS (SCHED_NAME, JOB_NAME, JOB_GROUP, DESCRIPTION, JOB_CLASS_NAME, IS_DURABLE, IS_NONCONCURRENT, IS_UPDATE_DATA, REQUESTS_RECOVERY, JOB_DATA)
values ('scheduler', 'fileParseJob', 'DEFAULT', '定时解析数据文件，将数据入库', 'com.wa.framework.quartz.job.FileParseJob', '1', '0', '0', '0', 'ACED0005737200156F72672E71756172747A2E4A6F62446174614D61709FB083E8BFA9B0CB020000787200266F72672E71756172747A2E7574696C732E537472696E674B65794469727479466C61674D61708208E8C3FBC55D280200015A0013616C6C6F77735472616E7369656E74446174617872001D6F72672E71756172747A2E7574696C732E4469727479466C61674D617013E62EAD28760ACE0200025A000564697274794C00036D617074000F4C6A6176612F7574696C2F4D61703B787000737200116A6176612E7574696C2E486173684D61700507DAC1C31660D103000246000A6C6F6164466163746F724900097468726573686F6C6478703F4000000000000C770800000010000000007800');

insert into QRTZ_JOB_DETAILS (SCHED_NAME, JOB_NAME, JOB_GROUP, DESCRIPTION, JOB_CLASS_NAME, IS_DURABLE, IS_NONCONCURRENT, IS_UPDATE_DATA, REQUESTS_RECOVERY, JOB_DATA)
values ('scheduler', 'refreshCacheJob', 'DEFAULT', '刷新用户缓存，提高登录性能', 'com.wa.framework.quartz.job.RefreshCacheJob', '1', '0', '0', '0', 'ACED0005737200156F72672E71756172747A2E4A6F62446174614D61709FB083E8BFA9B0CB020000787200266F72672E71756172747A2E7574696C732E537472696E674B65794469727479466C61674D61708208E8C3FBC55D280200015A0013616C6C6F77735472616E7369656E74446174617872001D6F72672E71756172747A2E7574696C732E4469727479466C61674D617013E62EAD28760ACE0200025A000564697274794C00036D617074000F4C6A6176612F7574696C2F4D61703B787000737200116A6176612E7574696C2E486173684D61700507DAC1C31660D103000246000A6C6F6164466163746F724900097468726573686F6C6478703F4000000000000C770800000010000000007800');

insert into QRTZ_JOB_DETAILS (SCHED_NAME, JOB_NAME, JOB_GROUP, DESCRIPTION, JOB_CLASS_NAME, IS_DURABLE, IS_NONCONCURRENT, IS_UPDATE_DATA, REQUESTS_RECOVERY, JOB_DATA)
values ('scheduler', 'generateLngAndLatJob', 'DEFAULT', '调用高德API，更新企业经纬度，将数据入库', 'com.wa.framework.quartz.job.GenerateLngAndLatJob', '1', '0', '0', '0', 'ACED0005737200156F72672E71756172747A2E4A6F62446174614D61709FB083E8BFA9B0CB020000787200266F72672E71756172747A2E7574696C732E537472696E674B65794469727479466C61674D61708208E8C3FBC55D280200015A0013616C6C6F77735472616E7369656E74446174617872001D6F72672E71756172747A2E7574696C732E4469727479466C61674D617013E62EAD28760ACE0200025A000564697274794C00036D617074000F4C6A6176612F7574696C2F4D61703B787000737200116A6176612E7574696C2E486173684D61700507DAC1C31660D103000246000A6C6F6164466163746F724900097468726573686F6C6478703F4000000000000C770800000010000000007800');

insert into QRTZ_TRIGGERS (SCHED_NAME, TRIGGER_NAME, TRIGGER_GROUP, JOB_NAME, JOB_GROUP, DESCRIPTION, NEXT_FIRE_TIME, PREV_FIRE_TIME, PRIORITY, TRIGGER_STATE, TRIGGER_TYPE, START_TIME, END_TIME, CALENDAR_NAME, MISFIRE_INSTR, JOB_DATA)
values ('scheduler', '数据文件解析入库-10秒钟一次', 'DEFAULT', 'fileParseJob', 'DEFAULT', null, 1488613800000, 1488613544909, 5, 'PAUSED', 'CRON', 1487033762000, 0, null, 0, null);

insert into QRTZ_CRON_TRIGGERS (SCHED_NAME, TRIGGER_NAME, TRIGGER_GROUP, CRON_EXPRESSION, TIME_ZONE_ID)
values ('scheduler', '数据文件解析入库-10秒钟一次', 'DEFAULT', '0/10 * * ? * *', 'Asia/Shanghai');
commit;
--4data-process end

--5blood-relation begin
drop table DP_DATA_REPROT_CETL cascade constraints;
create table DP_DATA_REPROT_CETL
(
  s_name    VARCHAR2(50) not null,
  TABLE_CODE VARCHAR2(100) not null,
  n_type    NUMBER not null
)
;
comment on table DP_DATA_REPROT_CETL
  is '数据血缘cetl关系表';
comment on column DP_DATA_REPROT_CETL.s_name
  is '数据血缘cetl转换名称';
comment on column DP_DATA_REPROT_CETL.TABLE_CODE
  is '目录编码';
comment on column DP_DATA_REPROT_CETL.n_type
  is '数据血缘cetl转换名称类型（1:原始-->>y）有效 2：有效-->>业务';
alter table DP_DATA_REPROT_CETL
  add constraint DP_DATA_REPROT_CETL_UK2 unique (TABLE_CODE, N_TYPE);
--5blood-relation end

--6analysis begin
/*******************************   运行分析模块BEGIN    ***************************************************************/

--菜单
insert into SYS_MENU (sys_menu_id, parent_id, menu_name, menu_url, menu_icon, display_order)
values ('402894b65a160b9f015a1620e9bf000f', '2c90c281588489c001588588c7df006c', '运行分析', null, 'icon-power', 65);
insert into SYS_MENU (sys_menu_id, parent_id, menu_name, menu_url, menu_icon, display_order)
values ('402894b65a160b9f015a1621e3f00017', '402894b65a160b9f015a1620e9bf000f', '业务应用分析', '/center/businessApplication//toBusinessApplication.action', 'fa fa-circle-o', 66);

--权限
insert into SYS_PRIVILEGE (sys_privilege_id,sys_menu_id, privilege_code, privilege_name, description, users_count, roles_count, all_users_count, display_order)
values ('402894b65a160b9f015a16235fee0023','402894b65a160b9f015a1621e3f00017', 'businessApplication.query', '业务应用分析', null, null, null, null, null);

--角色权限分配
--1、业务应用分析
insert into SYS_ROLE_TO_PRIVILEGE (sys_role_id, sys_privilege_id)
values ('2c90c28158761b550158762482b50015', '402894b65a160b9f015a16235fee0023');

--用户权限分配
--1、业务应用分析
insert into SYS_USER_TO_PRIVILEGE (sys_user_id, sys_privilege_id)
values ('8aa0bef8446c32a301446c409a950002', '402894b65a160b9f015a16235fee0023');
/*******************************   运行分析模块 END   *********************************************************************/

/*******************************   多维分析模块BEGIN    *********************************************************************/

--菜单
insert into SYS_MENU (sys_menu_id, parent_id, menu_name, menu_url, menu_icon, display_order)
values ('402894a95944db92015944dccfb0000c', '2c90c281588489c001588588c7df006c', '多维分析', null, 'icon-paper-plane', 60);
insert into SYS_MENU (sys_menu_id, parent_id, menu_name, menu_url, menu_icon, display_order)
values ('402894a95944db92015944de8b490019', '402894a95944db92015944dccfb0000c', '发展趋势分析', '/center/developmentTrend/toDevelopmentTrend.action', 'fa fa-circle-o', 64);
insert into SYS_MENU (sys_menu_id, parent_id, menu_name, menu_url, menu_icon, display_order)
values ('402894a95944db92015944df42ac001e', '402894a95944db92015944dccfb0000c', '区域信用分析', '/center/regionalCredit/toRegionalCredit.action', 'fa fa-circle-o', 62);
insert into SYS_MENU (sys_menu_id, parent_id, menu_name, menu_url, menu_icon, display_order)
values ('402894a95944db92015944dfe8420027', '402894a95944db92015944dccfb0000c', '行业信用分析', '/center/industryCredit/toIndustryCredit.action', 'fa fa-circle-o', 61);
insert into SYS_MENU (sys_menu_id, parent_id, menu_name, menu_url, menu_icon, display_order)
values ('402894a95944db92015944e087b2002c', '402894a95944db92015944dccfb0000c', '企业年龄分析', '/center/timeCredit/toTimeCredit.action', 'fa fa-circle-o', 63);

--权限
insert into SYS_PRIVILEGE (sys_privilege_id,sys_menu_id, privilege_code, privilege_name, description, users_count, roles_count, all_users_count, display_order)
values ('402894a95944db92015944e23abf003b','402894a95944db92015944de8b490019', 'developmentTrend.query', '发展趋势分析查询', null, null, null, null, null);
insert into SYS_PRIVILEGE (sys_privilege_id,sys_menu_id, privilege_code, privilege_name, description, users_count, roles_count, all_users_count,display_order)
values ('402894a95944db92015944e2d46a0041', '402894a95944db92015944df42ac001e', 'regionalCredit.query', '区域信用分析查询', null, null, null, null,null);
insert into SYS_PRIVILEGE (sys_privilege_id,sys_menu_id, privilege_code, privilege_name, description, users_count, roles_count, all_users_count,display_order)
values ('402894a95944db92015944e34e6d0046','402894a95944db92015944e087b2002c', 'timeCredit.query', '区间信用分析查询', null, null, null, null,null);
insert into SYS_PRIVILEGE (sys_privilege_id,sys_menu_id, privilege_code, privilege_name, description, users_count, roles_count, all_users_count,display_order)
values ('402894a95944db92015944e3b9a8004b','402894a95944db92015944dfe8420027', 'industryCredit.query', '行业区域分析查询', null, null, null, null,null);


--角色权限配置
--1、发展趋势分析查询
insert into SYS_ROLE_TO_PRIVILEGE (sys_role_id, sys_privilege_id)
values ('2c90c28158761b550158762482b50015', '402894a95944db92015944e23abf003b');
insert into SYS_ROLE_TO_PRIVILEGE (sys_role_id, sys_privilege_id)
values ('8aa0bef544713ca60144713d364a0000', '402894a95944db92015944e23abf003b');
--2、区域信用分析查询
insert into SYS_ROLE_TO_PRIVILEGE (sys_role_id, sys_privilege_id)
values ('2c90c28158761b550158762482b50015', '402894a95944db92015944e2d46a0041');
insert into SYS_ROLE_TO_PRIVILEGE (sys_role_id, sys_privilege_id)
values ('8aa0bef544713ca60144713d364a0000', '402894a95944db92015944e2d46a0041');
--3、区间信用分析查询
insert into SYS_ROLE_TO_PRIVILEGE (sys_role_id, sys_privilege_id)
values ('2c90c28158761b550158762482b50015', '402894a95944db92015944e34e6d0046');
insert into SYS_ROLE_TO_PRIVILEGE (sys_role_id, sys_privilege_id)
values ('8aa0bef544713ca60144713d364a0000', '402894a95944db92015944e34e6d0046');
--4、行业区域分析查询
insert into SYS_ROLE_TO_PRIVILEGE (sys_role_id, sys_privilege_id)
values ('2c90c28158761b550158762482b50015', '402894a95944db92015944e3b9a8004b');
insert into SYS_ROLE_TO_PRIVILEGE (sys_role_id, sys_privilege_id)
values ('8aa0bef544713ca60144713d364a0000', '402894a95944db92015944e3b9a8004b');

--用户权限配置
--1、发展趋势分析查询
insert into SYS_USER_TO_PRIVILEGE (sys_user_id, sys_privilege_id)
values ('8aa0bef8446c32a301446c409a950002', '402894a95944db92015944e23abf003b');
--2、区域信用分析查询
insert into SYS_USER_TO_PRIVILEGE (sys_user_id, sys_privilege_id)
values ('8aa0bef8446c32a301446c409a950002', '402894a95944db92015944e2d46a0041');
--3、区间信用分析查询
insert into SYS_USER_TO_PRIVILEGE (sys_user_id, sys_privilege_id)
values ('8aa0bef8446c32a301446c409a950002', '402894a95944db92015944e34e6d0046');
--4、行业区域分析查询
insert into SYS_USER_TO_PRIVILEGE (sys_user_id, sys_privilege_id)
values ('8aa0bef8446c32a301446c409a950002', '402894a95944db92015944e3b9a8004b');
/*******************************   多维分析模块END    *********************************************************************/

--字典
--1.行政区划
insert into SYS_DICTIONARY_GROUP (id, group_key, group_name, description)
values ('402894a959480bd50159484d8f2d0079', 'administrativeArea', '行政区划代码表', '行政区划代码对应表，用于统计分析中多维分析的行政区划查询');
insert into SYS_DICTIONARY (id, group_id, dict_key, dict_value, dict_order)
values ('402894bc59b54ec40159b55740fd000b', '402894a959480bd50159484d8f2d0079', '320582', '张家港市', null);
insert into SYS_DICTIONARY (id, group_id, dict_key, dict_value, dict_order)
values ('402894bc59b54ec40159b55740fd000c', '402894a959480bd50159484d8f2d0079', '320506', '吴中区', null);
insert into SYS_DICTIONARY (id, group_id, dict_key, dict_value, dict_order)
values ('402894bc59b54ec40159b55740fd000d', '402894a959480bd50159484d8f2d0079', '320505', '虎丘区', null);
insert into SYS_DICTIONARY (id, group_id, dict_key, dict_value, dict_order)
values ('402894bc59b54ec40159b55740fd000e', '402894a959480bd50159484d8f2d0079', '320585', '太仓市', null);
insert into SYS_DICTIONARY (id, group_id, dict_key, dict_value, dict_order)
values ('402894bc59b54ec40159b55740fd000f', '402894a959480bd50159484d8f2d0079', '320581', '常熟市', null);
insert into SYS_DICTIONARY (id, group_id, dict_key, dict_value, dict_order)
values ('402894bc59b54ec40159b55740fd0010', '402894a959480bd50159484d8f2d0079', '320583', '昆山市', null);
insert into SYS_DICTIONARY (id, group_id, dict_key, dict_value, dict_order)
values ('402894bc59b54ec40159b55740fd0011', '402894a959480bd50159484d8f2d0079', '320509', '吴江区', null);
insert into SYS_DICTIONARY (id, group_id, dict_key, dict_value, dict_order)
values ('402894bc59b54ec40159b55740fd0012', '402894a959480bd50159484d8f2d0079', '320507', '相城区', null);
insert into SYS_DICTIONARY (id, group_id, dict_key, dict_value, dict_order)
values ('402894bc59b54ec40159b55740fd0013', '402894a959480bd50159484d8f2d0079', '320508', '姑苏区', null);
insert into SYS_DICTIONARY (id, group_id, dict_key, dict_value, dict_order)
values ('402894bc59b54ec40159b55740fd0014', '402894a959480bd50159484d8f2d0079', '320501', '市辖区', null);
--2.企业年龄
insert into SYS_DICTIONARY_GROUP (id, group_key, group_name, description)
values ('402894d8597758cd015977d423620012', 'enterpriseAge', '企业年龄字典表', null);
insert into SYS_DICTIONARY (id, group_id, dict_key, dict_value, dict_order)
values ('402894ba5a3b5b78015a3bb791610033', '402894d8597758cd015977d423620012', 'NLF', '30年以上', null);
insert into SYS_DICTIONARY (id, group_id, dict_key, dict_value, dict_order)
values ('402894ba5a3b5b78015a3bb791620034', '402894d8597758cd015977d423620012', 'NLC', '5至10年', null);
insert into SYS_DICTIONARY (id, group_id, dict_key, dict_value, dict_order)
values ('402894ba5a3b5b78015a3bb791620035', '402894d8597758cd015977d423620012', 'NLB', '3至5年', null);
insert into SYS_DICTIONARY (id, group_id, dict_key, dict_value, dict_order)
values ('402894ba5a3b5b78015a3bb791620036', '402894d8597758cd015977d423620012', 'NLD', '10至20年', null);
insert into SYS_DICTIONARY (id, group_id, dict_key, dict_value, dict_order)
values ('402894ba5a3b5b78015a3bb791620037', '402894d8597758cd015977d423620012', 'NLA', '不足3年', null);
insert into SYS_DICTIONARY (id, group_id, dict_key, dict_value, dict_order)
values ('402894ba5a3b5b78015a3bb791620038', '402894d8597758cd015977d423620012', 'NLE', '20至30年', null);

--3.统计分析
insert into SYS_DICTIONARY_GROUP (id, group_key, group_name, description)
values ('402894bb5a267b69015a26e72c7a0025', 'appeal_content', '异议申诉内容类型', '用于统计分析-业务应用分析-异议申诉内容类型统计');
insert into SYS_DICTIONARY_GROUP (id, group_key, group_name, description)
values ('402894bb5a267b69015a26e903160037', 'repair_content', '信用修复内容类型', '用于统计分析-业务应用分析-修复内容类型统计');
insert into SYS_DICTIONARY_GROUP (id, group_key, group_name, description)
values ('402894bb5a257da3015a258a22b30005', 'reviewCategory', '信用核查审查类别', '用于统计应用分析-业务应用分析-信用核查审查类别分析');

insert into SYS_DICTIONARY (id, group_id, dict_key, dict_value, dict_order)
values ('402894bb5a267b69015a26dc80ff001d', '402894bb5a257da3015a258a22b30005', '1', '失信信息', null);
insert into SYS_DICTIONARY (id, group_id, dict_key, dict_value, dict_order)
values ('402894bb5a267b69015a26dc80ff001e', '402894bb5a257da3015a258a22b30005', '4', '参保信息', null);
insert into SYS_DICTIONARY (id, group_id, dict_key, dict_value, dict_order)
values ('402894bb5a267b69015a26dc80ff001f', '402894bb5a257da3015a258a22b30005', '0', '许可资质信息', null);
insert into SYS_DICTIONARY (id, group_id, dict_key, dict_value, dict_order)
values ('402894bb5a267b69015a26dc80ff0020', '402894bb5a257da3015a258a22b30005', '3', '表彰荣誉', null);
insert into SYS_DICTIONARY (id, group_id, dict_key, dict_value, dict_order)
values ('402894bb5a267b69015a26dc80ff0021', '402894bb5a257da3015a258a22b30005', '5', '其他信息', null);
insert into SYS_DICTIONARY (id, group_id, dict_key, dict_value, dict_order)
values ('402894bb5a267b69015a26dc80ff0022', '402894bb5a257da3015a258a22b30005', '2', '履行约定', null);
insert into SYS_DICTIONARY (id, group_id, dict_key, dict_value, dict_order)
values ('402894bb5a267b69015a26e783ef002f', '402894bb5a267b69015a26e72c7a0025', '0', '企业概况', null);
insert into SYS_DICTIONARY (id, group_id, dict_key, dict_value, dict_order)
values ('402894bb5a267b69015a26e783ef0030', '402894bb5a267b69015a26e72c7a0025', '4', '表彰荣誉', null);
insert into SYS_DICTIONARY (id, group_id, dict_key, dict_value, dict_order)
values ('402894bb5a267b69015a26e783ef0031', '402894bb5a267b69015a26e72c7a0025', '3', '履行约定信息', null);
insert into SYS_DICTIONARY (id, group_id, dict_key, dict_value, dict_order)
values ('402894bb5a267b69015a26e783ef0032', '402894bb5a267b69015a26e72c7a0025', '1', '许可资质', null);
insert into SYS_DICTIONARY (id, group_id, dict_key, dict_value, dict_order)
values ('402894bb5a267b69015a26e783ef0033', '402894bb5a267b69015a26e72c7a0025', '2', '失信信息', null);
insert into SYS_DICTIONARY (id, group_id, dict_key, dict_value, dict_order)
values ('402894bb5a267b69015a26e783ef0034', '402894bb5a267b69015a26e72c7a0025', '5', '参保信息', null);
insert into SYS_DICTIONARY (id, group_id, dict_key, dict_value, dict_order)
values ('402894bb5a267b69015a26e9031c0038', '402894bb5a267b69015a26e903160037', '2', '参保信息', null);
insert into SYS_DICTIONARY (id, group_id, dict_key, dict_value, dict_order)
values ('402894bb5a267b69015a26e9031c0039', '402894bb5a267b69015a26e903160037', '0', '失信信息', null);
insert into SYS_DICTIONARY (id, group_id, dict_key, dict_value, dict_order)
values ('402894bb5a267b69015a26e9031c003a', '402894bb5a267b69015a26e903160037', '1', '履行约定信息', null);
commit;
--6analysis end

--7decision begin
--信用地图图谱菜单
insert into SYS_MENU (sys_menu_id, parent_id, menu_name, menu_url, menu_icon, display_order)
values ('402894d858dd59880158dd60ed090032', 'ROOT_1', '信用地图', null, 'icon-credit-card', 40);
insert into SYS_MENU (sys_menu_id, parent_id, menu_name, menu_url, menu_icon, display_order)
values ('402894d858dd59880158dd6264f80041', '402894d858dd59880158dd60ed090032', '信用要素分布', 'center/creditMap/toCreditElements.action', 'fa fa-circle-o', 1);
insert into sys_menu (SYS_MENU_ID, PARENT_ID, MENU_NAME, MENU_URL, MENU_ICON, DISPLAY_ORDER)
values ('402894b65b8f1c7f015b8f49ba950061', '402894d858dd59880158dd60ed090032', '高管来源分析', 'center/executivesSource/toExecutivesSource.action', 'fa fa-circle-o', 2);
insert into SYS_MENU (sys_menu_id, parent_id, menu_name, menu_url, menu_icon, display_order)
values ('402894d858dd59880158dd62cd87004b', 'ROOT_1', '信用立方', null, 'icon-moustache', 45);
insert into SYS_MENU (sys_menu_id, parent_id, menu_name, menu_url, menu_icon, display_order)
values ('402894d858dd59880158dd63af2e0057', '402894d858dd59880158dd62cd87004b', '信用图谱', 'center/creditCubic/toCreditAtlas.action', 'fa fa-circle-o', 1);

--增加权限
insert into SYS_PRIVILEGE (sys_privilege_id, sys_menu_id, privilege_code, privilege_name, description, users_count, roles_count, all_users_count, display_order)
values ('402894d858dd59880158dd649bc0005f', '402894d858dd59880158dd6264f80041', 'map.query', '信用地图查询', null, null, null, null, null);
insert into SYS_PRIVILEGE (sys_privilege_id, sys_menu_id, privilege_code, privilege_name, description, users_count, roles_count, all_users_count, display_order)
values ('402894d858dd59880158dd653c460064', '402894d858dd59880158dd63af2e0057', 'cubic.query', '信用立方查询', null, null, null, null, null);
insert into sys_privilege (SYS_PRIVILEGE_ID, sys_menu_id, PRIVILEGE_CODE, PRIVILEGE_NAME, DESCRIPTION, USERS_COUNT, ROLES_COUNT, ALL_USERS_COUNT, DISPLAY_ORDER)
values ('402894b65b8f1c7f015b8f4dd87a007f', '402894b65b8f1c7f015b8f49ba950061', 'executivesSource.query', '高管来源分析查询', null, null, null, null, null);

--用户、角色分配权限
insert into SYS_ROLE_TO_PRIVILEGE (sys_role_id, sys_privilege_id)
values ('2c90c28158761b550158762482b50015', '402894d858dd59880158dd649bc0005f');
insert into SYS_ROLE_TO_PRIVILEGE (sys_role_id, sys_privilege_id)
values ('8aa0bef544713ca60144713d364a0000', '402894d858dd59880158dd649bc0005f');

insert into SYS_ROLE_TO_PRIVILEGE (sys_role_id, sys_privilege_id)
values ('2c90c28158761b550158762482b50015', '402894d858dd59880158dd653c460064');
insert into SYS_ROLE_TO_PRIVILEGE (sys_role_id, sys_privilege_id)
values ('8aa0bef544713ca60144713d364a0000', '402894d858dd59880158dd653c460064');

insert into sys_role_to_privilege (SYS_ROLE_ID, SYS_PRIVILEGE_ID)
values ('2c90c28158761b550158762482b50015', '402894b65b8f1c7f015b8f4dd87a007f');
insert into sys_role_to_privilege (SYS_ROLE_ID, SYS_PRIVILEGE_ID)
values ('8aa0bef544713ca60144713d364a0000', '402894b65b8f1c7f015b8f4dd87a007f');

--信用地图各种信用要素查询条件字典
insert into SYS_DICTIONARY_GROUP (id, group_key, group_name, description)
values ('402894c25b9db20d015b9de052c90038', 'canbaoType', '信用地图-参保类别', '用于信用地图-信用要素分析-参保欠缴信息查询');
insert into SYS_DICTIONARY_GROUP (id, group_key, group_name, description)
values ('402894c25b9db20d015b9df089e80045', 'qianshuiType', '信用地图-欠税税种', '用于信用地图-信用要素分析-欠税信息查询');
insert into SYS_DICTIONARY_GROUP (id, group_key, group_name, description)
values ('402894b55b8f72cb015b8fc71d400009', 'qianjiaoType', '信用地图-欠缴类型', '用于信用地图-信用要素分析-欠费信息查询');

insert into SYS_DICTIONARY (id, group_id, dict_key, dict_value, dict_order)
values ('402894c25b9db20d015b9ddcda210031', '402894b55b8f72cb015b8fc71d400009', 'dianfei', '电费', null);
insert into SYS_DICTIONARY (id, group_id, dict_key, dict_value, dict_order)
values ('402894c25b9db20d015b9ddcda210032', '402894b55b8f72cb015b8fc71d400009', 'shuifei', '水费', null);
insert into SYS_DICTIONARY (id, group_id, dict_key, dict_value, dict_order)
values ('402894c25b9db20d015b9ddcda210033', '402894b55b8f72cb015b8fc71d400009', 'ranqifei', '燃气费', null);
insert into SYS_DICTIONARY (id, group_id, dict_key, dict_value, dict_order)
values ('402894c25b9db20d015b9ddcda210034', '402894b55b8f72cb015b8fc71d400009', 'huafei', '话费', null);
insert into SYS_DICTIONARY (id, group_id, dict_key, dict_value, dict_order)
values ('402894c25b9db20d015b9de052c90039', '402894c25b9db20d015b9de052c90038', 'jgsydw', '机关事业单位养老保险', null);
insert into SYS_DICTIONARY (id, group_id, dict_key, dict_value, dict_order)
values ('402894c25b9db20d015b9de052c9003a', '402894c25b9db20d015b9de052c90038', 'gsbx', '工伤保险', null);
insert into SYS_DICTIONARY (id, group_id, dict_key, dict_value, dict_order)
values ('402894c25b9db20d015b9de052c9003b', '402894c25b9db20d015b9de052c90038', 'bcyl', '补充医疗保险', null);
insert into SYS_DICTIONARY (id, group_id, dict_key, dict_value, dict_order)
values ('402894c25b9db20d015b9de052c9003c', '402894c25b9db20d015b9de052c90038', 'shengyu', '生育保险', null);
insert into SYS_DICTIONARY (id, group_id, dict_key, dict_value, dict_order)
values ('402894c25b9db20d015b9de052c9003d', '402894c25b9db20d015b9de052c90038', 'czzg', '城镇职工基本医疗保险', null);
insert into SYS_DICTIONARY (id, group_id, dict_key, dict_value, dict_order)
values ('402894c25b9db20d015b9de052c9003e', '402894c25b9db20d015b9de052c90038', 'deyl', '大额医疗费用补助', null);
insert into SYS_DICTIONARY (id, group_id, dict_key, dict_value, dict_order)
values ('402894c25b9db20d015b9de052ca003f', '402894c25b9db20d015b9de052c90038', 'czqy', '城镇企业职工基本养老保险', null);
insert into SYS_DICTIONARY (id, group_id, dict_key, dict_value, dict_order)
values ('402894c25b9db20d015b9de052ca0040', '402894c25b9db20d015b9de052c90038', 'shiye', '失业保险', null);
insert into SYS_DICTIONARY (id, group_id, dict_key, dict_value, dict_order)
values ('402894c25b9db20d015b9df089e80046', '402894c25b9db20d015b9df089e80045', 'tdzzs', '土地增值税', null);
insert into SYS_DICTIONARY (id, group_id, dict_key, dict_value, dict_order)
values ('402894c25b9db20d015b9df089e80047', '402894c25b9db20d015b9df089e80045', 'fcs', '房产税', null);
insert into SYS_DICTIONARY (id, group_id, dict_key, dict_value, dict_order)
values ('402894c25b9db20d015b9df089e80048', '402894c25b9db20d015b9df089e80045', 'gdzys', '耕地占用税', null);
insert into SYS_DICTIONARY (id, group_id, dict_key, dict_value, dict_order)
values ('402894c25b9db20d015b9df089e80049', '402894c25b9db20d015b9df089e80045', 'grsds', '个人所得税', null);
insert into SYS_DICTIONARY (id, group_id, dict_key, dict_value, dict_order)
values ('402894c25b9db20d015b9df089e8004a', '402894c25b9db20d015b9df089e80045', 'zzs', '增值税', null);
insert into SYS_DICTIONARY (id, group_id, dict_key, dict_value, dict_order)
values ('402894c25b9db20d015b9df089e9004b', '402894c25b9db20d015b9df089e80045', 'yhs', '印花税', null);
insert into SYS_DICTIONARY (id, group_id, dict_key, dict_value, dict_order)
values ('402894c25b9db20d015b9df089e9004c', '402894c25b9db20d015b9df089e80045', 'qs', '契税', null);
insert into SYS_DICTIONARY (id, group_id, dict_key, dict_value, dict_order)
values ('402894c25b9db20d015b9df089e9004d', '402894c25b9db20d015b9df089e80045', 'qysds', '企业所得税', null);
insert into SYS_DICTIONARY (id, group_id, dict_key, dict_value, dict_order)
values ('402894c25b9db20d015b9df089e9004e', '402894c25b9db20d015b9df089e80045', 'yys', '营业税', null);
insert into SYS_DICTIONARY (id, group_id, dict_key, dict_value, dict_order)
values ('402894c25b9db20d015b9df089e9004f', '402894c25b9db20d015b9df089e80045', 'ccs', '车船税', null);
insert into SYS_DICTIONARY (id, group_id, dict_key, dict_value, dict_order)
values ('402894c25b9db20d015b9df089e90050', '402894c25b9db20d015b9df089e80045', 'cswhjss', '城市维护建设税', null);
insert into SYS_DICTIONARY (id, group_id, dict_key, dict_value, dict_order)
values ('402894c25b9db20d015b9df089e90051', '402894c25b9db20d015b9df089e80045', 'cztdsys', '城镇土地使用税', null);
insert into SYS_DICTIONARY (id, group_id, dict_key, dict_value, dict_order)
values ('402894c25b9db20d015b9df089e90052', '402894c25b9db20d015b9df089e80045', 'ccsys', '车船使用税', null);


--高管来源分析区域查询条件字典
insert into SYS_DICTIONARY_GROUP (id, group_key, group_name, description)
values ('402894c25b9e7b94015b9ecff3300018', 'idCardRegion', '高管来源-身份证区域', '用于高管来源分析区域查询');

insert into SYS_DICTIONARY (id, group_id, dict_key, dict_value, dict_order)
values ('402894c25b9e7b94015b9ecff3310019', '402894c25b9e7b94015b9ecff3300018', 'gaoguan_61', '陕西', null);
insert into SYS_DICTIONARY (id, group_id, dict_key, dict_value, dict_order)
values ('402894c25b9e7b94015b9ecff331001a', '402894c25b9e7b94015b9ecff3300018', 'gaoguan_53', '云南', null);
insert into SYS_DICTIONARY (id, group_id, dict_key, dict_value, dict_order)
values ('402894c25b9e7b94015b9ecff332001b', '402894c25b9e7b94015b9ecff3300018', 'gaoguan_15', '内蒙古', null);
insert into SYS_DICTIONARY (id, group_id, dict_key, dict_value, dict_order)
values ('402894c25b9e7b94015b9ecff3330027', '402894c25b9e7b94015b9ecff3300018', 'gaoguan_51', '四川', null);
insert into SYS_DICTIONARY (id, group_id, dict_key, dict_value, dict_order)
values ('402894c25b9e7b94015b9ecff332001c', '402894c25b9e7b94015b9ecff3300018', 'gaoguan_63', '青海', null);
insert into SYS_DICTIONARY (id, group_id, dict_key, dict_value, dict_order)
values ('402894c25b9e7b94015b9ecff332001d', '402894c25b9e7b94015b9ecff3300018', 'gaoguan_62', '甘肃', null);
insert into SYS_DICTIONARY (id, group_id, dict_key, dict_value, dict_order)
values ('402894c25b9e7b94015b9ecff3330028', '402894c25b9e7b94015b9ecff3300018', 'gaoguan_34', '安徽', null);
insert into SYS_DICTIONARY (id, group_id, dict_key, dict_value, dict_order)
values ('402894c25b9e7b94015b9ecff332001e', '402894c25b9e7b94015b9ecff3300018', 'gaoguan_12', '天津', null);
insert into SYS_DICTIONARY (id, group_id, dict_key, dict_value, dict_order)
values ('402894c25b9e7b94015b9ecff332001f', '402894c25b9e7b94015b9ecff3300018', 'gaoguan_11', '北京', null);
insert into SYS_DICTIONARY (id, group_id, dict_key, dict_value, dict_order)
values ('402894c25b9e7b94015b9ecff3320020', '402894c25b9e7b94015b9ecff3300018', 'gaoguan_23', '黑龙江', null);
insert into SYS_DICTIONARY (id, group_id, dict_key, dict_value, dict_order)
values ('402894c25b9e7b94015b9ecff3320021', '402894c25b9e7b94015b9ecff3300018', 'gaoguan_43', '湖南', null);
insert into SYS_DICTIONARY (id, group_id, dict_key, dict_value, dict_order)
values ('402894c25b9e7b94015b9ecff3330022', '402894c25b9e7b94015b9ecff3300018', 'gaoguan_50', '重庆', null);
insert into SYS_DICTIONARY (id, group_id, dict_key, dict_value, dict_order)
values ('402894c25b9e7b94015b9ecff3330023', '402894c25b9e7b94015b9ecff3300018', 'gaoguan_44', '广东', null);
insert into SYS_DICTIONARY (id, group_id, dict_key, dict_value, dict_order)
values ('402894c25b9e7b94015b9ecff3330024', '402894c25b9e7b94015b9ecff3300018', 'gaoguan_37', '山东', null);
insert into SYS_DICTIONARY (id, group_id, dict_key, dict_value, dict_order)
values ('402894c25b9e7b94015b9ecff3330025', '402894c25b9e7b94015b9ecff3300018', 'gaoguan_41', '河南', null);
insert into SYS_DICTIONARY (id, group_id, dict_key, dict_value, dict_order)
values ('402894c25b9e7b94015b9ecff3330026', '402894c25b9e7b94015b9ecff3300018', 'gaoguan_31', '上海', null);
insert into SYS_DICTIONARY (id, group_id, dict_key, dict_value, dict_order)
values ('402894c25b9e7b94015b9ecff3330029', '402894c25b9e7b94015b9ecff3300018', 'gaoguan_33', '浙江', null);
insert into SYS_DICTIONARY (id, group_id, dict_key, dict_value, dict_order)
values ('402894c25b9e7b94015b9ecff333002a', '402894c25b9e7b94015b9ecff3300018', 'gaoguan_54', '西藏', null);
insert into SYS_DICTIONARY (id, group_id, dict_key, dict_value, dict_order)
values ('402894c25b9e7b94015b9ecff333002b', '402894c25b9e7b94015b9ecff3300018', 'gaoguan_13', '河北', null);
insert into SYS_DICTIONARY (id, group_id, dict_key, dict_value, dict_order)
values ('402894c25b9e7b94015b9ecff334002c', '402894c25b9e7b94015b9ecff3300018', 'gaoguan_65', '新疆', null);
insert into SYS_DICTIONARY (id, group_id, dict_key, dict_value, dict_order)
values ('402894c25b9e7b94015b9ecff334002d', '402894c25b9e7b94015b9ecff3300018', 'gaoguan_36', '江西', null);
insert into SYS_DICTIONARY (id, group_id, dict_key, dict_value, dict_order)
values ('402894c25b9e7b94015b9ecff334002e', '402894c25b9e7b94015b9ecff3300018', 'gaoguan_45', '广西', null);
insert into SYS_DICTIONARY (id, group_id, dict_key, dict_value, dict_order)
values ('402894c25b9e7b94015b9ecff334002f', '402894c25b9e7b94015b9ecff3300018', 'gaoguan_14', '山西', null);
insert into SYS_DICTIONARY (id, group_id, dict_key, dict_value, dict_order)
values ('402894c25b9e7b94015b9ecff3340030', '402894c25b9e7b94015b9ecff3300018', 'gaoguan_42', '湖北', null);
insert into SYS_DICTIONARY (id, group_id, dict_key, dict_value, dict_order)
values ('402894c25b9e7b94015b9ecff3340031', '402894c25b9e7b94015b9ecff3300018', 'gaoguan_64', '宁夏', null);
insert into SYS_DICTIONARY (id, group_id, dict_key, dict_value, dict_order)
values ('402894c25b9e7b94015b9ecff3340032', '402894c25b9e7b94015b9ecff3300018', 'gaoguan_52', '贵州', null);
insert into SYS_DICTIONARY (id, group_id, dict_key, dict_value, dict_order)
values ('402894c25b9e7b94015b9ecff3340033', '402894c25b9e7b94015b9ecff3300018', 'gaoguan_32', '江苏', null);
insert into SYS_DICTIONARY (id, group_id, dict_key, dict_value, dict_order)
values ('402894c25b9e7b94015b9ecff3340034', '402894c25b9e7b94015b9ecff3300018', 'gaoguan_22', '吉林', null);
insert into SYS_DICTIONARY (id, group_id, dict_key, dict_value, dict_order)
values ('402894c25b9e7b94015b9ecff3350035', '402894c25b9e7b94015b9ecff3300018', 'gaoguan_21', '辽宁', null);
insert into SYS_DICTIONARY (id, group_id, dict_key, dict_value, dict_order)
values ('402894c25b9e7b94015b9ecff3350036', '402894c25b9e7b94015b9ecff3300018', 'gaoguan_35', '福建', null);
insert into SYS_DICTIONARY (id, group_id, dict_key, dict_value, dict_order)
values ('402894c25b9e7b94015b9ecff3350037', '402894c25b9e7b94015b9ecff3300018', 'gaoguan_46', '海南', null);

commit;
--7decision end

--8promise begin
insert into SYS_MENU (sys_menu_id, parent_id, menu_name, menu_url, menu_icon, display_order)
values ('402894ee5a0cd798015a0cdf470a0009', 'ROOT_1', '信用承诺管理', 'promise/toPromiseList.action', 'icon-wrench', 55);
insert into SYS_MENU (sys_menu_id, parent_id, menu_name, menu_url, menu_icon, display_order)
values ('402894ee5a1122b8015a112568a00009', 'ROOT_2', '信用承诺管理', 'promise/toPromiseList.action', 'icon-wrench', 40);

insert into SYS_PRIVILEGE (sys_privilege_id, SYS_MENU_ID, privilege_code, privilege_name, description, users_count, roles_count, all_users_count, display_order)
values ('402894ee5a0cd798015a0ce1078c0016', '402894ee5a0cd798015a0cdf470a0009', 'center.promise.list', '中心端信用承诺管理', null, null, null, null, null);
insert into SYS_PRIVILEGE (sys_privilege_id, SYS_MENU_ID, privilege_code, privilege_name, description, users_count, roles_count, all_users_count, display_order)
values ('402894ee5a1122b8015a1129aa550015', '402894ee5a1122b8015a112568a00009', 'gov.promise.list', '政务端信用承诺管理', null, null, null, null, null);

insert into sys_role_to_privilege (SYS_ROLE_ID, SYS_PRIVILEGE_ID) values ('2c90c28158761b550158762482b50015', '402894ee5a0cd798015a0ce1078c0016');
insert into sys_role_to_privilege (SYS_ROLE_ID, SYS_PRIVILEGE_ID) values ('8aa0bef544713ca60144713d364a0000', '402894ee5a0cd798015a0ce1078c0016');

insert into sys_role_to_privilege (SYS_ROLE_ID, SYS_PRIVILEGE_ID) values ('40289454547b159d01547b1efe25000c', '402894ee5a1122b8015a1129aa550015');
insert into sys_role_to_privilege (SYS_ROLE_ID, SYS_PRIVILEGE_ID) values ('8aa0bef544713ca60144713d364a0000', '402894ee5a1122b8015a1129aa550015');

insert into SYS_DICTIONARY_GROUP (id, group_key, group_name, description)
values ('402894ee5a06bd2c015a0830c46f0006', 'cnlb', '承诺类别', '承诺类别');

insert into SYS_DICTIONARY (id, group_id, dict_key, dict_value, dict_order)
values ('402894ee5a06bd2c015a0830c46f0007', '402894ee5a06bd2c015a0830c46f0006', '0', '资金审批', null);
insert into SYS_DICTIONARY (id, group_id, dict_key, dict_value, dict_order)
values ('402894ee5a06bd2c015a0830c4700008', '402894ee5a06bd2c015a0830c46f0006', '1', '项目申报', null);
insert into SYS_DICTIONARY (id, group_id, dict_key, dict_value, dict_order)
values ('402894ee5a06bd2c015a0830c4700009', '402894ee5a06bd2c015a0830c46f0006', '3', '其他服务', null);
insert into SYS_DICTIONARY (id, group_id, dict_key, dict_value, dict_order)
values ('402894ee5a06bd2c015a0830c470000a', '402894ee5a06bd2c015a0830c46f0006', '2', '企业认定', null);

commit;

drop table CN_CREDIT_COMMITMENT cascade constraints;
drop table CN_CREDIT_COMMITMENT_QY cascade constraints;

create table CN_CREDIT_COMMITMENT
(
  id          VARCHAR2(50) not null,
  cnlb        VARCHAR2(50),
  dept_id     VARCHAR2(50),
  create_time DATE,
  update_time DATE
)
;
comment on table CN_CREDIT_COMMITMENT
  is '信用承诺事项信息';
comment on column CN_CREDIT_COMMITMENT.id
  is '主键';
comment on column CN_CREDIT_COMMITMENT.cnlb
  is '承诺类别（字典项key）';
comment on column CN_CREDIT_COMMITMENT.dept_id
  is '监管部门ID';
comment on column CN_CREDIT_COMMITMENT.create_time
  is '创建时间';
comment on column CN_CREDIT_COMMITMENT.update_time
  is '更新时间';
alter table CN_CREDIT_COMMITMENT
  add constraint PK_CN_CREDIT_COMMITMENT primary key (ID);

create table CN_CREDIT_COMMITMENT_QY
(
  id          VARCHAR2(50) not null,
  qymc        VARCHAR2(500),
  gszch       VARCHAR2(200),
  zzjgdm      VARCHAR2(200),
  tyshxydm    VARCHAR2(100),
  cnlb        VARCHAR2(50),
  dept_id     VARCHAR2(50),
  create_time DATE,
  create_user VARCHAR2(50),
  yxq         VARCHAR2(50),
  clyj        VARCHAR2(2500)
)
;
comment on table CN_CREDIT_COMMITMENT_QY
  is '信用承诺事项关联的企业信息';
comment on column CN_CREDIT_COMMITMENT_QY.id
  is '主键';
comment on column CN_CREDIT_COMMITMENT_QY.qymc
  is '企业名称';
comment on column CN_CREDIT_COMMITMENT_QY.gszch
  is '工商注册号';
comment on column CN_CREDIT_COMMITMENT_QY.zzjgdm
  is '组织机构代码';
comment on column CN_CREDIT_COMMITMENT_QY.tyshxydm
  is '统一社会信用代码';
comment on column CN_CREDIT_COMMITMENT_QY.cnlb
  is '承诺类别';
comment on column CN_CREDIT_COMMITMENT_QY.dept_id
  is '监管部门ID';
comment on column CN_CREDIT_COMMITMENT_QY.create_time
  is '创建时间';
comment on column CN_CREDIT_COMMITMENT_QY.yxq
  is '加入黑名单有效期';
comment on column CN_CREDIT_COMMITMENT_QY.clyj
  is '加入黑名单处理意见';
alter table CN_CREDIT_COMMITMENT_QY
  add constraint PK_CN_CREDIT_COMMITMENT_QY primary key (ID);


CREATE OR REPLACE PROCEDURE P_CN_ADD_CREDIT_CNLB IS
-- 游标-承诺类别的字典项key集合
CURSOR KEYS IS
    SELECT K.* FROM SYS_DICTIONARY_GROUP T, SYS_DICTIONARY K WHERE T.ID = K.GROUP_ID AND T.GROUP_KEY = 'cnlb';
-- 游标-所有部门ID集合
CURSOR IDS2 IS
    SELECT * FROM SYS_DEPARTMENT ;

bEXIST NUMBER;

BEGIN
  bEXIST := 0;
    FOR SYS_DEPARTMENT IN IDS2 LOOP
      FOR SYS_DICTIONARY IN KEYS LOOP
       SELECT COUNT(*) INTO bEXIST FROM CN_CREDIT_COMMITMENT T WHERE T.CNLB = SYS_DICTIONARY.DICT_KEY AND T.DEPT_ID = SYS_DEPARTMENT.SYS_DEPARTMENT_ID ;

       IF (bEXIST = 0)
       THEN
          INSERT INTO CN_CREDIT_COMMITMENT VALUES (sys_guid(), SYS_DICTIONARY.DICT_KEY, SYS_DEPARTMENT.SYS_DEPARTMENT_ID,  sysdate, null);
        END IF;
      END LOOP;
    END LOOP;

    COMMIT;
END;
/

begin
  sys.dbms_scheduler.create_job(job_name        => 'P_CN_ADD_CREDIT_CNLB_JOB',
                                job_type        => 'STORED_PROCEDURE',
                                job_action      => 'P_CN_ADD_CREDIT_CNLB',
                                start_date      => sysdate,
                                repeat_interval => 'Freq=MINUTELY;Interval=5',
                                end_date        => to_date(null),
                                job_class       => 'DEFAULT_JOB_CLASS',
                                enabled         => true,
                                auto_drop       => false,
                                comments        => '生成部门承诺项');
end;
/
--8promise end

--9rating begin
--评分模型表
drop table XY_PF_PFMX cascade constraints;
--评分指标(表内数据保留)
drop table XY_PF_PFZB cascade constraints;
--评分模型与指标关系表
drop table XY_PF_PFMXZBGX cascade constraints;
--指标与数据获取接口对应关系表
drop table XY_PF_PFZBSJJKGXB cascade constraints;
-- 评分指标区间分
drop table XY_PF_PFZB_QJF cascade constraints;
--评分指标种类分
drop table XY_PF_PFZB_ZLF cascade constraints;
--模型规则文件关系表
drop table XY_PF_PFMXGZGXB cascade constraints;

/*==============================================================*/
/* Table: XY_PF_PFMX                                            */
/*==============================================================*/
create table XY_PF_PFMX
(
   MXBH                 VARCHAR2(50)         not null,
   MXMC                 VARCHAR2(200)        not null,
   MXMS                 VARCHAR2(500)        not null,
   STATUS               VARCHAR2(1),
   CREATE_TIME          DATE,
   CREATE_USER          VARCHAR2(50),
   UPDATE_TIME          DATE,
   UPDATE_USER          VARCHAR2(50),
   BZ                   VARCHAR2(500)
);

comment on table XY_PF_PFMX is
'评分模型模板表';

comment on column XY_PF_PFMX.MXBH is
'模型编号';

comment on column XY_PF_PFMX.MXMC is
'模型名称';

comment on column XY_PF_PFMX.MXMS is
'模型描述';

comment on column XY_PF_PFMX.STATUS is
'状态（0已启用、1已禁用）';

comment on column XY_PF_PFMX.CREATE_TIME is
'创建时间';

comment on column XY_PF_PFMX.CREATE_USER is
'创建人ID';

comment on column XY_PF_PFMX.UPDATE_TIME is
'更新时间';

comment on column XY_PF_PFMX.UPDATE_USER is
'更新人ID';

comment on column XY_PF_PFMX.BZ is
'备注';

alter table XY_PF_PFMX
   add constraint PK_XY_PF_PFMX primary key (MXBH);

/*==============================================================*/
/* Table: XY_PF_PFMXGZGXB                                       */
/*==============================================================*/
create table XY_PF_PFMXGZGXB
(
   MXBH                 VARCHAR2(50)         not null,
   RULE                 CLOB                 not null
);

comment on table XY_PF_PFMXGZGXB is
'模型规则文件关系表';

comment on column XY_PF_PFMXGZGXB.MXBH is
'模型编号';

comment on column XY_PF_PFMXGZGXB.RULE is
'规则内容';

alter table XY_PF_PFMXGZGXB
   add constraint PK_XY_PF_PFMXGZGXB primary key (MXBH);

/*==============================================================*/
/* Table: XY_PF_PFMXZBGX                                        */
/*==============================================================*/
create table XY_PF_PFMXZBGX
(
   PF_MX_ID             VARCHAR2(50)         not null,
   PF_ZB_ID             VARCHAR2(50)         not null,
   SCORE                NUMBER
);

comment on table XY_PF_PFMXZBGX is
'评分模型与指标关系表';

comment on column XY_PF_PFMXZBGX.PF_MX_ID is
'评分模型ID';

comment on column XY_PF_PFMXZBGX.PF_ZB_ID is
'评分指标ID';

comment on column XY_PF_PFMXZBGX.SCORE is
'指标总分';

alter table XY_PF_PFMXZBGX
   add constraint PK_XY_PF_PFMXZBGX primary key (PF_MX_ID, PF_ZB_ID);

/*==============================================================*/
/* Table: XY_PF_PFZB                                            */
/*==============================================================*/
create table XY_PF_PFZB
(
   ID                   VARCHAR2(50)         not null,
   ZBMC                 VARCHAR2(200)        not null,
   PARENTID             VARCHAR2(50),
   ZBLX                 VARCHAR2(1),
   ZBJFLX               VARCHAR2(1)          not null,
   CREATE_TIME          DATE,
   CREATE_USER          VARCHAR2(50),
   UPDATE_TIME          DATE,
   UPDATE_USER          VARCHAR2(50),
   BZ                   VARCHAR2(500)
);

comment on table XY_PF_PFZB is
'评分指标';

comment on column XY_PF_PFZB.ID is
'主键';

comment on column XY_PF_PFZB.ZBMC is
'指标名称';

comment on column XY_PF_PFZB.PARENTID is
'父ID';

comment on column XY_PF_PFZB.ZBLX is
'指标类型（0区间分，1种类分）';

comment on column XY_PF_PFZB.ZBJFLX is
'指标计分类型（0加分，1扣分）';

comment on column XY_PF_PFZB.CREATE_TIME is
'创建时间';

comment on column XY_PF_PFZB.CREATE_USER is
'创建人ID';

comment on column XY_PF_PFZB.UPDATE_TIME is
'更新时间';

comment on column XY_PF_PFZB.UPDATE_USER is
'更新人ID';

comment on column XY_PF_PFZB.BZ is
'备注';

alter table XY_PF_PFZB
   add constraint PK_XY_PF_PFZB primary key (ID);

/*==============================================================*/
/* Table: XY_PF_PFZBSJJKGXB                                     */
/*==============================================================*/
create table XY_PF_PFZBSJJKGXB
(
   PF_ZB_ID             VARCHAR2(50)         not null,
   PF_SERVICE_BEAN      VARCHAR2(250),
   PF_SERVICE_METHOD    VARCHAR2(250)
);

comment on table XY_PF_PFZBSJJKGXB is
'指标与数据获取接口对应关系表';

comment on column XY_PF_PFZBSJJKGXB.PF_ZB_ID is
'评分指标ID';

comment on column XY_PF_PFZBSJJKGXB.PF_SERVICE_BEAN is
'提供获取数据服务的bean名称，值为Spring的@Service的id名';

comment on column XY_PF_PFZBSJJKGXB.PF_SERVICE_METHOD is
'方法名';

alter table XY_PF_PFZBSJJKGXB
   add constraint PK_XY_PF_PFZBSJJKGXB primary key (PF_ZB_ID);

/*==============================================================*/
/* Table: XY_PF_PFZB_QJF                                        */
/*==============================================================*/
create table XY_PF_PFZB_QJF
(
   ID                   VARCHAR2(50)         not null,
   PF_MX_ID             VARCHAR2(50)         not null,
   PF_ZB_ID             VARCHAR2(50)         not null,
   MIN                  NUMBER               not null,
   MAX                  NUMBER,
   SCORE                NUMBER               not null,
   CREATE_TIME          DATE,
   CREATE_USER          VARCHAR2(50),
   BZ                   VARCHAR2(500)
);

comment on table XY_PF_PFZB_QJF is
'评分指标区间分';

comment on column XY_PF_PFZB_QJF.ID is
'主键';

comment on column XY_PF_PFZB_QJF.PF_MX_ID is
'评分模型ID';

comment on column XY_PF_PFZB_QJF.PF_ZB_ID is
'评分指标ID';

comment on column XY_PF_PFZB_QJF.MIN is
'区间最小值';

comment on column XY_PF_PFZB_QJF.MAX is
'区间最大值';

comment on column XY_PF_PFZB_QJF.SCORE is
'数值在该区间内的分数';

comment on column XY_PF_PFZB_QJF.CREATE_TIME is
'创建时间';

comment on column XY_PF_PFZB_QJF.CREATE_USER is
'创建人ID';

comment on column XY_PF_PFZB_QJF.BZ is
'备注';

alter table XY_PF_PFZB_QJF
   add constraint PK_XY_PF_PFZB_QJF primary key (ID);

/*==============================================================*/
/* Table: XY_PF_PFZB_ZLF                                        */
/*==============================================================*/
create table XY_PF_PFZB_ZLF
(
   ID                   VARCHAR2(50)         not null,
   PF_MX_ID             VARCHAR2(50)         not null,
   PF_ZB_ID             VARCHAR2(50)         not null,
   ZLMC                 VARCHAR2(250)        not null,
   SCORE                NUMBER               not null,
   CREATE_TIME          DATE,
   CREATE_USER          VARCHAR2(50),
   BZ                   VARCHAR2(500)
);

comment on table XY_PF_PFZB_ZLF is
'评分指标种类分';

comment on column XY_PF_PFZB_ZLF.ID is
'主键';

comment on column XY_PF_PFZB_ZLF.PF_MX_ID is
'评分模型ID';

comment on column XY_PF_PFZB_ZLF.PF_ZB_ID is
'评分指标ID';

comment on column XY_PF_PFZB_ZLF.ZLMC is
'种类名称';

comment on column XY_PF_PFZB_ZLF.SCORE is
'种类分数';

comment on column XY_PF_PFZB_ZLF.CREATE_TIME is
'创建时间';

comment on column XY_PF_PFZB_ZLF.CREATE_USER is
'创建人ID';

comment on column XY_PF_PFZB_ZLF.BZ is
'备注';

alter table XY_PF_PFZB_ZLF
   add constraint PK_XY_PF_PFZB_ZLF primary key (ID);

alter table XY_PF_PFMXGZGXB
   add constraint "FK_PF_Reference_23" foreign key (MXBH)
      references XY_PF_PFMX (MXBH)
      on delete cascade;

alter table XY_PF_PFMXZBGX
   add constraint FK_XY_PF_PFMXZBGX_PF_MX_ID foreign key (PF_MX_ID)
      references XY_PF_PFMX (MXBH)
      on delete cascade;

alter table XY_PF_PFMXZBGX
   add constraint FK_XY_PF_PFMXZBGX_PF_ZB_ID foreign key (PF_ZB_ID)
      references XY_PF_PFZB (ID)
      on delete cascade;

alter table XY_PF_PFZB_QJF
   add constraint FK_XY_PF_PFZB_QJF_MXID foreign key (PF_MX_ID)
      references XY_PF_PFMX (MXBH)
      on delete cascade;

alter table XY_PF_PFZB_QJF
   add constraint FK_XY_PF_PFZB_QJF_ZBID foreign key (PF_ZB_ID)
      references XY_PF_PFZB (ID)
      on delete cascade;

alter table XY_PF_PFZB_ZLF
   add constraint FK_XY_PF_PFZB_ZLF_MXID foreign key (PF_MX_ID)
      references XY_PF_PFMX (MXBH)
      on delete cascade;

alter table XY_PF_PFZB_ZLF
   add constraint FK_XY_PF_PFZB_ZLF_ZBID foreign key (PF_ZB_ID)
      references XY_PF_PFZB (ID)
      on delete cascade;

-- 评分模型指标表初始数据
insert into XY_PF_PFZB (ID, ZBMC, PARENTID, ZBJFLX, CREATE_TIME, CREATE_USER, UPDATE_TIME, UPDATE_USER, BZ, ZBLX)
values ('1', '企业概况', 'ROOT', '0', sysdate, null, sysdate, null, '手动录入-初始化数据', '0');

insert into XY_PF_PFZB (ID, ZBMC, PARENTID, ZBJFLX, CREATE_TIME, CREATE_USER, UPDATE_TIME, UPDATE_USER, BZ, ZBLX)
values ('1_1', '经营时间', '1', '0', sysdate, null, sysdate, null, '手动录入-初始化数据', '0');

insert into XY_PF_PFZB (ID, ZBMC, PARENTID, ZBJFLX, CREATE_TIME, CREATE_USER, UPDATE_TIME, UPDATE_USER, BZ, ZBLX)
values ('1_2', '公司规模', '1', '0', sysdate, null, sysdate, null, '手动录入-初始化数据', '0');

insert into XY_PF_PFZB (ID, ZBMC, PARENTID, ZBJFLX, CREATE_TIME, CREATE_USER, UPDATE_TIME, UPDATE_USER, BZ, ZBLX)
values ('1_3', '固定资产额', '1', '0', sysdate, null, sysdate, null, '手动录入-初始化数据', '0');

insert into XY_PF_PFZB (ID, ZBMC, PARENTID, ZBJFLX, CREATE_TIME, CREATE_USER, UPDATE_TIME, UPDATE_USER, BZ, ZBLX)
values ('1_4', '注册资金', '1', '0', sysdate, null, sysdate, null, '手动录入-初始化数据', '0');

insert into XY_PF_PFZB (ID, ZBMC, PARENTID, ZBJFLX, CREATE_TIME, CREATE_USER, UPDATE_TIME, UPDATE_USER, BZ, ZBLX)
values ('1_5', '社保缴纳额', '1', '0', sysdate, null, sysdate, null, '手动录入-初始化数据', '0');

insert into XY_PF_PFZB (ID, ZBMC, PARENTID, ZBJFLX, CREATE_TIME, CREATE_USER, UPDATE_TIME, UPDATE_USER, BZ, ZBLX)
values ('1_6', '企业纳税额', '1', '0', sysdate, null, sysdate, null, '手动录入-初始化数据', '0');

insert into XY_PF_PFZB (ID, ZBMC, PARENTID, ZBJFLX, CREATE_TIME, CREATE_USER, UPDATE_TIME, UPDATE_USER, BZ, ZBLX)
values ('2', '失信信息', 'ROOT', '1', sysdate, null, sysdate, null, '手动录入-初始化数据', '1');

insert into XY_PF_PFZB (ID, ZBMC, PARENTID, ZBJFLX, CREATE_TIME, CREATE_USER, UPDATE_TIME, UPDATE_USER, BZ, ZBLX)
values ('3', '表彰荣誉', 'ROOT', '0', sysdate, null, sysdate, null, '手动录入-初始化数据', '0');

insert into XY_PF_PFZB (ID, ZBMC, PARENTID, ZBJFLX, CREATE_TIME, CREATE_USER, UPDATE_TIME, UPDATE_USER, BZ, ZBLX)
values ('4', '知识产权', 'ROOT', '0', sysdate, null, sysdate, null, '手动录入-初始化数据', '1');

insert into XY_PF_PFZB (ID, ZBMC, PARENTID, ZBJFLX, CREATE_TIME, CREATE_USER, UPDATE_TIME, UPDATE_USER, BZ, ZBLX)
values ('5', '企业资质', 'ROOT', '0', sysdate, null, sysdate, null, '手动录入-初始化数据', '1');

insert into XY_PF_PFZB (ID, ZBMC, PARENTID, ZBJFLX, CREATE_TIME, CREATE_USER, UPDATE_TIME, UPDATE_USER, BZ, ZBLX)
values ('6', '欠税欠费', 'ROOT', '1', sysdate, null, sysdate, null, '手动录入-初始化数据', '0');

insert into XY_PF_PFZB (ID, ZBMC, PARENTID, ZBJFLX, CREATE_TIME, CREATE_USER, UPDATE_TIME, UPDATE_USER, BZ, ZBLX)
values ('6_1', '欠税信息', '6', '1', sysdate, null, sysdate, null, '手动录入-初始化数据', '0');

insert into XY_PF_PFZB (ID, ZBMC, PARENTID, ZBJFLX, CREATE_TIME, CREATE_USER, UPDATE_TIME, UPDATE_USER, BZ, ZBLX)
values ('6_2', '欠费信息', '6', '1', sysdate, null, sysdate, null, '手动录入-初始化数据', '0');

insert into XY_PF_PFZB (ID, ZBMC, PARENTID, ZBJFLX, CREATE_TIME, CREATE_USER, UPDATE_TIME, UPDATE_USER, BZ, ZBLX)
values ('6_3', '社保欠缴额', '6', '1', sysdate, null, sysdate, null, '手动录入-初始化数据', '0');


insert into XY_PF_PFZBSJJKGXB (PF_ZB_ID, PF_SERVICE_BEAN, PF_SERVICE_METHOD)
values ('1_1', 'XYPFQYGKService', 'getJYSJ');

insert into XY_PF_PFZBSJJKGXB (PF_ZB_ID, PF_SERVICE_BEAN, PF_SERVICE_METHOD)
values ('1_2', 'XYPFQYGKService', 'getGSGM');

insert into XY_PF_PFZBSJJKGXB (PF_ZB_ID, PF_SERVICE_BEAN, PF_SERVICE_METHOD)
values ('1_3', 'XYPFQYGKService', 'getGDZCE');

insert into XY_PF_PFZBSJJKGXB (PF_ZB_ID, PF_SERVICE_BEAN, PF_SERVICE_METHOD)
values ('1_4', 'XYPFQYGKService', 'getZCZJ');

insert into XY_PF_PFZBSJJKGXB (PF_ZB_ID, PF_SERVICE_BEAN, PF_SERVICE_METHOD)
values ('1_5', 'XYPFQYGKService', 'getSBJNE');

insert into XY_PF_PFZBSJJKGXB (PF_ZB_ID, PF_SERVICE_BEAN, PF_SERVICE_METHOD)
values ('1_6', 'XYPFQYGKService', 'getQYNSE');

insert into XY_PF_PFZBSJJKGXB (PF_ZB_ID, PF_SERVICE_BEAN, PF_SERVICE_METHOD)
values ('2', 'XYPFSXXXService', 'getSXXX');

insert into XY_PF_PFZBSJJKGXB (PF_ZB_ID, PF_SERVICE_BEAN, PF_SERVICE_METHOD)
values ('3', 'XYPFBZRYService', 'getBZRY');

insert into XY_PF_PFZBSJJKGXB (PF_ZB_ID, PF_SERVICE_BEAN, PF_SERVICE_METHOD)
values ('4', 'XYPFZSCQService', 'getZSCQ');

insert into XY_PF_PFZBSJJKGXB (PF_ZB_ID, PF_SERVICE_BEAN, PF_SERVICE_METHOD)
values ('5', 'XYPFQYZZService', 'getQYZZ');

insert into XY_PF_PFZBSJJKGXB (PF_ZB_ID, PF_SERVICE_BEAN, PF_SERVICE_METHOD)
values ('6_1', 'XYPFQSQFService', 'getQSXX');

insert into XY_PF_PFZBSJJKGXB (PF_ZB_ID, PF_SERVICE_BEAN, PF_SERVICE_METHOD)
values ('6_2', 'XYPFQSQFService', 'getQFXX');

insert into XY_PF_PFZBSJJKGXB (PF_ZB_ID, PF_SERVICE_BEAN, PF_SERVICE_METHOD)
values ('6_3', 'XYPFQSQFService', 'getSBQJE');

commit;

drop sequence  SQ_PFMXBH;
create sequence SQ_PFMXBH minvalue 1 maxvalue 9999999999999999999999999999
start with 61 increment by 1 cache 20;

--添加菜单-评分管理
insert into sys_menu (SYS_MENU_ID, PARENT_ID, MENU_NAME, MENU_URL, MENU_ICON, DISPLAY_ORDER)
values ('402894ee5b17f69a015b18007c6d0025', 'ROOT_1', '评分管理', null, 'icon-calendar', 60);
commit;

--添加菜单-评分模型模板-评分查询
insert into sys_menu (SYS_MENU_ID, PARENT_ID, MENU_NAME, MENU_URL, MENU_ICON, DISPLAY_ORDER)
values ('402894ee5b17f69a015b1814bbef0068', '402894ee5b17f69a015b18007c6d0025', '评分模型模板', 'center/scoreManage/modelList.action', 'fa fa-circle-o', 6010);
insert into sys_menu (SYS_MENU_ID, PARENT_ID, MENU_NAME, MENU_URL, MENU_ICON, DISPLAY_ORDER)
values ('402894ee5b17f69a015b181315a00063', '402894ee5b17f69a015b18007c6d0025', '评分查询', 'center/scoreManage/scoreQuery.action', 'fa fa-circle-o', 6005);
commit;

--添加权限-评分模型模板-评分查询
insert into sys_privilege (SYS_PRIVILEGE_ID, SYS_MENU_ID, PRIVILEGE_CODE, PRIVILEGE_NAME, DESCRIPTION, USERS_COUNT, ROLES_COUNT, ALL_USERS_COUNT, DISPLAY_ORDER)
values ('402894f85b412057015b41260dab0015', '402894ee5b17f69a015b1814bbef0068', 'center.scoreManage.Model', '评分模型模板', '评分模型模板', null, null, null, null);
insert into sys_privilege (SYS_PRIVILEGE_ID, SYS_MENU_ID, PRIVILEGE_CODE, PRIVILEGE_NAME, DESCRIPTION, USERS_COUNT, ROLES_COUNT, ALL_USERS_COUNT, DISPLAY_ORDER)
values ('402894ee5b17f69a015b1815aaed0074', '402894ee5b17f69a015b181315a00063', 'center.scoreManage.query', '评分查询', null, null, null, null, null);
commit;

--绑定权限和角色关系
insert into sys_role_to_privilege (SYS_ROLE_ID, SYS_PRIVILEGE_ID) values ('2c90c28158761b550158762482b50015', '402894f85b412057015b41260dab0015');
insert into sys_role_to_privilege (SYS_ROLE_ID, SYS_PRIVILEGE_ID) values ('8aa0bef544713ca60144713d364a0000', '402894f85b412057015b41260dab0015');

insert into sys_role_to_privilege (SYS_ROLE_ID, SYS_PRIVILEGE_ID) values ('2c90c28158761b550158762482b50015', '402894ee5b17f69a015b1815aaed0074');
insert into sys_role_to_privilege (SYS_ROLE_ID, SYS_PRIVILEGE_ID) values ('8aa0bef544713ca60144713d364a0000', '402894ee5b17f69a015b1815aaed0074');

commit;
--9rating end

--10subject begin
-- 主体管理 菜单
insert into SYS_MENU (sys_menu_id, parent_id, menu_name, menu_url, menu_icon, display_order)
values ('2c90c2815875742001587595ed710053', 'ROOT_1', '主体管理', null, 'icon-users', 10);
insert into SYS_MENU (sys_menu_id, parent_id, menu_name, menu_url, menu_icon, display_order)
values ('402894f858e149270158e14ed6370026', '2c90c2815875742001587595ed710053', '法人管理', 'center/socialLegalPerson/toList.action', 'fa fa-circle-o', 1000);
insert into SYS_MENU (sys_menu_id, parent_id, menu_name, menu_url, menu_icon, display_order)
values ('40287d815a0c146b015a0c1f05a90007', '2c90c2815875742001587595ed710053', '自然人管理', 'center/socialNaturalPerson/toList.action', 'fa fa-circle-o', 1005);

-- 主体管理 权限
insert into SYS_PRIVILEGE (sys_privilege_id, SYS_MENU_ID, privilege_code, privilege_name, description, users_count, roles_count, all_users_count, display_order)
values ('402894f858e149270158e1506e06002f', '402894f858e149270158e14ed6370026', 'center.socialLegalPerson', '社会法人管理页面', '进入社会法人管理页面', null, null, null, null);
insert into SYS_PRIVILEGE (sys_privilege_id, SYS_MENU_ID, privilege_code, privilege_name, description, users_count, roles_count, all_users_count, display_order)
values ('402894f858e730350158e73515220008', '402894f858e149270158e14ed6370026', 'center.socialLegalPerson.toview', '查看企业详细信息', '查看企业详细信息', null, null, null, null);

insert into SYS_PRIVILEGE (sys_privilege_id, SYS_MENU_ID, privilege_code, privilege_name, description, users_count, roles_count, all_users_count, display_order)
values ('40287d815a0c146b015a0c21da980011', '40287d815a0c146b015a0c1f05a90007', 'natural.person.list.detail', '自然人管理页面', '进入自然人管理页面', null, null, null, null);

-- 主体管理 角色权限关联表
insert into SYS_ROLE_TO_PRIVILEGE (sys_role_id, sys_privilege_id)
values ('8aa0bef544713ca60144713d364a0000', '402894f858e149270158e1506e06002f');
insert into SYS_ROLE_TO_PRIVILEGE (sys_role_id, sys_privilege_id)
values ('2c90c28158761b550158762482b50015', '402894f858e149270158e1506e06002f');
insert into SYS_ROLE_TO_PRIVILEGE (sys_role_id, sys_privilege_id)
values ('8aa0bef544713ca60144713d364a0000', '402894f858e730350158e73515220008');
insert into SYS_ROLE_TO_PRIVILEGE (sys_role_id, sys_privilege_id)
values ('2c90c28158761b550158762482b50015', '402894f858e730350158e73515220008');

insert into SYS_ROLE_TO_PRIVILEGE (sys_role_id, sys_privilege_id)
values ('2c90c28158761b550158762482b50015', '40287d815a0c146b015a0c21da980011');
insert into SYS_ROLE_TO_PRIVILEGE (sys_role_id, sys_privilege_id)
values ('8aa0bef544713ca60144713d364a0000', '40287d815a0c146b015a0c21da980011');

commit;
--10subject end


--初始化ETL_ENTERPRISE_TYPE_CHECKLIST数据
insert into ETL_ENTERPRISE_TYPE_CHECKLIST (old_qylxdm, old_qylxmc, qylxdm, qylxmc)
values ('100', '有限公司', '1100', '有限责任公司');
insert into ETL_ENTERPRISE_TYPE_CHECKLIST (old_qylxdm, old_qylxmc, qylxdm, qylxmc)
values ('11', '股份有限公司', '1200', '股份有限公司');
insert into ETL_ENTERPRISE_TYPE_CHECKLIST (old_qylxdm, old_qylxmc, qylxdm, qylxmc)
values ('119', '非公司外商投资企业（中外合作）', '5310', '非公司外商投资企业(中外合作)');
insert into ETL_ENTERPRISE_TYPE_CHECKLIST (old_qylxdm, old_qylxmc, qylxdm, qylxmc)
values ('130', '有限公司(中外合资经营)', '5120', '有限责任公司(中外合作)');
insert into ETL_ENTERPRISE_TYPE_CHECKLIST (old_qylxdm, old_qylxmc, qylxdm, qylxmc)
values ('137', '外国(地区)企业承包工程', '7300', '外国(地区)企业在中国境内从事经营活动');
insert into ETL_ENTERPRISE_TYPE_CHECKLIST (old_qylxdm, old_qylxmc, qylxdm, qylxmc)
values ('138', '外国(地区)企业承包经营管理', '7300', '外国(地区)企业在中国境内从事经营活动');
insert into ETL_ENTERPRISE_TYPE_CHECKLIST (old_qylxdm, old_qylxmc, qylxdm, qylxmc)
values ('139', '外国(地区)企业受托经营管理', '7300', '外国(地区)企业在中国境内从事经营活动');
insert into ETL_ENTERPRISE_TYPE_CHECKLIST (old_qylxdm, old_qylxmc, qylxdm, qylxmc)
values ('140', '外国(地区)企业其它经营活动', '7300', '外国(地区)企业在中国境内从事经营活动');
insert into ETL_ENTERPRISE_TYPE_CHECKLIST (old_qylxdm, old_qylxmc, qylxdm, qylxmc)
values ('143', '有限公司(独资经营－台港澳资)', '6150', '有限责任公司(台港澳法人独资)');
insert into ETL_ENTERPRISE_TYPE_CHECKLIST (old_qylxdm, old_qylxmc, qylxdm, qylxmc)
values ('152', '外国(地区)企业常驻代表机构', '7200', '外国(地区)企业常驻代表机构');
insert into ETL_ENTERPRISE_TYPE_CHECKLIST (old_qylxdm, old_qylxmc, qylxdm, qylxmc)
values ('16', '股份有限公司(自然人控股)', '1222', '股份有限公司(非上市、自然人投资或控股)');
insert into ETL_ENTERPRISE_TYPE_CHECKLIST (old_qylxdm, old_qylxmc, qylxdm, qylxmc)
values ('164', '外国银行', '7100', '外国（地区）公司分支机构');
insert into ETL_ENTERPRISE_TYPE_CHECKLIST (old_qylxdm, old_qylxmc, qylxdm, qylxmc)
values ('165', '外国保险公司', '7100', '外国（地区）公司分支机构');
insert into ETL_ENTERPRISE_TYPE_CHECKLIST (old_qylxdm, old_qylxmc, qylxdm, qylxmc)
values ('166', '外国保险公司营销部', '7100', '外国（地区）公司分支机构');
insert into ETL_ENTERPRISE_TYPE_CHECKLIST (old_qylxdm, old_qylxmc, qylxdm, qylxmc)
values ('167', '个体工商户(香港居民)', '9999', '个体');
insert into ETL_ENTERPRISE_TYPE_CHECKLIST (old_qylxdm, old_qylxmc, qylxdm, qylxmc)
values ('17', '股份有限公司(上市)', '1210', '股份有限公司(上市)');
insert into ETL_ENTERPRISE_TYPE_CHECKLIST (old_qylxdm, old_qylxmc, qylxdm, qylxmc)
values ('170', '有限公司(自然人控股)', '1130', '有限责任公司(自然人投资或控股)');
insert into ETL_ENTERPRISE_TYPE_CHECKLIST (old_qylxdm, old_qylxmc, qylxdm, qylxmc)
values ('180', '有限公司(自然人独资)', '1151', '有限责任公司(自然人独资)');
insert into ETL_ENTERPRISE_TYPE_CHECKLIST (old_qylxdm, old_qylxmc, qylxdm, qylxmc)
values ('181', '有限公司(法人独资)内资', '1153', '有限责任公司（非自然人投资或控股的法人独资）');
insert into ETL_ENTERPRISE_TYPE_CHECKLIST (old_qylxdm, old_qylxmc, qylxdm, qylxmc)
values ('182', '有限公司(法人独资)私营', '1152', '有限责任公司（自然人投资或控股的法人独资）');
insert into ETL_ENTERPRISE_TYPE_CHECKLIST (old_qylxdm, old_qylxmc, qylxdm, qylxmc)
values ('184', '有限责任公司(中外合资)', '5110', '有限责任公司(中外合资)');
insert into ETL_ENTERPRISE_TYPE_CHECKLIST (old_qylxdm, old_qylxmc, qylxdm, qylxmc)
values ('185', '有限责任公司(台港澳与境内合资)', '6110', '有限责任公司(台港澳与境内合资)');
insert into ETL_ENTERPRISE_TYPE_CHECKLIST (old_qylxdm, old_qylxmc, qylxdm, qylxmc)
values ('186', '有限责任公司(中外合作)', '5120', '有限责任公司(中外合作)');
insert into ETL_ENTERPRISE_TYPE_CHECKLIST (old_qylxdm, old_qylxmc, qylxdm, qylxmc)
values ('187', '有限责任公司(台港澳与境内合作)', '6120', '有限责任公司(台港澳与境内合作)');
insert into ETL_ENTERPRISE_TYPE_CHECKLIST (old_qylxdm, old_qylxmc, qylxdm, qylxmc)
values ('188', '有限责任公司(外商独资)', '5150', '有限责任公司(外国法人独资)');
insert into ETL_ENTERPRISE_TYPE_CHECKLIST (old_qylxdm, old_qylxmc, qylxdm, qylxmc)
values ('189', '有限责任公司(外商合资)', '5130', '有限责任公司(外商合资)');
insert into ETL_ENTERPRISE_TYPE_CHECKLIST (old_qylxdm, old_qylxmc, qylxdm, qylxmc)
values ('190', '有限责任公司(外国法人独资)', '5150', '有限责任公司(外国法人独资)');
insert into ETL_ENTERPRISE_TYPE_CHECKLIST (old_qylxdm, old_qylxmc, qylxdm, qylxmc)
values ('192', '有限责任公司(外国自然人独资)', '5140', '有限责任公司(外国自然人独资)');
insert into ETL_ENTERPRISE_TYPE_CHECKLIST (old_qylxdm, old_qylxmc, qylxdm, qylxmc)
values ('193', '有限责任公司(台港澳与外国投资者合资)', '6170', '有限责任公司(台港澳与外国投资者合资)');
insert into ETL_ENTERPRISE_TYPE_CHECKLIST (old_qylxdm, old_qylxmc, qylxdm, qylxmc)
values ('194', '有限责任公司(台港澳合资)', '6130', '有限责任公司(台港澳合资)');
insert into ETL_ENTERPRISE_TYPE_CHECKLIST (old_qylxdm, old_qylxmc, qylxdm, qylxmc)
values ('195', '有限责任公司(台港澳法人独资)', '6150', '有限责任公司(台港澳法人独资)');
insert into ETL_ENTERPRISE_TYPE_CHECKLIST (old_qylxdm, old_qylxmc, qylxdm, qylxmc)
values ('196', '有限责任公司(台港澳非法人经济组织独资)', '6160', '有限责任公司(台港澳非法人经济组织独资)');
insert into ETL_ENTERPRISE_TYPE_CHECKLIST (old_qylxdm, old_qylxmc, qylxdm, qylxmc)
values ('197', '有限责任公司(台港澳自然人独资)', '6150', '有限责任公司(台港澳法人独资)');
insert into ETL_ENTERPRISE_TYPE_CHECKLIST (old_qylxdm, old_qylxmc, qylxdm, qylxmc)
values ('199', '股份有限公司(中外合资，未上市)', '5210', '股份有限公司(中外合资、未上市)');
insert into ETL_ENTERPRISE_TYPE_CHECKLIST (old_qylxdm, old_qylxmc, qylxdm, qylxmc)
values ('200', '股份有限公司(中外合资，上市)', '5220', '股份有限公司(中外合资、上市)');
insert into ETL_ENTERPRISE_TYPE_CHECKLIST (old_qylxdm, old_qylxmc, qylxdm, qylxmc)
values ('204', '股份有限公司(台港澳与外国投资者合资，上市)', '6260', '股份有限公司(台港澳与外国投资者合资、上市)');
insert into ETL_ENTERPRISE_TYPE_CHECKLIST (old_qylxdm, old_qylxmc, qylxdm, qylxmc)
values ('205', '股份有限公司(台港澳与境内合资，未上市)', '6210', '股份有限公司(台港澳与境内合资、未上市)');
insert into ETL_ENTERPRISE_TYPE_CHECKLIST (old_qylxdm, old_qylxmc, qylxdm, qylxmc)
values ('206', '股份有限公司(台港澳与境内合资，上市)', '6220', '股份有限公司(台港澳与境内合资、上市)');
insert into ETL_ENTERPRISE_TYPE_CHECKLIST (old_qylxdm, old_qylxmc, qylxdm, qylxmc)
values ('207', '股份有限公司(台港澳合资，未上市)', '6230', '股份有限公司(台港澳合资、未上市)');
insert into ETL_ENTERPRISE_TYPE_CHECKLIST (old_qylxdm, old_qylxmc, qylxdm, qylxmc)
values ('211', '特殊的普通合伙企业', '4532', '特殊普通合伙企业');
insert into ETL_ENTERPRISE_TYPE_CHECKLIST (old_qylxdm, old_qylxmc, qylxdm, qylxmc)
values ('212', '有限合伙企业', '4533', '有限合伙企业');
insert into ETL_ENTERPRISE_TYPE_CHECKLIST (old_qylxdm, old_qylxmc, qylxdm, qylxmc)
values ('213', '农民专业合作社', '9100', '农民专业合作社');
insert into ETL_ENTERPRISE_TYPE_CHECKLIST (old_qylxdm, old_qylxmc, qylxdm, qylxmc)
values ('214', '个体工商户(台湾居民)', '9999', '个体');
insert into ETL_ENTERPRISE_TYPE_CHECKLIST (old_qylxdm, old_qylxmc, qylxdm, qylxmc)
values ('216', '外商投资普通合伙企业', '5410', '普通合伙企业');
insert into ETL_ENTERPRISE_TYPE_CHECKLIST (old_qylxdm, old_qylxmc, qylxdm, qylxmc)
values ('217', '外商投资特殊的普通合伙企业', '5420', '特殊普通合伙企业');
insert into ETL_ENTERPRISE_TYPE_CHECKLIST (old_qylxdm, old_qylxmc, qylxdm, qylxmc)
values ('218', '外商投资有限合伙企业', '5430', '有限合伙企业');
insert into ETL_ENTERPRISE_TYPE_CHECKLIST (old_qylxdm, old_qylxmc, qylxdm, qylxmc)
values ('22', '股份有限公司(上市,自然人控股)', '2212', '股份有限公司分公司(上市、自然人投资或控股)');
insert into ETL_ENTERPRISE_TYPE_CHECKLIST (old_qylxdm, old_qylxmc, qylxdm, qylxmc)
values ('220', '农民专业合作联社', '9100', '农民专业合作社');
insert into ETL_ENTERPRISE_TYPE_CHECKLIST (old_qylxdm, old_qylxmc, qylxdm, qylxmc)
values ('222', '非公司台、港、澳企业（台港澳与境内合资）', '6310', '非公司台、港、澳企业(台港澳与境内合作)');
insert into ETL_ENTERPRISE_TYPE_CHECKLIST (old_qylxdm, old_qylxmc, qylxdm, qylxmc)
values ('223', '非公司台、港、澳企业（台港澳合资）', '6320', '非公司台、港、澳企业(台港澳合资)');
insert into ETL_ENTERPRISE_TYPE_CHECKLIST (old_qylxdm, old_qylxmc, qylxdm, qylxmc)
values ('23', '个人独资', '4540', '个人独资企业');
insert into ETL_ENTERPRISE_TYPE_CHECKLIST (old_qylxdm, old_qylxmc, qylxdm, qylxmc)
values ('24', '普通合伙企业', '4531', '普通合伙企业');
insert into ETL_ENTERPRISE_TYPE_CHECKLIST (old_qylxdm, old_qylxmc, qylxdm, qylxmc)
values ('25', '全民所有制', '3100', '全民所有制');
insert into ETL_ENTERPRISE_TYPE_CHECKLIST (old_qylxdm, old_qylxmc, qylxdm, qylxmc)
values ('26', '集体所有制', '3200', '集体所有制');
insert into ETL_ENTERPRISE_TYPE_CHECKLIST (old_qylxdm, old_qylxmc, qylxdm, qylxmc)
values ('27', '集体所有制(股份合作制)', '3400', '股份合作制');
insert into ETL_ENTERPRISE_TYPE_CHECKLIST (old_qylxdm, old_qylxmc, qylxdm, qylxmc)
values ('28', '集体所有制(合作制)', '3300', '股份制');
insert into ETL_ENTERPRISE_TYPE_CHECKLIST (old_qylxdm, old_qylxmc, qylxdm, qylxmc)
values ('29', '联营', '3500', '联营');
insert into ETL_ENTERPRISE_TYPE_CHECKLIST (old_qylxdm, old_qylxmc, qylxdm, qylxmc)
values ('49', '有限公司', '1100', '有限责任公司');
insert into ETL_ENTERPRISE_TYPE_CHECKLIST (old_qylxdm, old_qylxmc, qylxdm, qylxmc)
values ('50', '有限公司(国有独资)', '1110', '有限责任公司(国有独资)');
insert into ETL_ENTERPRISE_TYPE_CHECKLIST (old_qylxdm, old_qylxmc, qylxdm, qylxmc)
values ('51', '有限公司(自然人控股)', '1130', '有限责任公司(自然人投资或控股)');
insert into ETL_ENTERPRISE_TYPE_CHECKLIST (old_qylxdm, old_qylxmc, qylxdm, qylxmc)
values ('77', '个体工商户', '9999', '个体');
insert into ETL_ENTERPRISE_TYPE_CHECKLIST (old_qylxdm, old_qylxmc, qylxdm, qylxmc)
values ('91', '集体所有制(股份合作制-股份制)', '3400', '股份合作制');
insert into ETL_ENTERPRISE_TYPE_CHECKLIST (old_qylxdm, old_qylxmc, qylxdm, qylxmc)
values ('93', '外国(地区)企业生产经营活动', '7300', '外国(地区)企业在中国境内从事经营活动');
insert into ETL_ENTERPRISE_TYPE_CHECKLIST (old_qylxdm, old_qylxmc, qylxdm, qylxmc)
values ('98', '有限公司(外商独资经营)', '5150', '有限责任公司(外国法人独资)');
insert into ETL_ENTERPRISE_TYPE_CHECKLIST (old_qylxdm, old_qylxmc, qylxdm, qylxmc)
values ('99', '有限公司(独资经营－港资)', '6150', '有限责任公司(台港澳法人独资)');
insert into ETL_ENTERPRISE_TYPE_CHECKLIST (old_qylxdm, old_qylxmc, qylxdm, qylxmc)
values (null, '个体工商户(台湾农民)', '9999', '个体');
insert into ETL_ENTERPRISE_TYPE_CHECKLIST (old_qylxdm, old_qylxmc, qylxdm, qylxmc)
values (null, '有限公司(独资经营－台资)', '6150', '有限责任公司(台港澳法人独资)');
insert into ETL_ENTERPRISE_TYPE_CHECKLIST (old_qylxdm, old_qylxmc, qylxdm, qylxmc)
values (null, '合伙企业(9000)', '4530', '合伙企业');
insert into ETL_ENTERPRISE_TYPE_CHECKLIST (old_qylxdm, old_qylxmc, qylxdm, qylxmc)
values (null, '中外合作经营', '5120', '有限责任公司(中外合作)');
insert into ETL_ENTERPRISE_TYPE_CHECKLIST (old_qylxdm, old_qylxmc, qylxdm, qylxmc)
values (null, '农民专业合作社(E100)', '9100', '农民专业合作社');
insert into ETL_ENTERPRISE_TYPE_CHECKLIST (old_qylxdm, old_qylxmc, qylxdm, qylxmc)
values (null, '全民所有制企业(1000)', '3100', '全民所有制');
insert into ETL_ENTERPRISE_TYPE_CHECKLIST (old_qylxdm, old_qylxmc, qylxdm, qylxmc)
values (null, '非公司外商投资企业（中外合作）', '5310', '非公司外商投资企业(中外合作)');
insert into ETL_ENTERPRISE_TYPE_CHECKLIST (old_qylxdm, old_qylxmc, qylxdm, qylxmc)
values (null, '外国银行分行', '7100', '外国（地区）公司分支机构');
insert into ETL_ENTERPRISE_TYPE_CHECKLIST (old_qylxdm, old_qylxmc, qylxdm, qylxmc)
values (null, '股份有限公司(中外合资)', '5210', '股份有限公司(中外合资、未上市)');
insert into ETL_ENTERPRISE_TYPE_CHECKLIST (old_qylxdm, old_qylxmc, qylxdm, qylxmc)
values (null, '其他有限责任公司(7800)', '1190', '其他有限责任公司');
insert into ETL_ENTERPRISE_TYPE_CHECKLIST (old_qylxdm, old_qylxmc, qylxdm, qylxmc)
values (null, '其它类型', '9900', '其他');
insert into ETL_ENTERPRISE_TYPE_CHECKLIST (old_qylxdm, old_qylxmc, qylxdm, qylxmc)
values (null, '有限公司(法人独资)', '1153', '有限责任公司（非自然人投资或控股的法人独资）');
insert into ETL_ENTERPRISE_TYPE_CHECKLIST (old_qylxdm, old_qylxmc, qylxdm, qylxmc)
values (null, '合伙企业', '4530', '合伙企业');
insert into ETL_ENTERPRISE_TYPE_CHECKLIST (old_qylxdm, old_qylxmc, qylxdm, qylxmc)
values (null, '农民专业合作社法人', '9100', '农民专业合作社');
commit;
--初始化ETL_ERROR_CODE数据
insert into ETL_ERROR_CODE (id, error_code, error_desc, create_time, error_order)
values ('1', '10001', '企业注册资金非纯数字', null, 8);
insert into ETL_ERROR_CODE (id, error_code, error_desc, create_time, error_order)
values ('2', '30001', '企业所属行业名称错误', null, 2);
insert into ETL_ERROR_CODE (id, error_code, error_desc, create_time, error_order)
values ('3', '30002', '企业类型代码或企业类型名称错误', null, 1);
insert into ETL_ERROR_CODE (id, error_code, error_desc, create_time, error_order)
values ('4', '10002', '企业名称为空', null, 5);
insert into ETL_ERROR_CODE (id, error_code, error_desc, create_time, error_order)
values ('92DC8415FCBA4E8294D01ACEDA1E971F', '10003', '必填日期为空', null, 4);
insert into ETL_ERROR_CODE (id, error_code, error_desc, create_time, error_order)
values ('A92A4A8F9BAE4CD6B44227A84490C17A', '20001', '重复数据，旧数据', null, 3);
insert into ETL_ERROR_CODE (id, error_code, error_desc, create_time, error_order)
values ('3787B3D1683A45A9B5DAEDDF6AC9CBB7', 10004, '格式转换错误',null, 6);
insert into ETL_ERROR_CODE (id, error_code, error_desc, create_time, error_order)
values ('5', 40001, '规则解析错误',null, 7);
commit;
--初始化ETL_INDUSTRY_CODE_CHECKLIST数据
insert into ETL_INDUSTRY_CODE_CHECKLIST (old_industry_name, industry_code, industry_name)
values ('集装箱及金属包装容器制造', '3330', '集装箱及金属包装容器制造');
insert into ETL_INDUSTRY_CODE_CHECKLIST (old_industry_name, industry_code, industry_name)
values ('集装箱制造', '3331', '集装箱制造');
insert into ETL_INDUSTRY_CODE_CHECKLIST (old_industry_name, industry_code, industry_name)
values ('金属压力容器制造', '3332', '金属压力容器制造');
insert into ETL_INDUSTRY_CODE_CHECKLIST (old_industry_name, industry_code, industry_name)
values ('金属包装容器制造', '3333', '金属包装容器制造');
insert into ETL_INDUSTRY_CODE_CHECKLIST (old_industry_name, industry_code, industry_name)
values ('金属丝绳及其制品的制造', '3340', '金属丝绳及其制品制造');
insert into ETL_INDUSTRY_CODE_CHECKLIST (old_industry_name, industry_code, industry_name)
values ('金属丝绳及其制品制造', '3340', '金属丝绳及其制品制造');
insert into ETL_INDUSTRY_CODE_CHECKLIST (old_industry_name, industry_code, industry_name)
values ('建筑、安全用金属制品制造', '3350', '建筑、安全用金属制品制造');
insert into ETL_INDUSTRY_CODE_CHECKLIST (old_industry_name, industry_code, industry_name)
values ('建筑、家具用金属配件制造', '3351', '建筑、家具用金属配件制造');
insert into ETL_INDUSTRY_CODE_CHECKLIST (old_industry_name, industry_code, industry_name)
values ('建筑装饰及水暖管道零件制造', '3352', '建筑装饰及水暖管道零件制造');
insert into ETL_INDUSTRY_CODE_CHECKLIST (old_industry_name, industry_code, industry_name)
values ('安全、消防用金属制品制造', '3353', '安全、消防用金属制品制造');
insert into ETL_INDUSTRY_CODE_CHECKLIST (old_industry_name, industry_code, industry_name)
values ('其他建筑、安全用金属制品制造', '3359', '其他建筑、安全用金属制品制造');
insert into ETL_INDUSTRY_CODE_CHECKLIST (old_industry_name, industry_code, industry_name)
values ('金属表面处理及热处理加工', '3360', '金属表面处理及热处理加工');
insert into ETL_INDUSTRY_CODE_CHECKLIST (old_industry_name, industry_code, industry_name)
values ('搪瓷制品制造', '3370', '搪瓷制品制造');
insert into ETL_INDUSTRY_CODE_CHECKLIST (old_industry_name, industry_code, industry_name)
values ('生产专用搪瓷制品制造', '3371', '生产专用搪瓷制品制造');
insert into ETL_INDUSTRY_CODE_CHECKLIST (old_industry_name, industry_code, industry_name)
values ('工业生产配套用搪瓷制品制造', '3371', '生产专用搪瓷制品制造');
insert into ETL_INDUSTRY_CODE_CHECKLIST (old_industry_name, industry_code, industry_name)
values ('搪瓷卫生洁具制造', '3373', '搪瓷卫生洁具制造');
insert into ETL_INDUSTRY_CODE_CHECKLIST (old_industry_name, industry_code, industry_name)
values ('金属制日用品制造', '3380', '金属制日用品制造');
insert into ETL_INDUSTRY_CODE_CHECKLIST (old_industry_name, industry_code, industry_name)
values ('其他日用金属制品制造', '3380', '金属制日用品制造');
insert into ETL_INDUSTRY_CODE_CHECKLIST (old_industry_name, industry_code, industry_name)
values ('金属制厨用器皿及餐具制造', '3380', '金属制日用品制造');
insert into ETL_INDUSTRY_CODE_CHECKLIST (old_industry_name, industry_code, industry_name)
values ('金属制厨房调理及卫生器具制造', '3380', '金属制日用品制造');
insert into ETL_INDUSTRY_CODE_CHECKLIST (old_industry_name, industry_code, industry_name)
values ('金属制厨房用器具制造', '3381', '金属制厨房用器具制造');
insert into ETL_INDUSTRY_CODE_CHECKLIST (old_industry_name, industry_code, industry_name)
values ('金属制餐具和器皿制造', '3382', '金属制餐具和器皿制造');
insert into ETL_INDUSTRY_CODE_CHECKLIST (old_industry_name, industry_code, industry_name)
values ('其他金属制日用品制造', '3389', '其他金属制日用品制造');
insert into ETL_INDUSTRY_CODE_CHECKLIST (old_industry_name, industry_code, industry_name)
values ('其他金属制品制造', '3390', '其他金属制品制造');
insert into ETL_INDUSTRY_CODE_CHECKLIST (old_industry_name, industry_code, industry_name)
values ('锻件及粉末冶金制品制造', '3391', '锻件及粉末冶金制品制造');
insert into ETL_INDUSTRY_CODE_CHECKLIST (old_industry_name, industry_code, industry_name)
values ('交通及公共管理用金属标牌制造', '3392', '交通及公共管理用金属标牌制造');
insert into ETL_INDUSTRY_CODE_CHECKLIST (old_industry_name, industry_code, industry_name)
values ('交通管理用金属标志及设施制造', '3392', '交通及公共管理用金属标牌制造');
insert into ETL_INDUSTRY_CODE_CHECKLIST (old_industry_name, industry_code, industry_name)
values ('其他未列明金属制品制造', '3399', '其他未列明金属制品制造');
insert into ETL_INDUSTRY_CODE_CHECKLIST (old_industry_name, industry_code, industry_name)
values ('其他未列明的金属制品制造', '3399', '其他未列明金属制品制造');
insert into ETL_INDUSTRY_CODE_CHECKLIST (old_industry_name, industry_code, industry_name)
values ('通用设备制造业', '3400', '通用设备制造业');
insert into ETL_INDUSTRY_CODE_CHECKLIST (old_industry_name, industry_code, industry_name)
values ('锅炉及原动设备制造', '3410', '锅炉及原动设备制造');
insert into ETL_INDUSTRY_CODE_CHECKLIST (old_industry_name, industry_code, industry_name)
values ('锅炉及原动机制造', '3410', '锅炉及原动设备制造');
insert into ETL_INDUSTRY_CODE_CHECKLIST (old_industry_name, industry_code, industry_name)
values ('锅炉及辅助设备制造', '3411', '锅炉及辅助设备制造');
insert into ETL_INDUSTRY_CODE_CHECKLIST (old_industry_name, industry_code, industry_name)
values ('内燃机及配件制造', '3412', '内燃机及配件制造');
insert into ETL_INDUSTRY_CODE_CHECKLIST (old_industry_name, industry_code, industry_name)
values ('汽轮机及辅机制造', '3413', '汽轮机及辅机制造');
insert into ETL_INDUSTRY_CODE_CHECKLIST (old_industry_name, industry_code, industry_name)
values ('其他原动机制造', '3419', '其他原动设备制造');
insert into ETL_INDUSTRY_CODE_CHECKLIST (old_industry_name, industry_code, industry_name)
values ('金属加工机械制造', '3420', '金属加工机械制造');
insert into ETL_INDUSTRY_CODE_CHECKLIST (old_industry_name, industry_code, industry_name)
values ('金属切削机床制造', '3421', '金属切削机床制造');
insert into ETL_INDUSTRY_CODE_CHECKLIST (old_industry_name, industry_code, industry_name)
values ('金属成形机床制造', '3422', '金属成形机床制造');
insert into ETL_INDUSTRY_CODE_CHECKLIST (old_industry_name, industry_code, industry_name)
values ('铸造机械制造', '3423', '铸造机械制造');
insert into ETL_INDUSTRY_CODE_CHECKLIST (old_industry_name, industry_code, industry_name)
values ('金属切割及焊接设备制造', '3424', '金属切割及焊接设备制造');
insert into ETL_INDUSTRY_CODE_CHECKLIST (old_industry_name, industry_code, industry_name)
values ('机床附件制造', '3425', '机床附件制造');
insert into ETL_INDUSTRY_CODE_CHECKLIST (old_industry_name, industry_code, industry_name)
values ('其他金属加工机械制造', '3429', '其他金属加工机械制造');
insert into ETL_INDUSTRY_CODE_CHECKLIST (old_industry_name, industry_code, industry_name)
values ('物料搬运设备制造', '3430', '物料搬运设备制造');
insert into ETL_INDUSTRY_CODE_CHECKLIST (old_industry_name, industry_code, industry_name)
values ('起重运输设备制造', '3430', '物料搬运设备制造');
insert into ETL_INDUSTRY_CODE_CHECKLIST (old_industry_name, industry_code, industry_name)
values ('起重机制造', '3432', '起重机制造');
insert into ETL_INDUSTRY_CODE_CHECKLIST (old_industry_name, industry_code, industry_name)
values ('生产专用车辆制造', '3433', '生产专用车辆制造');
insert into ETL_INDUSTRY_CODE_CHECKLIST (old_industry_name, industry_code, industry_name)
values ('电梯、自动扶梯及升降机制造', '3435', '电梯、自动扶梯及升降机制造');
insert into ETL_INDUSTRY_CODE_CHECKLIST (old_industry_name, industry_code, industry_name)
values ('其他物料搬运设备制造', '3439', '其他物料搬运设备制造');
insert into ETL_INDUSTRY_CODE_CHECKLIST (old_industry_name, industry_code, industry_name)
values ('泵、阀门、压缩机及类似机械制造', '3440', '泵、阀门、压缩机及类似机械制造');
insert into ETL_INDUSTRY_CODE_CHECKLIST (old_industry_name, industry_code, industry_name)
values ('泵、阀门、压缩机及类似机械的制造', '3440', '泵、阀门、压缩机及类似机械制造');
insert into ETL_INDUSTRY_CODE_CHECKLIST (old_industry_name, industry_code, industry_name)
values ('泵及真空设备制造', '3441', '泵及真空设备制造');
insert into ETL_INDUSTRY_CODE_CHECKLIST (old_industry_name, industry_code, industry_name)
values ('气体压缩机械制造', '3442', '气体压缩机械制造');
insert into ETL_INDUSTRY_CODE_CHECKLIST (old_industry_name, industry_code, industry_name)
values ('阀门和旋塞制造', '3443', '阀门和旋塞制造');
insert into ETL_INDUSTRY_CODE_CHECKLIST (old_industry_name, industry_code, industry_name)
values ('阀门和旋塞的制造', '3443', '阀门和旋塞制造');
insert into ETL_INDUSTRY_CODE_CHECKLIST (old_industry_name, industry_code, industry_name)
values ('液压和气压动力机械及元件制造', '3444', '液压和气压动力机械及元件制造');
insert into ETL_INDUSTRY_CODE_CHECKLIST (old_industry_name, industry_code, industry_name)
values ('轴承、齿轮和传动部件制造', '3450', '轴承、齿轮和传动部件制造');
insert into ETL_INDUSTRY_CODE_CHECKLIST (old_industry_name, industry_code, industry_name)
values ('轴承、齿轮、传动和驱动部件的制造', '3450', '轴承、齿轮和传动部件制造');
insert into ETL_INDUSTRY_CODE_CHECKLIST (old_industry_name, industry_code, industry_name)
values ('齿轮、传动和驱动部件制造', '3450', '轴承、齿轮和传动部件制造');
insert into ETL_INDUSTRY_CODE_CHECKLIST (old_industry_name, industry_code, industry_name)
values ('轴承制造', '3451', '轴承制造');
insert into ETL_INDUSTRY_CODE_CHECKLIST (old_industry_name, industry_code, industry_name)
values ('齿轮及齿轮减、变速箱制造', '3452', '齿轮及齿轮减、变速箱制造');
insert into ETL_INDUSTRY_CODE_CHECKLIST (old_industry_name, industry_code, industry_name)
values ('其他传动部件制造', '3459', '其他传动部件制造');
insert into ETL_INDUSTRY_CODE_CHECKLIST (old_industry_name, industry_code, industry_name)
values ('烘炉、风机、衡器、包装等设备制造', '3460', '烘炉、风机、衡器、包装等设备制造');
insert into ETL_INDUSTRY_CODE_CHECKLIST (old_industry_name, industry_code, industry_name)
values ('风机、衡器、包装设备等通用设备制造', '3460', '烘炉、风机、衡器、包装等设备制造');
insert into ETL_INDUSTRY_CODE_CHECKLIST (old_industry_name, industry_code, industry_name)
values ('烘炉、熔炉及电炉制造', '3461', '烘炉、熔炉及电炉制造');
insert into ETL_INDUSTRY_CODE_CHECKLIST (old_industry_name, industry_code, industry_name)
values ('风机、风扇制造', '3462', '风机、风扇制造');
insert into ETL_INDUSTRY_CODE_CHECKLIST (old_industry_name, industry_code, industry_name)
values ('气体、液体分离及纯净设备制造', '3463', '气体、液体分离及纯净设备制造');
insert into ETL_INDUSTRY_CODE_CHECKLIST (old_industry_name, industry_code, industry_name)
values ('制冷、空调设备制造', '3464', '制冷、空调设备制造');
insert into ETL_INDUSTRY_CODE_CHECKLIST (old_industry_name, industry_code, industry_name)
values ('风动和电动工具制造', '3465', '风动和电动工具制造');
insert into ETL_INDUSTRY_CODE_CHECKLIST (old_industry_name, industry_code, industry_name)
values ('衡器制造', '3467', '衡器制造');
insert into ETL_INDUSTRY_CODE_CHECKLIST (old_industry_name, industry_code, industry_name)
values ('包装专用设备制造', '3468', '包装专用设备制造');
insert into ETL_INDUSTRY_CODE_CHECKLIST (old_industry_name, industry_code, industry_name)
values ('文化、办公用机械制造', '3470', '文化、办公用机械制造');
insert into ETL_INDUSTRY_CODE_CHECKLIST (old_industry_name, industry_code, industry_name)
values ('电影机械制造', '3471', '电影机械制造');
insert into ETL_INDUSTRY_CODE_CHECKLIST (old_industry_name, industry_code, industry_name)
values ('幻灯及投影设备制造', '3472', '幻灯及投影设备制造');
insert into ETL_INDUSTRY_CODE_CHECKLIST (old_industry_name, industry_code, industry_name)
values ('照相机及器材制造', '3473', '照相机及器材制造');
insert into ETL_INDUSTRY_CODE_CHECKLIST (old_industry_name, industry_code, industry_name)
values ('复印和胶印设备制造', '3474', '复印和胶印设备制造');
insert into ETL_INDUSTRY_CODE_CHECKLIST (old_industry_name, industry_code, industry_name)
values ('计算器及货币专用设备制造', '3475', '计算器及货币专用设备制造');
insert into ETL_INDUSTRY_CODE_CHECKLIST (old_industry_name, industry_code, industry_name)
values ('其他文化、办公用机械制造', '3479', '其他文化、办公用机械制造');
insert into ETL_INDUSTRY_CODE_CHECKLIST (old_industry_name, industry_code, industry_name)
values ('通用零部件制造', '3480', '通用零部件制造');
insert into ETL_INDUSTRY_CODE_CHECKLIST (old_industry_name, industry_code, industry_name)
values ('通用零部件制造及机械修理', '3480', '通用零部件制造');
insert into ETL_INDUSTRY_CODE_CHECKLIST (old_industry_name, industry_code, industry_name)
values ('紧固件、弹簧制造', '3480', '通用零部件制造');
insert into ETL_INDUSTRY_CODE_CHECKLIST (old_industry_name, industry_code, industry_name)
values ('金属密封件制造', '3481', '金属密封件制造');
insert into ETL_INDUSTRY_CODE_CHECKLIST (old_industry_name, industry_code, industry_name)
values ('紧固件制造', '3482', '紧固件制造');
insert into ETL_INDUSTRY_CODE_CHECKLIST (old_industry_name, industry_code, industry_name)
values ('弹簧制造', '3483', '弹簧制造');
insert into ETL_INDUSTRY_CODE_CHECKLIST (old_industry_name, industry_code, industry_name)
values ('机械零部件加工', '3484', '机械零部件加工');
insert into ETL_INDUSTRY_CODE_CHECKLIST (old_industry_name, industry_code, industry_name)
values ('机械零部件加工及设备修理', '3484', '机械零部件加工');
insert into ETL_INDUSTRY_CODE_CHECKLIST (old_industry_name, industry_code, industry_name)
values ('其他通用零部件制造', '3489', '其他通用零部件制造');
insert into ETL_INDUSTRY_CODE_CHECKLIST (old_industry_name, industry_code, industry_name)
values ('其他通用设备制造', '3490', '其他通用设备制造业');
insert into ETL_INDUSTRY_CODE_CHECKLIST (old_industry_name, industry_code, industry_name)
values ('其他通用设备制造业', '3490', '其他通用设备制造业');
insert into ETL_INDUSTRY_CODE_CHECKLIST (old_industry_name, industry_code, industry_name)
values ('专用设备制造业', '3500', '专用设备制造业');
insert into ETL_INDUSTRY_CODE_CHECKLIST (old_industry_name, industry_code, industry_name)
values ('采矿、冶金、建筑专用设备制造', '3510', '采矿、冶金、建筑专用设备制造');
insert into ETL_INDUSTRY_CODE_CHECKLIST (old_industry_name, industry_code, industry_name)
values ('矿山、冶金、建筑专用设备制造', '3510', '采矿、冶金、建筑专用设备制造');
insert into ETL_INDUSTRY_CODE_CHECKLIST (old_industry_name, industry_code, industry_name)
values ('采矿、采石设备制造', '3510', '采矿、冶金、建筑专用设备制造');
insert into ETL_INDUSTRY_CODE_CHECKLIST (old_industry_name, industry_code, industry_name)
values ('矿山机械制造', '3511', '矿山机械制造');
insert into ETL_INDUSTRY_CODE_CHECKLIST (old_industry_name, industry_code, industry_name)
values ('石油钻采专用设备制造', '3512', '石油钻采专用设备制造');
insert into ETL_INDUSTRY_CODE_CHECKLIST (old_industry_name, industry_code, industry_name)
values ('建筑工程用机械制造', '3513', '建筑工程用机械制造');
insert into ETL_INDUSTRY_CODE_CHECKLIST (old_industry_name, industry_code, industry_name)
values ('海洋工程专用设备制造', '3514', '海洋工程专用设备制造');
insert into ETL_INDUSTRY_CODE_CHECKLIST (old_industry_name, industry_code, industry_name)
values ('建筑材料生产专用机械制造', '3515', '建筑材料生产专用机械制造');
insert into ETL_INDUSTRY_CODE_CHECKLIST (old_industry_name, industry_code, industry_name)
values ('冶金专用设备制造', '3516', '冶金专用设备制造');
insert into ETL_INDUSTRY_CODE_CHECKLIST (old_industry_name, industry_code, industry_name)
values ('化工、木材、非金属加工专用设备制造', '3520', '化工、木材、非金属加工专用设备制造');
commit;
prompt 100 records committed...
insert into ETL_INDUSTRY_CODE_CHECKLIST (old_industry_name, industry_code, industry_name)
values ('炼油、化工生产专用设备制造', '3521', '炼油、化工生产专用设备制造');
insert into ETL_INDUSTRY_CODE_CHECKLIST (old_industry_name, industry_code, industry_name)
values ('橡胶加工专用设备制造', '3522', '橡胶加工专用设备制造');
insert into ETL_INDUSTRY_CODE_CHECKLIST (old_industry_name, industry_code, industry_name)
values ('塑料加工专用设备制造', '3523', '塑料加工专用设备制造');
insert into ETL_INDUSTRY_CODE_CHECKLIST (old_industry_name, industry_code, industry_name)
values ('木材加工机械制造', '3524', '木材加工机械制造');
insert into ETL_INDUSTRY_CODE_CHECKLIST (old_industry_name, industry_code, industry_name)
values ('模具制造', '3525', '模具制造');
insert into ETL_INDUSTRY_CODE_CHECKLIST (old_industry_name, industry_code, industry_name)
values ('其他非金属加工专用设备制造', '3529', '其他非金属加工专用设备制造');
insert into ETL_INDUSTRY_CODE_CHECKLIST (old_industry_name, industry_code, industry_name)
values ('食品、饮料、烟草及饲料生产专用设备制造', '3530', '食品、饮料、烟草及饲料生产专用设备制造');
insert into ETL_INDUSTRY_CODE_CHECKLIST (old_industry_name, industry_code, industry_name)
values ('食品、饮料、烟草工业专用设备制造', '3530', '食品、饮料、烟草及饲料生产专用设备制造');
insert into ETL_INDUSTRY_CODE_CHECKLIST (old_industry_name, industry_code, industry_name)
values ('商业、饮食、服务业专用设备制造', '3530', '食品、饮料、烟草及饲料生产专用设备制造');
insert into ETL_INDUSTRY_CODE_CHECKLIST (old_industry_name, industry_code, industry_name)
values ('食品、酒、饮料及茶生产专用设备制造', '3531', '食品、酒、饮料及茶生产专用设备制造');
insert into ETL_INDUSTRY_CODE_CHECKLIST (old_industry_name, industry_code, industry_name)
values ('印刷、制药、日化及日用品生产专用设备制造', '3540', '印刷、制药、日化及日用品生产专用设备制造');
insert into ETL_INDUSTRY_CODE_CHECKLIST (old_industry_name, industry_code, industry_name)
values ('印刷、制药、日化生产专用设备制造', '3540', '印刷、制药、日化及日用品生产专用设备制造');
insert into ETL_INDUSTRY_CODE_CHECKLIST (old_industry_name, industry_code, industry_name)
values ('制浆和造纸专用设备制造', '3541', '制浆和造纸专用设备制造');
insert into ETL_INDUSTRY_CODE_CHECKLIST (old_industry_name, industry_code, industry_name)
values ('制桨和造纸专用设备制造', '3541', '制浆和造纸专用设备制造');
insert into ETL_INDUSTRY_CODE_CHECKLIST (old_industry_name, industry_code, industry_name)
values ('印刷专用设备制造', '3542', '印刷专用设备制造');
insert into ETL_INDUSTRY_CODE_CHECKLIST (old_industry_name, industry_code, industry_name)
values ('日用化工专用设备制造', '3543', '日用化工专用设备制造');
insert into ETL_INDUSTRY_CODE_CHECKLIST (old_industry_name, industry_code, industry_name)
values ('制药专用设备制造', '3544', '制药专用设备制造');
insert into ETL_INDUSTRY_CODE_CHECKLIST (old_industry_name, industry_code, industry_name)
values ('照明器具生产专用设备制造', '3545', '照明器具生产专用设备制造');
insert into ETL_INDUSTRY_CODE_CHECKLIST (old_industry_name, industry_code, industry_name)
values ('玻璃、陶瓷和搪瓷制品生产专用设备制造', '3546', '玻璃、陶瓷和搪瓷制品生产专用设备制造');
insert into ETL_INDUSTRY_CODE_CHECKLIST (old_industry_name, industry_code, industry_name)
values ('其他日用品生产专用设备制造', '3549', '其他日用品生产专用设备制造');
insert into ETL_INDUSTRY_CODE_CHECKLIST (old_industry_name, industry_code, industry_name)
values ('纺织、服装和皮革加工专用设备制造', '3550', '纺织、服装和皮革加工专用设备制造');
insert into ETL_INDUSTRY_CODE_CHECKLIST (old_industry_name, industry_code, industry_name)
values ('纺织、服装和皮革工业专用设备制造', '3550', '纺织、服装和皮革加工专用设备制造');
insert into ETL_INDUSTRY_CODE_CHECKLIST (old_industry_name, industry_code, industry_name)
values ('其他服装加工专用设备制造', '3550', '纺织、服装和皮革加工专用设备制造');
insert into ETL_INDUSTRY_CODE_CHECKLIST (old_industry_name, industry_code, industry_name)
values ('纺织专用设备制造', '3551', '纺织专用设备制造');
insert into ETL_INDUSTRY_CODE_CHECKLIST (old_industry_name, industry_code, industry_name)
values ('皮革、毛皮及其制品加工专用设备制造', '3552', '皮革、毛皮及其制品加工专用设备制造');
insert into ETL_INDUSTRY_CODE_CHECKLIST (old_industry_name, industry_code, industry_name)
values ('缝制机械制造', '3553', '缝制机械制造');
insert into ETL_INDUSTRY_CODE_CHECKLIST (old_industry_name, industry_code, industry_name)
values ('缝纫机械制造', '3553', '缝制机械制造');
insert into ETL_INDUSTRY_CODE_CHECKLIST (old_industry_name, industry_code, industry_name)
values ('洗涤机械制造', '3554', '洗涤机械制造');
insert into ETL_INDUSTRY_CODE_CHECKLIST (old_industry_name, industry_code, industry_name)
values ('电子和电工机械专用设备制造', '3560', '电子和电工机械专用设备制造');
insert into ETL_INDUSTRY_CODE_CHECKLIST (old_industry_name, industry_code, industry_name)
values ('电工机械专用设备制造', '3561', '电工机械专用设备制造');
insert into ETL_INDUSTRY_CODE_CHECKLIST (old_industry_name, industry_code, industry_name)
values ('电子工业专用设备制造', '3562', '电子工业专用设备制造');
insert into ETL_INDUSTRY_CODE_CHECKLIST (old_industry_name, industry_code, industry_name)
values ('农、林、牧、渔专用机械制造', '3570', '农、林、牧、渔专用机械制造');
insert into ETL_INDUSTRY_CODE_CHECKLIST (old_industry_name, industry_code, industry_name)
values ('机械化农业及园艺机具制造', '3572', '机械化农业及园艺机具制造');
insert into ETL_INDUSTRY_CODE_CHECKLIST (old_industry_name, industry_code, industry_name)
values ('营林及木竹采伐机械制造', '3573', '营林及木竹采伐机械制造');
insert into ETL_INDUSTRY_CODE_CHECKLIST (old_industry_name, industry_code, industry_name)
values ('渔业机械制造', '3575', '渔业机械制造');
insert into ETL_INDUSTRY_CODE_CHECKLIST (old_industry_name, industry_code, industry_name)
values ('农林牧渔机械配件制造', '3576', '农林牧渔机械配件制造');
insert into ETL_INDUSTRY_CODE_CHECKLIST (old_industry_name, industry_code, industry_name)
values ('其他农、林、牧、渔业机械制造', '3579', '其他农、林、牧、渔业机械制造');
insert into ETL_INDUSTRY_CODE_CHECKLIST (old_industry_name, industry_code, industry_name)
values ('其他农业牧渔业机械制造及机械修理', '3579', '其他农、林、牧、渔业机械制造');
insert into ETL_INDUSTRY_CODE_CHECKLIST (old_industry_name, industry_code, industry_name)
values ('医疗仪器设备及器械制造', '3580', '医疗仪器设备及器械制造');
insert into ETL_INDUSTRY_CODE_CHECKLIST (old_industry_name, industry_code, industry_name)
values ('医疗诊断、监护及治疗设备制造', '3581', '医疗诊断、监护及治疗设备制造');
insert into ETL_INDUSTRY_CODE_CHECKLIST (old_industry_name, industry_code, industry_name)
values ('医疗诊断、监扩及治疗设备制造', '3581', '医疗诊断、监护及治疗设备制造');
insert into ETL_INDUSTRY_CODE_CHECKLIST (old_industry_name, industry_code, industry_name)
values ('口腔科用设备及器具制造', '3582', '口腔科用设备及器具制造');
insert into ETL_INDUSTRY_CODE_CHECKLIST (old_industry_name, industry_code, industry_name)
values ('口腔料用设备及器具制造', '3582', '口腔科用设备及器具制造');
insert into ETL_INDUSTRY_CODE_CHECKLIST (old_industry_name, industry_code, industry_name)
values ('医疗实验室及医用消毒设备和器具制造', '3583', '医疗实验室及医用消毒设备和器具制造');
insert into ETL_INDUSTRY_CODE_CHECKLIST (old_industry_name, industry_code, industry_name)
values ('实验室及医用消毒设备和器具的制造', '3583', '医疗实验室及医用消毒设备和器具制造');
insert into ETL_INDUSTRY_CODE_CHECKLIST (old_industry_name, industry_code, industry_name)
values ('医疗、外科及兽医用器械制造', '3584', '医疗、外科及兽医用器械制造');
insert into ETL_INDUSTRY_CODE_CHECKLIST (old_industry_name, industry_code, industry_name)
values ('医疗、外料及兽医用器械制造', '3584', '医疗、外科及兽医用器械制造');
insert into ETL_INDUSTRY_CODE_CHECKLIST (old_industry_name, industry_code, industry_name)
values ('机械治疗及病房护理设备制造', '3585', '机械治疗及病房护理设备制造');
insert into ETL_INDUSTRY_CODE_CHECKLIST (old_industry_name, industry_code, industry_name)
values ('假肢、人工器官及植（介）入器械制造', '3586', '假肢、人工器官及植（介）入器械制造');
insert into ETL_INDUSTRY_CODE_CHECKLIST (old_industry_name, industry_code, industry_name)
values ('其他医疗设备及器械制造', '3589', '其他医疗设备及器械制造');
insert into ETL_INDUSTRY_CODE_CHECKLIST (old_industry_name, industry_code, industry_name)
values ('环保、社会公共服务及其他专用设备制造', '3590', '环保、社会公共服务及其他专用设备制造');
insert into ETL_INDUSTRY_CODE_CHECKLIST (old_industry_name, industry_code, industry_name)
values ('环保、社会公共安全及其他专用设备制造', '3590', '环保、社会公共服务及其他专用设备制造');
insert into ETL_INDUSTRY_CODE_CHECKLIST (old_industry_name, industry_code, industry_name)
values ('环境保护专用设备制造', '3591', '环境保护专用设备制造');
insert into ETL_INDUSTRY_CODE_CHECKLIST (old_industry_name, industry_code, industry_name)
values ('环境污染防治专用设备制造', '3591', '环境保护专用设备制造');
insert into ETL_INDUSTRY_CODE_CHECKLIST (old_industry_name, industry_code, industry_name)
values ('邮政专用机械及器材制造', '3593', '邮政专用机械及器材制造');
insert into ETL_INDUSTRY_CODE_CHECKLIST (old_industry_name, industry_code, industry_name)
values ('商业、饮食、服务专用设备制造', '3594', '商业、饮食、服务专用设备制造');
insert into ETL_INDUSTRY_CODE_CHECKLIST (old_industry_name, industry_code, industry_name)
values ('社会公共安全设备及器材制造', '3595', '社会公共安全设备及器材制造');
insert into ETL_INDUSTRY_CODE_CHECKLIST (old_industry_name, industry_code, industry_name)
values ('交通安全、管制及类似专用设备制造', '3596', '交通安全、管制及类似专用设备制造');
insert into ETL_INDUSTRY_CODE_CHECKLIST (old_industry_name, industry_code, industry_name)
values ('交通安全及管制专用设备制造', '3596', '交通安全、管制及类似专用设备制造');
insert into ETL_INDUSTRY_CODE_CHECKLIST (old_industry_name, industry_code, industry_name)
values ('水资源专用机械制造', '3597', '水资源专用机械制造');
insert into ETL_INDUSTRY_CODE_CHECKLIST (old_industry_name, industry_code, industry_name)
values ('其他专用设备制造', '3599', '其他专用设备制造');
insert into ETL_INDUSTRY_CODE_CHECKLIST (old_industry_name, industry_code, industry_name)
values ('汽车制造业', '3600', '汽车制造业');
insert into ETL_INDUSTRY_CODE_CHECKLIST (old_industry_name, industry_code, industry_name)
values ('汽车制造', '3600', '汽车制造业');
insert into ETL_INDUSTRY_CODE_CHECKLIST (old_industry_name, industry_code, industry_name)
values ('汽车整车制造', '3610', '汽车整车制造');
insert into ETL_INDUSTRY_CODE_CHECKLIST (old_industry_name, industry_code, industry_name)
values ('改装汽车制造', '3620', '改装汽车制造');
insert into ETL_INDUSTRY_CODE_CHECKLIST (old_industry_name, industry_code, industry_name)
values ('电车制造', '3640', '电车制造');
insert into ETL_INDUSTRY_CODE_CHECKLIST (old_industry_name, industry_code, industry_name)
values ('汽车车身、挂车的制造', '3650', '汽车车身、挂车制造');
insert into ETL_INDUSTRY_CODE_CHECKLIST (old_industry_name, industry_code, industry_name)
values ('汽车车身、挂车制造', '3650', '汽车车身、挂车制造');
insert into ETL_INDUSTRY_CODE_CHECKLIST (old_industry_name, industry_code, industry_name)
values ('汽车零部件及配件制造', '3660', '汽车零部件及配件制造');
insert into ETL_INDUSTRY_CODE_CHECKLIST (old_industry_name, industry_code, industry_name)
values ('铁路、船舶、航空航天和其他运输设备制造业', '3700', '铁路、船舶、航空航天和其他运输设备制造业');
insert into ETL_INDUSTRY_CODE_CHECKLIST (old_industry_name, industry_code, industry_name)
values ('交通运输设备制造业', '3700', '铁路、船舶、航空航天和其他运输设备制造业');
insert into ETL_INDUSTRY_CODE_CHECKLIST (old_industry_name, industry_code, industry_name)
values ('交通器材及其他交通运输设备制造', '3700', '铁路、船舶、航空航天和其他运输设备制造业');
insert into ETL_INDUSTRY_CODE_CHECKLIST (old_industry_name, industry_code, industry_name)
values ('铁路运输设备制造', '3710', '铁路运输设备制造');
insert into ETL_INDUSTRY_CODE_CHECKLIST (old_industry_name, industry_code, industry_name)
values ('铁路专用设备及器材、配件制造', '3714', '铁路专用设备及器材、配件制造');
insert into ETL_INDUSTRY_CODE_CHECKLIST (old_industry_name, industry_code, industry_name)
values ('其他铁路运输设备制造', '3719', '其他铁路运输设备制造');
insert into ETL_INDUSTRY_CODE_CHECKLIST (old_industry_name, industry_code, industry_name)
values ('其他铁路设备制造及设备修理', '3719', '其他铁路运输设备制造');
insert into ETL_INDUSTRY_CODE_CHECKLIST (old_industry_name, industry_code, industry_name)
values ('城市轨道交通设备制造', '3720', '城市轨道交通设备制造');
insert into ETL_INDUSTRY_CODE_CHECKLIST (old_industry_name, industry_code, industry_name)
values ('船舶及相关装置制造', '3730', '船舶及相关装置制造');
insert into ETL_INDUSTRY_CODE_CHECKLIST (old_industry_name, industry_code, industry_name)
values ('船舶及浮动装置制造', '3730', '船舶及相关装置制造');
insert into ETL_INDUSTRY_CODE_CHECKLIST (old_industry_name, industry_code, industry_name)
values ('航标器材及其他浮动装置的制造', '3730', '船舶及相关装置制造');
insert into ETL_INDUSTRY_CODE_CHECKLIST (old_industry_name, industry_code, industry_name)
values ('金属船舶制造', '3731', '金属船舶制造');
insert into ETL_INDUSTRY_CODE_CHECKLIST (old_industry_name, industry_code, industry_name)
values ('非金属船舶制造', '3732', '非金属船舶制造');
insert into ETL_INDUSTRY_CODE_CHECKLIST (old_industry_name, industry_code, industry_name)
values ('娱乐船和运动船制造', '3733', '娱乐船和运动船制造');
insert into ETL_INDUSTRY_CODE_CHECKLIST (old_industry_name, industry_code, industry_name)
values ('娱乐船和运动船的建造和修理', '3733', '娱乐船和运动船制造');
insert into ETL_INDUSTRY_CODE_CHECKLIST (old_industry_name, industry_code, industry_name)
values ('船用配套设备制造', '3734', '船用配套设备制造');
insert into ETL_INDUSTRY_CODE_CHECKLIST (old_industry_name, industry_code, industry_name)
values ('船舶改装与拆除', '3735', '船舶改装与拆除');
insert into ETL_INDUSTRY_CODE_CHECKLIST (old_industry_name, industry_code, industry_name)
values ('航空、航天器及设备制造', '3740', '航空、航天器及设备制造');
insert into ETL_INDUSTRY_CODE_CHECKLIST (old_industry_name, industry_code, industry_name)
values ('航空航天器制造', '3740', '航空、航天器及设备制造');
insert into ETL_INDUSTRY_CODE_CHECKLIST (old_industry_name, industry_code, industry_name)
values ('航空、航天及其他专用设备制造', '3740', '航空、航天器及设备制造');
insert into ETL_INDUSTRY_CODE_CHECKLIST (old_industry_name, industry_code, industry_name)
values ('飞机制造', '3741', '飞机制造');
insert into ETL_INDUSTRY_CODE_CHECKLIST (old_industry_name, industry_code, industry_name)
values ('飞机制造及修理', '3741', '飞机制造');
insert into ETL_INDUSTRY_CODE_CHECKLIST (old_industry_name, industry_code, industry_name)
values ('航天器制造', '3742', '航天器制造');
insert into ETL_INDUSTRY_CODE_CHECKLIST (old_industry_name, industry_code, industry_name)
values ('航空、航天相关设备制造', '3743', '航空、航天相关设备制造');
insert into ETL_INDUSTRY_CODE_CHECKLIST (old_industry_name, industry_code, industry_name)
values ('其他航空航天器制造', '3749', '其他航空航天器制造');
insert into ETL_INDUSTRY_CODE_CHECKLIST (old_industry_name, industry_code, industry_name)
values ('其他飞行器制造', '3749', '其他航空航天器制造');
insert into ETL_INDUSTRY_CODE_CHECKLIST (old_industry_name, industry_code, industry_name)
values ('摩托车制造', '3750', '摩托车制造');
insert into ETL_INDUSTRY_CODE_CHECKLIST (old_industry_name, industry_code, industry_name)
values ('摩托车零部件及配件制造', '3752', '摩托车零部件及配件制造');
insert into ETL_INDUSTRY_CODE_CHECKLIST (old_industry_name, industry_code, industry_name)
values ('自行车制造', '3760', '自行车制造');
insert into ETL_INDUSTRY_CODE_CHECKLIST (old_industry_name, industry_code, industry_name)
values ('脚踏自行车及残疾人座车制造', '3761', '脚踏自行车及残疾人座车制造');
insert into ETL_INDUSTRY_CODE_CHECKLIST (old_industry_name, industry_code, industry_name)
values ('助动自行车制造', '3762', '助动自行车制造');
commit;
prompt 200 records committed...
insert into ETL_INDUSTRY_CODE_CHECKLIST (old_industry_name, industry_code, industry_name)
values ('非公路休闲车及零配件制造', '3770', '非公路休闲车及零配件制造');
insert into ETL_INDUSTRY_CODE_CHECKLIST (old_industry_name, industry_code, industry_name)
values ('潜水救捞及其他未列明运输设备制造', '3790', '潜水救捞及其他未列明运输设备制造');
insert into ETL_INDUSTRY_CODE_CHECKLIST (old_industry_name, industry_code, industry_name)
values ('潜水及水下救捞装备制造', '3791', '潜水及水下救捞装备制造');
insert into ETL_INDUSTRY_CODE_CHECKLIST (old_industry_name, industry_code, industry_name)
values ('其他未列明运输设备制造', '3799', '其他未列明运输设备制造');
insert into ETL_INDUSTRY_CODE_CHECKLIST (old_industry_name, industry_code, industry_name)
values ('其他交通运输设备制造', '3799', '其他未列明运输设备制造');
insert into ETL_INDUSTRY_CODE_CHECKLIST (old_industry_name, industry_code, industry_name)
values ('电气机械和器材制造业', '3800', '电气机械和器材制造业');
insert into ETL_INDUSTRY_CODE_CHECKLIST (old_industry_name, industry_code, industry_name)
values ('电气机械及器材制造业', '3800', '电气机械和器材制造业');
insert into ETL_INDUSTRY_CODE_CHECKLIST (old_industry_name, industry_code, industry_name)
values ('电机制造', '3810', '电机制造');
insert into ETL_INDUSTRY_CODE_CHECKLIST (old_industry_name, industry_code, industry_name)
values ('发电机及发电机组制造', '3811', '发电机及发电机组制造');
insert into ETL_INDUSTRY_CODE_CHECKLIST (old_industry_name, industry_code, industry_name)
values ('电动机制造', '3812', '电动机制造');
insert into ETL_INDUSTRY_CODE_CHECKLIST (old_industry_name, industry_code, industry_name)
values ('微电机及其他电机制造', '3819', '微电机及其他电机制造');
insert into ETL_INDUSTRY_CODE_CHECKLIST (old_industry_name, industry_code, industry_name)
values ('输配电及控制设备制造', '3820', '输配电及控制设备制造');
insert into ETL_INDUSTRY_CODE_CHECKLIST (old_industry_name, industry_code, industry_name)
values ('变压器、整流器和电感器制造', '3821', '变压器、整流器和电感器制造');
insert into ETL_INDUSTRY_CODE_CHECKLIST (old_industry_name, industry_code, industry_name)
values ('电容器及其配套设备制造', '3822', '电容器及其配套设备制造');
insert into ETL_INDUSTRY_CODE_CHECKLIST (old_industry_name, industry_code, industry_name)
values ('配电开关控制设备制造', '3823', '配电开关控制设备制造');
insert into ETL_INDUSTRY_CODE_CHECKLIST (old_industry_name, industry_code, industry_name)
values ('电力电子元器件制造', '3824', '电力电子元器件制造');
insert into ETL_INDUSTRY_CODE_CHECKLIST (old_industry_name, industry_code, industry_name)
values ('光伏设备及元器件制造', '3825', '光伏设备及元器件制造');
insert into ETL_INDUSTRY_CODE_CHECKLIST (old_industry_name, industry_code, industry_name)
values ('其他输配电及控制设备制造', '3829', '其他输配电及控制设备制造');
insert into ETL_INDUSTRY_CODE_CHECKLIST (old_industry_name, industry_code, industry_name)
values ('电线、电缆、光缆及电工器材制造', '3830', '电线、电缆、光缆及电工器材制造');
insert into ETL_INDUSTRY_CODE_CHECKLIST (old_industry_name, industry_code, industry_name)
values ('电线、电缆制造', '3831', '电线、电缆制造');
insert into ETL_INDUSTRY_CODE_CHECKLIST (old_industry_name, industry_code, industry_name)
values ('电线电缆制造', '3831', '电线、电缆制造');
insert into ETL_INDUSTRY_CODE_CHECKLIST (old_industry_name, industry_code, industry_name)
values ('光纤、光缆制造', '3832', '光纤、光缆制造');
insert into ETL_INDUSTRY_CODE_CHECKLIST (old_industry_name, industry_code, industry_name)
values ('绝缘制品制造', '3833', '绝缘制品制造');
insert into ETL_INDUSTRY_CODE_CHECKLIST (old_industry_name, industry_code, industry_name)
values ('其他电工器材制造', '3839', '其他电工器材制造');
insert into ETL_INDUSTRY_CODE_CHECKLIST (old_industry_name, industry_code, industry_name)
values ('电池制造', '3840', '电池制造');
insert into ETL_INDUSTRY_CODE_CHECKLIST (old_industry_name, industry_code, industry_name)
values ('锂离子电池制造', '3841', '锂离子电池制造');
insert into ETL_INDUSTRY_CODE_CHECKLIST (old_industry_name, industry_code, industry_name)
values ('镍氢电池制造', '3842', '镍氢电池制造');
insert into ETL_INDUSTRY_CODE_CHECKLIST (old_industry_name, industry_code, industry_name)
values ('家用电力器具制造', '3850', '家用电力器具制造');
insert into ETL_INDUSTRY_CODE_CHECKLIST (old_industry_name, industry_code, industry_name)
values ('家用制冷电器具制造', '3851', '家用制冷电器具制造');
insert into ETL_INDUSTRY_CODE_CHECKLIST (old_industry_name, industry_code, industry_name)
values ('家用空气调节器制造', '3852', '家用空气调节器制造');
insert into ETL_INDUSTRY_CODE_CHECKLIST (old_industry_name, industry_code, industry_name)
values ('家用通风电器具制造', '3853', '家用通风电器具制造');
insert into ETL_INDUSTRY_CODE_CHECKLIST (old_industry_name, industry_code, industry_name)
values ('家用厨房电器具制造', '3854', '家用厨房电器具制造');
insert into ETL_INDUSTRY_CODE_CHECKLIST (old_industry_name, industry_code, industry_name)
values ('家用清洁卫生电器具制造', '3855', '家用清洁卫生电器具制造');
insert into ETL_INDUSTRY_CODE_CHECKLIST (old_industry_name, industry_code, industry_name)
values ('家用美容、保健电器具制造', '3856', '家用美容、保健电器具制造');
insert into ETL_INDUSTRY_CODE_CHECKLIST (old_industry_name, industry_code, industry_name)
values ('家用电力器具专用配件制造', '3857', '家用电力器具专用配件制造');
insert into ETL_INDUSTRY_CODE_CHECKLIST (old_industry_name, industry_code, industry_name)
values ('其他家用电力器具制造', '3859', '其他家用电力器具制造');
insert into ETL_INDUSTRY_CODE_CHECKLIST (old_industry_name, industry_code, industry_name)
values ('非电力家用器具制造', '3860', '非电力家用器具制造');
insert into ETL_INDUSTRY_CODE_CHECKLIST (old_industry_name, industry_code, industry_name)
values ('燃气、太阳能及类似能源家用器具制造', '3861', '燃气、太阳能及类似能源家用器具制造');
insert into ETL_INDUSTRY_CODE_CHECKLIST (old_industry_name, industry_code, industry_name)
values ('燃气、太阳能及类似能源的器具制造', '3861', '燃气、太阳能及类似能源家用器具制造');
insert into ETL_INDUSTRY_CODE_CHECKLIST (old_industry_name, industry_code, industry_name)
values ('其他非电力家用器具制造', '3869', '其他非电力家用器具制造');
insert into ETL_INDUSTRY_CODE_CHECKLIST (old_industry_name, industry_code, industry_name)
values ('照明器具制造', '3870', '照明器具制造');
insert into ETL_INDUSTRY_CODE_CHECKLIST (old_industry_name, industry_code, industry_name)
values ('电光源制造', '3871', '电光源制造');
insert into ETL_INDUSTRY_CODE_CHECKLIST (old_industry_name, industry_code, industry_name)
values ('照明灯具制造', '3872', '照明灯具制造');
insert into ETL_INDUSTRY_CODE_CHECKLIST (old_industry_name, industry_code, industry_name)
values ('灯用电器附件及其他照明器具制造', '3879', '灯用电器附件及其他照明器具制造');
insert into ETL_INDUSTRY_CODE_CHECKLIST (old_industry_name, industry_code, industry_name)
values ('其他电气机械及器材制造', '3890', '其他电气机械及器材制造');
insert into ETL_INDUSTRY_CODE_CHECKLIST (old_industry_name, industry_code, industry_name)
values ('电气信号设备装置制造', '3891', '电气信号设备装置制造');
insert into ETL_INDUSTRY_CODE_CHECKLIST (old_industry_name, industry_code, industry_name)
values ('车辆专用照明及电气信号设备装置制造', '3891', '电气信号设备装置制造');
insert into ETL_INDUSTRY_CODE_CHECKLIST (old_industry_name, industry_code, industry_name)
values ('其他未列明电气机械及器材制造', '3899', '其他未列明电气机械及器材制造');
insert into ETL_INDUSTRY_CODE_CHECKLIST (old_industry_name, industry_code, industry_name)
values ('其他未列明的电气机械制造', '3899', '其他未列明电气机械及器材制造');
insert into ETL_INDUSTRY_CODE_CHECKLIST (old_industry_name, industry_code, industry_name)
values ('计算机、通信和其他电子设备制造业', '3900', '计算机、通信和其他电子设备制造业');
insert into ETL_INDUSTRY_CODE_CHECKLIST (old_industry_name, industry_code, industry_name)
values ('通信设备、计算机及其他电子设备制造业', '3900', '计算机、通信和其他电子设备制造业');
insert into ETL_INDUSTRY_CODE_CHECKLIST (old_industry_name, industry_code, industry_name)
values ('计算机制造', '3910', '计算机制造');
insert into ETL_INDUSTRY_CODE_CHECKLIST (old_industry_name, industry_code, industry_name)
values ('电子计算机制造', '3910', '计算机制造');
insert into ETL_INDUSTRY_CODE_CHECKLIST (old_industry_name, industry_code, industry_name)
values ('计算机整机制造', '3911', '计算机整机制造');
insert into ETL_INDUSTRY_CODE_CHECKLIST (old_industry_name, industry_code, industry_name)
values ('电子计算机整机制造', '3911', '计算机整机制造');
insert into ETL_INDUSTRY_CODE_CHECKLIST (old_industry_name, industry_code, industry_name)
values ('计算机零部件制造', '3912', '计算机零部件制造');
insert into ETL_INDUSTRY_CODE_CHECKLIST (old_industry_name, industry_code, industry_name)
values ('计算机外围设备制造', '3913', '计算机外围设备制造');
insert into ETL_INDUSTRY_CODE_CHECKLIST (old_industry_name, industry_code, industry_name)
values ('电子计算机外部设备制造', '3913', '计算机外围设备制造');
insert into ETL_INDUSTRY_CODE_CHECKLIST (old_industry_name, industry_code, industry_name)
values ('其他计算机制造', '3919', '其他计算机制造');
insert into ETL_INDUSTRY_CODE_CHECKLIST (old_industry_name, industry_code, industry_name)
values ('通信设备制造', '3920', '通信设备制造');
insert into ETL_INDUSTRY_CODE_CHECKLIST (old_industry_name, industry_code, industry_name)
values ('其他通信设备制造', '3920', '通信设备制造');
insert into ETL_INDUSTRY_CODE_CHECKLIST (old_industry_name, industry_code, industry_name)
values ('计算机网络设备制造', '3920', '通信设备制造');
insert into ETL_INDUSTRY_CODE_CHECKLIST (old_industry_name, industry_code, industry_name)
values ('通信传输设备制造', '3920', '通信设备制造');
insert into ETL_INDUSTRY_CODE_CHECKLIST (old_industry_name, industry_code, industry_name)
values ('通信系统设备制造', '3921', '通信系统设备制造');
insert into ETL_INDUSTRY_CODE_CHECKLIST (old_industry_name, industry_code, industry_name)
values ('通信终端设备制造', '3922', '通信终端设备制造');
insert into ETL_INDUSTRY_CODE_CHECKLIST (old_industry_name, industry_code, industry_name)
values ('移动通信及终端设备制造', '3922', '通信终端设备制造');
insert into ETL_INDUSTRY_CODE_CHECKLIST (old_industry_name, industry_code, industry_name)
values ('通信交换设备制造', '3922', '通信终端设备制造');
insert into ETL_INDUSTRY_CODE_CHECKLIST (old_industry_name, industry_code, industry_name)
values ('广播电视设备制造', '3930', '广播电视设备制造');
insert into ETL_INDUSTRY_CODE_CHECKLIST (old_industry_name, industry_code, industry_name)
values ('广播电视节目制作及发射设备制造', '3931', '广播电视节目制作及发射设备制造');
insert into ETL_INDUSTRY_CODE_CHECKLIST (old_industry_name, industry_code, industry_name)
values ('广播电视接收设备及器材制造', '3932', '广播电视接收设备及器材制造');
insert into ETL_INDUSTRY_CODE_CHECKLIST (old_industry_name, industry_code, industry_name)
values ('应用电视设备及其他广播电视设备制造', '3939', '应用电视设备及其他广播电视设备制造');
insert into ETL_INDUSTRY_CODE_CHECKLIST (old_industry_name, industry_code, industry_name)
values ('雷达及配套设备制造', '3940', '雷达及配套设备制造');
insert into ETL_INDUSTRY_CODE_CHECKLIST (old_industry_name, industry_code, industry_name)
values ('视听设备制造', '3950', '视听设备制造');
insert into ETL_INDUSTRY_CODE_CHECKLIST (old_industry_name, industry_code, industry_name)
values ('农业', '0100', '农业');
insert into ETL_INDUSTRY_CODE_CHECKLIST (old_industry_name, industry_code, industry_name)
values ('谷物种植', '0110', '谷物种植');
insert into ETL_INDUSTRY_CODE_CHECKLIST (old_industry_name, industry_code, industry_name)
values ('谷物及其他作物的种植', '0110', '谷物种植');
insert into ETL_INDUSTRY_CODE_CHECKLIST (old_industry_name, industry_code, industry_name)
values ('谷物的种植', '0110', '谷物种植');
insert into ETL_INDUSTRY_CODE_CHECKLIST (old_industry_name, industry_code, industry_name)
values ('稻谷种植', '0111', '稻谷种植');
insert into ETL_INDUSTRY_CODE_CHECKLIST (old_industry_name, industry_code, industry_name)
values ('其他谷物种植', '0119', '其他谷物种植');
insert into ETL_INDUSTRY_CODE_CHECKLIST (old_industry_name, industry_code, industry_name)
values ('豆类、油料和薯类种植', '0120', '豆类、油料和薯类种植');
insert into ETL_INDUSTRY_CODE_CHECKLIST (old_industry_name, industry_code, industry_name)
values ('蔬菜、食用菌及园艺作物种植', '0140', '蔬菜、食用菌及园艺作物种植');
insert into ETL_INDUSTRY_CODE_CHECKLIST (old_industry_name, industry_code, industry_name)
values ('蔬菜、园艺作物的种植', '0140', '蔬菜、食用菌及园艺作物种植');
insert into ETL_INDUSTRY_CODE_CHECKLIST (old_industry_name, industry_code, industry_name)
values ('蔬菜种植', '0141', '蔬菜种植');
insert into ETL_INDUSTRY_CODE_CHECKLIST (old_industry_name, industry_code, industry_name)
values ('蔬菜的种植', '0141', '蔬菜种植');
insert into ETL_INDUSTRY_CODE_CHECKLIST (old_industry_name, industry_code, industry_name)
values ('食用菌种植', '0142', '食用菌种植');
insert into ETL_INDUSTRY_CODE_CHECKLIST (old_industry_name, industry_code, industry_name)
values ('花卉种植', '0143', '花卉种植');
insert into ETL_INDUSTRY_CODE_CHECKLIST (old_industry_name, industry_code, industry_name)
values ('花卉的种植', '0143', '花卉种植');
insert into ETL_INDUSTRY_CODE_CHECKLIST (old_industry_name, industry_code, industry_name)
values ('其他园艺作物种植', '0149', '其他园艺作物种植');
insert into ETL_INDUSTRY_CODE_CHECKLIST (old_industry_name, industry_code, industry_name)
values ('其他园艺作物的种植', '0149', '其他园艺作物种植');
insert into ETL_INDUSTRY_CODE_CHECKLIST (old_industry_name, industry_code, industry_name)
values ('水果种植', '0150', '水果种植');
insert into ETL_INDUSTRY_CODE_CHECKLIST (old_industry_name, industry_code, industry_name)
values ('水果、坚果的种植', '0150', '水果种植');
insert into ETL_INDUSTRY_CODE_CHECKLIST (old_industry_name, industry_code, industry_name)
values ('葡萄种植', '0152', '葡萄种植');
insert into ETL_INDUSTRY_CODE_CHECKLIST (old_industry_name, industry_code, industry_name)
values ('其他水果种植', '0159', '其他水果种植');
insert into ETL_INDUSTRY_CODE_CHECKLIST (old_industry_name, industry_code, industry_name)
values ('坚果、含油果、香料和饮料作物种植', '0160', '坚果、含油果、香料和饮料作物种植');
insert into ETL_INDUSTRY_CODE_CHECKLIST (old_industry_name, industry_code, industry_name)
values ('水果、坚果、饮料和香料作物种植', '0160', '坚果、含油果、香料和饮料作物种植');
insert into ETL_INDUSTRY_CODE_CHECKLIST (old_industry_name, industry_code, industry_name)
values ('香料作物的种植', '0163', '香料作物种植');
insert into ETL_INDUSTRY_CODE_CHECKLIST (old_industry_name, industry_code, industry_name)
values ('茶及其他饮料作物种植', '0169', '茶及其他饮料作物种植');
insert into ETL_INDUSTRY_CODE_CHECKLIST (old_industry_name, industry_code, industry_name)
values ('茶及其他饮料作物的种植', '0169', '茶及其他饮料作物种植');
insert into ETL_INDUSTRY_CODE_CHECKLIST (old_industry_name, industry_code, industry_name)
values ('中药材的种植', '0170', '中药材种植');
insert into ETL_INDUSTRY_CODE_CHECKLIST (old_industry_name, industry_code, industry_name)
values ('中药材种植', '0170', '中药材种植');
commit;
prompt 300 records committed...
insert into ETL_INDUSTRY_CODE_CHECKLIST (old_industry_name, industry_code, industry_name)
values ('其他作物的种植', '0190', '其他农业');
insert into ETL_INDUSTRY_CODE_CHECKLIST (old_industry_name, industry_code, industry_name)
values ('其他农业', '0190', '其他农业');
insert into ETL_INDUSTRY_CODE_CHECKLIST (old_industry_name, industry_code, industry_name)
values ('林业', '0200', '林业');
insert into ETL_INDUSTRY_CODE_CHECKLIST (old_industry_name, industry_code, industry_name)
values ('林木育种和育苗', '0210', '林木育种和育苗');
insert into ETL_INDUSTRY_CODE_CHECKLIST (old_industry_name, industry_code, industry_name)
values ('林木的培育和种植', '0210', '林木育种和育苗');
insert into ETL_INDUSTRY_CODE_CHECKLIST (old_industry_name, industry_code, industry_name)
values ('育种和育苗', '0210', '林木育种和育苗');
insert into ETL_INDUSTRY_CODE_CHECKLIST (old_industry_name, industry_code, industry_name)
values ('林木的抚育和管理', '0210', '林木育种和育苗');
insert into ETL_INDUSTRY_CODE_CHECKLIST (old_industry_name, industry_code, industry_name)
values ('林木育种', '0211', '林木育种');
insert into ETL_INDUSTRY_CODE_CHECKLIST (old_industry_name, industry_code, industry_name)
values ('林木育苗', '0212', '林木育苗');
insert into ETL_INDUSTRY_CODE_CHECKLIST (old_industry_name, industry_code, industry_name)
values ('造林', '0220', '造林和更新');
insert into ETL_INDUSTRY_CODE_CHECKLIST (old_industry_name, industry_code, industry_name)
values ('造林和更新', '0220', '造林和更新');
insert into ETL_INDUSTRY_CODE_CHECKLIST (old_industry_name, industry_code, industry_name)
values ('畜牧业', '0300', '畜牧业');
insert into ETL_INDUSTRY_CODE_CHECKLIST (old_industry_name, industry_code, industry_name)
values ('牲畜饲养', '0310', '牲畜饲养');
insert into ETL_INDUSTRY_CODE_CHECKLIST (old_industry_name, industry_code, industry_name)
values ('牲畜的饲养', '0310', '牲畜饲养');
insert into ETL_INDUSTRY_CODE_CHECKLIST (old_industry_name, industry_code, industry_name)
values ('牛的饲养', '0311', '牛的饲养');
insert into ETL_INDUSTRY_CODE_CHECKLIST (old_industry_name, industry_code, industry_name)
values ('马的饲养', '0312', '马的饲养');
insert into ETL_INDUSTRY_CODE_CHECKLIST (old_industry_name, industry_code, industry_name)
values ('猪的饲养', '0313', '猪的饲养');
insert into ETL_INDUSTRY_CODE_CHECKLIST (old_industry_name, industry_code, industry_name)
values ('羊的饲养', '0314', '羊的饲养');
insert into ETL_INDUSTRY_CODE_CHECKLIST (old_industry_name, industry_code, industry_name)
values ('其他牲畜饲养', '0319', '其他牲畜饲养');
insert into ETL_INDUSTRY_CODE_CHECKLIST (old_industry_name, industry_code, industry_name)
values ('家禽饲养', '0320', '家禽饲养');
insert into ETL_INDUSTRY_CODE_CHECKLIST (old_industry_name, industry_code, industry_name)
values ('家禽的饲养', '0320', '家禽饲养');
insert into ETL_INDUSTRY_CODE_CHECKLIST (old_industry_name, industry_code, industry_name)
values ('其他家禽饲养', '0329', '其他家禽饲养');
insert into ETL_INDUSTRY_CODE_CHECKLIST (old_industry_name, industry_code, industry_name)
values ('狩猎和捕捉动物', '0330', '狩猎和捕捉动物');
insert into ETL_INDUSTRY_CODE_CHECKLIST (old_industry_name, industry_code, industry_name)
values ('其他畜牧业', '0390', '其他畜牧业');
insert into ETL_INDUSTRY_CODE_CHECKLIST (old_industry_name, industry_code, industry_name)
values ('渔业', '0400', '渔业');
insert into ETL_INDUSTRY_CODE_CHECKLIST (old_industry_name, industry_code, industry_name)
values ('内陆渔业', '0400', '渔业');
insert into ETL_INDUSTRY_CODE_CHECKLIST (old_industry_name, industry_code, industry_name)
values ('水产养殖', '0410', '水产养殖');
insert into ETL_INDUSTRY_CODE_CHECKLIST (old_industry_name, industry_code, industry_name)
values ('海水养殖', '0411', '海水养殖');
insert into ETL_INDUSTRY_CODE_CHECKLIST (old_industry_name, industry_code, industry_name)
values ('海洋渔业', '0411', '海水养殖');
insert into ETL_INDUSTRY_CODE_CHECKLIST (old_industry_name, industry_code, industry_name)
values ('内陆养殖', '0412', '内陆养殖');
insert into ETL_INDUSTRY_CODE_CHECKLIST (old_industry_name, industry_code, industry_name)
values ('水产捕捞', '0420', '水产捕捞');
insert into ETL_INDUSTRY_CODE_CHECKLIST (old_industry_name, industry_code, industry_name)
values ('海水捕捞', '0421', '海水捕捞');
insert into ETL_INDUSTRY_CODE_CHECKLIST (old_industry_name, industry_code, industry_name)
values ('海洋捕捞', '0421', '海水捕捞');
insert into ETL_INDUSTRY_CODE_CHECKLIST (old_industry_name, industry_code, industry_name)
values ('农、林、牧、渔服务业', '0500', '农、林、牧、渔服务业');
insert into ETL_INDUSTRY_CODE_CHECKLIST (old_industry_name, industry_code, industry_name)
values ('农业服务业', '0510', '农业服务业');
insert into ETL_INDUSTRY_CODE_CHECKLIST (old_industry_name, industry_code, industry_name)
values ('农业机械服务', '0511', '农业机械服务');
insert into ETL_INDUSTRY_CODE_CHECKLIST (old_industry_name, industry_code, industry_name)
values ('灌溉服务', '0512', '灌溉服务');
insert into ETL_INDUSTRY_CODE_CHECKLIST (old_industry_name, industry_code, industry_name)
values ('农产品初加工服务', '0513', '农产品初加工服务');
insert into ETL_INDUSTRY_CODE_CHECKLIST (old_industry_name, industry_code, industry_name)
values ('其他农业服务', '0519', '其他农业服务');
insert into ETL_INDUSTRY_CODE_CHECKLIST (old_industry_name, industry_code, industry_name)
values ('林业服务业', '0520', '林业服务业');
insert into ETL_INDUSTRY_CODE_CHECKLIST (old_industry_name, industry_code, industry_name)
values ('林业有害生物防治服务', '0521', '林业有害生物防治服务');
insert into ETL_INDUSTRY_CODE_CHECKLIST (old_industry_name, industry_code, industry_name)
values ('其他林业服务', '0529', '其他林业服务');
insert into ETL_INDUSTRY_CODE_CHECKLIST (old_industry_name, industry_code, industry_name)
values ('渔业服务业', '0540', '渔业服务业');
insert into ETL_INDUSTRY_CODE_CHECKLIST (old_industry_name, industry_code, industry_name)
values ('煤炭开采和洗选业', '0600', '煤炭开采和洗选业');
insert into ETL_INDUSTRY_CODE_CHECKLIST (old_industry_name, industry_code, industry_name)
values ('石油和天然气开采业', '0700', '石油和天然气开采业');
insert into ETL_INDUSTRY_CODE_CHECKLIST (old_industry_name, industry_code, industry_name)
values ('天然原油和天然气开采', '0700', '石油和天然气开采业');
insert into ETL_INDUSTRY_CODE_CHECKLIST (old_industry_name, industry_code, industry_name)
values ('石油开采', '0710', '石油开采');
insert into ETL_INDUSTRY_CODE_CHECKLIST (old_industry_name, industry_code, industry_name)
values ('有色金属矿采选业', '0900', '有色金属矿采选业');
insert into ETL_INDUSTRY_CODE_CHECKLIST (old_industry_name, industry_code, industry_name)
values ('常用有色金属矿采选', '0910', '常用有色金属矿采选');
insert into ETL_INDUSTRY_CODE_CHECKLIST (old_industry_name, industry_code, industry_name)
values ('非金属矿采选业', '1000', '非金属矿采选业');
insert into ETL_INDUSTRY_CODE_CHECKLIST (old_industry_name, industry_code, industry_name)
values ('土砂石开采', '1010', '土砂石开采');
insert into ETL_INDUSTRY_CODE_CHECKLIST (old_industry_name, industry_code, industry_name)
values ('石棉及其他非金属矿采选', '1090', '石棉及其他非金属矿采选');
insert into ETL_INDUSTRY_CODE_CHECKLIST (old_industry_name, industry_code, industry_name)
values ('宝石、玉石采选', '1093', '宝石、玉石采选');
insert into ETL_INDUSTRY_CODE_CHECKLIST (old_industry_name, industry_code, industry_name)
values ('与石油和天然气开采有关的服务活动', '1120', '石油和天然气开采辅助活动');
insert into ETL_INDUSTRY_CODE_CHECKLIST (old_industry_name, industry_code, industry_name)
values ('石油和天然气开采辅助活动', '1120', '石油和天然气开采辅助活动');
insert into ETL_INDUSTRY_CODE_CHECKLIST (old_industry_name, industry_code, industry_name)
values ('农副食品加工业', '1300', '农副食品加工业');
insert into ETL_INDUSTRY_CODE_CHECKLIST (old_industry_name, industry_code, industry_name)
values ('谷物磨制', '1310', '谷物磨制');
insert into ETL_INDUSTRY_CODE_CHECKLIST (old_industry_name, industry_code, industry_name)
values ('饲料加工', '1320', '饲料加工');
insert into ETL_INDUSTRY_CODE_CHECKLIST (old_industry_name, industry_code, industry_name)
values ('植物油加工', '1330', '植物油加工');
insert into ETL_INDUSTRY_CODE_CHECKLIST (old_industry_name, industry_code, industry_name)
values ('食用植物油加工', '1331', '食用植物油加工');
insert into ETL_INDUSTRY_CODE_CHECKLIST (old_industry_name, industry_code, industry_name)
values ('非食用植物油加工', '1332', '非食用植物油加工');
insert into ETL_INDUSTRY_CODE_CHECKLIST (old_industry_name, industry_code, industry_name)
values ('制糖', '1340', '制糖业');
insert into ETL_INDUSTRY_CODE_CHECKLIST (old_industry_name, industry_code, industry_name)
values ('制糖业', '1340', '制糖业');
insert into ETL_INDUSTRY_CODE_CHECKLIST (old_industry_name, industry_code, industry_name)
values ('屠宰及肉类加工', '1350', '屠宰及肉类加工');
insert into ETL_INDUSTRY_CODE_CHECKLIST (old_industry_name, industry_code, industry_name)
values ('畜禽屠宰', '1351', '牲畜屠宰');
insert into ETL_INDUSTRY_CODE_CHECKLIST (old_industry_name, industry_code, industry_name)
values ('牲畜屠宰', '1351', '牲畜屠宰');
insert into ETL_INDUSTRY_CODE_CHECKLIST (old_industry_name, industry_code, industry_name)
values ('肉制品及副产品加工', '1353', '肉制品及副产品加工');
insert into ETL_INDUSTRY_CODE_CHECKLIST (old_industry_name, industry_code, industry_name)
values ('水产品加工', '1360', '水产品加工');
insert into ETL_INDUSTRY_CODE_CHECKLIST (old_industry_name, industry_code, industry_name)
values ('水产品冷冻加工', '1361', '水产品冷冻加工');
insert into ETL_INDUSTRY_CODE_CHECKLIST (old_industry_name, industry_code, industry_name)
values ('鱼糜制品及水产品干腌制加工', '1362', '鱼糜制品及水产品干腌制加工');
insert into ETL_INDUSTRY_CODE_CHECKLIST (old_industry_name, industry_code, industry_name)
values ('水产饲料制造', '1363', '水产饲料制造');
insert into ETL_INDUSTRY_CODE_CHECKLIST (old_industry_name, industry_code, industry_name)
values ('其他水产品加工', '1369', '其他水产品加工');
insert into ETL_INDUSTRY_CODE_CHECKLIST (old_industry_name, industry_code, industry_name)
values ('蔬菜、水果和坚果加工', '1370', '蔬菜、水果和坚果加工');
insert into ETL_INDUSTRY_CODE_CHECKLIST (old_industry_name, industry_code, industry_name)
values ('蔬菜加工', '1371', '蔬菜加工');
insert into ETL_INDUSTRY_CODE_CHECKLIST (old_industry_name, industry_code, industry_name)
values ('水果和坚果加工', '1372', '水果和坚果加工');
insert into ETL_INDUSTRY_CODE_CHECKLIST (old_industry_name, industry_code, industry_name)
values ('其他农副食品加工', '1390', '其他农副食品加工');
insert into ETL_INDUSTRY_CODE_CHECKLIST (old_industry_name, industry_code, industry_name)
values ('淀粉及淀粉制品制造', '1391', '淀粉及淀粉制品制造');
insert into ETL_INDUSTRY_CODE_CHECKLIST (old_industry_name, industry_code, industry_name)
values ('淀粉及淀粉制品的制造', '1391', '淀粉及淀粉制品制造');
insert into ETL_INDUSTRY_CODE_CHECKLIST (old_industry_name, industry_code, industry_name)
values ('豆制品制造', '1392', '豆制品制造');
insert into ETL_INDUSTRY_CODE_CHECKLIST (old_industry_name, industry_code, industry_name)
values ('蛋品加工', '1393', '蛋品加工');
insert into ETL_INDUSTRY_CODE_CHECKLIST (old_industry_name, industry_code, industry_name)
values ('其他未列明农副食品加工', '1399', '其他未列明农副食品加工');
insert into ETL_INDUSTRY_CODE_CHECKLIST (old_industry_name, industry_code, industry_name)
values ('其他未列明的农副食品加工', '1399', '其他未列明农副食品加工');
insert into ETL_INDUSTRY_CODE_CHECKLIST (old_industry_name, industry_code, industry_name)
values ('食品制造业', '1400', '食品制造业');
insert into ETL_INDUSTRY_CODE_CHECKLIST (old_industry_name, industry_code, industry_name)
values ('焙烤食品制造', '1410', '焙烤食品制造');
insert into ETL_INDUSTRY_CODE_CHECKLIST (old_industry_name, industry_code, industry_name)
values ('糕点、面包制造', '1411', '糕点、面包制造');
insert into ETL_INDUSTRY_CODE_CHECKLIST (old_industry_name, industry_code, industry_name)
values ('饼干及其他焙烤食品制造', '1419', '饼干及其他焙烤食品制造');
insert into ETL_INDUSTRY_CODE_CHECKLIST (old_industry_name, industry_code, industry_name)
values ('糖果、巧克力及蜜饯制造', '1420', '糖果、巧克力及蜜饯制造');
insert into ETL_INDUSTRY_CODE_CHECKLIST (old_industry_name, industry_code, industry_name)
values ('糖果、巧克力制造', '1421', '糖果、巧克力制造');
insert into ETL_INDUSTRY_CODE_CHECKLIST (old_industry_name, industry_code, industry_name)
values ('蜜饯制作', '1422', '蜜饯制作');
insert into ETL_INDUSTRY_CODE_CHECKLIST (old_industry_name, industry_code, industry_name)
values ('方便食品制造', '1430', '方便食品制造');
insert into ETL_INDUSTRY_CODE_CHECKLIST (old_industry_name, industry_code, industry_name)
values ('米、面制品制造', '1431', '米、面制品制造');
insert into ETL_INDUSTRY_CODE_CHECKLIST (old_industry_name, industry_code, industry_name)
values ('速冻食品制造', '1432', '速冻食品制造');
insert into ETL_INDUSTRY_CODE_CHECKLIST (old_industry_name, industry_code, industry_name)
values ('方便面及其他方便食品制造', '1439', '方便面及其他方便食品制造');
insert into ETL_INDUSTRY_CODE_CHECKLIST (old_industry_name, industry_code, industry_name)
values ('液体乳及乳制品制造', '1440', '乳制品制造');
insert into ETL_INDUSTRY_CODE_CHECKLIST (old_industry_name, industry_code, industry_name)
values ('乳制品制造', '1440', '乳制品制造');
insert into ETL_INDUSTRY_CODE_CHECKLIST (old_industry_name, industry_code, industry_name)
values ('罐头食品制造', '1450', '罐头食品制造');
insert into ETL_INDUSTRY_CODE_CHECKLIST (old_industry_name, industry_code, industry_name)
values ('罐头制造', '1450', '罐头食品制造');
insert into ETL_INDUSTRY_CODE_CHECKLIST (old_industry_name, industry_code, industry_name)
values ('肉、禽类罐头制造', '1451', '肉、禽类罐头制造');
insert into ETL_INDUSTRY_CODE_CHECKLIST (old_industry_name, industry_code, industry_name)
values ('蔬菜、水果罐头制造', '1453', '蔬菜、水果罐头制造');
insert into ETL_INDUSTRY_CODE_CHECKLIST (old_industry_name, industry_code, industry_name)
values ('调味品、发酵制品制造', '1460', '调味品、发酵制品制造');
commit;
prompt 400 records committed...
insert into ETL_INDUSTRY_CODE_CHECKLIST (old_industry_name, industry_code, industry_name)
values ('味精制造', '1461', '味精制造');
insert into ETL_INDUSTRY_CODE_CHECKLIST (old_industry_name, industry_code, industry_name)
values ('酱油、食醋及类似制品制造', '1462', '酱油、食醋及类似制品制造');
insert into ETL_INDUSTRY_CODE_CHECKLIST (old_industry_name, industry_code, industry_name)
values ('酱油、食醋及类似制品的制造', '1462', '酱油、食醋及类似制品制造');
insert into ETL_INDUSTRY_CODE_CHECKLIST (old_industry_name, industry_code, industry_name)
values ('其他调味品、发酵制品制造', '1469', '其他调味品、发酵制品制造');
insert into ETL_INDUSTRY_CODE_CHECKLIST (old_industry_name, industry_code, industry_name)
values ('其他食品制造', '1490', '其他食品制造');
insert into ETL_INDUSTRY_CODE_CHECKLIST (old_industry_name, industry_code, industry_name)
values ('营养、保健食品制造', '1490', '其他食品制造');
insert into ETL_INDUSTRY_CODE_CHECKLIST (old_industry_name, industry_code, industry_name)
values ('保健食品制造', '1492', '保健食品制造');
insert into ETL_INDUSTRY_CODE_CHECKLIST (old_industry_name, industry_code, industry_name)
values ('冷冻饮品及食用冰制造', '1493', '冷冻饮品及食用冰制造');
insert into ETL_INDUSTRY_CODE_CHECKLIST (old_industry_name, industry_code, industry_name)
values ('盐加工', '1494', '盐加工');
insert into ETL_INDUSTRY_CODE_CHECKLIST (old_industry_name, industry_code, industry_name)
values ('食品及饲料添加剂制造', '1495', '食品及饲料添加剂制造');
insert into ETL_INDUSTRY_CODE_CHECKLIST (old_industry_name, industry_code, industry_name)
values ('其他未列明食品制造', '1499', '其他未列明食品制造');
insert into ETL_INDUSTRY_CODE_CHECKLIST (old_industry_name, industry_code, industry_name)
values ('其他未列明的食品制造', '1499', '其他未列明食品制造');
insert into ETL_INDUSTRY_CODE_CHECKLIST (old_industry_name, industry_code, industry_name)
values ('酒、饮料和精制茶制造业', '1500', '酒、饮料和精制茶制造业');
insert into ETL_INDUSTRY_CODE_CHECKLIST (old_industry_name, industry_code, industry_name)
values ('酒的制造', '1510', '酒的制造');
insert into ETL_INDUSTRY_CODE_CHECKLIST (old_industry_name, industry_code, industry_name)
values ('酒精制造', '1511', '酒精制造');
insert into ETL_INDUSTRY_CODE_CHECKLIST (old_industry_name, industry_code, industry_name)
values ('白酒制造', '1512', '白酒制造');
insert into ETL_INDUSTRY_CODE_CHECKLIST (old_industry_name, industry_code, industry_name)
values ('啤酒制造', '1513', '啤酒制造');
insert into ETL_INDUSTRY_CODE_CHECKLIST (old_industry_name, industry_code, industry_name)
values ('黄酒制造', '1514', '黄酒制造');
insert into ETL_INDUSTRY_CODE_CHECKLIST (old_industry_name, industry_code, industry_name)
values ('葡萄酒制造', '1515', '葡萄酒制造');
insert into ETL_INDUSTRY_CODE_CHECKLIST (old_industry_name, industry_code, industry_name)
values ('其他酒制造', '1519', '其他酒制造');
insert into ETL_INDUSTRY_CODE_CHECKLIST (old_industry_name, industry_code, industry_name)
values ('饮料制造', '1520', '饮料制造');
insert into ETL_INDUSTRY_CODE_CHECKLIST (old_industry_name, industry_code, industry_name)
values ('饮料制造业', '1520', '饮料制造');
insert into ETL_INDUSTRY_CODE_CHECKLIST (old_industry_name, industry_code, industry_name)
values ('软饮料制造', '1520', '饮料制造');
insert into ETL_INDUSTRY_CODE_CHECKLIST (old_industry_name, industry_code, industry_name)
values ('瓶（罐）装饮用水制造', '1522', '瓶（罐）装饮用水制造');
insert into ETL_INDUSTRY_CODE_CHECKLIST (old_industry_name, industry_code, industry_name)
values ('果菜汁及果菜汁饮料制造', '1523', '果菜汁及果菜汁饮料制造');
insert into ETL_INDUSTRY_CODE_CHECKLIST (old_industry_name, industry_code, industry_name)
values ('固体饮料制造', '1525', '固体饮料制造');
insert into ETL_INDUSTRY_CODE_CHECKLIST (old_industry_name, industry_code, industry_name)
values ('茶饮料及其他饮料制造', '1529', '茶饮料及其他饮料制造');
insert into ETL_INDUSTRY_CODE_CHECKLIST (old_industry_name, industry_code, industry_name)
values ('茶饮料及其他软饮料制造', '1529', '茶饮料及其他饮料制造');
insert into ETL_INDUSTRY_CODE_CHECKLIST (old_industry_name, industry_code, industry_name)
values ('精制茶加工', '1530', '精制茶加工');
insert into ETL_INDUSTRY_CODE_CHECKLIST (old_industry_name, industry_code, industry_name)
values ('其他烟草制品加工', '1690', '其他烟草制品制造');
insert into ETL_INDUSTRY_CODE_CHECKLIST (old_industry_name, industry_code, industry_name)
values ('其他烟草制品制造', '1690', '其他烟草制品制造');
insert into ETL_INDUSTRY_CODE_CHECKLIST (old_industry_name, industry_code, industry_name)
values ('纺织业', '1700', '纺织业');
insert into ETL_INDUSTRY_CODE_CHECKLIST (old_industry_name, industry_code, industry_name)
values ('纺织、面料、鞋的制造', '1700', '纺织业');
insert into ETL_INDUSTRY_CODE_CHECKLIST (old_industry_name, industry_code, industry_name)
values ('棉及化纤制品制造', '1700', '纺织业');
insert into ETL_INDUSTRY_CODE_CHECKLIST (old_industry_name, industry_code, industry_name)
values ('棉纺织及印染精加工', '1710', '棉纺织及印染精加工');
insert into ETL_INDUSTRY_CODE_CHECKLIST (old_industry_name, industry_code, industry_name)
values ('棉、化纤印染精加工', '1710', '棉纺织及印染精加工');
insert into ETL_INDUSTRY_CODE_CHECKLIST (old_industry_name, industry_code, industry_name)
values ('棉纺纱加工', '1711', '棉纺纱加工');
insert into ETL_INDUSTRY_CODE_CHECKLIST (old_industry_name, industry_code, industry_name)
values ('棉、化纤纺织加工', '1711', '棉纺纱加工');
insert into ETL_INDUSTRY_CODE_CHECKLIST (old_industry_name, industry_code, industry_name)
values ('棉织造加工', '1712', '棉织造加工');
insert into ETL_INDUSTRY_CODE_CHECKLIST (old_industry_name, industry_code, industry_name)
values ('棉印染精加工', '1713', '棉印染精加工');
insert into ETL_INDUSTRY_CODE_CHECKLIST (old_industry_name, industry_code, industry_name)
values ('毛纺织及染整精加工', '1720', '毛纺织及染整精加工');
insert into ETL_INDUSTRY_CODE_CHECKLIST (old_industry_name, industry_code, industry_name)
values ('毛纺织', '1720', '毛纺织及染整精加工');
insert into ETL_INDUSTRY_CODE_CHECKLIST (old_industry_name, industry_code, industry_name)
values ('毛纺织和染整精加工', '1720', '毛纺织及染整精加工');
insert into ETL_INDUSTRY_CODE_CHECKLIST (old_industry_name, industry_code, industry_name)
values ('毛条和毛纱线加工', '1721', '毛条和毛纱线加工');
insert into ETL_INDUSTRY_CODE_CHECKLIST (old_industry_name, industry_code, industry_name)
values ('毛条加工', '1721', '毛条和毛纱线加工');
insert into ETL_INDUSTRY_CODE_CHECKLIST (old_industry_name, industry_code, industry_name)
values ('毛织造加工', '1722', '毛织造加工');
insert into ETL_INDUSTRY_CODE_CHECKLIST (old_industry_name, industry_code, industry_name)
values ('毛染整精加工', '1723', '毛染整精加工');
insert into ETL_INDUSTRY_CODE_CHECKLIST (old_industry_name, industry_code, industry_name)
values ('麻纺织及染整精加工', '1730', '麻纺织及染整精加工');
insert into ETL_INDUSTRY_CODE_CHECKLIST (old_industry_name, industry_code, industry_name)
values ('麻纺织', '1730', '麻纺织及染整精加工');
insert into ETL_INDUSTRY_CODE_CHECKLIST (old_industry_name, industry_code, industry_name)
values ('麻纤维纺前加工和纺纱', '1731', '麻纤维纺前加工和纺纱');
insert into ETL_INDUSTRY_CODE_CHECKLIST (old_industry_name, industry_code, industry_name)
values ('麻织造加工', '1732', '麻织造加工');
insert into ETL_INDUSTRY_CODE_CHECKLIST (old_industry_name, industry_code, industry_name)
values ('丝绢纺织及印染精加工', '1740', '丝绢纺织及印染精加工');
insert into ETL_INDUSTRY_CODE_CHECKLIST (old_industry_name, industry_code, industry_name)
values ('丝绢纺织及精加工', '1740', '丝绢纺织及印染精加工');
insert into ETL_INDUSTRY_CODE_CHECKLIST (old_industry_name, industry_code, industry_name)
values ('丝制品制造', '1740', '丝绢纺织及印染精加工');
insert into ETL_INDUSTRY_CODE_CHECKLIST (old_industry_name, industry_code, industry_name)
values ('缫丝加工', '1741', '缫丝加工');
insert into ETL_INDUSTRY_CODE_CHECKLIST (old_industry_name, industry_code, industry_name)
values ('绢纺和丝织加工', '1742', '绢纺和丝织加工');
insert into ETL_INDUSTRY_CODE_CHECKLIST (old_industry_name, industry_code, industry_name)
values ('丝印染精加工', '1743', '丝印染精加工');
insert into ETL_INDUSTRY_CODE_CHECKLIST (old_industry_name, industry_code, industry_name)
values ('化纤织造及印染精加工', '1750', '化纤织造及印染精加工');
insert into ETL_INDUSTRY_CODE_CHECKLIST (old_industry_name, industry_code, industry_name)
values ('棉、化纤纺织及印染精加工', '1750', '化纤织造及印染精加工');
insert into ETL_INDUSTRY_CODE_CHECKLIST (old_industry_name, industry_code, industry_name)
values ('化纤织造加工', '1751', '化纤织造加工');
insert into ETL_INDUSTRY_CODE_CHECKLIST (old_industry_name, industry_code, industry_name)
values ('无纺布制造', '1751', '化纤织造加工');
insert into ETL_INDUSTRY_CODE_CHECKLIST (old_industry_name, industry_code, industry_name)
values ('化纤织物染整精加工', '1752', '化纤织物染整精加工');
insert into ETL_INDUSTRY_CODE_CHECKLIST (old_industry_name, industry_code, industry_name)
values ('针织或钩针编织物及其制品制造', '1760', '针织或钩针编织物及其制品制造');
insert into ETL_INDUSTRY_CODE_CHECKLIST (old_industry_name, industry_code, industry_name)
values ('针织品、编织品及其制品制造', '1760', '针织或钩针编织物及其制品制造');
insert into ETL_INDUSTRY_CODE_CHECKLIST (old_industry_name, industry_code, industry_name)
values ('其他针织及编织品制造', '1760', '针织或钩针编织物及其制品制造');
insert into ETL_INDUSTRY_CODE_CHECKLIST (old_industry_name, industry_code, industry_name)
values ('棉、化纤针织品及编织品制造', '1760', '针织或钩针编织物及其制品制造');
insert into ETL_INDUSTRY_CODE_CHECKLIST (old_industry_name, industry_code, industry_name)
values ('毛针织品及编织品制造', '1760', '针织或钩针编织物及其制品制造');
insert into ETL_INDUSTRY_CODE_CHECKLIST (old_industry_name, industry_code, industry_name)
values ('丝针织品及编织品制造', '1760', '针织或钩针编织物及其制品制造');
insert into ETL_INDUSTRY_CODE_CHECKLIST (old_industry_name, industry_code, industry_name)
values ('针织或钩针编织物织造', '1761', '针织或钩针编织物织造');
insert into ETL_INDUSTRY_CODE_CHECKLIST (old_industry_name, industry_code, industry_name)
values ('针织或钩针编织物印染精加工', '1762', '针织或钩针编织物印染精加工');
insert into ETL_INDUSTRY_CODE_CHECKLIST (old_industry_name, industry_code, industry_name)
values ('针织或钩针编织品制造', '1763', '针织或钩针编织品制造');
insert into ETL_INDUSTRY_CODE_CHECKLIST (old_industry_name, industry_code, industry_name)
values ('家用纺织制成品制造', '1770', '家用纺织制成品制造');
insert into ETL_INDUSTRY_CODE_CHECKLIST (old_industry_name, industry_code, industry_name)
values ('纺织制成品制造', '1770', '家用纺织制成品制造');
insert into ETL_INDUSTRY_CODE_CHECKLIST (old_industry_name, industry_code, industry_name)
values ('床上用品制造', '1771', '床上用品制造');
insert into ETL_INDUSTRY_CODE_CHECKLIST (old_industry_name, industry_code, industry_name)
values ('毛巾类制品制造', '1772', '毛巾类制品制造');
insert into ETL_INDUSTRY_CODE_CHECKLIST (old_industry_name, industry_code, industry_name)
values ('窗帘、布艺类产品制造', '1773', '窗帘、布艺类产品制造');
insert into ETL_INDUSTRY_CODE_CHECKLIST (old_industry_name, industry_code, industry_name)
values ('其他家用纺织制成品制造', '1779', '其他家用纺织制成品制造');
insert into ETL_INDUSTRY_CODE_CHECKLIST (old_industry_name, industry_code, industry_name)
values ('其他纺织制成品制造', '1779', '其他家用纺织制成品制造');
insert into ETL_INDUSTRY_CODE_CHECKLIST (old_industry_name, industry_code, industry_name)
values ('非家用纺织制成品制造', '1780', '非家用纺织制成品制造');
insert into ETL_INDUSTRY_CODE_CHECKLIST (old_industry_name, industry_code, industry_name)
values ('非织造布制造', '1781', '非织造布制造');
insert into ETL_INDUSTRY_CODE_CHECKLIST (old_industry_name, industry_code, industry_name)
values ('绳、索、缆制造', '1782', '绳、索、缆制造');
insert into ETL_INDUSTRY_CODE_CHECKLIST (old_industry_name, industry_code, industry_name)
values ('绳、索、缆的制造', '1782', '绳、索、缆制造');
insert into ETL_INDUSTRY_CODE_CHECKLIST (old_industry_name, industry_code, industry_name)
values ('纺织带和帘子布制造', '1783', '纺织带和帘子布制造');
insert into ETL_INDUSTRY_CODE_CHECKLIST (old_industry_name, industry_code, industry_name)
values ('篷、帆布制造', '1784', '篷、帆布制造');
insert into ETL_INDUSTRY_CODE_CHECKLIST (old_industry_name, industry_code, industry_name)
values ('其他非家用纺织制成品制造', '1789', '其他非家用纺织制成品制造');
insert into ETL_INDUSTRY_CODE_CHECKLIST (old_industry_name, industry_code, industry_name)
values ('纺织服装、服饰业', '1800', '纺织服装、服饰业');
insert into ETL_INDUSTRY_CODE_CHECKLIST (old_industry_name, industry_code, industry_name)
values ('纺织服装制造', '1800', '纺织服装、服饰业');
insert into ETL_INDUSTRY_CODE_CHECKLIST (old_industry_name, industry_code, industry_name)
values ('纺织服装、鞋、帽制造业', '1800', '纺织服装、服饰业');
insert into ETL_INDUSTRY_CODE_CHECKLIST (old_industry_name, industry_code, industry_name)
values ('机织服装制造', '1810', '机织服装制造');
insert into ETL_INDUSTRY_CODE_CHECKLIST (old_industry_name, industry_code, industry_name)
values ('针织或钩针编织服装制造', '1820', '针织或钩针编织服装制造');
insert into ETL_INDUSTRY_CODE_CHECKLIST (old_industry_name, industry_code, industry_name)
values ('制帽', '1830', '服饰制造');
insert into ETL_INDUSTRY_CODE_CHECKLIST (old_industry_name, industry_code, industry_name)
values ('服饰制造', '1830', '服饰制造');
insert into ETL_INDUSTRY_CODE_CHECKLIST (old_industry_name, industry_code, industry_name)
values ('皮革、毛皮、羽毛及其制品和制鞋业', '1900', '皮革、毛皮、羽毛及其制品和制鞋业');
insert into ETL_INDUSTRY_CODE_CHECKLIST (old_industry_name, industry_code, industry_name)
values ('皮革、毛皮、羽毛（绒）及其制品业', '1900', '皮革、毛皮、羽毛及其制品和制鞋业');
insert into ETL_INDUSTRY_CODE_CHECKLIST (old_industry_name, industry_code, industry_name)
values ('皮革鞣制加工', '1910', '皮革鞣制加工');
insert into ETL_INDUSTRY_CODE_CHECKLIST (old_industry_name, industry_code, industry_name)
values ('皮革制品制造', '1920', '皮革制品制造');
insert into ETL_INDUSTRY_CODE_CHECKLIST (old_industry_name, industry_code, industry_name)
values ('皮革服装制造', '1921', '皮革服装制造');
insert into ETL_INDUSTRY_CODE_CHECKLIST (old_industry_name, industry_code, industry_name)
values ('皮箱、包(袋)制造', '1922', '皮箱、包(袋)制造');
insert into ETL_INDUSTRY_CODE_CHECKLIST (old_industry_name, industry_code, industry_name)
values ('皮箱、包（袋）制造', '1922', '皮箱、包（袋）制造');
insert into ETL_INDUSTRY_CODE_CHECKLIST (old_industry_name, industry_code, industry_name)
values ('皮手套及皮装饰制品制造', '1923', '皮手套及皮装饰制品制造');
commit;
prompt 500 records committed...
insert into ETL_INDUSTRY_CODE_CHECKLIST (old_industry_name, industry_code, industry_name)
values ('其他皮革制品制造', '1929', '其他皮革制品制造');
insert into ETL_INDUSTRY_CODE_CHECKLIST (old_industry_name, industry_code, industry_name)
values ('毛皮鞣制及制品加工', '1930', '毛皮鞣制及制品加工');
insert into ETL_INDUSTRY_CODE_CHECKLIST (old_industry_name, industry_code, industry_name)
values ('毛制品制造', '1930', '毛皮鞣制及制品加工');
insert into ETL_INDUSTRY_CODE_CHECKLIST (old_industry_name, industry_code, industry_name)
values ('毛皮服装加工', '1932', '毛皮服装加工');
insert into ETL_INDUSTRY_CODE_CHECKLIST (old_industry_name, industry_code, industry_name)
values ('其他毛皮制品加工', '1939', '其他毛皮制品加工');
insert into ETL_INDUSTRY_CODE_CHECKLIST (old_industry_name, industry_code, industry_name)
values ('羽毛(绒)加工及制品制造', '1940', '羽毛(绒)加工及制品制造');
insert into ETL_INDUSTRY_CODE_CHECKLIST (old_industry_name, industry_code, industry_name)
values ('羽毛（绒）加工及制品制造', '1940', '羽毛(绒)加工及制品制造');
insert into ETL_INDUSTRY_CODE_CHECKLIST (old_industry_name, industry_code, industry_name)
values ('羽毛(绒)加工', '1941', '羽毛(绒)加工');
insert into ETL_INDUSTRY_CODE_CHECKLIST (old_industry_name, industry_code, industry_name)
values ('羽毛（绒）加工', '1941', '羽毛（绒）加工');
insert into ETL_INDUSTRY_CODE_CHECKLIST (old_industry_name, industry_code, industry_name)
values ('羽毛(绒)制品加工', '1942', '羽毛(绒)制品加工');
insert into ETL_INDUSTRY_CODE_CHECKLIST (old_industry_name, industry_code, industry_name)
values ('羽毛（绒）制品加工', '1942', '羽毛（绒）制品加工');
insert into ETL_INDUSTRY_CODE_CHECKLIST (old_industry_name, industry_code, industry_name)
values ('制鞋业', '1950', '制鞋业');
insert into ETL_INDUSTRY_CODE_CHECKLIST (old_industry_name, industry_code, industry_name)
values ('纺织面料鞋制造', '1951', '纺织面料鞋制造');
insert into ETL_INDUSTRY_CODE_CHECKLIST (old_industry_name, industry_code, industry_name)
values ('皮鞋制造', '1952', '皮鞋制造');
insert into ETL_INDUSTRY_CODE_CHECKLIST (old_industry_name, industry_code, industry_name)
values ('塑料鞋制造', '1953', '塑料鞋制造');
insert into ETL_INDUSTRY_CODE_CHECKLIST (old_industry_name, industry_code, industry_name)
values ('橡胶鞋制造', '1954', '橡胶鞋制造');
insert into ETL_INDUSTRY_CODE_CHECKLIST (old_industry_name, industry_code, industry_name)
values ('橡胶靴鞋制造', '1954', '橡胶鞋制造');
insert into ETL_INDUSTRY_CODE_CHECKLIST (old_industry_name, industry_code, industry_name)
values ('其他制鞋业', '1959', '其他制鞋业');
insert into ETL_INDUSTRY_CODE_CHECKLIST (old_industry_name, industry_code, industry_name)
values ('木材加工和木、竹、藤、棕、草制品业', '2000', '木材加工和木、竹、藤、棕、草制品业');
insert into ETL_INDUSTRY_CODE_CHECKLIST (old_industry_name, industry_code, industry_name)
values ('木材加工及木、竹、藤、棕、草制品业', '2000', '木材加工和木、竹、藤、棕、草制品业');
insert into ETL_INDUSTRY_CODE_CHECKLIST (old_industry_name, industry_code, industry_name)
values ('木材加工', '2010', '木材加工');
insert into ETL_INDUSTRY_CODE_CHECKLIST (old_industry_name, industry_code, industry_name)
values ('锯材、木片加工', '2010', '木材加工');
insert into ETL_INDUSTRY_CODE_CHECKLIST (old_industry_name, industry_code, industry_name)
values ('锯材加工', '2011', '锯材加工');
insert into ETL_INDUSTRY_CODE_CHECKLIST (old_industry_name, industry_code, industry_name)
values ('木片加工', '2012', '木片加工');
insert into ETL_INDUSTRY_CODE_CHECKLIST (old_industry_name, industry_code, industry_name)
values ('其他木材加工', '2019', '其他木材加工');
insert into ETL_INDUSTRY_CODE_CHECKLIST (old_industry_name, industry_code, industry_name)
values ('人造板制造', '2020', '人造板制造');
insert into ETL_INDUSTRY_CODE_CHECKLIST (old_industry_name, industry_code, industry_name)
values ('胶合板制造', '2021', '胶合板制造');
insert into ETL_INDUSTRY_CODE_CHECKLIST (old_industry_name, industry_code, industry_name)
values ('纤维板制造', '2022', '纤维板制造');
insert into ETL_INDUSTRY_CODE_CHECKLIST (old_industry_name, industry_code, industry_name)
values ('刨花板制造', '2023', '刨花板制造');
insert into ETL_INDUSTRY_CODE_CHECKLIST (old_industry_name, industry_code, industry_name)
values ('其他人造板制造', '2029', '其他人造板制造');
insert into ETL_INDUSTRY_CODE_CHECKLIST (old_industry_name, industry_code, industry_name)
values ('其他人造板、材制造', '2029', '其他人造板制造');
insert into ETL_INDUSTRY_CODE_CHECKLIST (old_industry_name, industry_code, industry_name)
values ('木制品制造', '2030', '木制品制造');
insert into ETL_INDUSTRY_CODE_CHECKLIST (old_industry_name, industry_code, industry_name)
values ('建筑用木料及木材组件加工', '2031', '建筑用木料及木材组件加工');
insert into ETL_INDUSTRY_CODE_CHECKLIST (old_industry_name, industry_code, industry_name)
values ('木门窗、楼梯制造', '2032', '木门窗、楼梯制造');
insert into ETL_INDUSTRY_CODE_CHECKLIST (old_industry_name, industry_code, industry_name)
values ('地板制造', '2033', '地板制造');
insert into ETL_INDUSTRY_CODE_CHECKLIST (old_industry_name, industry_code, industry_name)
values ('木制容器制造', '2034', '木制容器制造');
insert into ETL_INDUSTRY_CODE_CHECKLIST (old_industry_name, industry_code, industry_name)
values ('木容器制造', '2034', '木制容器制造');
insert into ETL_INDUSTRY_CODE_CHECKLIST (old_industry_name, industry_code, industry_name)
values ('软木制品及其他木制品制造', '2039', '软木制品及其他木制品制造');
insert into ETL_INDUSTRY_CODE_CHECKLIST (old_industry_name, industry_code, industry_name)
values ('竹、藤、棕、草等制品制造', '2040', '竹、藤、棕、草等制品制造');
insert into ETL_INDUSTRY_CODE_CHECKLIST (old_industry_name, industry_code, industry_name)
values ('竹、藤、棕、草制品制造', '2040', '竹、藤、棕、草等制品制造');
insert into ETL_INDUSTRY_CODE_CHECKLIST (old_industry_name, industry_code, industry_name)
values ('竹制品制造', '2041', '竹制品制造');
insert into ETL_INDUSTRY_CODE_CHECKLIST (old_industry_name, industry_code, industry_name)
values ('棕制品制造', '2043', '棕制品制造');
insert into ETL_INDUSTRY_CODE_CHECKLIST (old_industry_name, industry_code, industry_name)
values ('草及其他制品制造', '2049', '草及其他制品制造');
insert into ETL_INDUSTRY_CODE_CHECKLIST (old_industry_name, industry_code, industry_name)
values ('家具制造业', '2100', '家具制造业');
insert into ETL_INDUSTRY_CODE_CHECKLIST (old_industry_name, industry_code, industry_name)
values ('木质家具制造', '2110', '木质家具制造');
insert into ETL_INDUSTRY_CODE_CHECKLIST (old_industry_name, industry_code, industry_name)
values ('竹、藤家具制造', '2120', '竹、藤家具制造');
insert into ETL_INDUSTRY_CODE_CHECKLIST (old_industry_name, industry_code, industry_name)
values ('金属家具制造', '2130', '金属家具制造');
insert into ETL_INDUSTRY_CODE_CHECKLIST (old_industry_name, industry_code, industry_name)
values ('塑料家具制造', '2140', '塑料家具制造');
insert into ETL_INDUSTRY_CODE_CHECKLIST (old_industry_name, industry_code, industry_name)
values ('其他家具制造', '2190', '其他家具制造');
insert into ETL_INDUSTRY_CODE_CHECKLIST (old_industry_name, industry_code, industry_name)
values ('造纸和纸制品业', '2200', '造纸和纸制品业');
insert into ETL_INDUSTRY_CODE_CHECKLIST (old_industry_name, industry_code, industry_name)
values ('造纸及纸制品业', '2200', '造纸和纸制品业');
insert into ETL_INDUSTRY_CODE_CHECKLIST (old_industry_name, industry_code, industry_name)
values ('纸浆制造', '2210', '纸浆制造');
insert into ETL_INDUSTRY_CODE_CHECKLIST (old_industry_name, industry_code, industry_name)
values ('造纸', '2220', '造纸');
insert into ETL_INDUSTRY_CODE_CHECKLIST (old_industry_name, industry_code, industry_name)
values ('机制纸及纸板制造', '2221', '机制纸及纸板制造');
insert into ETL_INDUSTRY_CODE_CHECKLIST (old_industry_name, industry_code, industry_name)
values ('加工纸制造', '2223', '加工纸制造');
insert into ETL_INDUSTRY_CODE_CHECKLIST (old_industry_name, industry_code, industry_name)
values ('纸制品制造', '2230', '纸制品制造');
insert into ETL_INDUSTRY_CODE_CHECKLIST (old_industry_name, industry_code, industry_name)
values ('纸和纸板容器制造', '2231', '纸和纸板容器制造');
insert into ETL_INDUSTRY_CODE_CHECKLIST (old_industry_name, industry_code, industry_name)
values ('纸和纸板容器的制造', '2231', '纸和纸板容器制造');
insert into ETL_INDUSTRY_CODE_CHECKLIST (old_industry_name, industry_code, industry_name)
values ('其他纸制品制造', '2239', '其他纸制品制造');
insert into ETL_INDUSTRY_CODE_CHECKLIST (old_industry_name, industry_code, industry_name)
values ('印刷和记录媒介复制业', '2300', '印刷和记录媒介复制业');
insert into ETL_INDUSTRY_CODE_CHECKLIST (old_industry_name, industry_code, industry_name)
values ('印刷业和记录媒介的复制', '2300', '印刷和记录媒介复制业');
insert into ETL_INDUSTRY_CODE_CHECKLIST (old_industry_name, industry_code, industry_name)
values ('记录媒介的复制', '2300', '印刷和记录媒介复制业');
insert into ETL_INDUSTRY_CODE_CHECKLIST (old_industry_name, industry_code, industry_name)
values ('印刷', '2310', '印刷');
insert into ETL_INDUSTRY_CODE_CHECKLIST (old_industry_name, industry_code, industry_name)
values ('书、报刊印刷', '2311', '书、报刊印刷');
insert into ETL_INDUSTRY_CODE_CHECKLIST (old_industry_name, industry_code, industry_name)
values ('本册印制', '2312', '本册印制');
insert into ETL_INDUSTRY_CODE_CHECKLIST (old_industry_name, industry_code, industry_name)
values ('包装装潢及其他印刷', '2319', '包装装潢及其他印刷');
insert into ETL_INDUSTRY_CODE_CHECKLIST (old_industry_name, industry_code, industry_name)
values ('装订及其他印刷服务活动', '2320', '装订及印刷相关服务');
insert into ETL_INDUSTRY_CODE_CHECKLIST (old_industry_name, industry_code, industry_name)
values ('装订及印刷相关服务', '2320', '装订及印刷相关服务');
insert into ETL_INDUSTRY_CODE_CHECKLIST (old_industry_name, industry_code, industry_name)
values ('记录媒介复制', '2330', '记录媒介复制');
insert into ETL_INDUSTRY_CODE_CHECKLIST (old_industry_name, industry_code, industry_name)
values ('文教、工美、体育和娱乐用品制造业', '2400', '文教、工美、体育和娱乐用品制造业');
insert into ETL_INDUSTRY_CODE_CHECKLIST (old_industry_name, industry_code, industry_name)
values ('文化用品制造', '2400', '文教、工美、体育和娱乐用品制造业');
insert into ETL_INDUSTRY_CODE_CHECKLIST (old_industry_name, industry_code, industry_name)
values ('文教体育用品制造业', '2400', '文教、工美、体育和娱乐用品制造业');
insert into ETL_INDUSTRY_CODE_CHECKLIST (old_industry_name, industry_code, industry_name)
values ('文教办公用品制造', '2410', '文教办公用品制造');
insert into ETL_INDUSTRY_CODE_CHECKLIST (old_industry_name, industry_code, industry_name)
values ('文具制造', '2411', '文具制造');
insert into ETL_INDUSTRY_CODE_CHECKLIST (old_industry_name, industry_code, industry_name)
values ('笔的制造', '2412', '笔的制造');
insert into ETL_INDUSTRY_CODE_CHECKLIST (old_industry_name, industry_code, industry_name)
values ('教学用模型及教具制造', '2413', '教学用模型及教具制造');
insert into ETL_INDUSTRY_CODE_CHECKLIST (old_industry_name, industry_code, industry_name)
values ('墨水、墨汁制造', '2414', '墨水、墨汁制造');
insert into ETL_INDUSTRY_CODE_CHECKLIST (old_industry_name, industry_code, industry_name)
values ('其他文教办公用品制造', '2419', '其他文教办公用品制造');
insert into ETL_INDUSTRY_CODE_CHECKLIST (old_industry_name, industry_code, industry_name)
values ('其他文化用品制造', '2419', '其他文教办公用品制造');
insert into ETL_INDUSTRY_CODE_CHECKLIST (old_industry_name, industry_code, industry_name)
values ('乐器制造', '2420', '乐器制造');
insert into ETL_INDUSTRY_CODE_CHECKLIST (old_industry_name, industry_code, industry_name)
values ('中乐器制造', '2421', '中乐器制造');
insert into ETL_INDUSTRY_CODE_CHECKLIST (old_industry_name, industry_code, industry_name)
values ('西乐器制造', '2422', '西乐器制造');
insert into ETL_INDUSTRY_CODE_CHECKLIST (old_industry_name, industry_code, industry_name)
values ('电子乐器制造', '2423', '电子乐器制造');
insert into ETL_INDUSTRY_CODE_CHECKLIST (old_industry_name, industry_code, industry_name)
values ('其他乐器及零件制造', '2429', '其他乐器及零件制造');
insert into ETL_INDUSTRY_CODE_CHECKLIST (old_industry_name, industry_code, industry_name)
values ('工艺美术品制造', '2430', '工艺美术品制造');
insert into ETL_INDUSTRY_CODE_CHECKLIST (old_industry_name, industry_code, industry_name)
values ('工艺品及其他制造业', '2430', '工艺美术品制造');
insert into ETL_INDUSTRY_CODE_CHECKLIST (old_industry_name, industry_code, industry_name)
values ('雕塑工艺品制造', '2431', '雕塑工艺品制造');
insert into ETL_INDUSTRY_CODE_CHECKLIST (old_industry_name, industry_code, industry_name)
values ('金属工艺品制造', '2432', '金属工艺品制造');
insert into ETL_INDUSTRY_CODE_CHECKLIST (old_industry_name, industry_code, industry_name)
values ('漆器工艺品制造', '2433', '漆器工艺品制造');
insert into ETL_INDUSTRY_CODE_CHECKLIST (old_industry_name, industry_code, industry_name)
values ('花画工艺品制造', '2434', '花画工艺品制造');
insert into ETL_INDUSTRY_CODE_CHECKLIST (old_industry_name, industry_code, industry_name)
values ('天然植物纤维编织工艺品制造', '2435', '天然植物纤维编织工艺品制造');
insert into ETL_INDUSTRY_CODE_CHECKLIST (old_industry_name, industry_code, industry_name)
values ('抽纱刺绣工艺品制造', '2436', '抽纱刺绣工艺品制造');
insert into ETL_INDUSTRY_CODE_CHECKLIST (old_industry_name, industry_code, industry_name)
values ('地毯、挂毯制造', '2437', '地毯、挂毯制造');
insert into ETL_INDUSTRY_CODE_CHECKLIST (old_industry_name, industry_code, industry_name)
values ('珠宝首饰及有关物品制造', '2438', '珠宝首饰及有关物品制造');
insert into ETL_INDUSTRY_CODE_CHECKLIST (old_industry_name, industry_code, industry_name)
values ('珠宝首饰及有关物品的制造', '2438', '珠宝首饰及有关物品制造');
insert into ETL_INDUSTRY_CODE_CHECKLIST (old_industry_name, industry_code, industry_name)
values ('其他工艺美术品制造', '2439', '其他工艺美术品制造');
insert into ETL_INDUSTRY_CODE_CHECKLIST (old_industry_name, industry_code, industry_name)
values ('体育用品制造', '2440', '体育用品制造');
insert into ETL_INDUSTRY_CODE_CHECKLIST (old_industry_name, industry_code, industry_name)
values ('体育器材及配件制造', '2442', '体育器材及配件制造');
insert into ETL_INDUSTRY_CODE_CHECKLIST (old_industry_name, industry_code, industry_name)
values ('训练健身器材制造', '2443', '训练健身器材制造');
insert into ETL_INDUSTRY_CODE_CHECKLIST (old_industry_name, industry_code, industry_name)
values ('运动防护用具制造', '2444', '运动防护用具制造');
commit;
prompt 600 records committed...
insert into ETL_INDUSTRY_CODE_CHECKLIST (old_industry_name, industry_code, industry_name)
values ('其他体育用品制造', '2449', '其他体育用品制造');
insert into ETL_INDUSTRY_CODE_CHECKLIST (old_industry_name, industry_code, industry_name)
values ('玩具制造', '2450', '玩具制造');
insert into ETL_INDUSTRY_CODE_CHECKLIST (old_industry_name, industry_code, industry_name)
values ('游艺器材及娱乐用品制造', '2460', '游艺器材及娱乐用品制造');
insert into ETL_INDUSTRY_CODE_CHECKLIST (old_industry_name, industry_code, industry_name)
values ('露天游乐场所游乐设备制造', '2461', '露天游乐场所游乐设备制造');
insert into ETL_INDUSTRY_CODE_CHECKLIST (old_industry_name, industry_code, industry_name)
values ('石油加工、炼焦和核燃料加工业', '2500', '石油加工、炼焦和核燃料加工业');
insert into ETL_INDUSTRY_CODE_CHECKLIST (old_industry_name, industry_code, industry_name)
values ('石油加工、炼焦及核燃料加工业', '2500', '石油加工、炼焦和核燃料加工业');
insert into ETL_INDUSTRY_CODE_CHECKLIST (old_industry_name, industry_code, industry_name)
values ('精炼石油产品制造', '2510', '精炼石油产品制造');
insert into ETL_INDUSTRY_CODE_CHECKLIST (old_industry_name, industry_code, industry_name)
values ('精炼石油产品的制造', '2510', '精炼石油产品制造');
insert into ETL_INDUSTRY_CODE_CHECKLIST (old_industry_name, industry_code, industry_name)
values ('原油加工及石油制品制造', '2511', '原油加工及石油制品制造');
insert into ETL_INDUSTRY_CODE_CHECKLIST (old_industry_name, industry_code, industry_name)
values ('人造原油制造', '2512', '人造原油制造');
insert into ETL_INDUSTRY_CODE_CHECKLIST (old_industry_name, industry_code, industry_name)
values ('人造原油生产', '2512', '人造原油制造');
insert into ETL_INDUSTRY_CODE_CHECKLIST (old_industry_name, industry_code, industry_name)
values ('化学原料和化学制品制造业', '2600', '化学原料和化学制品制造业');
insert into ETL_INDUSTRY_CODE_CHECKLIST (old_industry_name, industry_code, industry_name)
values ('化学原料及化学制品制造业', '2600', '化学原料和化学制品制造业');
insert into ETL_INDUSTRY_CODE_CHECKLIST (old_industry_name, industry_code, industry_name)
values ('基础化学原料制造', '2610', '基础化学原料制造');
insert into ETL_INDUSTRY_CODE_CHECKLIST (old_industry_name, industry_code, industry_name)
values ('无机酸制造', '2611', '无机酸制造');
insert into ETL_INDUSTRY_CODE_CHECKLIST (old_industry_name, industry_code, industry_name)
values ('无机盐制造', '2613', '无机盐制造');
insert into ETL_INDUSTRY_CODE_CHECKLIST (old_industry_name, industry_code, industry_name)
values ('有机化学原料制造', '2614', '有机化学原料制造');
insert into ETL_INDUSTRY_CODE_CHECKLIST (old_industry_name, industry_code, industry_name)
values ('其他基础化学原料制造', '2619', '其他基础化学原料制造');
insert into ETL_INDUSTRY_CODE_CHECKLIST (old_industry_name, industry_code, industry_name)
values ('肥料制造', '2620', '肥料制造');
insert into ETL_INDUSTRY_CODE_CHECKLIST (old_industry_name, industry_code, industry_name)
values ('复混肥料制造', '2624', '复混肥料制造');
insert into ETL_INDUSTRY_CODE_CHECKLIST (old_industry_name, industry_code, industry_name)
values ('有机肥料及微生物肥料制造', '2625', '有机肥料及微生物肥料制造');
insert into ETL_INDUSTRY_CODE_CHECKLIST (old_industry_name, industry_code, industry_name)
values ('其他肥料制造', '2629', '其他肥料制造');
insert into ETL_INDUSTRY_CODE_CHECKLIST (old_industry_name, industry_code, industry_name)
values ('农药制造', '2630', '农药制造');
insert into ETL_INDUSTRY_CODE_CHECKLIST (old_industry_name, industry_code, industry_name)
values ('化学农药制造', '2631', '化学农药制造');
insert into ETL_INDUSTRY_CODE_CHECKLIST (old_industry_name, industry_code, industry_name)
values ('生物化学农药及微生物农药制造', '2632', '生物化学农药及微生物农药制造');
insert into ETL_INDUSTRY_CODE_CHECKLIST (old_industry_name, industry_code, industry_name)
values ('生物、生化制品的制造', '2632', '生物化学农药及微生物农药制造');
insert into ETL_INDUSTRY_CODE_CHECKLIST (old_industry_name, industry_code, industry_name)
values ('涂料、油墨、颜料及类似产品制造', '2640', '涂料、油墨、颜料及类似产品制造');
insert into ETL_INDUSTRY_CODE_CHECKLIST (old_industry_name, industry_code, industry_name)
values ('涂料制造', '2641', '涂料制造');
insert into ETL_INDUSTRY_CODE_CHECKLIST (old_industry_name, industry_code, industry_name)
values ('油墨及类似产品制造', '2642', '油墨及类似产品制造');
insert into ETL_INDUSTRY_CODE_CHECKLIST (old_industry_name, industry_code, industry_name)
values ('颜料制造', '2643', '颜料制造');
insert into ETL_INDUSTRY_CODE_CHECKLIST (old_industry_name, industry_code, industry_name)
values ('染料制造', '2644', '染料制造');
insert into ETL_INDUSTRY_CODE_CHECKLIST (old_industry_name, industry_code, industry_name)
values ('密封用填料及类似品制造', '2645', '密封用填料及类似品制造');
insert into ETL_INDUSTRY_CODE_CHECKLIST (old_industry_name, industry_code, industry_name)
values ('合成材料制造', '2650', '合成材料制造');
insert into ETL_INDUSTRY_CODE_CHECKLIST (old_industry_name, industry_code, industry_name)
values ('初级形态塑料及合成树脂制造', '2651', '初级形态塑料及合成树脂制造');
insert into ETL_INDUSTRY_CODE_CHECKLIST (old_industry_name, industry_code, industry_name)
values ('初级形态的塑料及合成树脂制造', '2651', '初级形态塑料及合成树脂制造');
insert into ETL_INDUSTRY_CODE_CHECKLIST (old_industry_name, industry_code, industry_name)
values ('合成橡胶制造', '2652', '合成橡胶制造');
insert into ETL_INDUSTRY_CODE_CHECKLIST (old_industry_name, industry_code, industry_name)
values ('合成纤维单(聚合)体制造', '2653', '合成纤维单(聚合)体制造');
insert into ETL_INDUSTRY_CODE_CHECKLIST (old_industry_name, industry_code, industry_name)
values ('合成纤维单（聚合）体的制造', '2653', '合成纤维单（聚合）体制造');
insert into ETL_INDUSTRY_CODE_CHECKLIST (old_industry_name, industry_code, industry_name)
values ('其他合成材料制造', '2659', '其他合成材料制造');
insert into ETL_INDUSTRY_CODE_CHECKLIST (old_industry_name, industry_code, industry_name)
values ('专用化学产品制造', '2660', '专用化学产品制造');
insert into ETL_INDUSTRY_CODE_CHECKLIST (old_industry_name, industry_code, industry_name)
values ('化学试剂和助剂制造', '2661', '化学试剂和助剂制造');
insert into ETL_INDUSTRY_CODE_CHECKLIST (old_industry_name, industry_code, industry_name)
values ('专项化学品制造', '2662', '专项化学用品制造');
insert into ETL_INDUSTRY_CODE_CHECKLIST (old_industry_name, industry_code, industry_name)
values ('信息化学品制造', '2664', '信息化学品制造');
insert into ETL_INDUSTRY_CODE_CHECKLIST (old_industry_name, industry_code, industry_name)
values ('环境污染处理专用药剂材料制造', '2665', '环境污染处理专用药剂材料制造');
insert into ETL_INDUSTRY_CODE_CHECKLIST (old_industry_name, industry_code, industry_name)
values ('其他专用化学产品制造', '2669', '其他专用化学产品制造');
insert into ETL_INDUSTRY_CODE_CHECKLIST (old_industry_name, industry_code, industry_name)
values ('日用化学产品制造', '2680', '日用化学产品制造');
insert into ETL_INDUSTRY_CODE_CHECKLIST (old_industry_name, industry_code, industry_name)
values ('肥皂及合成洗涤剂制造', '2681', '肥皂及合成洗涤剂制造');
insert into ETL_INDUSTRY_CODE_CHECKLIST (old_industry_name, industry_code, industry_name)
values ('化妆品制造', '2682', '化妆品制造');
insert into ETL_INDUSTRY_CODE_CHECKLIST (old_industry_name, industry_code, industry_name)
values ('口腔清洁用品制造', '2683', '口腔清洁用品制造');
insert into ETL_INDUSTRY_CODE_CHECKLIST (old_industry_name, industry_code, industry_name)
values ('香料、香精制造', '2684', '香料、香精制造');
insert into ETL_INDUSTRY_CODE_CHECKLIST (old_industry_name, industry_code, industry_name)
values ('其他日用化学产品制造', '2689', '其他日用化学产品制造');
insert into ETL_INDUSTRY_CODE_CHECKLIST (old_industry_name, industry_code, industry_name)
values ('医药制造业', '2700', '医药制造业');
insert into ETL_INDUSTRY_CODE_CHECKLIST (old_industry_name, industry_code, industry_name)
values ('化学药品原药制造', '2710', '化学药品原料药制造');
insert into ETL_INDUSTRY_CODE_CHECKLIST (old_industry_name, industry_code, industry_name)
values ('化学药品原料药制造', '2710', '化学药品原料药制造');
insert into ETL_INDUSTRY_CODE_CHECKLIST (old_industry_name, industry_code, industry_name)
values ('化学药品制剂制造', '2720', '化学药品制剂制造');
insert into ETL_INDUSTRY_CODE_CHECKLIST (old_industry_name, industry_code, industry_name)
values ('中药饮片加工', '2730', '中药饮片加工');
insert into ETL_INDUSTRY_CODE_CHECKLIST (old_industry_name, industry_code, industry_name)
values ('中成药制造', '2740', '中成药生产');
insert into ETL_INDUSTRY_CODE_CHECKLIST (old_industry_name, industry_code, industry_name)
values ('中成药生产', '2740', '中成药生产');
insert into ETL_INDUSTRY_CODE_CHECKLIST (old_industry_name, industry_code, industry_name)
values ('兽用药品制造', '2750', '兽用药品制造');
insert into ETL_INDUSTRY_CODE_CHECKLIST (old_industry_name, industry_code, industry_name)
values ('生物药品制造', '2760', '生物药品制造');
insert into ETL_INDUSTRY_CODE_CHECKLIST (old_industry_name, industry_code, industry_name)
values ('卫生材料及医药用品制造', '2770', '卫生材料及医药用品制造');
insert into ETL_INDUSTRY_CODE_CHECKLIST (old_industry_name, industry_code, industry_name)
values ('化学纤维制造业', '2800', '化学纤维制造业');
insert into ETL_INDUSTRY_CODE_CHECKLIST (old_industry_name, industry_code, industry_name)
values ('纤维素纤维原料及纤维制造', '2810', '纤维素纤维原料及纤维制造');
insert into ETL_INDUSTRY_CODE_CHECKLIST (old_industry_name, industry_code, industry_name)
values ('化纤浆粕制造', '2811', '化纤浆粕制造');
insert into ETL_INDUSTRY_CODE_CHECKLIST (old_industry_name, industry_code, industry_name)
values ('人造纤维（纤维素纤维）制造', '2812', '人造纤维（纤维素纤维）制造');
insert into ETL_INDUSTRY_CODE_CHECKLIST (old_industry_name, industry_code, industry_name)
values ('合成纤维制造', '2820', '合成纤维制造');
insert into ETL_INDUSTRY_CODE_CHECKLIST (old_industry_name, industry_code, industry_name)
values ('锦纶纤维制造', '2821', '锦纶纤维制造');
insert into ETL_INDUSTRY_CODE_CHECKLIST (old_industry_name, industry_code, industry_name)
values ('涤纶纤维制造', '2822', '涤纶纤维制造');
insert into ETL_INDUSTRY_CODE_CHECKLIST (old_industry_name, industry_code, industry_name)
values ('腈纶纤维制造', '2823', '腈纶纤维制造');
insert into ETL_INDUSTRY_CODE_CHECKLIST (old_industry_name, industry_code, industry_name)
values ('氨纶纤维制造', '2826', '氨纶纤维制造');
insert into ETL_INDUSTRY_CODE_CHECKLIST (old_industry_name, industry_code, industry_name)
values ('其他合成纤维制造', '2829', '其他合成纤维制造');
insert into ETL_INDUSTRY_CODE_CHECKLIST (old_industry_name, industry_code, industry_name)
values ('橡胶和塑料制品业', '2900', '橡胶和塑料制品业');
insert into ETL_INDUSTRY_CODE_CHECKLIST (old_industry_name, industry_code, industry_name)
values ('橡胶制品业', '2910', '橡胶制品业');
insert into ETL_INDUSTRY_CODE_CHECKLIST (old_industry_name, industry_code, industry_name)
values ('轮胎制造', '2911', '轮胎制造');
insert into ETL_INDUSTRY_CODE_CHECKLIST (old_industry_name, industry_code, industry_name)
values ('轮胎翻新加工', '2911', '轮胎制造');
insert into ETL_INDUSTRY_CODE_CHECKLIST (old_industry_name, industry_code, industry_name)
values ('力车胎制造', '2911', '轮胎制造');
insert into ETL_INDUSTRY_CODE_CHECKLIST (old_industry_name, industry_code, industry_name)
values ('橡胶板、管、带制造', '2912', '橡胶板、管、带制造');
insert into ETL_INDUSTRY_CODE_CHECKLIST (old_industry_name, industry_code, industry_name)
values ('橡胶板、管、带的制造', '2912', '橡胶板、管、带制造');
insert into ETL_INDUSTRY_CODE_CHECKLIST (old_industry_name, industry_code, industry_name)
values ('橡胶零件制造', '2913', '橡胶零件制造');
insert into ETL_INDUSTRY_CODE_CHECKLIST (old_industry_name, industry_code, industry_name)
values ('再生橡胶制造', '2914', '再生橡胶制造');
insert into ETL_INDUSTRY_CODE_CHECKLIST (old_industry_name, industry_code, industry_name)
values ('日用及医用橡胶制品制造', '2915', '日用及医用橡胶制品制造');
insert into ETL_INDUSTRY_CODE_CHECKLIST (old_industry_name, industry_code, industry_name)
values ('其他橡胶制品制造', '2919', '其他橡胶制品制造');
insert into ETL_INDUSTRY_CODE_CHECKLIST (old_industry_name, industry_code, industry_name)
values ('塑料制品业', '2920', '塑料制品业');
insert into ETL_INDUSTRY_CODE_CHECKLIST (old_industry_name, industry_code, industry_name)
values ('塑料薄膜制造', '2921', '塑料薄膜制造');
insert into ETL_INDUSTRY_CODE_CHECKLIST (old_industry_name, industry_code, industry_name)
values ('塑料板、管、型材制造', '2922', '塑料板、管、型材制造');
insert into ETL_INDUSTRY_CODE_CHECKLIST (old_industry_name, industry_code, industry_name)
values ('塑料板、管、型材的制造', '2922', '塑料板、管、型材制造');
insert into ETL_INDUSTRY_CODE_CHECKLIST (old_industry_name, industry_code, industry_name)
values ('塑料丝、绳及编织品制造', '2923', '塑料丝、绳及编织品制造');
insert into ETL_INDUSTRY_CODE_CHECKLIST (old_industry_name, industry_code, industry_name)
values ('塑料丝、绳及编织品的制造', '2923', '塑料丝、绳及编织品制造');
insert into ETL_INDUSTRY_CODE_CHECKLIST (old_industry_name, industry_code, industry_name)
values ('泡沫塑料制造', '2924', '泡沫塑料制造');
insert into ETL_INDUSTRY_CODE_CHECKLIST (old_industry_name, industry_code, industry_name)
values ('塑料人造革、合成革制造', '2925', '塑料人造革、合成革制造');
insert into ETL_INDUSTRY_CODE_CHECKLIST (old_industry_name, industry_code, industry_name)
values ('塑料包装箱及容器制造', '2926', '塑料包装箱及容器制造');
insert into ETL_INDUSTRY_CODE_CHECKLIST (old_industry_name, industry_code, industry_name)
values ('日用塑料制品制造', '2927', '日用塑料制品制造');
insert into ETL_INDUSTRY_CODE_CHECKLIST (old_industry_name, industry_code, industry_name)
values ('日用塑料杂品制造', '2927', '日用塑料制品制造');
insert into ETL_INDUSTRY_CODE_CHECKLIST (old_industry_name, industry_code, industry_name)
values ('日用塑料制造', '2927', '日用塑料制品制造');
insert into ETL_INDUSTRY_CODE_CHECKLIST (old_industry_name, industry_code, industry_name)
values ('塑料零件制造', '2928', '塑料零件制造');
insert into ETL_INDUSTRY_CODE_CHECKLIST (old_industry_name, industry_code, industry_name)
values ('其他塑料制品制造', '2929', '其他塑料制品制造');
insert into ETL_INDUSTRY_CODE_CHECKLIST (old_industry_name, industry_code, industry_name)
values ('非金属矿物制品业', '3000', '非金属矿物制品业');
insert into ETL_INDUSTRY_CODE_CHECKLIST (old_industry_name, industry_code, industry_name)
values ('水泥、石灰和石膏制造', '3010', '水泥、石灰和石膏制造');
insert into ETL_INDUSTRY_CODE_CHECKLIST (old_industry_name, industry_code, industry_name)
values ('水泥及石膏制品制造', '3010', '水泥、石灰和石膏制造');
insert into ETL_INDUSTRY_CODE_CHECKLIST (old_industry_name, industry_code, industry_name)
values ('水泥、石灰和石膏的制造', '3010', '水泥、石灰和石膏制造');
commit;
prompt 700 records committed...
insert into ETL_INDUSTRY_CODE_CHECKLIST (old_industry_name, industry_code, industry_name)
values ('水泥制造', '3011', '水泥制造');
insert into ETL_INDUSTRY_CODE_CHECKLIST (old_industry_name, industry_code, industry_name)
values ('石灰和石膏制造', '3012', '石灰和石膏制造');
insert into ETL_INDUSTRY_CODE_CHECKLIST (old_industry_name, industry_code, industry_name)
values ('石膏、水泥制品及类似制品制造', '3020', '石膏、水泥制品及类似制品制造');
insert into ETL_INDUSTRY_CODE_CHECKLIST (old_industry_name, industry_code, industry_name)
values ('水泥制品制造', '3021', '水泥制品制造');
insert into ETL_INDUSTRY_CODE_CHECKLIST (old_industry_name, industry_code, industry_name)
values ('砼结构构件制造', '3022', '砼结构构件制造');
insert into ETL_INDUSTRY_CODE_CHECKLIST (old_industry_name, industry_code, industry_name)
values ('石棉水泥制品制造', '3023', '石棉水泥制品制造');
insert into ETL_INDUSTRY_CODE_CHECKLIST (old_industry_name, industry_code, industry_name)
values ('轻质建筑材料制造', '3024', '轻质建筑材料制造');
insert into ETL_INDUSTRY_CODE_CHECKLIST (old_industry_name, industry_code, industry_name)
values ('其他水泥类似制品制造', '3029', '其他水泥类似制品制造');
insert into ETL_INDUSTRY_CODE_CHECKLIST (old_industry_name, industry_code, industry_name)
values ('其他水泥制品制造', '3029', '其他水泥类似制品制造');
insert into ETL_INDUSTRY_CODE_CHECKLIST (old_industry_name, industry_code, industry_name)
values ('砖瓦、石材等建筑材料制造', '3030', '砖瓦、石材等建筑材料制造');
insert into ETL_INDUSTRY_CODE_CHECKLIST (old_industry_name, industry_code, industry_name)
values ('砖瓦、石材及其他建筑材料制造', '3030', '砖瓦、石材等建筑材料制造');
insert into ETL_INDUSTRY_CODE_CHECKLIST (old_industry_name, industry_code, industry_name)
values ('粘土砖瓦及建筑砌块制造', '3031', '粘土砖瓦及建筑砌块制造');
insert into ETL_INDUSTRY_CODE_CHECKLIST (old_industry_name, industry_code, industry_name)
values ('粘土砖瓦及建筑砌 块制造', '3031', '粘土砖瓦及建筑砌块制造');
insert into ETL_INDUSTRY_CODE_CHECKLIST (old_industry_name, industry_code, industry_name)
values ('建筑陶瓷制品制造', '3032', '建筑陶瓷制品制造');
insert into ETL_INDUSTRY_CODE_CHECKLIST (old_industry_name, industry_code, industry_name)
values ('建筑用石加工', '3033', '建筑用石加工');
insert into ETL_INDUSTRY_CODE_CHECKLIST (old_industry_name, industry_code, industry_name)
values ('防水建筑材料制造', '3034', '防水建筑材料制造');
insert into ETL_INDUSTRY_CODE_CHECKLIST (old_industry_name, industry_code, industry_name)
values ('隔热和隔音材料制造', '3035', '隔热和隔音材料制造');
insert into ETL_INDUSTRY_CODE_CHECKLIST (old_industry_name, industry_code, industry_name)
values ('其他建筑材料制造', '3039', '其他建筑材料制造');
insert into ETL_INDUSTRY_CODE_CHECKLIST (old_industry_name, industry_code, industry_name)
values ('玻璃制造', '3040', '玻璃制造');
insert into ETL_INDUSTRY_CODE_CHECKLIST (old_industry_name, industry_code, industry_name)
values ('玻璃及玻璃制品制造', '3040', '玻璃制造');
insert into ETL_INDUSTRY_CODE_CHECKLIST (old_industry_name, industry_code, industry_name)
values ('平板玻璃制造', '3041', '平板玻璃制造');
insert into ETL_INDUSTRY_CODE_CHECKLIST (old_industry_name, industry_code, industry_name)
values ('其他玻璃制造', '3049', '其他玻璃制造');
insert into ETL_INDUSTRY_CODE_CHECKLIST (old_industry_name, industry_code, industry_name)
values ('玻璃制品制造', '3050', '玻璃制品制造');
insert into ETL_INDUSTRY_CODE_CHECKLIST (old_industry_name, industry_code, industry_name)
values ('日用玻璃制品及玻璃包装容器制造', '3050', '玻璃制品制造');
insert into ETL_INDUSTRY_CODE_CHECKLIST (old_industry_name, industry_code, industry_name)
values ('技术玻璃制品制造', '3051', '技术玻璃制品制造');
insert into ETL_INDUSTRY_CODE_CHECKLIST (old_industry_name, industry_code, industry_name)
values ('光学玻璃制造', '3052', '光学玻璃制造');
insert into ETL_INDUSTRY_CODE_CHECKLIST (old_industry_name, industry_code, industry_name)
values ('玻璃仪器制造', '3053', '玻璃仪器制造');
insert into ETL_INDUSTRY_CODE_CHECKLIST (old_industry_name, industry_code, industry_name)
values ('日用玻璃制品制造', '3054', '日用玻璃制品制造');
insert into ETL_INDUSTRY_CODE_CHECKLIST (old_industry_name, industry_code, industry_name)
values ('玻璃包装容器制造', '3055', '玻璃包装容器制造');
insert into ETL_INDUSTRY_CODE_CHECKLIST (old_industry_name, industry_code, industry_name)
values ('玻璃保温容器制造', '3056', '玻璃保温容器制造');
insert into ETL_INDUSTRY_CODE_CHECKLIST (old_industry_name, industry_code, industry_name)
values ('制镜及类似品加工', '3057', '制镜及类似品加工');
insert into ETL_INDUSTRY_CODE_CHECKLIST (old_industry_name, industry_code, industry_name)
values ('其他玻璃制品制造', '3059', '其他玻璃制品制造');
insert into ETL_INDUSTRY_CODE_CHECKLIST (old_industry_name, industry_code, industry_name)
values ('玻璃纤维和玻璃纤维增强塑料制品制造', '3060', '玻璃纤维和玻璃纤维增强塑料制品制造');
insert into ETL_INDUSTRY_CODE_CHECKLIST (old_industry_name, industry_code, industry_name)
values ('玻璃纤维及制品制造', '3061', '玻璃纤维及制品制造');
insert into ETL_INDUSTRY_CODE_CHECKLIST (old_industry_name, industry_code, industry_name)
values ('玻璃纤维增强塑料制品制造', '3062', '玻璃纤维增强塑料制品制造');
insert into ETL_INDUSTRY_CODE_CHECKLIST (old_industry_name, industry_code, industry_name)
values ('陶瓷制品制造', '3070', '陶瓷制品制造');
insert into ETL_INDUSTRY_CODE_CHECKLIST (old_industry_name, industry_code, industry_name)
values ('卫生陶瓷制品制造', '3071', '卫生陶瓷制品制造');
insert into ETL_INDUSTRY_CODE_CHECKLIST (old_industry_name, industry_code, industry_name)
values ('特种陶瓷制品制造', '3072', '特种陶瓷制品制造');
insert into ETL_INDUSTRY_CODE_CHECKLIST (old_industry_name, industry_code, industry_name)
values ('日用陶瓷制品制造', '3073', '日用陶瓷制品制造');
insert into ETL_INDUSTRY_CODE_CHECKLIST (old_industry_name, industry_code, industry_name)
values ('园林、陈设艺术及其他陶瓷制品制造', '3079', '园林、陈设艺术及其他陶瓷制品制造');
insert into ETL_INDUSTRY_CODE_CHECKLIST (old_industry_name, industry_code, industry_name)
values ('耐火材料制品制造', '3080', '耐火材料制品制造');
insert into ETL_INDUSTRY_CODE_CHECKLIST (old_industry_name, industry_code, industry_name)
values ('石棉制品制造', '3081', '石棉制品制造');
insert into ETL_INDUSTRY_CODE_CHECKLIST (old_industry_name, industry_code, industry_name)
values ('耐火陶瓷制品及其他耐火材料制造', '3089', '耐火陶瓷制品及其他耐火材料制造');
insert into ETL_INDUSTRY_CODE_CHECKLIST (old_industry_name, industry_code, industry_name)
values ('石墨及其他非金属矿物制品制造', '3090', '石墨及其他非金属矿物制品制造');
insert into ETL_INDUSTRY_CODE_CHECKLIST (old_industry_name, industry_code, industry_name)
values ('石墨及碳素制品制造', '3091', '石墨及碳素制品制造');
insert into ETL_INDUSTRY_CODE_CHECKLIST (old_industry_name, industry_code, industry_name)
values ('其他非金属矿物制品制造', '3099', '其他非金属矿物制品制造');
insert into ETL_INDUSTRY_CODE_CHECKLIST (old_industry_name, industry_code, industry_name)
values ('黑色金属冶炼和压延加工业', '3100', '黑色金属冶炼和压延加工业');
insert into ETL_INDUSTRY_CODE_CHECKLIST (old_industry_name, industry_code, industry_name)
values ('黑色金属冶炼及压延加工业', '3100', '黑色金属冶炼和压延加工业');
insert into ETL_INDUSTRY_CODE_CHECKLIST (old_industry_name, industry_code, industry_name)
values ('炼铁', '3110', '炼铁');
insert into ETL_INDUSTRY_CODE_CHECKLIST (old_industry_name, industry_code, industry_name)
values ('炼钢', '3120', '炼钢');
insert into ETL_INDUSTRY_CODE_CHECKLIST (old_industry_name, industry_code, industry_name)
values ('黑色金属铸造', '3130', '黑色金属铸造');
insert into ETL_INDUSTRY_CODE_CHECKLIST (old_industry_name, industry_code, industry_name)
values ('钢压延加工', '3140', '钢压延加工');
insert into ETL_INDUSTRY_CODE_CHECKLIST (old_industry_name, industry_code, industry_name)
values ('铁合金冶炼', '3150', '铁合金冶炼');
insert into ETL_INDUSTRY_CODE_CHECKLIST (old_industry_name, industry_code, industry_name)
values ('有色金属冶炼和压延加工业', '3200', '有色金属冶炼和压延加工业');
insert into ETL_INDUSTRY_CODE_CHECKLIST (old_industry_name, industry_code, industry_name)
values ('有色金属冶炼及压延加工业', '3200', '有色金属冶炼和压延加工业');
insert into ETL_INDUSTRY_CODE_CHECKLIST (old_industry_name, industry_code, industry_name)
values ('金属铸、锻加工', '3200', '有色金属冶炼和压延加工业');
insert into ETL_INDUSTRY_CODE_CHECKLIST (old_industry_name, industry_code, industry_name)
values ('常用有色金属冶炼', '3210', '常用有色金属冶炼');
insert into ETL_INDUSTRY_CODE_CHECKLIST (old_industry_name, industry_code, industry_name)
values ('常用有色金属压延加工', '3210', '常用有色金属冶炼');
insert into ETL_INDUSTRY_CODE_CHECKLIST (old_industry_name, industry_code, industry_name)
values ('铜冶炼', '3211', '铜冶炼');
insert into ETL_INDUSTRY_CODE_CHECKLIST (old_industry_name, industry_code, industry_name)
values ('锡冶炼', '3214', '锡冶炼');
insert into ETL_INDUSTRY_CODE_CHECKLIST (old_industry_name, industry_code, industry_name)
values ('铝冶炼', '3216', '铝冶炼');
insert into ETL_INDUSTRY_CODE_CHECKLIST (old_industry_name, industry_code, industry_name)
values ('其他常用有色金属冶炼', '3219', '其他常用有色金属冶炼');
insert into ETL_INDUSTRY_CODE_CHECKLIST (old_industry_name, industry_code, industry_name)
values ('贵金属冶炼', '3220', '贵金属冶炼');
insert into ETL_INDUSTRY_CODE_CHECKLIST (old_industry_name, industry_code, industry_name)
values ('稀有稀土金属冶炼', '3230', '稀有稀土金属冶炼');
insert into ETL_INDUSTRY_CODE_CHECKLIST (old_industry_name, industry_code, industry_name)
values ('稀土金属冶炼', '3232', '稀土金属冶炼');
insert into ETL_INDUSTRY_CODE_CHECKLIST (old_industry_name, industry_code, industry_name)
values ('其他稀有金属冶炼', '3239', '其他稀有金属冶炼');
insert into ETL_INDUSTRY_CODE_CHECKLIST (old_industry_name, industry_code, industry_name)
values ('有色金属合金制造', '3240', '有色金属合金制造');
insert into ETL_INDUSTRY_CODE_CHECKLIST (old_industry_name, industry_code, industry_name)
values ('有色金属铸造', '3250', '有色金属铸造');
insert into ETL_INDUSTRY_CODE_CHECKLIST (old_industry_name, industry_code, industry_name)
values ('有色金属压延加工', '3260', '有色金属压延加工');
insert into ETL_INDUSTRY_CODE_CHECKLIST (old_industry_name, industry_code, industry_name)
values ('铜压延加工', '3261', '铜压延加工');
insert into ETL_INDUSTRY_CODE_CHECKLIST (old_industry_name, industry_code, industry_name)
values ('铝压延加工', '3262', '铝压延加工');
insert into ETL_INDUSTRY_CODE_CHECKLIST (old_industry_name, industry_code, industry_name)
values ('贵金属压延加工', '3263', '贵金属压延加工');
insert into ETL_INDUSTRY_CODE_CHECKLIST (old_industry_name, industry_code, industry_name)
values ('稀有稀土金属压延加工', '3264', '稀有稀土金属压延加工');
insert into ETL_INDUSTRY_CODE_CHECKLIST (old_industry_name, industry_code, industry_name)
values ('其他有色金属压延加工', '3269', '其他有色金属压延加工');
insert into ETL_INDUSTRY_CODE_CHECKLIST (old_industry_name, industry_code, industry_name)
values ('金属制品业', '3300', '金属制品业');
insert into ETL_INDUSTRY_CODE_CHECKLIST (old_industry_name, industry_code, industry_name)
values ('钢铁铸件制造', '3300', '金属制品业');
insert into ETL_INDUSTRY_CODE_CHECKLIST (old_industry_name, industry_code, industry_name)
values ('结构性金属制品制造', '3310', '结构性金属制品制造');
insert into ETL_INDUSTRY_CODE_CHECKLIST (old_industry_name, industry_code, industry_name)
values ('金属结构制造', '3311', '金属结构制造');
insert into ETL_INDUSTRY_CODE_CHECKLIST (old_industry_name, industry_code, industry_name)
values ('金属门窗制造', '3312', '金属门窗制造');
insert into ETL_INDUSTRY_CODE_CHECKLIST (old_industry_name, industry_code, industry_name)
values ('金属工具制造', '3320', '金属工具制造');
insert into ETL_INDUSTRY_CODE_CHECKLIST (old_industry_name, industry_code, industry_name)
values ('不锈钢及类似日用金属制品制造', '3320', '金属工具制造');
insert into ETL_INDUSTRY_CODE_CHECKLIST (old_industry_name, industry_code, industry_name)
values ('切削工具制造', '3321', '切削工具制造');
insert into ETL_INDUSTRY_CODE_CHECKLIST (old_industry_name, industry_code, industry_name)
values ('手工具制造', '3322', '手工具制造');
insert into ETL_INDUSTRY_CODE_CHECKLIST (old_industry_name, industry_code, industry_name)
values ('农用及园林用金属工具制造', '3323', '农用及园林用金属工具制造');
insert into ETL_INDUSTRY_CODE_CHECKLIST (old_industry_name, industry_code, industry_name)
values ('刀剪及类似日用金属工具制造', '3324', '刀剪及类似日用金属工具制造');
insert into ETL_INDUSTRY_CODE_CHECKLIST (old_industry_name, industry_code, industry_name)
values ('其他金属工具制造', '3329', '其他金属工具制造');
insert into ETL_INDUSTRY_CODE_CHECKLIST (old_industry_name, industry_code, industry_name)
values ('节能技术推广服务', '7514', '节能技术推广服务');
insert into ETL_INDUSTRY_CODE_CHECKLIST (old_industry_name, industry_code, industry_name)
values ('其他技术推广服务', '7519', '其他技术推广服务');
insert into ETL_INDUSTRY_CODE_CHECKLIST (old_industry_name, industry_code, industry_name)
values ('科技中介服务', '7520', '科技中介服务');
insert into ETL_INDUSTRY_CODE_CHECKLIST (old_industry_name, industry_code, industry_name)
values ('其他科技服务', '7590', '其他科技推广和应用服务业');
insert into ETL_INDUSTRY_CODE_CHECKLIST (old_industry_name, industry_code, industry_name)
values ('其他科技推广和应用服务业', '7590', '其他科技推广和应用服务业');
insert into ETL_INDUSTRY_CODE_CHECKLIST (old_industry_name, industry_code, industry_name)
values ('水利管理业', '7600', '水利管理业');
insert into ETL_INDUSTRY_CODE_CHECKLIST (old_industry_name, industry_code, industry_name)
values ('防洪管理', '7610', '防洪除涝设施管理');
insert into ETL_INDUSTRY_CODE_CHECKLIST (old_industry_name, industry_code, industry_name)
values ('水资源管理', '7620', '水资源管理');
insert into ETL_INDUSTRY_CODE_CHECKLIST (old_industry_name, industry_code, industry_name)
values ('其他水利管理', '7690', '其他水利管理业');
insert into ETL_INDUSTRY_CODE_CHECKLIST (old_industry_name, industry_code, industry_name)
values ('其他水资源管理', '7690', '其他水利管理业');
insert into ETL_INDUSTRY_CODE_CHECKLIST (old_industry_name, industry_code, industry_name)
values ('其他水利管理业', '7690', '其他水利管理业');
insert into ETL_INDUSTRY_CODE_CHECKLIST (old_industry_name, industry_code, industry_name)
values ('生态保护和环境治理业', '7700', '生态保护和环境治理业');
insert into ETL_INDUSTRY_CODE_CHECKLIST (old_industry_name, industry_code, industry_name)
values ('生态保护', '7710', '生态保护');
insert into ETL_INDUSTRY_CODE_CHECKLIST (old_industry_name, industry_code, industry_name)
values ('自然保护', '7710', '生态保护');
commit;
prompt 800 records committed...
insert into ETL_INDUSTRY_CODE_CHECKLIST (old_industry_name, industry_code, industry_name)
values ('自然保护区管理', '7711', '自然保护区管理');
insert into ETL_INDUSTRY_CODE_CHECKLIST (old_industry_name, industry_code, industry_name)
values ('野生动物保护', '7712', '野生动物保护');
insert into ETL_INDUSTRY_CODE_CHECKLIST (old_industry_name, industry_code, industry_name)
values ('野生植物保护', '7713', '野生植物保护');
insert into ETL_INDUSTRY_CODE_CHECKLIST (old_industry_name, industry_code, industry_name)
values ('其他自然保护', '7719', '其他自然保护');
insert into ETL_INDUSTRY_CODE_CHECKLIST (old_industry_name, industry_code, industry_name)
values ('环境治理业', '7720', '环境治理业');
insert into ETL_INDUSTRY_CODE_CHECKLIST (old_industry_name, industry_code, industry_name)
values ('环境治理', '7720', '环境治理业');
insert into ETL_INDUSTRY_CODE_CHECKLIST (old_industry_name, industry_code, industry_name)
values ('环境管理业', '7720', '环境治理业');
insert into ETL_INDUSTRY_CODE_CHECKLIST (old_industry_name, industry_code, industry_name)
values ('水污染治理', '7721', '水污染治理');
insert into ETL_INDUSTRY_CODE_CHECKLIST (old_industry_name, industry_code, industry_name)
values ('大气污染治理', '7722', '大气污染治理');
insert into ETL_INDUSTRY_CODE_CHECKLIST (old_industry_name, industry_code, industry_name)
values ('固体废物治理', '7723', '固体废物治理');
insert into ETL_INDUSTRY_CODE_CHECKLIST (old_industry_name, industry_code, industry_name)
values ('危险废物治理', '7724', '危险废物治理');
insert into ETL_INDUSTRY_CODE_CHECKLIST (old_industry_name, industry_code, industry_name)
values ('其他污染治理', '7729', '其他污染治理');
insert into ETL_INDUSTRY_CODE_CHECKLIST (old_industry_name, industry_code, industry_name)
values ('其他环境治理', '7729', '其他污染治理');
insert into ETL_INDUSTRY_CODE_CHECKLIST (old_industry_name, industry_code, industry_name)
values ('公共设施管理业', '7800', '公共设施管理业');
insert into ETL_INDUSTRY_CODE_CHECKLIST (old_industry_name, industry_code, industry_name)
values ('市政公共设施管理', '7810', '市政设施管理');
insert into ETL_INDUSTRY_CODE_CHECKLIST (old_industry_name, industry_code, industry_name)
values ('市政设施管理', '7810', '市政设施管理');
insert into ETL_INDUSTRY_CODE_CHECKLIST (old_industry_name, industry_code, industry_name)
values ('城市环境卫生管理', '7820', '环境卫生管理');
insert into ETL_INDUSTRY_CODE_CHECKLIST (old_industry_name, industry_code, industry_name)
values ('环境卫生管理', '7820', '环境卫生管理');
insert into ETL_INDUSTRY_CODE_CHECKLIST (old_industry_name, industry_code, industry_name)
values ('城市市容管理', '7830', '城乡市容管理');
insert into ETL_INDUSTRY_CODE_CHECKLIST (old_industry_name, industry_code, industry_name)
values ('城乡市容管理', '7830', '城乡市容管理');
insert into ETL_INDUSTRY_CODE_CHECKLIST (old_industry_name, industry_code, industry_name)
values ('城市绿化管理', '7840', '绿化管理');
insert into ETL_INDUSTRY_CODE_CHECKLIST (old_industry_name, industry_code, industry_name)
values ('绿化管理', '7840', '绿化管理');
insert into ETL_INDUSTRY_CODE_CHECKLIST (old_industry_name, industry_code, industry_name)
values ('公园和游览景区管理', '7850', '公园和游览景区管理');
insert into ETL_INDUSTRY_CODE_CHECKLIST (old_industry_name, industry_code, industry_name)
values ('其他游览景区管理', '7850', '公园和游览景区管理');
insert into ETL_INDUSTRY_CODE_CHECKLIST (old_industry_name, industry_code, industry_name)
values ('公园管理', '7851', '公园管理');
insert into ETL_INDUSTRY_CODE_CHECKLIST (old_industry_name, industry_code, industry_name)
values ('游览景区管理', '7852', '游览景区管理');
insert into ETL_INDUSTRY_CODE_CHECKLIST (old_industry_name, industry_code, industry_name)
values ('风景名胜区管理', '7852', '游览景区管理');
insert into ETL_INDUSTRY_CODE_CHECKLIST (old_industry_name, industry_code, industry_name)
values ('居民服务业', '7900', '居民服务业');
insert into ETL_INDUSTRY_CODE_CHECKLIST (old_industry_name, industry_code, industry_name)
values ('家庭服务', '7910', '家庭服务');
insert into ETL_INDUSTRY_CODE_CHECKLIST (old_industry_name, industry_code, industry_name)
values ('洗染服务', '7930', '洗染服务');
insert into ETL_INDUSTRY_CODE_CHECKLIST (old_industry_name, industry_code, industry_name)
values ('理发及美容保健服务', '7940', '理发及美容服务');
insert into ETL_INDUSTRY_CODE_CHECKLIST (old_industry_name, industry_code, industry_name)
values ('理发及美容服务', '7940', '理发及美容服务');
insert into ETL_INDUSTRY_CODE_CHECKLIST (old_industry_name, industry_code, industry_name)
values ('洗浴服务', '7950', '洗浴服务');
insert into ETL_INDUSTRY_CODE_CHECKLIST (old_industry_name, industry_code, industry_name)
values ('保健服务', '7960', '保健服务');
insert into ETL_INDUSTRY_CODE_CHECKLIST (old_industry_name, industry_code, industry_name)
values ('婚姻服务', '7970', '婚姻服务');
insert into ETL_INDUSTRY_CODE_CHECKLIST (old_industry_name, industry_code, industry_name)
values ('殡葬服务', '7980', '殡葬服务');
insert into ETL_INDUSTRY_CODE_CHECKLIST (old_industry_name, industry_code, industry_name)
values ('其他居民服务', '7990', '其他居民服务业');
insert into ETL_INDUSTRY_CODE_CHECKLIST (old_industry_name, industry_code, industry_name)
values ('其他居民服务业', '7990', '其他居民服务业');
insert into ETL_INDUSTRY_CODE_CHECKLIST (old_industry_name, industry_code, industry_name)
values ('机动车、电子产品和日用产品修理业', '8000', '机动车、电子产品和日用产品修理业');
insert into ETL_INDUSTRY_CODE_CHECKLIST (old_industry_name, industry_code, industry_name)
values ('修理与维护', '8000', '机动车、电子产品和日用产品修理业');
insert into ETL_INDUSTRY_CODE_CHECKLIST (old_industry_name, industry_code, industry_name)
values ('汽车、摩托车修理与维护', '8010', '汽车、摩托车修理与维护');
insert into ETL_INDUSTRY_CODE_CHECKLIST (old_industry_name, industry_code, industry_name)
values ('汽车、摩托车维护与保养', '8010', '汽车、摩托车修理与维护');
insert into ETL_INDUSTRY_CODE_CHECKLIST (old_industry_name, industry_code, industry_name)
values ('汽车修理', '8010', '汽车、摩托车修理与维护');
insert into ETL_INDUSTRY_CODE_CHECKLIST (old_industry_name, industry_code, industry_name)
values ('汽车修理与维护', '8011', '汽车修理与维护');
insert into ETL_INDUSTRY_CODE_CHECKLIST (old_industry_name, industry_code, industry_name)
values ('摩托车修理与维护', '8012', '摩托车修理与维护');
insert into ETL_INDUSTRY_CODE_CHECKLIST (old_industry_name, industry_code, industry_name)
values ('计算机和办公设备维修', '8020', '计算机和办公设备维修');
insert into ETL_INDUSTRY_CODE_CHECKLIST (old_industry_name, industry_code, industry_name)
values ('办公设备维修', '8020', '计算机和办公设备维修');
insert into ETL_INDUSTRY_CODE_CHECKLIST (old_industry_name, industry_code, industry_name)
values ('计算机和辅助设备修理', '8021', '计算机和辅助设备修理');
insert into ETL_INDUSTRY_CODE_CHECKLIST (old_industry_name, industry_code, industry_name)
values ('计算机维修', '8021', '计算机和辅助设备修理');
insert into ETL_INDUSTRY_CODE_CHECKLIST (old_industry_name, industry_code, industry_name)
values ('通讯设备修理', '8022', '通讯设备修理');
insert into ETL_INDUSTRY_CODE_CHECKLIST (old_industry_name, industry_code, industry_name)
values ('其他办公设备维修', '8029', '其他办公设备维修');
insert into ETL_INDUSTRY_CODE_CHECKLIST (old_industry_name, industry_code, industry_name)
values ('家用电器修理', '8030', '家用电器修理');
insert into ETL_INDUSTRY_CODE_CHECKLIST (old_industry_name, industry_code, industry_name)
values ('家用电子产品修理', '8031', '家用电子产品修理');
insert into ETL_INDUSTRY_CODE_CHECKLIST (old_industry_name, industry_code, industry_name)
values ('日用电器修理', '8032', '日用电器修理');
insert into ETL_INDUSTRY_CODE_CHECKLIST (old_industry_name, industry_code, industry_name)
values ('其他日用产品修理业', '8090', '其他日用产品修理业');
insert into ETL_INDUSTRY_CODE_CHECKLIST (old_industry_name, industry_code, industry_name)
values ('其他日用品修理', '8090', '其他日用产品修理业');
insert into ETL_INDUSTRY_CODE_CHECKLIST (old_industry_name, industry_code, industry_name)
values ('自行车修理', '8091', '自行车修理');
insert into ETL_INDUSTRY_CODE_CHECKLIST (old_industry_name, industry_code, industry_name)
values ('鞋和皮革修理', '8092', '鞋和皮革修理');
insert into ETL_INDUSTRY_CODE_CHECKLIST (old_industry_name, industry_code, industry_name)
values ('家具和相关物品修理', '8093', '家具和相关物品修理');
insert into ETL_INDUSTRY_CODE_CHECKLIST (old_industry_name, industry_code, industry_name)
values ('其他未列明日用产品修理业', '8099', '其他未列明日用产品修理业');
insert into ETL_INDUSTRY_CODE_CHECKLIST (old_industry_name, industry_code, industry_name)
values ('其他服务业', '8100', '其他服务业');
insert into ETL_INDUSTRY_CODE_CHECKLIST (old_industry_name, industry_code, industry_name)
values ('清洁服务', '8110', '清洁服务');
insert into ETL_INDUSTRY_CODE_CHECKLIST (old_industry_name, industry_code, industry_name)
values ('建筑物清洁服务', '8111', '建筑物清洁服务');
insert into ETL_INDUSTRY_CODE_CHECKLIST (old_industry_name, industry_code, industry_name)
values ('其他清洁服务', '8119', '其他清洁服务');
insert into ETL_INDUSTRY_CODE_CHECKLIST (old_industry_name, industry_code, industry_name)
values ('其他未列明的服务', '8190', '其他未列明服务业');
insert into ETL_INDUSTRY_CODE_CHECKLIST (old_industry_name, industry_code, industry_name)
values ('其他未列明服务业', '8190', '其他未列明服务业');
insert into ETL_INDUSTRY_CODE_CHECKLIST (old_industry_name, industry_code, industry_name)
values ('教育', '8200', '教育');
insert into ETL_INDUSTRY_CODE_CHECKLIST (old_industry_name, industry_code, industry_name)
values ('学前教育', '8210', '学前教育');
insert into ETL_INDUSTRY_CODE_CHECKLIST (old_industry_name, industry_code, industry_name)
values ('中等教育', '8230', '中等教育');
insert into ETL_INDUSTRY_CODE_CHECKLIST (old_industry_name, industry_code, industry_name)
values ('技工学校教育', '8236', '中等职业学校教育');
insert into ETL_INDUSTRY_CODE_CHECKLIST (old_industry_name, industry_code, industry_name)
values ('普通高等教育', '8241', '普通高等教育');
insert into ETL_INDUSTRY_CODE_CHECKLIST (old_industry_name, industry_code, industry_name)
values ('特殊教育', '8250', '特殊教育');
insert into ETL_INDUSTRY_CODE_CHECKLIST (old_industry_name, industry_code, industry_name)
values ('技能培训、教育辅助及其他教育', '8290', '技能培训、教育辅助及其他教育');
insert into ETL_INDUSTRY_CODE_CHECKLIST (old_industry_name, industry_code, industry_name)
values ('其他教育', '8290', '技能培训、教育辅助及其他教育');
insert into ETL_INDUSTRY_CODE_CHECKLIST (old_industry_name, industry_code, industry_name)
values ('职业技能培训', '8291', '职业技能培训');
insert into ETL_INDUSTRY_CODE_CHECKLIST (old_industry_name, industry_code, industry_name)
values ('体校及体育培训', '8292', '体校及体育培训');
insert into ETL_INDUSTRY_CODE_CHECKLIST (old_industry_name, industry_code, industry_name)
values ('文化艺术培训', '8293', '文化艺术培训');
insert into ETL_INDUSTRY_CODE_CHECKLIST (old_industry_name, industry_code, industry_name)
values ('教育辅助服务', '8294', '教育辅助服务');
insert into ETL_INDUSTRY_CODE_CHECKLIST (old_industry_name, industry_code, industry_name)
values ('其他未列明教育', '8299', '其他未列明教育');
insert into ETL_INDUSTRY_CODE_CHECKLIST (old_industry_name, industry_code, industry_name)
values ('其他未列明的教育', '8299', '其他未列明教育');
insert into ETL_INDUSTRY_CODE_CHECKLIST (old_industry_name, industry_code, industry_name)
values ('卫生', '8300', '卫生');
insert into ETL_INDUSTRY_CODE_CHECKLIST (old_industry_name, industry_code, industry_name)
values ('医院', '8310', '医院');
insert into ETL_INDUSTRY_CODE_CHECKLIST (old_industry_name, industry_code, industry_name)
values ('综合医院', '8311', '综合医院');
insert into ETL_INDUSTRY_CODE_CHECKLIST (old_industry_name, industry_code, industry_name)
values ('中医医院', '8312', '中医医院');
insert into ETL_INDUSTRY_CODE_CHECKLIST (old_industry_name, industry_code, industry_name)
values ('中西医结合医院', '8313', '中西医结合医院');
insert into ETL_INDUSTRY_CODE_CHECKLIST (old_industry_name, industry_code, industry_name)
values ('专科医院', '8315', '专科医院');
insert into ETL_INDUSTRY_CODE_CHECKLIST (old_industry_name, industry_code, industry_name)
values ('社区医疗与卫生院', '8320', '社区医疗与卫生院');
insert into ETL_INDUSTRY_CODE_CHECKLIST (old_industry_name, industry_code, industry_name)
values ('卫生院及社区医疗活动', '8320', '社区医疗与卫生院');
insert into ETL_INDUSTRY_CODE_CHECKLIST (old_industry_name, industry_code, industry_name)
values ('社区卫生服务中心（站）', '8321', '社区卫生服务中心（站）');
insert into ETL_INDUSTRY_CODE_CHECKLIST (old_industry_name, industry_code, industry_name)
values ('门诊部医疗活动', '8330', '门诊部（所）');
insert into ETL_INDUSTRY_CODE_CHECKLIST (old_industry_name, industry_code, industry_name)
values ('门诊部（所）', '8330', '门诊部（所）');
insert into ETL_INDUSTRY_CODE_CHECKLIST (old_industry_name, industry_code, industry_name)
values ('专科疾病防治活动', '8360', '专科疾病防治院（所、站）');
insert into ETL_INDUSTRY_CODE_CHECKLIST (old_industry_name, industry_code, industry_name)
values ('专科疾病防治院（所、站）', '8360', '专科疾病防治院（所、站）');
insert into ETL_INDUSTRY_CODE_CHECKLIST (old_industry_name, industry_code, industry_name)
values ('疾病预防控制及防疫活动', '8370', '疾病预防控制中心');
insert into ETL_INDUSTRY_CODE_CHECKLIST (old_industry_name, industry_code, industry_name)
values ('其他卫生活动', '8390', '其他卫生活动');
insert into ETL_INDUSTRY_CODE_CHECKLIST (old_industry_name, industry_code, industry_name)
values ('社会工作', '8400', '社会工作');
insert into ETL_INDUSTRY_CODE_CHECKLIST (old_industry_name, industry_code, industry_name)
values ('社会福利业', '8400', '社会工作');
insert into ETL_INDUSTRY_CODE_CHECKLIST (old_industry_name, industry_code, industry_name)
values ('提供住宿社会工作', '8410', '提供住宿社会工作');
insert into ETL_INDUSTRY_CODE_CHECKLIST (old_industry_name, industry_code, industry_name)
values ('提供住宿的社会福利', '8410', '提供住宿社会工作');
insert into ETL_INDUSTRY_CODE_CHECKLIST (old_industry_name, industry_code, industry_name)
values ('护理机构服务', '8412', '护理机构服务');
commit;
prompt 900 records committed...
insert into ETL_INDUSTRY_CODE_CHECKLIST (old_industry_name, industry_code, industry_name)
values ('老年人、残疾人养护服务', '8414', '老年人、残疾人养护服务');
insert into ETL_INDUSTRY_CODE_CHECKLIST (old_industry_name, industry_code, industry_name)
values ('社会看护与帮助服务', '8421', '社会看护与帮助服务');
insert into ETL_INDUSTRY_CODE_CHECKLIST (old_industry_name, industry_code, industry_name)
values ('新闻和出版业', '8500', '新闻和出版业');
insert into ETL_INDUSTRY_CODE_CHECKLIST (old_industry_name, industry_code, industry_name)
values ('出版业', '8520', '出版业');
insert into ETL_INDUSTRY_CODE_CHECKLIST (old_industry_name, industry_code, industry_name)
values ('图书出版', '8521', '图书出版');
insert into ETL_INDUSTRY_CODE_CHECKLIST (old_industry_name, industry_code, industry_name)
values ('报纸出版', '8522', '报纸出版');
insert into ETL_INDUSTRY_CODE_CHECKLIST (old_industry_name, industry_code, industry_name)
values ('期刊出版', '8523', '期刊出版');
insert into ETL_INDUSTRY_CODE_CHECKLIST (old_industry_name, industry_code, industry_name)
values ('其他出版业', '8529', '其他出版业');
insert into ETL_INDUSTRY_CODE_CHECKLIST (old_industry_name, industry_code, industry_name)
values ('广播、电视、电影和影视录音制作业', '8600', '广播、电视、电影和影视录音制作业');
insert into ETL_INDUSTRY_CODE_CHECKLIST (old_industry_name, industry_code, industry_name)
values ('广播、电视、电影和音像业', '8600', '广播、电视、电影和影视录音制作业');
insert into ETL_INDUSTRY_CODE_CHECKLIST (old_industry_name, industry_code, industry_name)
values ('电影', '8600', '广播、电视、电影和影视录音制作业');
insert into ETL_INDUSTRY_CODE_CHECKLIST (old_industry_name, industry_code, industry_name)
values ('广播', '8610', '广播');
insert into ETL_INDUSTRY_CODE_CHECKLIST (old_industry_name, industry_code, industry_name)
values ('电视', '8620', '电视');
insert into ETL_INDUSTRY_CODE_CHECKLIST (old_industry_name, industry_code, industry_name)
values ('电影制作与发行', '8630', '电影和影视节目制作');
insert into ETL_INDUSTRY_CODE_CHECKLIST (old_industry_name, industry_code, industry_name)
values ('电影和影视节目制作', '8630', '电影和影视节目制作');
insert into ETL_INDUSTRY_CODE_CHECKLIST (old_industry_name, industry_code, industry_name)
values ('电影和影视节目发行', '8640', '电影和影视节目发行');
insert into ETL_INDUSTRY_CODE_CHECKLIST (old_industry_name, industry_code, industry_name)
values ('电影放映', '8650', '电影放映');
insert into ETL_INDUSTRY_CODE_CHECKLIST (old_industry_name, industry_code, industry_name)
values ('音像制作', '8660', '录音制作');
insert into ETL_INDUSTRY_CODE_CHECKLIST (old_industry_name, industry_code, industry_name)
values ('文化艺术业', '8700', '文化艺术业');
insert into ETL_INDUSTRY_CODE_CHECKLIST (old_industry_name, industry_code, industry_name)
values ('文艺创作与表演', '8710', '文艺创作与表演');
insert into ETL_INDUSTRY_CODE_CHECKLIST (old_industry_name, industry_code, industry_name)
values ('艺术表演场馆', '8720', '艺术表演场馆');
insert into ETL_INDUSTRY_CODE_CHECKLIST (old_industry_name, industry_code, industry_name)
values ('图书馆与档案馆', '8730', '图书馆与档案馆');
insert into ETL_INDUSTRY_CODE_CHECKLIST (old_industry_name, industry_code, industry_name)
values ('档案馆', '8732', '档案馆');
insert into ETL_INDUSTRY_CODE_CHECKLIST (old_industry_name, industry_code, industry_name)
values ('文物及文化保护', '8740', '文物及非物质文化遗产保护');
insert into ETL_INDUSTRY_CODE_CHECKLIST (old_industry_name, industry_code, industry_name)
values ('文物及非物质文化遗产保护', '8740', '文物及非物质文化遗产保护');
insert into ETL_INDUSTRY_CODE_CHECKLIST (old_industry_name, industry_code, industry_name)
values ('博物馆', '8750', '博物馆');
insert into ETL_INDUSTRY_CODE_CHECKLIST (old_industry_name, industry_code, industry_name)
values ('群众文化活动', '8770', '群众文化活动');
insert into ETL_INDUSTRY_CODE_CHECKLIST (old_industry_name, industry_code, industry_name)
values ('其他文化艺术', '8790', '其他文化艺术业');
insert into ETL_INDUSTRY_CODE_CHECKLIST (old_industry_name, industry_code, industry_name)
values ('其他文化艺术业', '8790', '其他文化艺术业');
insert into ETL_INDUSTRY_CODE_CHECKLIST (old_industry_name, industry_code, industry_name)
values ('体育', '8800', '体育');
insert into ETL_INDUSTRY_CODE_CHECKLIST (old_industry_name, industry_code, industry_name)
values ('体育组织', '8810', '体育组织');
insert into ETL_INDUSTRY_CODE_CHECKLIST (old_industry_name, industry_code, industry_name)
values ('体育场馆', '8820', '体育场馆');
insert into ETL_INDUSTRY_CODE_CHECKLIST (old_industry_name, industry_code, industry_name)
values ('休闲健身娱乐活动', '8830', '休闲健身活动');
insert into ETL_INDUSTRY_CODE_CHECKLIST (old_industry_name, industry_code, industry_name)
values ('休闲健身活动', '8830', '休闲健身活动');
insert into ETL_INDUSTRY_CODE_CHECKLIST (old_industry_name, industry_code, industry_name)
values ('其他体育', '8890', '其他体育');
insert into ETL_INDUSTRY_CODE_CHECKLIST (old_industry_name, industry_code, industry_name)
values ('娱乐业', '8900', '娱乐业');
insert into ETL_INDUSTRY_CODE_CHECKLIST (old_industry_name, industry_code, industry_name)
values ('室内娱乐活动', '8910', '室内娱乐活动');
insert into ETL_INDUSTRY_CODE_CHECKLIST (old_industry_name, industry_code, industry_name)
values ('歌舞厅娱乐活动', '8911', '歌舞厅娱乐活动');
insert into ETL_INDUSTRY_CODE_CHECKLIST (old_industry_name, industry_code, industry_name)
values ('电子游艺厅娱乐活动', '8912', '电子游艺厅娱乐活动');
insert into ETL_INDUSTRY_CODE_CHECKLIST (old_industry_name, industry_code, industry_name)
values ('网吧活动', '8913', '网吧活动');
insert into ETL_INDUSTRY_CODE_CHECKLIST (old_industry_name, industry_code, industry_name)
values ('其他室内娱乐活动', '8919', '其他室内娱乐活动');
insert into ETL_INDUSTRY_CODE_CHECKLIST (old_industry_name, industry_code, industry_name)
values ('游乐园', '8920', '游乐园');
insert into ETL_INDUSTRY_CODE_CHECKLIST (old_industry_name, industry_code, industry_name)
values ('文化、娱乐、体育经纪代理', '8940', '文化、娱乐、体育经纪代理');
insert into ETL_INDUSTRY_CODE_CHECKLIST (old_industry_name, industry_code, industry_name)
values ('文化艺术经纪代理', '8940', '文化、娱乐、体育经纪代理');
insert into ETL_INDUSTRY_CODE_CHECKLIST (old_industry_name, industry_code, industry_name)
values ('文化娱乐经纪人', '8941', '文化娱乐经纪人');
insert into ETL_INDUSTRY_CODE_CHECKLIST (old_industry_name, industry_code, industry_name)
values ('体育经纪人', '8942', '体育经纪人');
insert into ETL_INDUSTRY_CODE_CHECKLIST (old_industry_name, industry_code, industry_name)
values ('其他文化艺术经纪代理', '8949', '其他文化艺术经纪代理');
insert into ETL_INDUSTRY_CODE_CHECKLIST (old_industry_name, industry_code, industry_name)
values ('其他娱乐活动', '8990', '其他娱乐业');
insert into ETL_INDUSTRY_CODE_CHECKLIST (old_industry_name, industry_code, industry_name)
values ('其他娱乐业', '8990', '其他娱乐业');
insert into ETL_INDUSTRY_CODE_CHECKLIST (old_industry_name, industry_code, industry_name)
values ('综合事务管理机构', '9121', '综合事务管理机构');
insert into ETL_INDUSTRY_CODE_CHECKLIST (old_industry_name, industry_code, industry_name)
values ('公共安全管理机构', '9123', '公共安全管理机构');
insert into ETL_INDUSTRY_CODE_CHECKLIST (old_industry_name, industry_code, industry_name)
values ('社会事务管理机构', '9124', '社会事务管理机构');
insert into ETL_INDUSTRY_CODE_CHECKLIST (old_industry_name, industry_code, industry_name)
values ('经济事务管理机构', '9125', '经济事务管理机构');
insert into ETL_INDUSTRY_CODE_CHECKLIST (old_industry_name, industry_code, industry_name)
values ('社会保障', '9300', '社会保障');
insert into ETL_INDUSTRY_CODE_CHECKLIST (old_industry_name, industry_code, industry_name)
values ('社会保障业', '9300', '社会保障');
insert into ETL_INDUSTRY_CODE_CHECKLIST (old_industry_name, industry_code, industry_name)
values ('家用视听设备制造', '3950', '视听设备制造');
insert into ETL_INDUSTRY_CODE_CHECKLIST (old_industry_name, industry_code, industry_name)
values ('电视机制造', '3951', '电视机制造');
insert into ETL_INDUSTRY_CODE_CHECKLIST (old_industry_name, industry_code, industry_name)
values ('音响设备制造', '3952', '音响设备制造');
insert into ETL_INDUSTRY_CODE_CHECKLIST (old_industry_name, industry_code, industry_name)
values ('家用音响设备制造', '3952', '音响设备制造');
insert into ETL_INDUSTRY_CODE_CHECKLIST (old_industry_name, industry_code, industry_name)
values ('影视录放设备制造', '3953', '影视录放设备制造');
insert into ETL_INDUSTRY_CODE_CHECKLIST (old_industry_name, industry_code, industry_name)
values ('家用影视设备制造', '3953', '影视录放设备制造');
insert into ETL_INDUSTRY_CODE_CHECKLIST (old_industry_name, industry_code, industry_name)
values ('电子器件制造', '3960', '电子器件制造');
insert into ETL_INDUSTRY_CODE_CHECKLIST (old_industry_name, industry_code, industry_name)
values ('电子真空器件制造', '3961', '电子真空器件制造');
insert into ETL_INDUSTRY_CODE_CHECKLIST (old_industry_name, industry_code, industry_name)
values ('半导体分立器件制造', '3962', '半导体分立器件制造');
insert into ETL_INDUSTRY_CODE_CHECKLIST (old_industry_name, industry_code, industry_name)
values ('集成电路制造', '3963', '集成电路制造');
insert into ETL_INDUSTRY_CODE_CHECKLIST (old_industry_name, industry_code, industry_name)
values ('光电子器件及其他电子器件制造', '3969', '光电子器件及其他电子器件制造');
insert into ETL_INDUSTRY_CODE_CHECKLIST (old_industry_name, industry_code, industry_name)
values ('电子元件制造', '3970', '电子元件制造');
insert into ETL_INDUSTRY_CODE_CHECKLIST (old_industry_name, industry_code, industry_name)
values ('电子元件及组件制造', '3971', '电子元件及组件制造');
insert into ETL_INDUSTRY_CODE_CHECKLIST (old_industry_name, industry_code, industry_name)
values ('印制电路板制造', '3972', '印制电路板制造');
insert into ETL_INDUSTRY_CODE_CHECKLIST (old_industry_name, industry_code, industry_name)
values ('其他电子设备制造', '3990', '其他电子设备制造');
insert into ETL_INDUSTRY_CODE_CHECKLIST (old_industry_name, industry_code, industry_name)
values ('仪器仪表制造业', '4000', '仪器仪表制造业');
insert into ETL_INDUSTRY_CODE_CHECKLIST (old_industry_name, industry_code, industry_name)
values ('仪器仪表及文化、办公用机械制造业', '4000', '仪器仪表制造业');
insert into ETL_INDUSTRY_CODE_CHECKLIST (old_industry_name, industry_code, industry_name)
values ('通用仪器仪表制造', '4010', '通用仪器仪表制造');
insert into ETL_INDUSTRY_CODE_CHECKLIST (old_industry_name, industry_code, industry_name)
values ('工业自动控制系统装置制造', '4011', '工业自动控制系统装置制造');
insert into ETL_INDUSTRY_CODE_CHECKLIST (old_industry_name, industry_code, industry_name)
values ('电工仪器仪表制造', '4012', '电工仪器仪表制造');
insert into ETL_INDUSTRY_CODE_CHECKLIST (old_industry_name, industry_code, industry_name)
values ('绘图、计算及测量仪器制造', '4013', '绘图、计算及测量仪器制造');
insert into ETL_INDUSTRY_CODE_CHECKLIST (old_industry_name, industry_code, industry_name)
values ('实验分析仪器制造', '4014', '实验分析仪器制造');
insert into ETL_INDUSTRY_CODE_CHECKLIST (old_industry_name, industry_code, industry_name)
values ('试验机制造', '4015', '试验机制造');
insert into ETL_INDUSTRY_CODE_CHECKLIST (old_industry_name, industry_code, industry_name)
values ('供应用仪表及其他通用仪器制造', '4019', '供应用仪表及其他通用仪器制造');
insert into ETL_INDUSTRY_CODE_CHECKLIST (old_industry_name, industry_code, industry_name)
values ('专用仪器仪表制造', '4020', '专用仪器仪表制造');
insert into ETL_INDUSTRY_CODE_CHECKLIST (old_industry_name, industry_code, industry_name)
values ('环境监测专用仪器仪表制造', '4021', '环境监测专用仪器仪表制造');
insert into ETL_INDUSTRY_CODE_CHECKLIST (old_industry_name, industry_code, industry_name)
values ('运输设备及生产用计数仪表制造', '4022', '运输设备及生产用计数仪表制造');
insert into ETL_INDUSTRY_CODE_CHECKLIST (old_industry_name, industry_code, industry_name)
values ('汽车及其他用计数仪表制造', '4022', '运输设备及生产用计数仪表制造');
insert into ETL_INDUSTRY_CODE_CHECKLIST (old_industry_name, industry_code, industry_name)
values ('导航、气象及海洋专用仪器制造', '4023', '导航、气象及海洋专用仪器制造');
insert into ETL_INDUSTRY_CODE_CHECKLIST (old_industry_name, industry_code, industry_name)
values ('地质勘探和地震专用仪器制造', '4025', '地质勘探和地震专用仪器制造');
insert into ETL_INDUSTRY_CODE_CHECKLIST (old_industry_name, industry_code, industry_name)
values ('教学专用仪器制造', '4026', '教学专用仪器制造');
insert into ETL_INDUSTRY_CODE_CHECKLIST (old_industry_name, industry_code, industry_name)
values ('电子测量仪器制造', '4028', '电子测量仪器制造');
insert into ETL_INDUSTRY_CODE_CHECKLIST (old_industry_name, industry_code, industry_name)
values ('其他专用仪器制造', '4029', '其他专用仪器制造');
insert into ETL_INDUSTRY_CODE_CHECKLIST (old_industry_name, industry_code, industry_name)
values ('钟表与计时仪器制造', '4030', '钟表与计时仪器制造');
insert into ETL_INDUSTRY_CODE_CHECKLIST (old_industry_name, industry_code, industry_name)
values ('光学仪器及眼镜制造', '4040', '光学仪器及眼镜制造');
insert into ETL_INDUSTRY_CODE_CHECKLIST (old_industry_name, industry_code, industry_name)
values ('光学仪器制造', '4041', '光学仪器制造');
insert into ETL_INDUSTRY_CODE_CHECKLIST (old_industry_name, industry_code, industry_name)
values ('眼镜制造', '4042', '眼镜制造');
insert into ETL_INDUSTRY_CODE_CHECKLIST (old_industry_name, industry_code, industry_name)
values ('其他仪器仪表的制造及修理', '4090', '其他仪器仪表制造业');
insert into ETL_INDUSTRY_CODE_CHECKLIST (old_industry_name, industry_code, industry_name)
values ('其他仪器仪表制造业', '4090', '其他仪器仪表制造业');
insert into ETL_INDUSTRY_CODE_CHECKLIST (old_industry_name, industry_code, industry_name)
values ('其他制造业', '4100', '其他制造业');
insert into ETL_INDUSTRY_CODE_CHECKLIST (old_industry_name, industry_code, industry_name)
values ('日用杂品制造', '4110', '日用杂品制造');
insert into ETL_INDUSTRY_CODE_CHECKLIST (old_industry_name, industry_code, industry_name)
values ('鬃毛加工、制刷及清扫工具制造', '4111', '鬃毛加工、制刷及清扫工具制造');
insert into ETL_INDUSTRY_CODE_CHECKLIST (old_industry_name, industry_code, industry_name)
values ('鬃毛加工、制刷及清扫工具的制造', '4111', '鬃毛加工、制刷及清扫工具制造');
insert into ETL_INDUSTRY_CODE_CHECKLIST (old_industry_name, industry_code, industry_name)
values ('其他日用杂品制造', '4119', '其他日用杂品制造');
insert into ETL_INDUSTRY_CODE_CHECKLIST (old_industry_name, industry_code, industry_name)
values ('煤制品制造', '4120', '煤制品制造');
commit;
prompt 1000 records committed...
insert into ETL_INDUSTRY_CODE_CHECKLIST (old_industry_name, industry_code, industry_name)
values ('其他未列明的制造业', '4190', '其他未列明制造业');
insert into ETL_INDUSTRY_CODE_CHECKLIST (old_industry_name, industry_code, industry_name)
values ('其他未列明制造业', '4190', '其他未列明制造业');
insert into ETL_INDUSTRY_CODE_CHECKLIST (old_industry_name, industry_code, industry_name)
values ('废弃资源综合利用业', '4200', '废弃资源综合利用业');
insert into ETL_INDUSTRY_CODE_CHECKLIST (old_industry_name, industry_code, industry_name)
values ('废弃资源和废旧材料回收加工业', '4200', '废弃资源综合利用业');
insert into ETL_INDUSTRY_CODE_CHECKLIST (old_industry_name, industry_code, industry_name)
values ('金属废料和碎屑的加工处理', '4210', '金属废料和碎屑加工处理');
insert into ETL_INDUSTRY_CODE_CHECKLIST (old_industry_name, industry_code, industry_name)
values ('金属废料和碎屑加工处理', '4210', '金属废料和碎屑加工处理');
insert into ETL_INDUSTRY_CODE_CHECKLIST (old_industry_name, industry_code, industry_name)
values ('非金属废料和碎屑的加工处理', '4220', '非金属废料和碎屑加工处理');
insert into ETL_INDUSTRY_CODE_CHECKLIST (old_industry_name, industry_code, industry_name)
values ('非金属废料和碎屑加工处理', '4220', '非金属废料和碎屑加工处理');
insert into ETL_INDUSTRY_CODE_CHECKLIST (old_industry_name, industry_code, industry_name)
values ('金属制品、机械和设备修理业', '4300', '金属制品、机械和设备修理业');
insert into ETL_INDUSTRY_CODE_CHECKLIST (old_industry_name, industry_code, industry_name)
values ('金属制品修理', '4310', '金属制品修理');
insert into ETL_INDUSTRY_CODE_CHECKLIST (old_industry_name, industry_code, industry_name)
values ('通用设备修理', '4320', '通用设备修理');
insert into ETL_INDUSTRY_CODE_CHECKLIST (old_industry_name, industry_code, industry_name)
values ('专用设备修理', '4330', '专用设备修理');
insert into ETL_INDUSTRY_CODE_CHECKLIST (old_industry_name, industry_code, industry_name)
values ('铁路、船舶、航空航天等运输设备修理', '4340', '铁路、船舶、航空航天等运输设备修理');
insert into ETL_INDUSTRY_CODE_CHECKLIST (old_industry_name, industry_code, industry_name)
values ('船舶修理', '4342', '船舶修理');
insert into ETL_INDUSTRY_CODE_CHECKLIST (old_industry_name, industry_code, industry_name)
values ('船舶修理及拆船', '4342', '船舶修理');
insert into ETL_INDUSTRY_CODE_CHECKLIST (old_industry_name, industry_code, industry_name)
values ('航空航天器修理', '4343', '航空航天器修理');
insert into ETL_INDUSTRY_CODE_CHECKLIST (old_industry_name, industry_code, industry_name)
values ('电气设备修理', '4350', '电气设备修理');
insert into ETL_INDUSTRY_CODE_CHECKLIST (old_industry_name, industry_code, industry_name)
values ('仪器仪表修理', '4360', '仪器仪表修理');
insert into ETL_INDUSTRY_CODE_CHECKLIST (old_industry_name, industry_code, industry_name)
values ('其他机械和设备修理业', '4390', '其他机械和设备修理业');
insert into ETL_INDUSTRY_CODE_CHECKLIST (old_industry_name, industry_code, industry_name)
values ('电力、热力的生产和供应业', '4400', '电力、热力生产和供应业');
insert into ETL_INDUSTRY_CODE_CHECKLIST (old_industry_name, industry_code, industry_name)
values ('电力、热力生产和供应业', '4400', '电力、热力生产和供应业');
insert into ETL_INDUSTRY_CODE_CHECKLIST (old_industry_name, industry_code, industry_name)
values ('电力生产', '4410', '电力生产');
insert into ETL_INDUSTRY_CODE_CHECKLIST (old_industry_name, industry_code, industry_name)
values ('火力发电', '4411', '火力发电');
insert into ETL_INDUSTRY_CODE_CHECKLIST (old_industry_name, industry_code, industry_name)
values ('太阳能发电', '4415', '太阳能发电');
insert into ETL_INDUSTRY_CODE_CHECKLIST (old_industry_name, industry_code, industry_name)
values ('其他能源发电', '4419', '其他电力生产');
insert into ETL_INDUSTRY_CODE_CHECKLIST (old_industry_name, industry_code, industry_name)
values ('其他电力生产', '4419', '其他电力生产');
insert into ETL_INDUSTRY_CODE_CHECKLIST (old_industry_name, industry_code, industry_name)
values ('电力供应', '4420', '电力供应');
insert into ETL_INDUSTRY_CODE_CHECKLIST (old_industry_name, industry_code, industry_name)
values ('热力生产和供应', '4430', '热力生产和供应');
insert into ETL_INDUSTRY_CODE_CHECKLIST (old_industry_name, industry_code, industry_name)
values ('燃气生产和供应业', '4500', '燃气生产和供应业');
insert into ETL_INDUSTRY_CODE_CHECKLIST (old_industry_name, industry_code, industry_name)
values ('水的生产和供应业', '4600', '水的生产和供应业');
insert into ETL_INDUSTRY_CODE_CHECKLIST (old_industry_name, industry_code, industry_name)
values ('自来水的生产和供应', '4610', '自来水生产和供应');
insert into ETL_INDUSTRY_CODE_CHECKLIST (old_industry_name, industry_code, industry_name)
values ('自来水生产和供应', '4610', '自来水生产和供应');
insert into ETL_INDUSTRY_CODE_CHECKLIST (old_industry_name, industry_code, industry_name)
values ('污水处理及其再生利用', '4620', '污水处理及其再生利用');
insert into ETL_INDUSTRY_CODE_CHECKLIST (old_industry_name, industry_code, industry_name)
values ('其他水的处理、利用与分配', '4690', '其他水的处理、利用与分配');
insert into ETL_INDUSTRY_CODE_CHECKLIST (old_industry_name, industry_code, industry_name)
values ('房屋建筑业', '4700', '房屋建筑业');
insert into ETL_INDUSTRY_CODE_CHECKLIST (old_industry_name, industry_code, industry_name)
values ('房屋和土木工程建筑业', '4700', '房屋建筑业');
insert into ETL_INDUSTRY_CODE_CHECKLIST (old_industry_name, industry_code, industry_name)
values ('房屋工程建筑', '4700', '房屋建筑业');
insert into ETL_INDUSTRY_CODE_CHECKLIST (old_industry_name, industry_code, industry_name)
values ('土木工程建筑业', '4800', '土木工程建筑业');
insert into ETL_INDUSTRY_CODE_CHECKLIST (old_industry_name, industry_code, industry_name)
values ('土木工程建筑', '4800', '土木工程建筑业');
insert into ETL_INDUSTRY_CODE_CHECKLIST (old_industry_name, industry_code, industry_name)
values ('铁路、道路、隧道和桥梁工程建筑', '4810', '铁路、道路、隧道和桥梁工程建筑');
insert into ETL_INDUSTRY_CODE_CHECKLIST (old_industry_name, industry_code, industry_name)
values ('铁路工程建筑', '4811', '铁路工程建筑');
insert into ETL_INDUSTRY_CODE_CHECKLIST (old_industry_name, industry_code, industry_name)
values ('公路工程建筑', '4812', '公路工程建筑');
insert into ETL_INDUSTRY_CODE_CHECKLIST (old_industry_name, industry_code, industry_name)
values ('市政道路工程建筑', '4813', '市政道路工程建筑');
insert into ETL_INDUSTRY_CODE_CHECKLIST (old_industry_name, industry_code, industry_name)
values ('其他道路、隧道和桥梁工程建筑', '4819', '其他道路、隧道和桥梁工程建筑');
insert into ETL_INDUSTRY_CODE_CHECKLIST (old_industry_name, industry_code, industry_name)
values ('水利和内河港口工程建筑', '4820', '水利和内河港口工程建筑');
insert into ETL_INDUSTRY_CODE_CHECKLIST (old_industry_name, industry_code, industry_name)
values ('水利和港口工程建筑', '4820', '水利和内河港口工程建筑');
insert into ETL_INDUSTRY_CODE_CHECKLIST (old_industry_name, industry_code, industry_name)
values ('水源及供水设施工程建筑', '4821', '水源及供水设施工程建筑');
insert into ETL_INDUSTRY_CODE_CHECKLIST (old_industry_name, industry_code, industry_name)
values ('河湖治理及防洪设施工程建筑', '4822', '河湖治理及防洪设施工程建筑');
insert into ETL_INDUSTRY_CODE_CHECKLIST (old_industry_name, industry_code, industry_name)
values ('港口及航运设施工程建筑', '4823', '港口及航运设施工程建筑');
insert into ETL_INDUSTRY_CODE_CHECKLIST (old_industry_name, industry_code, industry_name)
values ('海洋工程建筑', '4830', '海洋工程建筑');
insert into ETL_INDUSTRY_CODE_CHECKLIST (old_industry_name, industry_code, industry_name)
values ('工矿工程建筑', '4840', '工矿工程建筑');
insert into ETL_INDUSTRY_CODE_CHECKLIST (old_industry_name, industry_code, industry_name)
values ('架线和管道工程建筑', '4850', '架线和管道工程建筑');
insert into ETL_INDUSTRY_CODE_CHECKLIST (old_industry_name, industry_code, industry_name)
values ('架线及设备工程建筑', '4851', '架线及设备工程建筑');
insert into ETL_INDUSTRY_CODE_CHECKLIST (old_industry_name, industry_code, industry_name)
values ('管道工程建筑', '4852', '管道工程建筑');
insert into ETL_INDUSTRY_CODE_CHECKLIST (old_industry_name, industry_code, industry_name)
values ('其他建筑业', '4890', '其他土木工程建筑');
insert into ETL_INDUSTRY_CODE_CHECKLIST (old_industry_name, industry_code, industry_name)
values ('其他土木工程建筑', '4890', '其他土木工程建筑');
insert into ETL_INDUSTRY_CODE_CHECKLIST (old_industry_name, industry_code, industry_name)
values ('建筑安装业', '4900', '建筑安装业');
insert into ETL_INDUSTRY_CODE_CHECKLIST (old_industry_name, industry_code, industry_name)
values ('电气安装', '4910', '电气安装');
insert into ETL_INDUSTRY_CODE_CHECKLIST (old_industry_name, industry_code, industry_name)
values ('管道和设备安装', '4920', '管道和设备安装');
insert into ETL_INDUSTRY_CODE_CHECKLIST (old_industry_name, industry_code, industry_name)
values ('其他建筑安装业', '4990', '其他建筑安装业');
insert into ETL_INDUSTRY_CODE_CHECKLIST (old_industry_name, industry_code, industry_name)
values ('建筑装饰和其他建筑业', '5000', '建筑装饰和其他建筑业');
insert into ETL_INDUSTRY_CODE_CHECKLIST (old_industry_name, industry_code, industry_name)
values ('建筑装饰业', '5010', '建筑装饰业');
insert into ETL_INDUSTRY_CODE_CHECKLIST (old_industry_name, industry_code, industry_name)
values ('工程准备活动', '5020', '工程准备活动');
insert into ETL_INDUSTRY_CODE_CHECKLIST (old_industry_name, industry_code, industry_name)
values ('工程准备', '5020', '工程准备活动');
insert into ETL_INDUSTRY_CODE_CHECKLIST (old_industry_name, industry_code, industry_name)
values ('建筑物拆除活动', '5021', '建筑物拆除活动');
insert into ETL_INDUSTRY_CODE_CHECKLIST (old_industry_name, industry_code, industry_name)
values ('其他工程准备活动', '5029', '其他工程准备活动');
insert into ETL_INDUSTRY_CODE_CHECKLIST (old_industry_name, industry_code, industry_name)
values ('提供施工设备服务', '5030', '提供施工设备服务');
insert into ETL_INDUSTRY_CODE_CHECKLIST (old_industry_name, industry_code, industry_name)
values ('其他未列明的建筑活动', '5090', '其他未列明建筑业');
insert into ETL_INDUSTRY_CODE_CHECKLIST (old_industry_name, industry_code, industry_name)
values ('其他未列明建筑业', '5090', '其他未列明建筑业');
insert into ETL_INDUSTRY_CODE_CHECKLIST (old_industry_name, industry_code, industry_name)
values ('批发业', '5100', '批发业');
insert into ETL_INDUSTRY_CODE_CHECKLIST (old_industry_name, industry_code, industry_name)
values ('农、林、牧产品批发', '5110', '农、林、牧产品批发');
insert into ETL_INDUSTRY_CODE_CHECKLIST (old_industry_name, industry_code, industry_name)
values ('农畜产品批发', '5110', '农、林、牧产品批发');
insert into ETL_INDUSTRY_CODE_CHECKLIST (old_industry_name, industry_code, industry_name)
values ('种子、饲料批发', '5110', '农、林、牧产品批发');
insert into ETL_INDUSTRY_CODE_CHECKLIST (old_industry_name, industry_code, industry_name)
values ('谷物、豆及薯类批发', '5111', '谷物、豆及薯类批发');
insert into ETL_INDUSTRY_CODE_CHECKLIST (old_industry_name, industry_code, industry_name)
values ('种子批发', '5112', '种子批发');
insert into ETL_INDUSTRY_CODE_CHECKLIST (old_industry_name, industry_code, industry_name)
values ('饲料批发', '5113', '饲料批发');
insert into ETL_INDUSTRY_CODE_CHECKLIST (old_industry_name, industry_code, industry_name)
values ('棉、麻批发', '5114', '棉、麻批发');
insert into ETL_INDUSTRY_CODE_CHECKLIST (old_industry_name, industry_code, industry_name)
values ('林业产品批发', '5115', '林业产品批发');
insert into ETL_INDUSTRY_CODE_CHECKLIST (old_industry_name, industry_code, industry_name)
values ('牲畜批发', '5116', '牲畜批发');
insert into ETL_INDUSTRY_CODE_CHECKLIST (old_industry_name, industry_code, industry_name)
values ('其他农牧产品批发', '5119', '其他农牧产品批发');
insert into ETL_INDUSTRY_CODE_CHECKLIST (old_industry_name, industry_code, industry_name)
values ('其他农畜产品批发', '5119', '其他农牧产品批发');
insert into ETL_INDUSTRY_CODE_CHECKLIST (old_industry_name, industry_code, industry_name)
values ('食品、饮料及烟草制品批发', '5120', '食品、饮料及烟草制品批发');
insert into ETL_INDUSTRY_CODE_CHECKLIST (old_industry_name, industry_code, industry_name)
values ('米、面制品及食用油批发', '5121', '米、面制品及食用油批发');
insert into ETL_INDUSTRY_CODE_CHECKLIST (old_industry_name, industry_code, industry_name)
values ('糕点、糖果及糖批发', '5122', '糕点、糖果及糖批发');
insert into ETL_INDUSTRY_CODE_CHECKLIST (old_industry_name, industry_code, industry_name)
values ('果品、蔬菜批发', '5123', '果品、蔬菜批发');
insert into ETL_INDUSTRY_CODE_CHECKLIST (old_industry_name, industry_code, industry_name)
values ('肉、禽、蛋、奶及水产品批发', '5124', '肉、禽、蛋、奶及水产品批发');
insert into ETL_INDUSTRY_CODE_CHECKLIST (old_industry_name, industry_code, industry_name)
values ('肉、禽、蛋及水产品批发', '5124', '肉、禽、蛋、奶及水产品批发');
insert into ETL_INDUSTRY_CODE_CHECKLIST (old_industry_name, industry_code, industry_name)
values ('盐及调味品批发', '5125', '盐及调味品批发');
insert into ETL_INDUSTRY_CODE_CHECKLIST (old_industry_name, industry_code, industry_name)
values ('营养和保健品批发', '5126', '营养和保健品批发');
insert into ETL_INDUSTRY_CODE_CHECKLIST (old_industry_name, industry_code, industry_name)
values ('酒、饮料及茶叶批发', '5127', '酒、饮料及茶叶批发');
insert into ETL_INDUSTRY_CODE_CHECKLIST (old_industry_name, industry_code, industry_name)
values ('饮料及茶叶批发', '5127', '酒、饮料及茶叶批发');
insert into ETL_INDUSTRY_CODE_CHECKLIST (old_industry_name, industry_code, industry_name)
values ('烟草制品批发', '5128', '烟草制品批发');
insert into ETL_INDUSTRY_CODE_CHECKLIST (old_industry_name, industry_code, industry_name)
values ('其他食品批发', '5129', '其他食品批发');
insert into ETL_INDUSTRY_CODE_CHECKLIST (old_industry_name, industry_code, industry_name)
values ('纺织、服装及家庭用品批发', '5130', '纺织、服装及家庭用品批发');
insert into ETL_INDUSTRY_CODE_CHECKLIST (old_industry_name, industry_code, industry_name)
values ('纺织、服装及日用品批发', '5130', '纺织、服装及家庭用品批发');
insert into ETL_INDUSTRY_CODE_CHECKLIST (old_industry_name, industry_code, industry_name)
values ('纺织品、针织品及原料批发', '5131', '纺织品、针织品及原料批发');
insert into ETL_INDUSTRY_CODE_CHECKLIST (old_industry_name, industry_code, industry_name)
values ('服装批发', '5132', '服装批发');
insert into ETL_INDUSTRY_CODE_CHECKLIST (old_industry_name, industry_code, industry_name)
values ('鞋帽批发', '5133', '鞋帽批发');
insert into ETL_INDUSTRY_CODE_CHECKLIST (old_industry_name, industry_code, industry_name)
values ('化妆品及卫生用品批发', '5134', '化妆品及卫生用品批发');
insert into ETL_INDUSTRY_CODE_CHECKLIST (old_industry_name, industry_code, industry_name)
values ('厨房、卫生间用具及日用杂货批发', '5135', '厨房、卫生间用具及日用杂货批发');
commit;
prompt 1100 records committed...
insert into ETL_INDUSTRY_CODE_CHECKLIST (old_industry_name, industry_code, industry_name)
values ('灯具、装饰物品批发', '5136', '灯具、装饰物品批发');
insert into ETL_INDUSTRY_CODE_CHECKLIST (old_industry_name, industry_code, industry_name)
values ('家用电器批发', '5137', '家用电器批发');
insert into ETL_INDUSTRY_CODE_CHECKLIST (old_industry_name, industry_code, industry_name)
values ('其他家庭用品批发', '5139', '其他家庭用品批发');
insert into ETL_INDUSTRY_CODE_CHECKLIST (old_industry_name, industry_code, industry_name)
values ('其他日用品批发', '5139', '其他家庭用品批发');
insert into ETL_INDUSTRY_CODE_CHECKLIST (old_industry_name, industry_code, industry_name)
values ('文化、体育用品及器材批发', '5140', '文化、体育用品及器材批发');
insert into ETL_INDUSTRY_CODE_CHECKLIST (old_industry_name, industry_code, industry_name)
values ('文具用品批发', '5141', '文具用品批发');
insert into ETL_INDUSTRY_CODE_CHECKLIST (old_industry_name, industry_code, industry_name)
values ('体育用品及器材批发', '5142', '体育用品及器材批发');
insert into ETL_INDUSTRY_CODE_CHECKLIST (old_industry_name, industry_code, industry_name)
values ('体育用品批发', '5142', '体育用品及器材批发');
insert into ETL_INDUSTRY_CODE_CHECKLIST (old_industry_name, industry_code, industry_name)
values ('图书批发', '5143', '图书批发');
insert into ETL_INDUSTRY_CODE_CHECKLIST (old_industry_name, industry_code, industry_name)
values ('报刊批发', '5144', '报刊批发');
insert into ETL_INDUSTRY_CODE_CHECKLIST (old_industry_name, industry_code, industry_name)
values ('音像制品及电子出版物批发', '5145', '音像制品及电子出版物批发');
insert into ETL_INDUSTRY_CODE_CHECKLIST (old_industry_name, industry_code, industry_name)
values ('首饰、工艺品及收藏品批发', '5146', '首饰、工艺品及收藏品批发');
insert into ETL_INDUSTRY_CODE_CHECKLIST (old_industry_name, industry_code, industry_name)
values ('其他文化用品批发', '5149', '其他文化用品批发');
insert into ETL_INDUSTRY_CODE_CHECKLIST (old_industry_name, industry_code, industry_name)
values ('医药及医疗器材批发', '5150', '医药及医疗器材批发');
insert into ETL_INDUSTRY_CODE_CHECKLIST (old_industry_name, industry_code, industry_name)
values ('西药批发', '5151', '西药批发');
insert into ETL_INDUSTRY_CODE_CHECKLIST (old_industry_name, industry_code, industry_name)
values ('中药批发', '5152', '中药批发');
insert into ETL_INDUSTRY_CODE_CHECKLIST (old_industry_name, industry_code, industry_name)
values ('中药材及中成药批发', '5152', '中药批发');
insert into ETL_INDUSTRY_CODE_CHECKLIST (old_industry_name, industry_code, industry_name)
values ('医疗用品及器材批发', '5153', '医疗用品及器材批发');
insert into ETL_INDUSTRY_CODE_CHECKLIST (old_industry_name, industry_code, industry_name)
values ('矿产品、建材及化工产品批发', '5160', '矿产品、建材及化工产品批发');
insert into ETL_INDUSTRY_CODE_CHECKLIST (old_industry_name, industry_code, industry_name)
values ('煤炭及制品批发', '5161', '煤炭及制品批发');
insert into ETL_INDUSTRY_CODE_CHECKLIST (old_industry_name, industry_code, industry_name)
values ('石油及制品批发', '5162', '石油及制品批发');
insert into ETL_INDUSTRY_CODE_CHECKLIST (old_industry_name, industry_code, industry_name)
values ('非金属矿及制品批发', '5163', '非金属矿及制品批发');
insert into ETL_INDUSTRY_CODE_CHECKLIST (old_industry_name, industry_code, industry_name)
values ('金属及金属矿批发', '5164', '金属及金属矿批发');
insert into ETL_INDUSTRY_CODE_CHECKLIST (old_industry_name, industry_code, industry_name)
values ('建材批发', '5165', '建材批发');
insert into ETL_INDUSTRY_CODE_CHECKLIST (old_industry_name, industry_code, industry_name)
values ('化肥批发', '5166', '化肥批发');
insert into ETL_INDUSTRY_CODE_CHECKLIST (old_industry_name, industry_code, industry_name)
values ('农药批发', '5167', '农药批发');
insert into ETL_INDUSTRY_CODE_CHECKLIST (old_industry_name, industry_code, industry_name)
values ('农用薄膜批发', '5168', '农用薄膜批发');
insert into ETL_INDUSTRY_CODE_CHECKLIST (old_industry_name, industry_code, industry_name)
values ('其他化工产品批发', '5169', '其他化工产品批发');
insert into ETL_INDUSTRY_CODE_CHECKLIST (old_industry_name, industry_code, industry_name)
values ('机械设备、五金产品及电子产品批发', '5170', '机械设备、五金产品及电子产品批发');
insert into ETL_INDUSTRY_CODE_CHECKLIST (old_industry_name, industry_code, industry_name)
values ('机械设备、五金交电及电子产品批发', '5170', '机械设备、五金产品及电子产品批发');
insert into ETL_INDUSTRY_CODE_CHECKLIST (old_industry_name, industry_code, industry_name)
values ('五金、交电批发', '5170', '机械设备、五金产品及电子产品批发');
insert into ETL_INDUSTRY_CODE_CHECKLIST (old_industry_name, industry_code, industry_name)
values ('农业机械批发', '5171', '农业机械批发');
insert into ETL_INDUSTRY_CODE_CHECKLIST (old_industry_name, industry_code, industry_name)
values ('汽车批发', '5172', '汽车批发');
insert into ETL_INDUSTRY_CODE_CHECKLIST (old_industry_name, industry_code, industry_name)
values ('汽车零配件批发', '5173', '汽车零配件批发');
insert into ETL_INDUSTRY_CODE_CHECKLIST (old_industry_name, industry_code, industry_name)
values ('汽车、摩托车及零配件批发', '5173', '汽车零配件批发');
insert into ETL_INDUSTRY_CODE_CHECKLIST (old_industry_name, industry_code, industry_name)
values ('摩托车及零配件批发', '5174', '摩托车及零配件批发');
insert into ETL_INDUSTRY_CODE_CHECKLIST (old_industry_name, industry_code, industry_name)
values ('五金产品批发', '5175', '五金产品批发');
insert into ETL_INDUSTRY_CODE_CHECKLIST (old_industry_name, industry_code, industry_name)
values ('电气设备批发', '5176', '电气设备批发');
insert into ETL_INDUSTRY_CODE_CHECKLIST (old_industry_name, industry_code, industry_name)
values ('计算机、软件及辅助设备批发', '5177', '计算机、软件及辅助设备批发');
insert into ETL_INDUSTRY_CODE_CHECKLIST (old_industry_name, industry_code, industry_name)
values ('通讯及广播电视设备批发', '5178', '通讯及广播电视设备批发');
insert into ETL_INDUSTRY_CODE_CHECKLIST (old_industry_name, industry_code, industry_name)
values ('其他机械设备及电子产品批发', '5179', '其他机械设备及电子产品批发');
insert into ETL_INDUSTRY_CODE_CHECKLIST (old_industry_name, industry_code, industry_name)
values ('贸易经纪与代理', '5180', '贸易经纪与代理');
insert into ETL_INDUSTRY_CODE_CHECKLIST (old_industry_name, industry_code, industry_name)
values ('贸易代理', '5181', '贸易代理');
insert into ETL_INDUSTRY_CODE_CHECKLIST (old_industry_name, industry_code, industry_name)
values ('拍卖', '5182', '拍卖');
insert into ETL_INDUSTRY_CODE_CHECKLIST (old_industry_name, industry_code, industry_name)
values ('其他贸易经纪与代理', '5189', '其他贸易经纪与代理');
insert into ETL_INDUSTRY_CODE_CHECKLIST (old_industry_name, industry_code, industry_name)
values ('其他批发业', '5190', '其他批发业');
insert into ETL_INDUSTRY_CODE_CHECKLIST (old_industry_name, industry_code, industry_name)
values ('其他批发', '5190', '其他批发业');
insert into ETL_INDUSTRY_CODE_CHECKLIST (old_industry_name, industry_code, industry_name)
values ('再生物资回收与批发', '5191', '再生物资回收与批发');
insert into ETL_INDUSTRY_CODE_CHECKLIST (old_industry_name, industry_code, industry_name)
values ('其他未列明批发业', '5199', '其他未列明批发业');
insert into ETL_INDUSTRY_CODE_CHECKLIST (old_industry_name, industry_code, industry_name)
values ('其他未列明的批发', '5199', '其他未列明批发业');
insert into ETL_INDUSTRY_CODE_CHECKLIST (old_industry_name, industry_code, industry_name)
values ('零售业', '5200', '零售业');
insert into ETL_INDUSTRY_CODE_CHECKLIST (old_industry_name, industry_code, industry_name)
values ('综合零售', '5210', '综合零售');
insert into ETL_INDUSTRY_CODE_CHECKLIST (old_industry_name, industry_code, industry_name)
values ('百货零售', '5211', '百货零售');
insert into ETL_INDUSTRY_CODE_CHECKLIST (old_industry_name, industry_code, industry_name)
values ('超级市场零售', '5212', '超级市场零售');
insert into ETL_INDUSTRY_CODE_CHECKLIST (old_industry_name, industry_code, industry_name)
values ('其他综合零售', '5219', '其他综合零售');
insert into ETL_INDUSTRY_CODE_CHECKLIST (old_industry_name, industry_code, industry_name)
values ('食品、饮料及烟草制品专门零售', '5220', '食品、饮料及烟草制品专门零售');
insert into ETL_INDUSTRY_CODE_CHECKLIST (old_industry_name, industry_code, industry_name)
values ('粮油零售', '5221', '粮油零售');
insert into ETL_INDUSTRY_CODE_CHECKLIST (old_industry_name, industry_code, industry_name)
values ('糕点、面包零售', '5222', '糕点、面包零售');
insert into ETL_INDUSTRY_CODE_CHECKLIST (old_industry_name, industry_code, industry_name)
values ('果品、蔬菜零售', '5223', '果品、蔬菜零售');
insert into ETL_INDUSTRY_CODE_CHECKLIST (old_industry_name, industry_code, industry_name)
values ('肉、禽、蛋、奶及水产品零售', '5224', '肉、禽、蛋、奶及水产品零售');
insert into ETL_INDUSTRY_CODE_CHECKLIST (old_industry_name, industry_code, industry_name)
values ('肉、禽、蛋及水产品零售', '5224', '肉、禽、蛋、奶及水产品零售');
insert into ETL_INDUSTRY_CODE_CHECKLIST (old_industry_name, industry_code, industry_name)
values ('营养和保健品零售', '5225', '营养和保健品零售');
insert into ETL_INDUSTRY_CODE_CHECKLIST (old_industry_name, industry_code, industry_name)
values ('酒、饮料及茶叶零售', '5226', '酒、饮料及茶叶零售');
insert into ETL_INDUSTRY_CODE_CHECKLIST (old_industry_name, industry_code, industry_name)
values ('饮料及茶叶零售', '5226', '酒、饮料及茶叶零售');
insert into ETL_INDUSTRY_CODE_CHECKLIST (old_industry_name, industry_code, industry_name)
values ('烟草制品零售', '5227', '烟草制品零售');
insert into ETL_INDUSTRY_CODE_CHECKLIST (old_industry_name, industry_code, industry_name)
values ('其他食品零售', '5229', '其他食品零售');
insert into ETL_INDUSTRY_CODE_CHECKLIST (old_industry_name, industry_code, industry_name)
values ('纺织、服装及日用品专门零售', '5230', '纺织、服装及日用品专门零售');
insert into ETL_INDUSTRY_CODE_CHECKLIST (old_industry_name, industry_code, industry_name)
values ('纺织品及针织品零售', '5231', '纺织品及针织品零售');
insert into ETL_INDUSTRY_CODE_CHECKLIST (old_industry_name, industry_code, industry_name)
values ('服装零售', '5232', '服装零售');
insert into ETL_INDUSTRY_CODE_CHECKLIST (old_industry_name, industry_code, industry_name)
values ('鞋帽零售', '5233', '鞋帽零售');
insert into ETL_INDUSTRY_CODE_CHECKLIST (old_industry_name, industry_code, industry_name)
values ('化妆品及卫生用品零售', '5234', '化妆品及卫生用品零售');
insert into ETL_INDUSTRY_CODE_CHECKLIST (old_industry_name, industry_code, industry_name)
values ('钟表、眼镜零售', '5235', '钟表、眼镜零售');
insert into ETL_INDUSTRY_CODE_CHECKLIST (old_industry_name, industry_code, industry_name)
values ('箱、包零售', '5236', '箱、包零售');
insert into ETL_INDUSTRY_CODE_CHECKLIST (old_industry_name, industry_code, industry_name)
values ('厨房用具及日用杂品零售', '5237', '厨房用具及日用杂品零售');
insert into ETL_INDUSTRY_CODE_CHECKLIST (old_industry_name, industry_code, industry_name)
values ('自行车零售', '5238', '自行车零售');
insert into ETL_INDUSTRY_CODE_CHECKLIST (old_industry_name, industry_code, industry_name)
values ('其他日用品零售', '5239', '其他日用品零售');
insert into ETL_INDUSTRY_CODE_CHECKLIST (old_industry_name, industry_code, industry_name)
values ('花卉零售', '5239', '其他日用品零售');
insert into ETL_INDUSTRY_CODE_CHECKLIST (old_industry_name, industry_code, industry_name)
values ('文化、体育用品及器材专门零售', '5240', '文化、体育用品及器材专门零售');
insert into ETL_INDUSTRY_CODE_CHECKLIST (old_industry_name, industry_code, industry_name)
values ('文具用品零售', '5241', '文具用品零售');
insert into ETL_INDUSTRY_CODE_CHECKLIST (old_industry_name, industry_code, industry_name)
values ('体育用品及器材零售', '5242', '体育用品及器材零售');
insert into ETL_INDUSTRY_CODE_CHECKLIST (old_industry_name, industry_code, industry_name)
values ('体育用品零售', '5242', '体育用品及器材零售');
insert into ETL_INDUSTRY_CODE_CHECKLIST (old_industry_name, industry_code, industry_name)
values ('图书、报刊零售', '5243', '图书、报刊零售');
insert into ETL_INDUSTRY_CODE_CHECKLIST (old_industry_name, industry_code, industry_name)
values ('图书零售', '5243', '图书、报刊零售');
insert into ETL_INDUSTRY_CODE_CHECKLIST (old_industry_name, industry_code, industry_name)
values ('报刊零售', '5243', '图书、报刊零售');
insert into ETL_INDUSTRY_CODE_CHECKLIST (old_industry_name, industry_code, industry_name)
values ('音像制品及电子出版物零售', '5244', '音像制品及电子出版物零售');
insert into ETL_INDUSTRY_CODE_CHECKLIST (old_industry_name, industry_code, industry_name)
values ('珠宝首饰零售', '5245', '珠宝首饰零售');
insert into ETL_INDUSTRY_CODE_CHECKLIST (old_industry_name, industry_code, industry_name)
values ('工艺美术品及收藏品零售', '5246', '工艺美术品及收藏品零售');
insert into ETL_INDUSTRY_CODE_CHECKLIST (old_industry_name, industry_code, industry_name)
values ('乐器零售', '5247', '乐器零售');
insert into ETL_INDUSTRY_CODE_CHECKLIST (old_industry_name, industry_code, industry_name)
values ('照相器材零售', '5248', '照相器材零售');
insert into ETL_INDUSTRY_CODE_CHECKLIST (old_industry_name, industry_code, industry_name)
values ('其他文化用品零售', '5249', '其他文化用品零售');
insert into ETL_INDUSTRY_CODE_CHECKLIST (old_industry_name, industry_code, industry_name)
values ('医药及医疗器材专门零售', '5250', '医药及医疗器材专门零售');
insert into ETL_INDUSTRY_CODE_CHECKLIST (old_industry_name, industry_code, industry_name)
values ('药品零售', '5251', '药品零售');
insert into ETL_INDUSTRY_CODE_CHECKLIST (old_industry_name, industry_code, industry_name)
values ('医疗用品及器材零售', '5252', '医疗用品及器材零售');
insert into ETL_INDUSTRY_CODE_CHECKLIST (old_industry_name, industry_code, industry_name)
values ('汽车、摩托车、燃料及零配件专门零售', '5260', '汽车、摩托车、燃料及零配件专门零售');
insert into ETL_INDUSTRY_CODE_CHECKLIST (old_industry_name, industry_code, industry_name)
values ('汽车零售', '5261', '汽车零售');
insert into ETL_INDUSTRY_CODE_CHECKLIST (old_industry_name, industry_code, industry_name)
values ('汽车零配件零售', '5262', '汽车零配件零售');
insert into ETL_INDUSTRY_CODE_CHECKLIST (old_industry_name, industry_code, industry_name)
values ('摩托车及零配件零售', '5263', '摩托车及零配件零售');
insert into ETL_INDUSTRY_CODE_CHECKLIST (old_industry_name, industry_code, industry_name)
values ('机动车燃料零售', '5264', '机动车燃料零售');
insert into ETL_INDUSTRY_CODE_CHECKLIST (old_industry_name, industry_code, industry_name)
values ('家用电器及电子产品专门零售', '5270', '家用电器及电子产品专门零售');
insert into ETL_INDUSTRY_CODE_CHECKLIST (old_industry_name, industry_code, industry_name)
values ('家用电器零售', '5270', '家用电器及电子产品专门零售');
commit;
prompt 1200 records committed...
insert into ETL_INDUSTRY_CODE_CHECKLIST (old_industry_name, industry_code, industry_name)
values ('家用视听设备零售', '5271', '家用视听设备零售');
insert into ETL_INDUSTRY_CODE_CHECKLIST (old_industry_name, industry_code, industry_name)
values ('日用家电设备零售', '5272', '日用家电设备零售');
insert into ETL_INDUSTRY_CODE_CHECKLIST (old_industry_name, industry_code, industry_name)
values ('计算机、软件及辅助设备零售', '5273', '计算机、软件及辅助设备零售');
insert into ETL_INDUSTRY_CODE_CHECKLIST (old_industry_name, industry_code, industry_name)
values ('通信设备零售', '5274', '通信设备零售');
insert into ETL_INDUSTRY_CODE_CHECKLIST (old_industry_name, industry_code, industry_name)
values ('其他电子产品零售', '5279', '其他电子产品零售');
insert into ETL_INDUSTRY_CODE_CHECKLIST (old_industry_name, industry_code, industry_name)
values ('五金、家具及室内装饰材料专门零售', '5280', '五金、家具及室内装饰材料专门零售');
insert into ETL_INDUSTRY_CODE_CHECKLIST (old_industry_name, industry_code, industry_name)
values ('五金、家具及室内装修材料专门零售', '5280', '五金、家具及室内装饰材料专门零售');
insert into ETL_INDUSTRY_CODE_CHECKLIST (old_industry_name, industry_code, industry_name)
values ('五金零售', '5281', '五金零售');
insert into ETL_INDUSTRY_CODE_CHECKLIST (old_industry_name, industry_code, industry_name)
values ('灯具零售', '5282', '灯具零售');
insert into ETL_INDUSTRY_CODE_CHECKLIST (old_industry_name, industry_code, industry_name)
values ('家具零售', '5283', '家具零售');
insert into ETL_INDUSTRY_CODE_CHECKLIST (old_industry_name, industry_code, industry_name)
values ('涂料零售', '5284', '涂料零售');
insert into ETL_INDUSTRY_CODE_CHECKLIST (old_industry_name, industry_code, industry_name)
values ('卫生洁具零售', '5285', '卫生洁具零售');
insert into ETL_INDUSTRY_CODE_CHECKLIST (old_industry_name, industry_code, industry_name)
values ('木质装饰材料零售', '5286', '木质装饰材料零售');
insert into ETL_INDUSTRY_CODE_CHECKLIST (old_industry_name, industry_code, industry_name)
values ('陶瓷、石材装饰材料零售', '5287', '陶瓷、石材装饰材料零售');
insert into ETL_INDUSTRY_CODE_CHECKLIST (old_industry_name, industry_code, industry_name)
values ('其他室内装饰材料零售', '5289', '其他室内装饰材料零售');
insert into ETL_INDUSTRY_CODE_CHECKLIST (old_industry_name, industry_code, industry_name)
values ('其他室内装修材料零售', '5289', '其他室内装饰材料零售');
insert into ETL_INDUSTRY_CODE_CHECKLIST (old_industry_name, industry_code, industry_name)
values ('货摊、无店铺及其他零售业', '5290', '货摊、无店铺及其他零售业');
insert into ETL_INDUSTRY_CODE_CHECKLIST (old_industry_name, industry_code, industry_name)
values ('无店铺及其他零售', '5290', '货摊、无店铺及其他零售业');
insert into ETL_INDUSTRY_CODE_CHECKLIST (old_industry_name, industry_code, industry_name)
values ('货摊食品零售', '5291', '货摊食品零售');
insert into ETL_INDUSTRY_CODE_CHECKLIST (old_industry_name, industry_code, industry_name)
values ('货摊纺织、服装及鞋零售', '5292', '货摊纺织、服装及鞋零售');
insert into ETL_INDUSTRY_CODE_CHECKLIST (old_industry_name, industry_code, industry_name)
values ('货摊日用品零售', '5293', '货摊日用品零售');
insert into ETL_INDUSTRY_CODE_CHECKLIST (old_industry_name, industry_code, industry_name)
values ('互联网零售', '5294', '互联网零售');
insert into ETL_INDUSTRY_CODE_CHECKLIST (old_industry_name, industry_code, industry_name)
values ('邮购及电子销售', '5295', '邮购及电视、电话零售');
insert into ETL_INDUSTRY_CODE_CHECKLIST (old_industry_name, industry_code, industry_name)
values ('旧货零售', '5296', '旧货零售');
insert into ETL_INDUSTRY_CODE_CHECKLIST (old_industry_name, industry_code, industry_name)
values ('生活用燃料零售', '5297', '生活用燃料零售');
insert into ETL_INDUSTRY_CODE_CHECKLIST (old_industry_name, industry_code, industry_name)
values ('其他未列明零售业', '5299', '其他未列明零售业');
insert into ETL_INDUSTRY_CODE_CHECKLIST (old_industry_name, industry_code, industry_name)
values ('其他未列明的零售', '5299', '其他未列明零售业');
insert into ETL_INDUSTRY_CODE_CHECKLIST (old_industry_name, industry_code, industry_name)
values ('铁路运输业', '5300', '铁路运输业');
insert into ETL_INDUSTRY_CODE_CHECKLIST (old_industry_name, industry_code, industry_name)
values ('铁路货物运输', '5320', '铁路货物运输');
insert into ETL_INDUSTRY_CODE_CHECKLIST (old_industry_name, industry_code, industry_name)
values ('铁路运输辅助活动', '5330', '铁路运输辅助活动');
insert into ETL_INDUSTRY_CODE_CHECKLIST (old_industry_name, industry_code, industry_name)
values ('货运火车站', '5332', '货运火车站');
insert into ETL_INDUSTRY_CODE_CHECKLIST (old_industry_name, industry_code, industry_name)
values ('其他铁路运输辅助活动', '5339', '其他铁路运输辅助活动');
insert into ETL_INDUSTRY_CODE_CHECKLIST (old_industry_name, industry_code, industry_name)
values ('道路运输业', '5400', '道路运输业');
insert into ETL_INDUSTRY_CODE_CHECKLIST (old_industry_name, industry_code, industry_name)
values ('城市公共交通运输', '5410', '城市公共交通运输');
insert into ETL_INDUSTRY_CODE_CHECKLIST (old_industry_name, industry_code, industry_name)
values ('城市公共交通业', '5410', '城市公共交通运输');
insert into ETL_INDUSTRY_CODE_CHECKLIST (old_industry_name, industry_code, industry_name)
values ('公共电汽车客运', '5411', '公共电汽车客运');
insert into ETL_INDUSTRY_CODE_CHECKLIST (old_industry_name, industry_code, industry_name)
values ('城市轨道交通', '5412', '城市轨道交通');
insert into ETL_INDUSTRY_CODE_CHECKLIST (old_industry_name, industry_code, industry_name)
values ('轨道交通', '5412', '城市轨道交通');
insert into ETL_INDUSTRY_CODE_CHECKLIST (old_industry_name, industry_code, industry_name)
values ('出租车客运', '5413', '出租车客运');
insert into ETL_INDUSTRY_CODE_CHECKLIST (old_industry_name, industry_code, industry_name)
values ('其他城市公共交通运输', '5419', '其他城市公共交通运输');
insert into ETL_INDUSTRY_CODE_CHECKLIST (old_industry_name, industry_code, industry_name)
values ('其他城市公共交通', '5419', '其他城市公共交通运输');
insert into ETL_INDUSTRY_CODE_CHECKLIST (old_industry_name, industry_code, industry_name)
values ('公路旅客运输', '5420', '公路旅客运输');
insert into ETL_INDUSTRY_CODE_CHECKLIST (old_industry_name, industry_code, industry_name)
values ('道路货物运输', '5430', '道路货物运输');
insert into ETL_INDUSTRY_CODE_CHECKLIST (old_industry_name, industry_code, industry_name)
values ('道路运输辅助活动', '5440', '道路运输辅助活动');
insert into ETL_INDUSTRY_CODE_CHECKLIST (old_industry_name, industry_code, industry_name)
values ('客运汽车站', '5441', '客运汽车站');
insert into ETL_INDUSTRY_CODE_CHECKLIST (old_industry_name, industry_code, industry_name)
values ('公路管理与养护', '5442', '公路管理与养护');
insert into ETL_INDUSTRY_CODE_CHECKLIST (old_industry_name, industry_code, industry_name)
values ('其他道路运输辅助活动', '5449', '其他道路运输辅助活动');
insert into ETL_INDUSTRY_CODE_CHECKLIST (old_industry_name, industry_code, industry_name)
values ('水上运输业', '5500', '水上运输业');
insert into ETL_INDUSTRY_CODE_CHECKLIST (old_industry_name, industry_code, industry_name)
values ('水上旅客运输', '5510', '水上旅客运输');
insert into ETL_INDUSTRY_CODE_CHECKLIST (old_industry_name, industry_code, industry_name)
values ('海洋旅客运输', '5511', '海洋旅客运输');
insert into ETL_INDUSTRY_CODE_CHECKLIST (old_industry_name, industry_code, industry_name)
values ('远洋旅客运输', '5511', '海洋旅客运输');
insert into ETL_INDUSTRY_CODE_CHECKLIST (old_industry_name, industry_code, industry_name)
values ('内河旅客运输', '5512', '内河旅客运输');
insert into ETL_INDUSTRY_CODE_CHECKLIST (old_industry_name, industry_code, industry_name)
values ('水上货物运输', '5520', '水上货物运输');
insert into ETL_INDUSTRY_CODE_CHECKLIST (old_industry_name, industry_code, industry_name)
values ('沿海货物运输', '5522', '沿海货物运输');
insert into ETL_INDUSTRY_CODE_CHECKLIST (old_industry_name, industry_code, industry_name)
values ('内河货物运输', '5523', '内河货物运输');
insert into ETL_INDUSTRY_CODE_CHECKLIST (old_industry_name, industry_code, industry_name)
values ('水上运输辅助活动', '5530', '水上运输辅助活动');
insert into ETL_INDUSTRY_CODE_CHECKLIST (old_industry_name, industry_code, industry_name)
values ('客运港口', '5531', '客运港口');
insert into ETL_INDUSTRY_CODE_CHECKLIST (old_industry_name, industry_code, industry_name)
values ('货运港口', '5532', '货运港口');
insert into ETL_INDUSTRY_CODE_CHECKLIST (old_industry_name, industry_code, industry_name)
values ('其他水上运输辅助活动', '5539', '其他水上运输辅助活动');
insert into ETL_INDUSTRY_CODE_CHECKLIST (old_industry_name, industry_code, industry_name)
values ('航空运输业', '5600', '航空运输业');
insert into ETL_INDUSTRY_CODE_CHECKLIST (old_industry_name, industry_code, industry_name)
values ('航空客货运输', '5610', '航空客货运输');
insert into ETL_INDUSTRY_CODE_CHECKLIST (old_industry_name, industry_code, industry_name)
values ('航空货物运输', '5612', '航空货物运输');
insert into ETL_INDUSTRY_CODE_CHECKLIST (old_industry_name, industry_code, industry_name)
values ('通用航空服务', '5620', '通用航空服务');
insert into ETL_INDUSTRY_CODE_CHECKLIST (old_industry_name, industry_code, industry_name)
values ('航空运输辅助活动', '5630', '航空运输辅助活动');
insert into ETL_INDUSTRY_CODE_CHECKLIST (old_industry_name, industry_code, industry_name)
values ('其他航空运输辅助活动', '5639', '其他航空运输辅助活动');
insert into ETL_INDUSTRY_CODE_CHECKLIST (old_industry_name, industry_code, industry_name)
values ('管道运输业', '5700', '管道运输业');
insert into ETL_INDUSTRY_CODE_CHECKLIST (old_industry_name, industry_code, industry_name)
values ('装卸搬运和运输代理业', '5800', '装卸搬运和运输代理业');
insert into ETL_INDUSTRY_CODE_CHECKLIST (old_industry_name, industry_code, industry_name)
values ('装卸搬运和其他运输服务业', '5800', '装卸搬运和运输代理业');
insert into ETL_INDUSTRY_CODE_CHECKLIST (old_industry_name, industry_code, industry_name)
values ('装卸搬运', '5810', '装卸搬运');
insert into ETL_INDUSTRY_CODE_CHECKLIST (old_industry_name, industry_code, industry_name)
values ('运输代理业', '5820', '运输代理业');
insert into ETL_INDUSTRY_CODE_CHECKLIST (old_industry_name, industry_code, industry_name)
values ('运输代理服务', '5820', '运输代理业');
insert into ETL_INDUSTRY_CODE_CHECKLIST (old_industry_name, industry_code, industry_name)
values ('货物运输代理', '5821', '货物运输代理');
insert into ETL_INDUSTRY_CODE_CHECKLIST (old_industry_name, industry_code, industry_name)
values ('旅客票务代理', '5822', '旅客票务代理');
insert into ETL_INDUSTRY_CODE_CHECKLIST (old_industry_name, industry_code, industry_name)
values ('其他运输代理业', '5829', '其他运输代理业');
insert into ETL_INDUSTRY_CODE_CHECKLIST (old_industry_name, industry_code, industry_name)
values ('仓储业', '5900', '仓储业');
insert into ETL_INDUSTRY_CODE_CHECKLIST (old_industry_name, industry_code, industry_name)
values ('谷物、棉花等农产品仓储', '5910', '谷物、棉花等农产品仓储');
insert into ETL_INDUSTRY_CODE_CHECKLIST (old_industry_name, industry_code, industry_name)
values ('其他仓储', '5990', '其他仓储业');
insert into ETL_INDUSTRY_CODE_CHECKLIST (old_industry_name, industry_code, industry_name)
values ('其他仓储业', '5990', '其他仓储业');
insert into ETL_INDUSTRY_CODE_CHECKLIST (old_industry_name, industry_code, industry_name)
values ('邮政业', '6000', '邮政业');
insert into ETL_INDUSTRY_CODE_CHECKLIST (old_industry_name, industry_code, industry_name)
values ('国家邮政', '6000', '邮政业');
insert into ETL_INDUSTRY_CODE_CHECKLIST (old_industry_name, industry_code, industry_name)
values ('邮政基本服务', '6010', '邮政基本服务');
insert into ETL_INDUSTRY_CODE_CHECKLIST (old_industry_name, industry_code, industry_name)
values ('其他寄递服务', '6020', '快递服务');
insert into ETL_INDUSTRY_CODE_CHECKLIST (old_industry_name, industry_code, industry_name)
values ('快递服务', '6020', '快递服务');
insert into ETL_INDUSTRY_CODE_CHECKLIST (old_industry_name, industry_code, industry_name)
values ('住宿业', '6100', '住宿业');
insert into ETL_INDUSTRY_CODE_CHECKLIST (old_industry_name, industry_code, industry_name)
values ('旅游饭店', '6110', '旅游饭店');
insert into ETL_INDUSTRY_CODE_CHECKLIST (old_industry_name, industry_code, industry_name)
values ('一般旅馆', '6120', '一般旅馆');
insert into ETL_INDUSTRY_CODE_CHECKLIST (old_industry_name, industry_code, industry_name)
values ('其他住宿服务', '6190', '其他住宿业');
insert into ETL_INDUSTRY_CODE_CHECKLIST (old_industry_name, industry_code, industry_name)
values ('其他住宿业', '6190', '其他住宿业');
insert into ETL_INDUSTRY_CODE_CHECKLIST (old_industry_name, industry_code, industry_name)
values ('餐饮业', '6200', '餐饮业');
insert into ETL_INDUSTRY_CODE_CHECKLIST (old_industry_name, industry_code, industry_name)
values ('正餐服务', '6210', '正餐服务');
insert into ETL_INDUSTRY_CODE_CHECKLIST (old_industry_name, industry_code, industry_name)
values ('快餐服务', '6220', '快餐服务');
insert into ETL_INDUSTRY_CODE_CHECKLIST (old_industry_name, industry_code, industry_name)
values ('饮料及冷饮服务', '6230', '饮料及冷饮服务');
insert into ETL_INDUSTRY_CODE_CHECKLIST (old_industry_name, industry_code, industry_name)
values ('茶馆服务', '6231', '茶馆服务');
insert into ETL_INDUSTRY_CODE_CHECKLIST (old_industry_name, industry_code, industry_name)
values ('咖啡馆服务', '6232', '咖啡馆服务');
insert into ETL_INDUSTRY_CODE_CHECKLIST (old_industry_name, industry_code, industry_name)
values ('酒吧服务', '6233', '酒吧服务');
insert into ETL_INDUSTRY_CODE_CHECKLIST (old_industry_name, industry_code, industry_name)
values ('其他饮料及冷饮服务', '6239', '其他饮料及冷饮服务');
insert into ETL_INDUSTRY_CODE_CHECKLIST (old_industry_name, industry_code, industry_name)
values ('其他餐饮业', '6290', '其他餐饮业');
insert into ETL_INDUSTRY_CODE_CHECKLIST (old_industry_name, industry_code, industry_name)
values ('其他餐饮服务', '6290', '其他餐饮业');
insert into ETL_INDUSTRY_CODE_CHECKLIST (old_industry_name, industry_code, industry_name)
values ('小吃服务', '6291', '小吃服务');
insert into ETL_INDUSTRY_CODE_CHECKLIST (old_industry_name, industry_code, industry_name)
values ('餐饮配送服务', '6292', '餐饮配送服务');
commit;
prompt 1300 records committed...
insert into ETL_INDUSTRY_CODE_CHECKLIST (old_industry_name, industry_code, industry_name)
values ('其他未列明餐饮业', '6299', '其他未列明餐饮业');
insert into ETL_INDUSTRY_CODE_CHECKLIST (old_industry_name, industry_code, industry_name)
values ('电信、广播电视和卫星传输服务', '6300', '电信、广播电视和卫星传输服务');
insert into ETL_INDUSTRY_CODE_CHECKLIST (old_industry_name, industry_code, industry_name)
values ('电信和其他信息传输服务业', '6300', '电信、广播电视和卫星传输服务');
insert into ETL_INDUSTRY_CODE_CHECKLIST (old_industry_name, industry_code, industry_name)
values ('电信', '6310', '电信');
insert into ETL_INDUSTRY_CODE_CHECKLIST (old_industry_name, industry_code, industry_name)
values ('固定电信服务', '6311', '固定电信服务');
insert into ETL_INDUSTRY_CODE_CHECKLIST (old_industry_name, industry_code, industry_name)
values ('移动电信服务', '6312', '移动电信服务');
insert into ETL_INDUSTRY_CODE_CHECKLIST (old_industry_name, industry_code, industry_name)
values ('其他电信服务', '6319', '其他电信服务');
insert into ETL_INDUSTRY_CODE_CHECKLIST (old_industry_name, industry_code, industry_name)
values ('广播电视传输服务', '6320', '广播电视传输服务');
insert into ETL_INDUSTRY_CODE_CHECKLIST (old_industry_name, industry_code, industry_name)
values ('有线广播电视传输服务', '6321', '有线广播电视传输服务');
insert into ETL_INDUSTRY_CODE_CHECKLIST (old_industry_name, industry_code, industry_name)
values ('互联网和相关服务', '6400', '互联网和相关服务');
insert into ETL_INDUSTRY_CODE_CHECKLIST (old_industry_name, industry_code, industry_name)
values ('互联网接入及相关服务', '6410', '互联网接入及相关服务');
insert into ETL_INDUSTRY_CODE_CHECKLIST (old_industry_name, industry_code, industry_name)
values ('互联网信息服务', '6420', '互联网信息服务');
insert into ETL_INDUSTRY_CODE_CHECKLIST (old_industry_name, industry_code, industry_name)
values ('其他互联网服务', '6490', '其他互联网服务');
insert into ETL_INDUSTRY_CODE_CHECKLIST (old_industry_name, industry_code, industry_name)
values ('软件和信息技术服务业', '6500', '软件和信息技术服务业');
insert into ETL_INDUSTRY_CODE_CHECKLIST (old_industry_name, industry_code, industry_name)
values ('计算机服务业', '6500', '软件和信息技术服务业');
insert into ETL_INDUSTRY_CODE_CHECKLIST (old_industry_name, industry_code, industry_name)
values ('软件业', '6500', '软件和信息技术服务业');
insert into ETL_INDUSTRY_CODE_CHECKLIST (old_industry_name, industry_code, industry_name)
values ('计算机系统服务', '6500', '软件和信息技术服务业');
insert into ETL_INDUSTRY_CODE_CHECKLIST (old_industry_name, industry_code, industry_name)
values ('公共软件服务', '6500', '软件和信息技术服务业');
insert into ETL_INDUSTRY_CODE_CHECKLIST (old_industry_name, industry_code, industry_name)
values ('应用软件服务', '6500', '软件和信息技术服务业');
insert into ETL_INDUSTRY_CODE_CHECKLIST (old_industry_name, industry_code, industry_name)
values ('基础软件服务', '6510', '软件开发');
insert into ETL_INDUSTRY_CODE_CHECKLIST (old_industry_name, industry_code, industry_name)
values ('软件开发', '6510', '软件开发');
insert into ETL_INDUSTRY_CODE_CHECKLIST (old_industry_name, industry_code, industry_name)
values ('信息系统集成服务', '6520', '信息系统集成服务');
insert into ETL_INDUSTRY_CODE_CHECKLIST (old_industry_name, industry_code, industry_name)
values ('信息技术咨询服务', '6530', '信息技术咨询服务');
insert into ETL_INDUSTRY_CODE_CHECKLIST (old_industry_name, industry_code, industry_name)
values ('数据处理', '6540', '数据处理和存储服务');
insert into ETL_INDUSTRY_CODE_CHECKLIST (old_industry_name, industry_code, industry_name)
values ('数据处理和存储服务', '6540', '数据处理和存储服务');
insert into ETL_INDUSTRY_CODE_CHECKLIST (old_industry_name, industry_code, industry_name)
values ('集成电路设计', '6550', '集成电路设计');
insert into ETL_INDUSTRY_CODE_CHECKLIST (old_industry_name, industry_code, industry_name)
values ('其他信息技术服务业', '6590', '其他信息技术服务业');
insert into ETL_INDUSTRY_CODE_CHECKLIST (old_industry_name, industry_code, industry_name)
values ('其他计算机服务', '6590', '其他信息技术服务业');
insert into ETL_INDUSTRY_CODE_CHECKLIST (old_industry_name, industry_code, industry_name)
values ('其他软件服务', '6590', '其他信息技术服务业');
insert into ETL_INDUSTRY_CODE_CHECKLIST (old_industry_name, industry_code, industry_name)
values ('数字内容服务', '6591', '数字内容服务');
insert into ETL_INDUSTRY_CODE_CHECKLIST (old_industry_name, industry_code, industry_name)
values ('呼叫中心', '6592', '呼叫中心');
insert into ETL_INDUSTRY_CODE_CHECKLIST (old_industry_name, industry_code, industry_name)
values ('货币金融服务', '6600', '货币金融服务');
insert into ETL_INDUSTRY_CODE_CHECKLIST (old_industry_name, industry_code, industry_name)
values ('银行业', '6600', '货币金融服务');
insert into ETL_INDUSTRY_CODE_CHECKLIST (old_industry_name, industry_code, industry_name)
values ('其他未列明的金融活动', '6600', '货币金融服务');
insert into ETL_INDUSTRY_CODE_CHECKLIST (old_industry_name, industry_code, industry_name)
values ('其他金融活动', '6600', '货币金融服务');
insert into ETL_INDUSTRY_CODE_CHECKLIST (old_industry_name, industry_code, industry_name)
values ('其他银行', '6600', '货币金融服务');
insert into ETL_INDUSTRY_CODE_CHECKLIST (old_industry_name, industry_code, industry_name)
values ('邮政储蓄', '6600', '货币金融服务');
insert into ETL_INDUSTRY_CODE_CHECKLIST (old_industry_name, industry_code, industry_name)
values ('中央银行', '6610', '中央银行服务');
insert into ETL_INDUSTRY_CODE_CHECKLIST (old_industry_name, industry_code, industry_name)
values ('商业银行', '6620', '货币银行服务');
insert into ETL_INDUSTRY_CODE_CHECKLIST (old_industry_name, industry_code, industry_name)
values ('货币银行服务', '6620', '货币银行服务');
insert into ETL_INDUSTRY_CODE_CHECKLIST (old_industry_name, industry_code, industry_name)
values ('金融租赁服务', '6631', '金融租赁服务');
insert into ETL_INDUSTRY_CODE_CHECKLIST (old_industry_name, industry_code, industry_name)
values ('金融租赁', '6631', '金融租赁服务');
insert into ETL_INDUSTRY_CODE_CHECKLIST (old_industry_name, industry_code, industry_name)
values ('财务公司', '6632', '财务公司');
insert into ETL_INDUSTRY_CODE_CHECKLIST (old_industry_name, industry_code, industry_name)
values ('典当', '6633', '典当');
insert into ETL_INDUSTRY_CODE_CHECKLIST (old_industry_name, industry_code, industry_name)
values ('其他非货币银行服务', '6639', '其他非货币银行服务');
insert into ETL_INDUSTRY_CODE_CHECKLIST (old_industry_name, industry_code, industry_name)
values ('资本市场服务', '6700', '资本市场服务');
insert into ETL_INDUSTRY_CODE_CHECKLIST (old_industry_name, industry_code, industry_name)
values ('证券业', '6700', '资本市场服务');
insert into ETL_INDUSTRY_CODE_CHECKLIST (old_industry_name, industry_code, industry_name)
values ('证券市场服务', '6710', '证券市场服务');
insert into ETL_INDUSTRY_CODE_CHECKLIST (old_industry_name, industry_code, industry_name)
values ('证券市场管理服务', '6711', '证券市场管理服务');
insert into ETL_INDUSTRY_CODE_CHECKLIST (old_industry_name, industry_code, industry_name)
values ('证券经纪交易服务', '6712', '证券经纪交易服务');
insert into ETL_INDUSTRY_CODE_CHECKLIST (old_industry_name, industry_code, industry_name)
values ('证券经纪与交易', '6712', '证券经纪交易服务');
insert into ETL_INDUSTRY_CODE_CHECKLIST (old_industry_name, industry_code, industry_name)
values ('基金管理服务', '6713', '基金管理服务');
insert into ETL_INDUSTRY_CODE_CHECKLIST (old_industry_name, industry_code, industry_name)
values ('期货市场服务', '6720', '期货市场服务');
insert into ETL_INDUSTRY_CODE_CHECKLIST (old_industry_name, industry_code, industry_name)
values ('其他期货市场服务', '6729', '其他期货市场服务');
insert into ETL_INDUSTRY_CODE_CHECKLIST (old_industry_name, industry_code, industry_name)
values ('证券期货监管服务', '6730', '证券期货监管服务');
insert into ETL_INDUSTRY_CODE_CHECKLIST (old_industry_name, industry_code, industry_name)
values ('资本投资服务', '6740', '资本投资服务');
insert into ETL_INDUSTRY_CODE_CHECKLIST (old_industry_name, industry_code, industry_name)
values ('其他资本市场服务', '6790', '其他资本市场服务');
insert into ETL_INDUSTRY_CODE_CHECKLIST (old_industry_name, industry_code, industry_name)
values ('保险业', '6800', '保险业');
insert into ETL_INDUSTRY_CODE_CHECKLIST (old_industry_name, industry_code, industry_name)
values ('人身保险', '6810', '人身保险');
insert into ETL_INDUSTRY_CODE_CHECKLIST (old_industry_name, industry_code, industry_name)
values ('人寿保险', '6811', '人寿保险');
insert into ETL_INDUSTRY_CODE_CHECKLIST (old_industry_name, industry_code, industry_name)
values ('健康和意外保险', '6812', '健康和意外保险');
insert into ETL_INDUSTRY_CODE_CHECKLIST (old_industry_name, industry_code, industry_name)
values ('非人寿保险', '6812', '健康和意外保险');
insert into ETL_INDUSTRY_CODE_CHECKLIST (old_industry_name, industry_code, industry_name)
values ('财产保险', '6820', '财产保险');
insert into ETL_INDUSTRY_CODE_CHECKLIST (old_industry_name, industry_code, industry_name)
values ('保险经纪与代理服务', '6850', '保险经纪与代理服务');
insert into ETL_INDUSTRY_CODE_CHECKLIST (old_industry_name, industry_code, industry_name)
values ('其他保险活动', '6890', '其他保险活动');
insert into ETL_INDUSTRY_CODE_CHECKLIST (old_industry_name, industry_code, industry_name)
values ('保险辅助服务', '6890', '其他保险活动');
insert into ETL_INDUSTRY_CODE_CHECKLIST (old_industry_name, industry_code, industry_name)
values ('风险和损失评估', '6891', '风险和损失评估');
insert into ETL_INDUSTRY_CODE_CHECKLIST (old_industry_name, industry_code, industry_name)
values ('其他未列明保险活动', '6899', '其他未列明保险活动');
insert into ETL_INDUSTRY_CODE_CHECKLIST (old_industry_name, industry_code, industry_name)
values ('其他金融业', '6900', '其他金融业');
insert into ETL_INDUSTRY_CODE_CHECKLIST (old_industry_name, industry_code, industry_name)
values ('金融信托与管理', '6910', '金融信托与管理服务');
insert into ETL_INDUSTRY_CODE_CHECKLIST (old_industry_name, industry_code, industry_name)
values ('金融信托与管理服务', '6910', '金融信托与管理服务');
insert into ETL_INDUSTRY_CODE_CHECKLIST (old_industry_name, industry_code, industry_name)
values ('控股公司服务', '6920', '控股公司服务');
insert into ETL_INDUSTRY_CODE_CHECKLIST (old_industry_name, industry_code, industry_name)
values ('非金融机构支付服务', '6930', '非金融机构支付服务');
insert into ETL_INDUSTRY_CODE_CHECKLIST (old_industry_name, industry_code, industry_name)
values ('金融信息服务', '6940', '金融信息服务');
insert into ETL_INDUSTRY_CODE_CHECKLIST (old_industry_name, industry_code, industry_name)
values ('其他未列明金融业', '6990', '其他未列明金融业');
insert into ETL_INDUSTRY_CODE_CHECKLIST (old_industry_name, industry_code, industry_name)
values ('房地产业', '7000', '房地产业');
insert into ETL_INDUSTRY_CODE_CHECKLIST (old_industry_name, industry_code, industry_name)
values ('其他房地产活动', '7000', '房地产业');
insert into ETL_INDUSTRY_CODE_CHECKLIST (old_industry_name, industry_code, industry_name)
values ('房地产开发经营', '7010', '房地产开发经营');
insert into ETL_INDUSTRY_CODE_CHECKLIST (old_industry_name, industry_code, industry_name)
values ('物业管理', '7020', '物业管理');
insert into ETL_INDUSTRY_CODE_CHECKLIST (old_industry_name, industry_code, industry_name)
values ('房地产中介服务', '7030', '房地产中介服务');
insert into ETL_INDUSTRY_CODE_CHECKLIST (old_industry_name, industry_code, industry_name)
values ('自有房地产经营活动', '7040', '自有房地产经营活动');
insert into ETL_INDUSTRY_CODE_CHECKLIST (old_industry_name, industry_code, industry_name)
values ('其他房地产业', '7090', '其他房地产业');
insert into ETL_INDUSTRY_CODE_CHECKLIST (old_industry_name, industry_code, industry_name)
values ('租赁业', '7100', '租赁业');
insert into ETL_INDUSTRY_CODE_CHECKLIST (old_industry_name, industry_code, industry_name)
values ('机械设备租赁', '7110', '机械设备租赁');
insert into ETL_INDUSTRY_CODE_CHECKLIST (old_industry_name, industry_code, industry_name)
values ('汽车租赁', '7111', '汽车租赁');
insert into ETL_INDUSTRY_CODE_CHECKLIST (old_industry_name, industry_code, industry_name)
values ('建筑工程机械与设备租赁', '7113', '建筑工程机械与设备租赁');
insert into ETL_INDUSTRY_CODE_CHECKLIST (old_industry_name, industry_code, industry_name)
values ('计算机及通讯设备租赁', '7114', '计算机及通讯设备租赁');
insert into ETL_INDUSTRY_CODE_CHECKLIST (old_industry_name, industry_code, industry_name)
values ('其他机械与设备租赁', '7119', '其他机械与设备租赁');
insert into ETL_INDUSTRY_CODE_CHECKLIST (old_industry_name, industry_code, industry_name)
values ('文化及日用品出租', '7120', '文化及日用品出租');
insert into ETL_INDUSTRY_CODE_CHECKLIST (old_industry_name, industry_code, industry_name)
values ('娱乐及体育设备出租', '7121', '娱乐及体育设备出租');
insert into ETL_INDUSTRY_CODE_CHECKLIST (old_industry_name, industry_code, industry_name)
values ('图书出租', '7122', '图书出租');
insert into ETL_INDUSTRY_CODE_CHECKLIST (old_industry_name, industry_code, industry_name)
values ('图书及音像制品出租', '7123', '音像制品出租');
insert into ETL_INDUSTRY_CODE_CHECKLIST (old_industry_name, industry_code, industry_name)
values ('其他文化及日用品出租', '7129', '其他文化及日用品出租');
insert into ETL_INDUSTRY_CODE_CHECKLIST (old_industry_name, industry_code, industry_name)
values ('商务服务业', '7200', '商务服务业');
insert into ETL_INDUSTRY_CODE_CHECKLIST (old_industry_name, industry_code, industry_name)
values ('企业管理服务', '7210', '企业管理服务');
insert into ETL_INDUSTRY_CODE_CHECKLIST (old_industry_name, industry_code, industry_name)
values ('企业管理机构', '7210', '企业管理服务');
insert into ETL_INDUSTRY_CODE_CHECKLIST (old_industry_name, industry_code, industry_name)
values ('企业总部管理', '7211', '企业总部管理');
insert into ETL_INDUSTRY_CODE_CHECKLIST (old_industry_name, industry_code, industry_name)
values ('投资与资产管理', '7212', '投资与资产管理');
insert into ETL_INDUSTRY_CODE_CHECKLIST (old_industry_name, industry_code, industry_name)
values ('单位后勤管理服务', '7213', '单位后勤管理服务');
insert into ETL_INDUSTRY_CODE_CHECKLIST (old_industry_name, industry_code, industry_name)
values ('其他企业管理服务', '7219', '其他企业管理服务');
commit;
prompt 1400 records committed...
insert into ETL_INDUSTRY_CODE_CHECKLIST (old_industry_name, industry_code, industry_name)
values ('法律服务', '7220', '法律服务');
insert into ETL_INDUSTRY_CODE_CHECKLIST (old_industry_name, industry_code, industry_name)
values ('律师及相关法律服务', '7221', '律师及相关法律服务');
insert into ETL_INDUSTRY_CODE_CHECKLIST (old_industry_name, industry_code, industry_name)
values ('律师及相关的法律服务', '7221', '律师及相关法律服务');
insert into ETL_INDUSTRY_CODE_CHECKLIST (old_industry_name, industry_code, industry_name)
values ('其他法律服务', '7229', '其他法律服务');
insert into ETL_INDUSTRY_CODE_CHECKLIST (old_industry_name, industry_code, industry_name)
values ('咨询与调查', '7230', '咨询与调查');
insert into ETL_INDUSTRY_CODE_CHECKLIST (old_industry_name, industry_code, industry_name)
values ('会计、审计及税务服务', '7231', '会计、审计及税务服务');
insert into ETL_INDUSTRY_CODE_CHECKLIST (old_industry_name, industry_code, industry_name)
values ('市场调查', '7232', '市场调查');
insert into ETL_INDUSTRY_CODE_CHECKLIST (old_industry_name, industry_code, industry_name)
values ('社会经济咨询', '7233', '社会经济咨询');
insert into ETL_INDUSTRY_CODE_CHECKLIST (old_industry_name, industry_code, industry_name)
values ('其他专业咨询', '7239', '其他专业咨询');
insert into ETL_INDUSTRY_CODE_CHECKLIST (old_industry_name, industry_code, industry_name)
values ('广告业', '7240', '广告业');
insert into ETL_INDUSTRY_CODE_CHECKLIST (old_industry_name, industry_code, industry_name)
values ('知识产权服务', '7250', '知识产权服务');
insert into ETL_INDUSTRY_CODE_CHECKLIST (old_industry_name, industry_code, industry_name)
values ('人力资源服务', '7260', '人力资源服务');
insert into ETL_INDUSTRY_CODE_CHECKLIST (old_industry_name, industry_code, industry_name)
values ('公共就业服务', '7261', '公共就业服务');
insert into ETL_INDUSTRY_CODE_CHECKLIST (old_industry_name, industry_code, industry_name)
values ('职业中介服务', '7262', '职业中介服务');
insert into ETL_INDUSTRY_CODE_CHECKLIST (old_industry_name, industry_code, industry_name)
values ('劳务派遣服务', '7263', '劳务派遣服务');
insert into ETL_INDUSTRY_CODE_CHECKLIST (old_industry_name, industry_code, industry_name)
values ('其他人力资源服务', '7269', '其他人力资源服务');
insert into ETL_INDUSTRY_CODE_CHECKLIST (old_industry_name, industry_code, industry_name)
values ('旅行社及相关服务', '7270', '旅行社及相关服务');
insert into ETL_INDUSTRY_CODE_CHECKLIST (old_industry_name, industry_code, industry_name)
values ('旅行社', '7270', '旅行社及相关服务');
insert into ETL_INDUSTRY_CODE_CHECKLIST (old_industry_name, industry_code, industry_name)
values ('旅行社服务', '7271', '旅行社服务');
insert into ETL_INDUSTRY_CODE_CHECKLIST (old_industry_name, industry_code, industry_name)
values ('旅游管理服务', '7272', '旅游管理服务');
insert into ETL_INDUSTRY_CODE_CHECKLIST (old_industry_name, industry_code, industry_name)
values ('其他旅行社相关服务', '7279', '其他旅行社相关服务');
insert into ETL_INDUSTRY_CODE_CHECKLIST (old_industry_name, industry_code, industry_name)
values ('安全保护服务', '7280', '安全保护服务');
insert into ETL_INDUSTRY_CODE_CHECKLIST (old_industry_name, industry_code, industry_name)
values ('保安服务', '7280', '安全保护服务');
insert into ETL_INDUSTRY_CODE_CHECKLIST (old_industry_name, industry_code, industry_name)
values ('安全服务', '7281', '安全服务');
insert into ETL_INDUSTRY_CODE_CHECKLIST (old_industry_name, industry_code, industry_name)
values ('安全系统监控服务', '7282', '安全系统监控服务');
insert into ETL_INDUSTRY_CODE_CHECKLIST (old_industry_name, industry_code, industry_name)
values ('其他安全保护服务', '7289', '其他安全保护服务');
insert into ETL_INDUSTRY_CODE_CHECKLIST (old_industry_name, industry_code, industry_name)
values ('其他商务服务业', '7290', '其他商务服务业');
insert into ETL_INDUSTRY_CODE_CHECKLIST (old_industry_name, industry_code, industry_name)
values ('其他商务服务', '7290', '其他商务服务业');
insert into ETL_INDUSTRY_CODE_CHECKLIST (old_industry_name, industry_code, industry_name)
values ('市场管理', '7291', '市场管理');
insert into ETL_INDUSTRY_CODE_CHECKLIST (old_industry_name, industry_code, industry_name)
values ('会议及展览服务', '7292', '会议及展览服务');
insert into ETL_INDUSTRY_CODE_CHECKLIST (old_industry_name, industry_code, industry_name)
values ('包装服务', '7293', '包装服务');
insert into ETL_INDUSTRY_CODE_CHECKLIST (old_industry_name, industry_code, industry_name)
values ('办公服务', '7294', '办公服务');
insert into ETL_INDUSTRY_CODE_CHECKLIST (old_industry_name, industry_code, industry_name)
values ('信用服务', '7295', '信用服务');
insert into ETL_INDUSTRY_CODE_CHECKLIST (old_industry_name, industry_code, industry_name)
values ('担保服务', '7296', '担保服务');
insert into ETL_INDUSTRY_CODE_CHECKLIST (old_industry_name, industry_code, industry_name)
values ('其他未列明商务服务业', '7299', '其他未列明商务服务业');
insert into ETL_INDUSTRY_CODE_CHECKLIST (old_industry_name, industry_code, industry_name)
values ('其他未列明的商务服务', '7299', '其他未列明商务服务业');
insert into ETL_INDUSTRY_CODE_CHECKLIST (old_industry_name, industry_code, industry_name)
values ('研究和试验发展', '7300', '研究和试验发展');
insert into ETL_INDUSTRY_CODE_CHECKLIST (old_industry_name, industry_code, industry_name)
values ('研究与试验发展', '7300', '研究和试验发展');
insert into ETL_INDUSTRY_CODE_CHECKLIST (old_industry_name, industry_code, industry_name)
values ('自然科学研究与试验发展', '7310', '自然科学研究和试验发展');
insert into ETL_INDUSTRY_CODE_CHECKLIST (old_industry_name, industry_code, industry_name)
values ('自然科学研究和试验发展', '7310', '自然科学研究和试验发展');
insert into ETL_INDUSTRY_CODE_CHECKLIST (old_industry_name, industry_code, industry_name)
values ('工程和技术研究与试验发展', '7320', '工程和技术研究和试验发展');
insert into ETL_INDUSTRY_CODE_CHECKLIST (old_industry_name, industry_code, industry_name)
values ('工程和技术研究和试验发展', '7320', '工程和技术研究和试验发展');
insert into ETL_INDUSTRY_CODE_CHECKLIST (old_industry_name, industry_code, industry_name)
values ('农业科学研究与试验发展', '7330', '农业科学研究和试验发展');
insert into ETL_INDUSTRY_CODE_CHECKLIST (old_industry_name, industry_code, industry_name)
values ('农业科学研究和试验发展', '7330', '农业科学研究和试验发展');
insert into ETL_INDUSTRY_CODE_CHECKLIST (old_industry_name, industry_code, industry_name)
values ('医学研究与试验发展', '7340', '医学研究和试验发展');
insert into ETL_INDUSTRY_CODE_CHECKLIST (old_industry_name, industry_code, industry_name)
values ('医学研究和试验发展', '7340', '医学研究和试验发展');
insert into ETL_INDUSTRY_CODE_CHECKLIST (old_industry_name, industry_code, industry_name)
values ('社会人文科学研究与试验发展', '7350', '社会人文科学研究');
insert into ETL_INDUSTRY_CODE_CHECKLIST (old_industry_name, industry_code, industry_name)
values ('社会人文科学研究', '7350', '社会人文科学研究');
insert into ETL_INDUSTRY_CODE_CHECKLIST (old_industry_name, industry_code, industry_name)
values ('专业技术服务业', '7400', '专业技术服务业');
insert into ETL_INDUSTRY_CODE_CHECKLIST (old_industry_name, industry_code, industry_name)
values ('气象服务', '7410', '气象服务');
insert into ETL_INDUSTRY_CODE_CHECKLIST (old_industry_name, industry_code, industry_name)
values ('海洋服务', '7430', '海洋服务');
insert into ETL_INDUSTRY_CODE_CHECKLIST (old_industry_name, industry_code, industry_name)
values ('测绘服务', '7440', '测绘服务');
insert into ETL_INDUSTRY_CODE_CHECKLIST (old_industry_name, industry_code, industry_name)
values ('技术检测', '7450', '质检技术服务');
insert into ETL_INDUSTRY_CODE_CHECKLIST (old_industry_name, industry_code, industry_name)
values ('质检技术服务', '7450', '质检技术服务');
insert into ETL_INDUSTRY_CODE_CHECKLIST (old_industry_name, industry_code, industry_name)
values ('环境与生态监测', '7460', '环境与生态监测');
insert into ETL_INDUSTRY_CODE_CHECKLIST (old_industry_name, industry_code, industry_name)
values ('环境监测', '7460', '环境与生态监测');
insert into ETL_INDUSTRY_CODE_CHECKLIST (old_industry_name, industry_code, industry_name)
values ('环境保护监测', '7461', '环境保护监测');
insert into ETL_INDUSTRY_CODE_CHECKLIST (old_industry_name, industry_code, industry_name)
values ('地质勘查', '7470', '地质勘查');
insert into ETL_INDUSTRY_CODE_CHECKLIST (old_industry_name, industry_code, industry_name)
values ('地质勘查业', '7470', '地质勘查');
insert into ETL_INDUSTRY_CODE_CHECKLIST (old_industry_name, industry_code, industry_name)
values ('基础地质勘查', '7474', '基础地质勘查');
insert into ETL_INDUSTRY_CODE_CHECKLIST (old_industry_name, industry_code, industry_name)
values ('地质勘查技术服务', '7475', '地质勘查技术服务');
insert into ETL_INDUSTRY_CODE_CHECKLIST (old_industry_name, industry_code, industry_name)
values ('工程技术', '7480', '工程技术');
insert into ETL_INDUSTRY_CODE_CHECKLIST (old_industry_name, industry_code, industry_name)
values ('工程技术与规划管理', '7480', '工程技术');
insert into ETL_INDUSTRY_CODE_CHECKLIST (old_industry_name, industry_code, industry_name)
values ('工程管理服务', '7481', '工程管理服务');
insert into ETL_INDUSTRY_CODE_CHECKLIST (old_industry_name, industry_code, industry_name)
values ('工程勘察设计', '7482', '工程勘察设计');
insert into ETL_INDUSTRY_CODE_CHECKLIST (old_industry_name, industry_code, industry_name)
values ('规划管理', '7483', '规划管理');
insert into ETL_INDUSTRY_CODE_CHECKLIST (old_industry_name, industry_code, industry_name)
values ('其他专业技术服务业', '7490', '其他专业技术服务业');
insert into ETL_INDUSTRY_CODE_CHECKLIST (old_industry_name, industry_code, industry_name)
values ('其他专业技术服务', '7490', '其他专业技术服务业');
insert into ETL_INDUSTRY_CODE_CHECKLIST (old_industry_name, industry_code, industry_name)
values ('专业化设计服务', '7491', '专业化设计服务');
insert into ETL_INDUSTRY_CODE_CHECKLIST (old_industry_name, industry_code, industry_name)
values ('摄影扩印服务', '7492', '摄影扩印服务');
insert into ETL_INDUSTRY_CODE_CHECKLIST (old_industry_name, industry_code, industry_name)
values ('兽医服务', '7493', '兽医服务');
insert into ETL_INDUSTRY_CODE_CHECKLIST (old_industry_name, industry_code, industry_name)
values ('其他未列明专业技术服务业', '7499', '其他未列明专业技术服务业');
insert into ETL_INDUSTRY_CODE_CHECKLIST (old_industry_name, industry_code, industry_name)
values ('科技推广和应用服务业', '7500', '科技推广和应用服务业');
insert into ETL_INDUSTRY_CODE_CHECKLIST (old_industry_name, industry_code, industry_name)
values ('技术推广服务', '7510', '技术推广服务');
insert into ETL_INDUSTRY_CODE_CHECKLIST (old_industry_name, industry_code, industry_name)
values ('科技交流和推广服务业', '7510', '技术推广服务');
insert into ETL_INDUSTRY_CODE_CHECKLIST (old_industry_name, industry_code, industry_name)
values ('农业技术推广服务', '7511', '农业技术推广服务');
insert into ETL_INDUSTRY_CODE_CHECKLIST (old_industry_name, industry_code, industry_name)
values ('生物技术推广服务', '7512', '生物技术推广服务');
insert into ETL_INDUSTRY_CODE_CHECKLIST (old_industry_name, industry_code, industry_name)
values ('新材料技术推广服务', '7513', '新材料技术推广服务');
commit;

--政务端统计分析
--菜单
insert into sys_menu (SYS_MENU_ID, PARENT_ID, MENU_NAME, MENU_URL, MENU_ICON, DISPLAY_ORDER)
values ('402894ba5d5e6a02015d5e7705990004', 'ROOT_2', '统计分析', '', 'icon-pie-chart', 401);

insert into sys_menu (SYS_MENU_ID, PARENT_ID, MENU_NAME, MENU_URL, MENU_ICON, DISPLAY_ORDER)
values ('402894ba5d5e6a02015d5e7705990050', '402894ba5d5e6a02015d5e7705990004', '数据量统计', 'gov/dataAnalysis/toDataAnalysis.action', 'fa fa-circle-o', 40101);

--权限
insert into SYS_PRIVILEGE (SYS_PRIVILEGE_ID, SYS_MENU_ID, PRIVILEGE_CODE, PRIVILEGE_NAME, DESCRIPTION, USERS_COUNT, ROLES_COUNT, ALL_USERS_COUNT, DISPLAY_ORDER)
values ('402894ba5d5e6a02015d5e7a7a900008', '402894ba5d5e6a02015d5e7705990050', 'dataAnalysis.query', '查看数据量统计', null, null, null, null, null);


--角色权限表
insert into sys_role_to_privilege (SYS_ROLE_ID, SYS_PRIVILEGE_ID)
values ('8aa0bef544713ca60144713d364a0000', '402894ba5d5e6a02015d5e7a7a900008');

insert into sys_role_to_privilege (SYS_ROLE_ID, SYS_PRIVILEGE_ID)
values ('40289454547b159d01547b1efe25000c', '402894ba5d5e6a02015d5e7a7a900008');


commit;
--添加批次上报记录表
alter table DP_DATA_REPORT_LOG
   drop unique (TASK_CODE) cascade;

alter table DP_DATA_REPORT_LOG
   drop primary key cascade;

drop table DP_DATA_REPORT_LOG cascade constraints;

/*==============================================================*/
/* Table: DP_DATA_REPORT_LOG                                    */
/*==============================================================*/
create table DP_DATA_REPORT_LOG 
(
   ID                   VARCHAR2(50)         not null,
   TASK_CODE            VARCHAR2(50),
   REPORT_WAY           VARCHAR2(100),
   CONFIRM_STATUS       VARCHAR2(50),
   table_status         VARCHAR2(50),
   LOGIC_TABLE_ID       VARCHAR2(50),
   table_version_id       VARCHAR2(50),
   dept_id      	    VARCHAR2(50),
   CREATE_DATE          DATE,
   CREATE_USER          VARCHAR2(50)
);

comment on table DP_DATA_REPORT_LOG is
'数据上报批次记录日志表';

comment on column DP_DATA_REPORT_LOG.ID is
'主键';

comment on column DP_DATA_REPORT_LOG.TASK_CODE is
'任务编号';

comment on column DP_DATA_REPORT_LOG.REPORT_WAY is
'上报方式';

comment on column DP_DATA_REPORT_LOG.CONFIRM_STATUS is
'上报确认状态（自动确认，手动确认）';

comment on column DP_DATA_REPORT_LOG.table_status
  is '上报该批次数据时数据目录当时的状态（待上报、已上报、超时）';

comment on column DP_DATA_REPORT_LOG.LOGIC_TABLE_ID is
'外键（DP_LOGIC_TABLE表主键）';
comment on column dp_data_report_log.table_version_id
  is '版本ID（DP_TABLE_VERSION表主键）';

comment on column DP_DATA_REPORT_LOG.dept_id
  is '部门id';
  
comment on column DP_DATA_REPORT_LOG.CREATE_DATE is
'创建时间';

comment on column DP_DATA_REPORT_LOG.CREATE_USER is
'创建人';

alter table DP_DATA_REPORT_LOG
   add constraint PK_DP_DATA_REPORT_LOG primary key (ID);
   
--修改视图view_data_report_log
create or replace view view_data_report_log as
(
--该视图的结果集，能保证批次编号task_code不会有重复值
 (select * from (select t.*,
       row_number() over(partition by t.task_code order by create_date desc) rn
  from dp_data_report_log t)
 where rn = 1)
);
      
--添加个人信用数据表
/*==============================================================*/
/* DBMS name:      ORACLE Version 11g                           */
/* Created on:     2017/7/31 星期一 13:45:35                       */
/*==============================================================*/



/*==============================================================*/
/* Table: YW_P_GRBZDJXX                                         */
/*==============================================================*/
create table YW_P_GRBZDJXX 
(
   ID                   VARCHAR2(50)         not null,
   STATUS               VARCHAR2(2)          default '0' not null,
   SOURCE               VARCHAR2(2),
   CREATE_TIME          DATE,
   CREATE_USER          VARCHAR2(50),
   BMMC                 VARCHAR2(200),
   BMBM                 VARCHAR2(50),
   TGRQ                 DATE,
   XM                   VARCHAR2(50),
   SFZH                 VARCHAR2(50),
   ZJLX                 VARCHAR2(200),
   RWBH                 VARCHAR2(50),
   BZ                   VARCHAR2(500),
   DJRQ                 DATE,
   SWRQ                 DATE,
   JSLXFS               VARCHAR2(500),
   JSLXRXM              VARCHAR2(500),
   LXRDZ                VARCHAR2(2500),
   jgdj_id              VARCHAR2(50)
);

comment on table YW_P_GRBZDJXX is
'个人殡葬登记信息';

comment on column YW_P_GRBZDJXX.ID is
'主键';

comment on column YW_P_GRBZDJXX.STATUS is
'数据的状态（是否可用，是否变更过等）';

comment on column YW_P_GRBZDJXX.SOURCE is
'数据来源';

comment on column YW_P_GRBZDJXX.CREATE_TIME is
'创建时间';

comment on column YW_P_GRBZDJXX.CREATE_USER is
'创建人ID';

comment on column YW_P_GRBZDJXX.BMMC is
'信息提供部门名称';

comment on column YW_P_GRBZDJXX.BMBM is
'信息提供部门编码';

comment on column YW_P_GRBZDJXX.TGRQ is
'信息提供日期';

comment on column YW_P_GRBZDJXX.XM is
'姓名';

comment on column YW_P_GRBZDJXX.SFZH is
'身份证号';

comment on column YW_P_GRBZDJXX.ZJLX is
'证件类型';

comment on column YW_P_GRBZDJXX.RWBH is
'任务编号';

comment on column YW_P_GRBZDJXX.BZ is
'备注';

comment on column YW_P_GRBZDJXX.DJRQ is
'登记日期';

comment on column YW_P_GRBZDJXX.SWRQ is
'死亡日期';

comment on column YW_P_GRBZDJXX.JSLXFS is
'家属联系方式';

comment on column YW_P_GRBZDJXX.JSLXRXM is
'家属联系人姓名';

comment on column YW_P_GRBZDJXX.LXRDZ is
'联系人地址';
comment on column YW_P_GRBZDJXX.jgdj_id
  is '关联个人基本信息YW_P_GRJBXX表主键ID';
alter table YW_P_GRBZDJXX
   add constraint PK_YW_P_GRBZDJXX primary key (ID);

/*==============================================================*/
/* Table: YW_P_GRDBJTCYXX                                       */
/*==============================================================*/
create table YW_P_GRDBJTCYXX 
(
   ID                   VARCHAR2(50)         not null,
   STATUS               VARCHAR2(2)          default '0' not null,
   SOURCE               VARCHAR2(2),
   CREATE_TIME          DATE,
   CREATE_USER          VARCHAR2(50),
   BMMC                 VARCHAR2(200),
   BMBM                 VARCHAR2(50),
   TGRQ                 DATE,
   XM                   VARCHAR2(50),
   SFZH                 VARCHAR2(50),
   ZJLX                 VARCHAR2(200),
   RWBH                 VARCHAR2(50),
   BZ                   VARCHAR2(500),
   XB                   VARCHAR2(50),
   MZ                   VARCHAR2(200),
   WHCD                 VARCHAR2(500),
   LDNL                 VARCHAR2(500),
   JZLX                 VARCHAR2(500),
   JKZK                 VARCHAR2(500),
   CJDJ                 VARCHAR2(500),
   CJLB                 VARCHAR2(500),
   DTBHLX               VARCHAR2(500),
   BHNY                 VARCHAR2(100),
   S                    VARCHAR2(200),
   JD                   VARCHAR2(500),
   SQ                   VARCHAR2(500),
   HZSFZH               VARCHAR2(100),
   HZXM                 VARCHAR2(100),
   JTGX                 VARCHAR2(500),
    jgdj_id              VARCHAR2(50)
);

comment on table YW_P_GRDBJTCYXX is
'个人低保家庭成员信息';

comment on column YW_P_GRDBJTCYXX.ID is
'主键';

comment on column YW_P_GRDBJTCYXX.STATUS is
'数据的状态（是否可用，是否变更过等）';

comment on column YW_P_GRDBJTCYXX.SOURCE is
'数据来源';

comment on column YW_P_GRDBJTCYXX.CREATE_TIME is
'创建时间';

comment on column YW_P_GRDBJTCYXX.CREATE_USER is
'创建人ID';

comment on column YW_P_GRDBJTCYXX.BMMC is
'信息提供部门名称';

comment on column YW_P_GRDBJTCYXX.BMBM is
'信息提供部门编码';

comment on column YW_P_GRDBJTCYXX.TGRQ is
'信息提供日期';

comment on column YW_P_GRDBJTCYXX.XM is
'姓名';

comment on column YW_P_GRDBJTCYXX.SFZH is
'身份证号';

comment on column YW_P_GRDBJTCYXX.ZJLX is
'证件类型';

comment on column YW_P_GRDBJTCYXX.RWBH is
'任务编号';

comment on column YW_P_GRDBJTCYXX.BZ is
'备注';

comment on column YW_P_GRDBJTCYXX.XB is
'性别';

comment on column YW_P_GRDBJTCYXX.MZ is
'民族';

comment on column YW_P_GRDBJTCYXX.WHCD is
'文化程度';

comment on column YW_P_GRDBJTCYXX.LDNL is
'劳动能力';

comment on column YW_P_GRDBJTCYXX.JZLX is
'救助类型';

comment on column YW_P_GRDBJTCYXX.JKZK is
'健康状况';

comment on column YW_P_GRDBJTCYXX.CJDJ is
'残疾等级';

comment on column YW_P_GRDBJTCYXX.CJLB is
'残疾类别';

comment on column YW_P_GRDBJTCYXX.DTBHLX is
'动态变化类型';

comment on column YW_P_GRDBJTCYXX.BHNY is
'变化年月';

comment on column YW_P_GRDBJTCYXX.S is
'市（区）';

comment on column YW_P_GRDBJTCYXX.JD is
'街道(乡镇)';

comment on column YW_P_GRDBJTCYXX.SQ is
'社区(村)';

comment on column YW_P_GRDBJTCYXX.HZSFZH is
'户主身份证号码';

comment on column YW_P_GRDBJTCYXX.HZXM is
'户主姓名';

comment on column YW_P_GRDBJTCYXX.JTGX is
'家庭关系';
comment on column YW_P_GRDBJTCYXX.jgdj_id
  is '关联个人基本信息YW_P_GRJBXX表主键ID';
alter table YW_P_GRDBJTCYXX
   add constraint PK_YW_P_GRDBJTCYXX primary key (ID);

/*==============================================================*/
/* Table: YW_P_GRDBJTXX                                         */
/*==============================================================*/
create table YW_P_GRDBJTXX 
(
   ID                   VARCHAR2(50)         not null,
   STATUS               VARCHAR2(2)          default '0' not null,
   SOURCE               VARCHAR2(2),
   CREATE_TIME          DATE,
   CREATE_USER          VARCHAR2(50),
   BMMC                 VARCHAR2(200),
   BMBM                 VARCHAR2(50),
   TGRQ                 DATE,
   XM                   VARCHAR2(50),
   SFZH                 VARCHAR2(50),
   ZJLX                 VARCHAR2(200),
   RWBH                 VARCHAR2(50),
   BZ                   VARCHAR2(500),
   BZRKS                NUMBER,
   JTRKS                NUMBER,
   LXDH                 VARCHAR2(50),
   JZDZ                 VARCHAR2(3000),
   DTBHLX               VARCHAR2(500),
   DTBHNY               VARCHAR2(100),
   S                    VARCHAR2(200),
   JD                   VARCHAR2(500),
   SQ                   VARCHAR2(500),
    jgdj_id              VARCHAR2(50)
);

comment on table YW_P_GRDBJTXX is
'个人低保家庭信息';

comment on column YW_P_GRDBJTXX.ID is
'主键';

comment on column YW_P_GRDBJTXX.STATUS is
'数据的状态（是否可用，是否变更过等）';

comment on column YW_P_GRDBJTXX.SOURCE is
'数据来源';

comment on column YW_P_GRDBJTXX.CREATE_TIME is
'创建时间';

comment on column YW_P_GRDBJTXX.CREATE_USER is
'创建人ID';

comment on column YW_P_GRDBJTXX.BMMC is
'信息提供部门名称';

comment on column YW_P_GRDBJTXX.BMBM is
'信息提供部门编码';

comment on column YW_P_GRDBJTXX.TGRQ is
'信息提供日期';

comment on column YW_P_GRDBJTXX.XM is
'姓名';

comment on column YW_P_GRDBJTXX.SFZH is
'身份证号';

comment on column YW_P_GRDBJTXX.ZJLX is
'证件类型';

comment on column YW_P_GRDBJTXX.RWBH is
'任务编号';

comment on column YW_P_GRDBJTXX.BZ is
'备注';

comment on column YW_P_GRDBJTXX.BZRKS is
'保障人口数';

comment on column YW_P_GRDBJTXX.JTRKS is
'家庭人口数';

comment on column YW_P_GRDBJTXX.LXDH is
'联系电话';

comment on column YW_P_GRDBJTXX.JZDZ is
'居住地址';

comment on column YW_P_GRDBJTXX.DTBHLX is
'动态变化类型';

comment on column YW_P_GRDBJTXX.DTBHNY is
'动态变化年月';

comment on column YW_P_GRDBJTXX.S is
'市（区）';

comment on column YW_P_GRDBJTXX.JD is
'街道(乡镇)';

comment on column YW_P_GRDBJTXX.SQ is
'社区(村)';
comment on column YW_P_GRDBJTXX.jgdj_id
  is '关联个人基本信息YW_P_GRJBXX表主键ID';
alter table YW_P_GRDBJTXX
   add constraint PK_YW_P_GRDBJTXX primary key (ID);

/*==============================================================*/
/* Table: YW_P_GRETJZYM                                         */
/*==============================================================*/
create table YW_P_GRETJZYM 
(
   ID                   VARCHAR2(50)         not null,
   STATUS               VARCHAR2(2)          default '0' not null,
   SOURCE               VARCHAR2(2),
   CREATE_TIME          DATE,
   CREATE_USER          VARCHAR2(50),
   BMMC                 VARCHAR2(200),
   BMBM                 VARCHAR2(50),
   TGRQ                 DATE,
   XM                   VARCHAR2(50),
   SFZH                 VARCHAR2(50),
   ZJLX                 VARCHAR2(200),
   RWBH                 VARCHAR2(50),
   BZ                   VARCHAR2(500),
   XB                   VARCHAR2(50),
   CSRQ                 DATE,
   ZHYMJZRQ             DATE,
   CS                   NUMBER,
    jgdj_id              VARCHAR2(50)
);

comment on table YW_P_GRETJZYM is
'个人儿童接种疫苗';

comment on column YW_P_GRETJZYM.ID is
'主键';

comment on column YW_P_GRETJZYM.STATUS is
'数据的状态（是否可用，是否变更过等）';

comment on column YW_P_GRETJZYM.SOURCE is
'数据来源';

comment on column YW_P_GRETJZYM.CREATE_TIME is
'创建时间';

comment on column YW_P_GRETJZYM.CREATE_USER is
'创建人ID';

comment on column YW_P_GRETJZYM.BMMC is
'信息提供部门名称';

comment on column YW_P_GRETJZYM.BMBM is
'信息提供部门编码';

comment on column YW_P_GRETJZYM.TGRQ is
'信息提供日期';

comment on column YW_P_GRETJZYM.XM is
'姓名';

comment on column YW_P_GRETJZYM.SFZH is
'儿童身份证号';

comment on column YW_P_GRETJZYM.ZJLX is
'证件类型';

comment on column YW_P_GRETJZYM.RWBH is
'任务编号';

comment on column YW_P_GRETJZYM.BZ is
'备注';

comment on column YW_P_GRETJZYM.XB is
'儿童性别';

comment on column YW_P_GRETJZYM.CSRQ is
'出生日期';

comment on column YW_P_GRETJZYM.ZHYMJZRQ is
'最后一次疫苗接种日期';

comment on column YW_P_GRETJZYM.CS is
'接种疫苗次数';
comment on column YW_P_GRETJZYM.jgdj_id
  is '关联个人基本信息YW_P_GRJBXX表主键ID';

alter table YW_P_GRETJZYM
   add constraint PK_YW_P_GRETJZYM primary key (ID);

/*==============================================================*/
/* Table: YW_P_GRJSZXX                                          */
/*==============================================================*/
create table YW_P_GRJSZXX 
(
   ID                   VARCHAR2(50)         not null,
   STATUS               VARCHAR2(2)          default '0' not null,
   SOURCE               VARCHAR2(2),
   CREATE_TIME          DATE,
   CREATE_USER          VARCHAR2(50),
   BMMC                 VARCHAR2(200),
   BMBM                 VARCHAR2(50),
   TGRQ                 DATE,
   XM                   VARCHAR2(50),
   SFZH                 VARCHAR2(50),
   ZJLX                 VARCHAR2(200),
   RWBH                 VARCHAR2(50),
   BZ                   VARCHAR2(500),
   ZJCX                 VARCHAR2(500),
   JDZZT                VARCHAR2(500),
   CCLZSJ               DATE,
   GXRQ                 DATE,
   JZDZ                 VARCHAR2(3000),
    jgdj_id              VARCHAR2(50)
);

comment on table YW_P_GRJSZXX is
'个人驾驶证信息';

comment on column YW_P_GRJSZXX.ID is
'主键';

comment on column YW_P_GRJSZXX.STATUS is
'数据的状态（是否可用，是否变更过等）';

comment on column YW_P_GRJSZXX.SOURCE is
'数据来源';

comment on column YW_P_GRJSZXX.CREATE_TIME is
'创建时间';

comment on column YW_P_GRJSZXX.CREATE_USER is
'创建人ID';

comment on column YW_P_GRJSZXX.BMMC is
'信息提供部门名称';

comment on column YW_P_GRJSZXX.BMBM is
'信息提供部门编码';

comment on column YW_P_GRJSZXX.TGRQ is
'信息提供日期';

comment on column YW_P_GRJSZXX.XM is
'姓名';

comment on column YW_P_GRJSZXX.SFZH is
'身份证号';

comment on column YW_P_GRJSZXX.ZJLX is
'证件类型';

comment on column YW_P_GRJSZXX.RWBH is
'任务编号';

comment on column YW_P_GRJSZXX.BZ is
'备注';

comment on column YW_P_GRJSZXX.ZJCX is
'准驾车型';

comment on column YW_P_GRJSZXX.JDZZT is
'驾驶证状态';

comment on column YW_P_GRJSZXX.CCLZSJ is
'初次领证时间';

comment on column YW_P_GRJSZXX.GXRQ is
'更新日期';

comment on column YW_P_GRJSZXX.JZDZ is
'居住地址';
comment on column YW_P_GRJSZXX.jgdj_id
  is '关联个人基本信息YW_P_GRJBXX表主键ID';

alter table YW_P_GRJSZXX
   add constraint PK_YW_P_GRJSZXX primary key (ID);

/*==============================================================*/
/* Table: YW_P_GRQTBLXX                                         */
/*==============================================================*/
create table YW_P_GRQTBLXX 
(
   ID                   VARCHAR2(50)         not null,
   STATUS               VARCHAR2(2)          default '0' not null,
   SOURCE               VARCHAR2(2),
   CREATE_TIME          DATE,
   CREATE_USER          VARCHAR2(50),
   BMMC                 VARCHAR2(200),
   BMBM                 VARCHAR2(50),
   TGRQ                 DATE,
   XM                   VARCHAR2(50),
   SFZH                 VARCHAR2(50),
   ZJLX                 VARCHAR2(200),
   RWBH                 VARCHAR2(50),
   BZ                   VARCHAR2(500),
   SXYZCD               VARCHAR2(150),
   SXXWYXRQ             DATE,
   BLXWSS               VARCHAR2(4000),
   CFRQ                 DATE,
   JZRQ                 DATE,
   CFDWQC               VARCHAR2(250),
   WJWH                 VARCHAR2(200),
    jgdj_id              VARCHAR2(50)
);

comment on table YW_P_GRQTBLXX is
'个人其他不良信息';

comment on column YW_P_GRQTBLXX.ID is
'主键';

comment on column YW_P_GRQTBLXX.STATUS is
'数据的状态（是否可用，是否变更过等）';

comment on column YW_P_GRQTBLXX.SOURCE is
'数据来源';

comment on column YW_P_GRQTBLXX.CREATE_TIME is
'创建时间';

comment on column YW_P_GRQTBLXX.CREATE_USER is
'创建人ID';

comment on column YW_P_GRQTBLXX.BMMC is
'信息提供部门名称';

comment on column YW_P_GRQTBLXX.BMBM is
'信息提供部门编码';

comment on column YW_P_GRQTBLXX.TGRQ is
'信息提供日期';

comment on column YW_P_GRQTBLXX.XM is
'姓名';

comment on column YW_P_GRQTBLXX.SFZH is
'儿童身份证号';

comment on column YW_P_GRQTBLXX.ZJLX is
'证件类型';

comment on column YW_P_GRQTBLXX.RWBH is
'任务编号';

comment on column YW_P_GRQTBLXX.BZ is
'备注';

comment on column YW_P_GRQTBLXX.SXYZCD is
'失信严重程度';

comment on column YW_P_GRQTBLXX.SXXWYXRQ is
'失信行为有效日期';

comment on column YW_P_GRQTBLXX.BLXWSS is
'不良行为事实';

comment on column YW_P_GRQTBLXX.CFRQ is
'处罚日期';

comment on column YW_P_GRQTBLXX.JZRQ is
'截止日期';

comment on column YW_P_GRQTBLXX.CFDWQC is
'处罚单位全称';

comment on column YW_P_GRQTBLXX.WJWH is
'文件文号';

comment on column YW_P_GRQTBLXX.jgdj_id
  is '关联个人基本信息YW_P_GRJBXX表主键ID';

alter table YW_P_GRQTBLXX
   add constraint PK_YW_P_GRQTBLXX primary key (ID);

/*==============================================================*/
/* Table: YW_P_GRRYXX                                           */
/*==============================================================*/
create table YW_P_GRRYXX 
(
   ID                   VARCHAR2(50)         not null,
   STATUS               VARCHAR2(2)          default '0' not null,
   SOURCE               VARCHAR2(2),
   CREATE_TIME          DATE,
   CREATE_USER          VARCHAR2(50),
   BMMC                 VARCHAR2(200),
   BMBM                 VARCHAR2(50),
   TGRQ                 DATE,
   XM                   VARCHAR2(50),
   SFZH                 VARCHAR2(50),
   ZJLX                 VARCHAR2(200),
   RWBH                 VARCHAR2(50),
   BZ                   VARCHAR2(500),
   PDDW                 VARCHAR2(1000),
   PDRQ                 DATE,
   RYMC                 VARCHAR2(500),
   RYSX                 VARCHAR2(1000),
   ZSBH                 VARCHAR2(500),
   SZDWMC               VARCHAR2(500),
   SZDWZZJGDM           VARCHAR2(50),
    jgdj_id              VARCHAR2(50)
);

comment on table YW_P_GRRYXX is
'个人荣誉信息';

comment on column YW_P_GRRYXX.ID is
'主键';

comment on column YW_P_GRRYXX.STATUS is
'数据的状态（是否可用，是否变更过等）';

comment on column YW_P_GRRYXX.SOURCE is
'数据来源';

comment on column YW_P_GRRYXX.CREATE_TIME is
'创建时间';

comment on column YW_P_GRRYXX.CREATE_USER is
'创建人ID';

comment on column YW_P_GRRYXX.BMMC is
'信息提供部门名称';

comment on column YW_P_GRRYXX.BMBM is
'信息提供部门编码';

comment on column YW_P_GRRYXX.TGRQ is
'信息提供日期';

comment on column YW_P_GRRYXX.XM is
'姓名';

comment on column YW_P_GRRYXX.SFZH is
'身份证号';

comment on column YW_P_GRRYXX.ZJLX is
'证件类型';

comment on column YW_P_GRRYXX.RWBH is
'任务编号';

comment on column YW_P_GRRYXX.BZ is
'备注';

comment on column YW_P_GRRYXX.PDDW is
'评（认）定单位';

comment on column YW_P_GRRYXX.PDRQ is
'评（认）定日期';

comment on column YW_P_GRRYXX.RYMC is
'荣誉名称（含级别）';

comment on column YW_P_GRRYXX.RYSX is
'荣誉事项';

comment on column YW_P_GRRYXX.ZSBH is
'证书编号';

comment on column YW_P_GRRYXX.SZDWMC is
'所在单位名称';

comment on column YW_P_GRRYXX.SZDWZZJGDM is
'所在单位组织机构代码';
comment on column YW_P_GRRYXX.jgdj_id
  is '关联个人基本信息YW_P_GRJBXX表主键ID';

alter table YW_P_GRRYXX
   add constraint PK_YW_P_GRRYXX primary key (ID);

/*==============================================================*/
/* Table: YW_P_GRSGSXZCF                                        */
/*==============================================================*/
create table YW_P_GRSGSXZCF 
(
   ID                   VARCHAR2(50)         not null,
   STATUS               VARCHAR2(2)          default '0' not null,
   SOURCE               VARCHAR2(2),
   CREATE_TIME          DATE,
   CREATE_USER          VARCHAR2(50),
   BMMC                 VARCHAR2(200),
   BMBM                 VARCHAR2(50),
   TGRQ                 DATE,
   XM                   VARCHAR2(50),
   SFZH                 VARCHAR2(50),
   ZJLX                 VARCHAR2(200),
   RWBH                 VARCHAR2(50),
   BZ                   VARCHAR2(500),
   AJMC                 VARCHAR2(1000),
   XZCFJDSWH            VARCHAR2(200),
   XZCFBM               VARCHAR2(100),
   CFLB                 VARCHAR2(100),
   SXYZCD               VARCHAR2(100),
   CFYJ                 VARCHAR2(4000),
   CFSY                 VARCHAR2(4000),
   CFJG                 VARCHAR2(3000),
   CFJDRQ               DATE,
   CFJGMC               VARCHAR2(250),
   DQZT                 VARCHAR2(100),
   GSJZQ                DATE,
   XXSYFW               VARCHAR2(200),
   jgdj_id              VARCHAR2(50)
);

comment on table YW_P_GRSGSXZCF is
'个人双公示行政处罚';

comment on column YW_P_GRSGSXZCF.ID is
'主键';

comment on column YW_P_GRSGSXZCF.STATUS is
'数据的状态（是否可用，是否变更过等）';

comment on column YW_P_GRSGSXZCF.SOURCE is
'数据来源';

comment on column YW_P_GRSGSXZCF.CREATE_TIME is
'创建时间';

comment on column YW_P_GRSGSXZCF.CREATE_USER is
'创建人ID';

comment on column YW_P_GRSGSXZCF.BMMC is
'信息提供部门名称';

comment on column YW_P_GRSGSXZCF.BMBM is
'信息提供部门编码';

comment on column YW_P_GRSGSXZCF.TGRQ is
'信息提供日期';

comment on column YW_P_GRSGSXZCF.XM is
'姓名';

comment on column YW_P_GRSGSXZCF.SFZH is
'身份证号';

comment on column YW_P_GRSGSXZCF.ZJLX is
'证件类型';

comment on column YW_P_GRSGSXZCF.RWBH is
'任务编号';

comment on column YW_P_GRSGSXZCF.BZ is
'备注';

comment on column YW_P_GRSGSXZCF.AJMC is
'案件名称';

comment on column YW_P_GRSGSXZCF.XZCFJDSWH is
'行政处罚决定书文号';

comment on column YW_P_GRSGSXZCF.XZCFBM is
'行政处罚编码';

comment on column YW_P_GRSGSXZCF.CFLB is
'处罚类别';

comment on column YW_P_GRSGSXZCF.SXYZCD is
'失信严重程度';

comment on column YW_P_GRSGSXZCF.CFYJ is
'处罚依据';

comment on column YW_P_GRSGSXZCF.CFSY is
'处罚事由';

comment on column YW_P_GRSGSXZCF.CFJG is
'处罚结果';

comment on column YW_P_GRSGSXZCF.CFJDRQ is
'处罚决定日期';

comment on column YW_P_GRSGSXZCF.CFJGMC is
'处罚机关名称';

comment on column YW_P_GRSGSXZCF.DQZT is
'当前状态';

comment on column YW_P_GRSGSXZCF.GSJZQ is
'公示截止期';

comment on column YW_P_GRSGSXZCF.XXSYFW is
'信息使用范围';

comment on column YW_P_GRSGSXZCF.jgdj_id
  is '关联个人基本信息YW_P_GRJBXX表主键ID';

alter table YW_P_GRSGSXZCF
   add constraint PK_YW_P_GRSGSXZCF primary key (ID);

/*==============================================================*/
/* Table: YW_P_GRSGSXZXK                                        */
/*==============================================================*/
create table YW_P_GRSGSXZXK 
(
   ID                   VARCHAR2(50)         not null,
   STATUS               VARCHAR2(2)          default '0' not null,
   SOURCE               VARCHAR2(2),
   CREATE_TIME          DATE,
   CREATE_USER          VARCHAR2(50),
   BMMC                 VARCHAR2(200),
   BMBM                 VARCHAR2(50),
   TGRQ                 DATE,
   XM                   VARCHAR2(50),
   SFZH                 VARCHAR2(50),
   ZJLX                 VARCHAR2(200),
   RWBH                 VARCHAR2(50),
   BZ                   VARCHAR2(500),
   XMMC                 VARCHAR2(1000),
   XZXKJDSWH            VARCHAR2(200),
   XZXKBM               VARCHAR2(100),
   SPLB                 VARCHAR2(100),
   XKNR                 VARCHAR2(4000),
   XKJDRQ               DATE,
   XKJG                 VARCHAR2(250),
   XKJZQ                DATE,
   DQZT                 VARCHAR2(100),
   XXSYFW               VARCHAR2(200),
   jgdj_id              VARCHAR2(50)
);

comment on table YW_P_GRSGSXZXK is
'个人双公示行政许可';

comment on column YW_P_GRSGSXZXK.ID is
'主键';

comment on column YW_P_GRSGSXZXK.STATUS is
'数据的状态（是否可用，是否变更过等）';

comment on column YW_P_GRSGSXZXK.SOURCE is
'数据来源';

comment on column YW_P_GRSGSXZXK.CREATE_TIME is
'创建时间';

comment on column YW_P_GRSGSXZXK.CREATE_USER is
'创建人ID';

comment on column YW_P_GRSGSXZXK.BMMC is
'信息提供部门名称';

comment on column YW_P_GRSGSXZXK.BMBM is
'信息提供部门编码';

comment on column YW_P_GRSGSXZXK.TGRQ is
'信息提供日期';

comment on column YW_P_GRSGSXZXK.XM is
'姓名';

comment on column YW_P_GRSGSXZXK.SFZH is
'身份证号';

comment on column YW_P_GRSGSXZXK.ZJLX is
'证件类型';

comment on column YW_P_GRSGSXZXK.RWBH is
'任务编号';

comment on column YW_P_GRSGSXZXK.BZ is
'备注';

comment on column YW_P_GRSGSXZXK.XMMC is
'项目名称';

comment on column YW_P_GRSGSXZXK.XZXKJDSWH is
'行政许可决定书文号';

comment on column YW_P_GRSGSXZXK.XZXKBM is
'行政许可编码';

comment on column YW_P_GRSGSXZXK.SPLB is
'审批类别';

comment on column YW_P_GRSGSXZXK.XKNR is
'许可内容';

comment on column YW_P_GRSGSXZXK.XKJDRQ is
'许可决定日期';

comment on column YW_P_GRSGSXZXK.XKJG is
'许可机关';

comment on column YW_P_GRSGSXZXK.XKJZQ is
'许可截止期';

comment on column YW_P_GRSGSXZXK.DQZT is
'当前状态';

comment on column YW_P_GRSGSXZXK.XXSYFW is
'信息使用范围';

comment on column YW_P_GRSGSXZXK.jgdj_id
  is '关联个人基本信息YW_P_GRJBXX表主键ID';

alter table YW_P_GRSGSXZXK
   add constraint PK_YW_P_GRSGSXZXK primary key (ID);

/*==============================================================*/
/* Table: YW_P_GRSQJZRYXX                                       */
/*==============================================================*/
create table YW_P_GRSQJZRYXX 
(
   ID                   VARCHAR2(50)         not null,
   STATUS               VARCHAR2(2)          default '0' not null,
   SOURCE               VARCHAR2(2),
   CREATE_TIME          DATE,
   CREATE_USER          VARCHAR2(50),
   BMMC                 VARCHAR2(200),
   BMBM                 VARCHAR2(50),
   TGRQ                 DATE,
   XM                   VARCHAR2(50),
   SFZH                 VARCHAR2(50),
   ZJLX                 VARCHAR2(200),
   RWBH                 VARCHAR2(50),
   BZ                   VARCHAR2(500),
   FXLB                 VARCHAR2(500),
   SQJZLX               VARCHAR2(300),
   JYQK                 VARCHAR2(500),
   JZQSRQ               DATE,
   JZZZRQ               DATE,
   PJJG                 VARCHAR2(1000),
   PJRQ                 DATE,
   jgdj_id              VARCHAR2(50)
);

comment on table YW_P_GRSQJZRYXX is
'个人社区矫正人员信息';

comment on column YW_P_GRSQJZRYXX.ID is
'主键';

comment on column YW_P_GRSQJZRYXX.STATUS is
'数据的状态（是否可用，是否变更过等）';

comment on column YW_P_GRSQJZRYXX.SOURCE is
'数据来源';

comment on column YW_P_GRSQJZRYXX.CREATE_TIME is
'创建时间';

comment on column YW_P_GRSQJZRYXX.CREATE_USER is
'创建人ID';

comment on column YW_P_GRSQJZRYXX.BMMC is
'信息提供部门名称';

comment on column YW_P_GRSQJZRYXX.BMBM is
'信息提供部门编码';

comment on column YW_P_GRSQJZRYXX.TGRQ is
'信息提供日期';

comment on column YW_P_GRSQJZRYXX.XM is
'姓名';

comment on column YW_P_GRSQJZRYXX.SFZH is
'身份证号';

comment on column YW_P_GRSQJZRYXX.ZJLX is
'证件类型';

comment on column YW_P_GRSQJZRYXX.RWBH is
'任务编号';

comment on column YW_P_GRSQJZRYXX.BZ is
'备注';

comment on column YW_P_GRSQJZRYXX.FXLB is
'服刑类别';

comment on column YW_P_GRSQJZRYXX.SQJZLX is
'社区矫正类型';

comment on column YW_P_GRSQJZRYXX.JYQK is
'就业情况';

comment on column YW_P_GRSQJZRYXX.JZQSRQ is
'矫正起始日期';

comment on column YW_P_GRSQJZRYXX.JZZZRQ is
'矫正终止日期';

comment on column YW_P_GRSQJZRYXX.PJJG is
'判决机关';

comment on column YW_P_GRSQJZRYXX.PJRQ is
'判决日期';
comment on column YW_P_GRSQJZRYXX.jgdj_id
  is '关联个人基本信息YW_P_GRJBXX表主键ID';

alter table YW_P_GRSQJZRYXX
   add constraint PK_YW_P_GRSQJZRYXX primary key (ID);

/*==============================================================*/
/* Table: YW_P_GRXHFZAJ                                         */
/*==============================================================*/
create table YW_P_GRXHFZAJ 
(
   ID                   VARCHAR2(50)         not null,
   STATUS               VARCHAR2(2)          default '0' not null,
   SOURCE               VARCHAR2(2),
   CREATE_TIME          DATE,
   CREATE_USER          VARCHAR2(50),
   BMMC                 VARCHAR2(200),
   BMBM                 VARCHAR2(50),
   TGRQ                 DATE,
   XM                   VARCHAR2(50),
   SFZH                 VARCHAR2(50),
   ZJLX                 VARCHAR2(200),
   RWBH                 VARCHAR2(50),
   BZ                   VARCHAR2(500),
   ZW                   VARCHAR2(200),
   AJXZ                 VARCHAR2(500),
   AJZY                 VARCHAR2(1000),
   CLQK                 VARCHAR2(1000),
   HYLY                 VARCHAR2(1000),
   PJJG                 VARCHAR2(1000),
   SAJE                 NUMBER,
   SSDW                 VARCHAR2(500),
   XXTGBMQC             VARCHAR2(500),
   jgdj_id              VARCHAR2(50)
);

comment on table YW_P_GRXHFZAJ is
'个人行贿犯罪案件';

comment on column YW_P_GRXHFZAJ.ID is
'主键';

comment on column YW_P_GRXHFZAJ.STATUS is
'数据的状态（是否可用，是否变更过等）';

comment on column YW_P_GRXHFZAJ.SOURCE is
'数据来源';

comment on column YW_P_GRXHFZAJ.CREATE_TIME is
'创建时间';

comment on column YW_P_GRXHFZAJ.CREATE_USER is
'创建人ID';

comment on column YW_P_GRXHFZAJ.BMMC is
'信息提供部门名称';

comment on column YW_P_GRXHFZAJ.BMBM is
'信息提供部门编码';

comment on column YW_P_GRXHFZAJ.TGRQ is
'信息提供日期';

comment on column YW_P_GRXHFZAJ.XM is
'姓名';

comment on column YW_P_GRXHFZAJ.SFZH is
'身份证号';

comment on column YW_P_GRXHFZAJ.ZJLX is
'证件类型';

comment on column YW_P_GRXHFZAJ.RWBH is
'任务编号';

comment on column YW_P_GRXHFZAJ.BZ is
'备注';

comment on column YW_P_GRXHFZAJ.ZW is
'职务';

comment on column YW_P_GRXHFZAJ.AJXZ is
'案件性质';

comment on column YW_P_GRXHFZAJ.AJZY is
'案情摘要';

comment on column YW_P_GRXHFZAJ.CLQK is
'处理情况';

comment on column YW_P_GRXHFZAJ.HYLY is
'行业领域';

comment on column YW_P_GRXHFZAJ.PJJG is
'判决结果';

comment on column YW_P_GRXHFZAJ.SAJE is
'涉案金额';

comment on column YW_P_GRXHFZAJ.SSDW is
'所属单位';

comment on column YW_P_GRXHFZAJ.XXTGBMQC is
'信息提供部门全称';
comment on column YW_P_GRXHFZAJ.jgdj_id
  is '关联个人基本信息YW_P_GRJBXX表主键ID';

alter table YW_P_GRXHFZAJ
   add constraint PK_YW_P_GRXHFZAJ primary key (ID);

/*==============================================================*/
/* Table: YW_P_GRXYPJ                                           */
/*==============================================================*/
create table YW_P_GRXYPJ 
(
   ID                   VARCHAR2(50)         not null,
   STATUS               VARCHAR2(2)          default '0' not null,
   SOURCE               VARCHAR2(2),
   CREATE_TIME          DATE,
   CREATE_USER          VARCHAR2(50),
   BMMC                 VARCHAR2(200),
   BMBM                 VARCHAR2(50),
   TGRQ                 DATE,
   XM                   VARCHAR2(50),
   SFZH                 VARCHAR2(50),
   ZJLX                 VARCHAR2(200),
   RWBH                 VARCHAR2(50),
   BZ                   VARCHAR2(500),
   PDJB                 VARCHAR2(1000),
   PDSJ                 DATE,
   jgdj_id              VARCHAR2(50)
);

comment on table YW_P_GRXYPJ is
'个人信用评级';

comment on column YW_P_GRXYPJ.ID is
'主键';

comment on column YW_P_GRXYPJ.STATUS is
'数据的状态（是否可用，是否变更过等）';

comment on column YW_P_GRXYPJ.SOURCE is
'数据来源';

comment on column YW_P_GRXYPJ.CREATE_TIME is
'创建时间';

comment on column YW_P_GRXYPJ.CREATE_USER is
'创建人ID';

comment on column YW_P_GRXYPJ.BMMC is
'信息提供部门名称';

comment on column YW_P_GRXYPJ.BMBM is
'信息提供部门编码';

comment on column YW_P_GRXYPJ.TGRQ is
'信息提供日期';

comment on column YW_P_GRXYPJ.XM is
'姓名';

comment on column YW_P_GRXYPJ.SFZH is
'身份证号';

comment on column YW_P_GRXYPJ.ZJLX is
'证件类型';

comment on column YW_P_GRXYPJ.RWBH is
'任务编号';

comment on column YW_P_GRXYPJ.BZ is
'备注';

comment on column YW_P_GRXYPJ.PDJB is
'评定级别';

comment on column YW_P_GRXYPJ.PDSJ is
'评定时间';
comment on column YW_P_GRXYPJ.jgdj_id
  is '关联个人基本信息YW_P_GRJBXX表主键ID';


alter table YW_P_GRXYPJ
   add constraint PK_YW_P_GRXYPJ primary key (ID);

/*==============================================================*/
/* Table: YW_P_GRZYZFW                                          */
/*==============================================================*/
create table YW_P_GRZYZFW 
(
   ID                   VARCHAR2(50)         not null,
   STATUS               VARCHAR2(2)          default '0' not null,
   SOURCE               VARCHAR2(2),
   CREATE_TIME          DATE,
   CREATE_USER          VARCHAR2(50),
   BMMC                 VARCHAR2(200),
   BMBM                 VARCHAR2(50),
   TGRQ                 DATE,
   XM                   VARCHAR2(50),
   SFZH                 VARCHAR2(50),
   ZJLX                 VARCHAR2(200),
   RWBH                 VARCHAR2(50),
   BZ                   VARCHAR2(500),
   JF                   VARCHAR2(150),
   ZZMM                 VARCHAR2(200),
   GZDW                 VARCHAR2(500),
   FWSC                 VARCHAR2(200),
   jgdj_id              VARCHAR2(50)
);

comment on table YW_P_GRZYZFW is
'个人志愿者服务';

comment on column YW_P_GRZYZFW.ID is
'主键';

comment on column YW_P_GRZYZFW.STATUS is
'数据的状态（是否可用，是否变更过等）';

comment on column YW_P_GRZYZFW.SOURCE is
'数据来源';

comment on column YW_P_GRZYZFW.CREATE_TIME is
'创建时间';

comment on column YW_P_GRZYZFW.CREATE_USER is
'创建人ID';

comment on column YW_P_GRZYZFW.BMMC is
'信息提供部门名称';

comment on column YW_P_GRZYZFW.BMBM is
'信息提供部门编码';

comment on column YW_P_GRZYZFW.TGRQ is
'信息提供日期';

comment on column YW_P_GRZYZFW.XM is
'姓名';

comment on column YW_P_GRZYZFW.SFZH is
'儿童身份证号';

comment on column YW_P_GRZYZFW.ZJLX is
'证件类型';

comment on column YW_P_GRZYZFW.RWBH is
'任务编号';

comment on column YW_P_GRZYZFW.BZ is
'备注';

comment on column YW_P_GRZYZFW.JF is
'积分';

comment on column YW_P_GRZYZFW.ZZMM is
'政治面貌';

comment on column YW_P_GRZYZFW.GZDW is
'工作单位';

comment on column YW_P_GRZYZFW.FWSC is
'服务时长';
comment on column YW_P_GRZYZFW.jgdj_id
  is '关联个人基本信息YW_P_GRJBXX表主键ID';
alter table YW_P_GRZYZFW
   add constraint PK_YW_P_GRZYZFW primary key (ID);


------------------------------------------- 法人管理 -------------------------------------------
drop table DT_FR_FRLXFL cascade constraints;

CREATE TABLE DT_FR_FRLXFL
(
  id VARCHAR2(50) DEFAULT sys_guid() PRIMARY KEY NOT NULL,
  FRLX_CODE INT NOT NULL,
  FRLX_NAME VARCHAR2(250) NOT NULL,
  FRFL VARCHAR2(250),
  SHOW_ORDER INT
);
COMMENT ON COLUMN DT_FR_FRLXFL.FRLX_CODE IS '法人类型代码';
COMMENT ON COLUMN DT_FR_FRLXFL.FRLX_NAME IS '法人类型名称';
COMMENT ON COLUMN DT_FR_FRLXFL.FRFL IS '法人分类';
COMMENT ON COLUMN DT_FR_FRLXFL.SHOW_ORDER IS '标签显示顺序';
COMMENT ON TABLE DT_FR_FRLXFL IS '法人类型分类表';

INSERT INTO DT_FR_FRLXFL (FRLX_CODE, FRLX_NAME, FRFL, SHOW_ORDER) VALUES ('1000', '内资公司', '其他', '99');
INSERT INTO DT_FR_FRLXFL (FRLX_CODE, FRLX_NAME, FRFL, SHOW_ORDER) VALUES ('1100', '有限责任公司', '有限公司', '1');
INSERT INTO DT_FR_FRLXFL (FRLX_CODE, FRLX_NAME, FRFL, SHOW_ORDER) VALUES ('1110', '有限责任公司(国有独资)', '有限公司', '1');
INSERT INTO DT_FR_FRLXFL (FRLX_CODE, FRLX_NAME, FRFL, SHOW_ORDER) VALUES ('1120', '有限责任公司(外商投资企业投资)', '有限公司', '1');
INSERT INTO DT_FR_FRLXFL (FRLX_CODE, FRLX_NAME, FRFL, SHOW_ORDER) VALUES ('1121', '有限责任公司(外商投资企业合资)', '有限公司', '1');
INSERT INTO DT_FR_FRLXFL (FRLX_CODE, FRLX_NAME, FRFL, SHOW_ORDER) VALUES ('1122', '有限责任公司(外商投资企业与内资合资)', '有限公司', '1');
INSERT INTO DT_FR_FRLXFL (FRLX_CODE, FRLX_NAME, FRFL, SHOW_ORDER) VALUES ('1123', '有限责任公司(外商投资企业法人独资)', '有限公司', '1');
INSERT INTO DT_FR_FRLXFL (FRLX_CODE, FRLX_NAME, FRFL, SHOW_ORDER) VALUES ('1130', '有限责任公司(自然人投资或控股)', '有限公司', '1');
INSERT INTO DT_FR_FRLXFL (FRLX_CODE, FRLX_NAME, FRFL, SHOW_ORDER) VALUES ('1140', '有限责任公司(国有控股)', '有限公司', '1');
INSERT INTO DT_FR_FRLXFL (FRLX_CODE, FRLX_NAME, FRFL, SHOW_ORDER) VALUES ('1150', '一人有限责任公司', '有限公司', '1');
INSERT INTO DT_FR_FRLXFL (FRLX_CODE, FRLX_NAME, FRFL, SHOW_ORDER) VALUES ('1151', '有限责任公司(自然人独资)', '有限公司', '1');
INSERT INTO DT_FR_FRLXFL (FRLX_CODE, FRLX_NAME, FRFL, SHOW_ORDER) VALUES ('1152', '有限责任公司（自然人投资或控股的法人独资）', '有限公司', '1');
INSERT INTO DT_FR_FRLXFL (FRLX_CODE, FRLX_NAME, FRFL, SHOW_ORDER) VALUES ('1153', '有限责任公司（非自然人投资或控股的法人独资）', '有限公司', '1');
INSERT INTO DT_FR_FRLXFL (FRLX_CODE, FRLX_NAME, FRFL, SHOW_ORDER) VALUES ('1190', '其他有限责任公司', '有限公司', '1');
INSERT INTO DT_FR_FRLXFL (FRLX_CODE, FRLX_NAME, FRFL, SHOW_ORDER) VALUES ('1200', '股份有限公司', '股份公司', '2');
INSERT INTO DT_FR_FRLXFL (FRLX_CODE, FRLX_NAME, FRFL, SHOW_ORDER) VALUES ('1210', '股份有限公司(上市)', '股份公司', '2');
INSERT INTO DT_FR_FRLXFL (FRLX_CODE, FRLX_NAME, FRFL, SHOW_ORDER) VALUES ('1211', '股份有限公司(上市、外商投资企业投资)', '股份公司', '2');
INSERT INTO DT_FR_FRLXFL (FRLX_CODE, FRLX_NAME, FRFL, SHOW_ORDER) VALUES ('1212', '股份有限公司(上市、自然人投资或控股)', '股份公司', '2');
INSERT INTO DT_FR_FRLXFL (FRLX_CODE, FRLX_NAME, FRFL, SHOW_ORDER) VALUES ('1213', '股份有限公司(上市、国有控股)', '股份公司', '2');
INSERT INTO DT_FR_FRLXFL (FRLX_CODE, FRLX_NAME, FRFL, SHOW_ORDER) VALUES ('1219', '其他股份有限公司(上市)', '股份公司', '2');
INSERT INTO DT_FR_FRLXFL (FRLX_CODE, FRLX_NAME, FRFL, SHOW_ORDER) VALUES ('1220', '股份有限公司(非上市)', '股份公司', '2');
INSERT INTO DT_FR_FRLXFL (FRLX_CODE, FRLX_NAME, FRFL, SHOW_ORDER) VALUES ('1221', '股份有限公司(非上市、外商投资企业投资)', '股份公司', '2');
INSERT INTO DT_FR_FRLXFL (FRLX_CODE, FRLX_NAME, FRFL, SHOW_ORDER) VALUES ('1222', '股份有限公司(非上市、自然人投资或控股)', '股份公司', '2');
INSERT INTO DT_FR_FRLXFL (FRLX_CODE, FRLX_NAME, FRFL, SHOW_ORDER) VALUES ('1223', '股份有限公司(非上市、国有控股)', '股份公司', '2');
INSERT INTO DT_FR_FRLXFL (FRLX_CODE, FRLX_NAME, FRFL, SHOW_ORDER) VALUES ('1229', '其他股份有限公司(非上市)', '股份公司', '2');
INSERT INTO DT_FR_FRLXFL (FRLX_CODE, FRLX_NAME, FRFL, SHOW_ORDER) VALUES ('2000', '内资分公司', '分支机构', '7');
INSERT INTO DT_FR_FRLXFL (FRLX_CODE, FRLX_NAME, FRFL, SHOW_ORDER) VALUES ('2100', '有限责任公司分公司', '分支机构', '7');
INSERT INTO DT_FR_FRLXFL (FRLX_CODE, FRLX_NAME, FRFL, SHOW_ORDER) VALUES ('2110', '有限责任公司分公司(国有独资)', '分支机构', '7');
INSERT INTO DT_FR_FRLXFL (FRLX_CODE, FRLX_NAME, FRFL, SHOW_ORDER) VALUES ('2120', '有限责任公司分公司(外商投资企业投资)', '分支机构', '7');
INSERT INTO DT_FR_FRLXFL (FRLX_CODE, FRLX_NAME, FRFL, SHOW_ORDER) VALUES ('2121', '有限责任公司分公司(外商投资企业合资)', '分支机构', '7');
INSERT INTO DT_FR_FRLXFL (FRLX_CODE, FRLX_NAME, FRFL, SHOW_ORDER) VALUES ('2122', '有限责任公司分公司(外商投资企业与内资合资)', '分支机构', '7');
INSERT INTO DT_FR_FRLXFL (FRLX_CODE, FRLX_NAME, FRFL, SHOW_ORDER) VALUES ('2123', '有限责任公司分公司(外商投资企业法人独资)', '分支机构', '7');
INSERT INTO DT_FR_FRLXFL (FRLX_CODE, FRLX_NAME, FRFL, SHOW_ORDER) VALUES ('2130', '有限责任公司分公司(自然人投资或控股)', '分支机构', '7');
INSERT INTO DT_FR_FRLXFL (FRLX_CODE, FRLX_NAME, FRFL, SHOW_ORDER) VALUES ('2140', '有限责任公司分公司(国有控股)', '分支机构', '7');
INSERT INTO DT_FR_FRLXFL (FRLX_CODE, FRLX_NAME, FRFL, SHOW_ORDER) VALUES ('2150', '一人有限责任公司分公司', '分支机构', '7');
INSERT INTO DT_FR_FRLXFL (FRLX_CODE, FRLX_NAME, FRFL, SHOW_ORDER) VALUES ('2151', '有限责任公司分公司(自然人独资)', '分支机构', '7');
INSERT INTO DT_FR_FRLXFL (FRLX_CODE, FRLX_NAME, FRFL, SHOW_ORDER) VALUES ('2152', '有限责任公司分公司(自然人投资或控股的法人独资)', '分支机构', '7');
INSERT INTO DT_FR_FRLXFL (FRLX_CODE, FRLX_NAME, FRFL, SHOW_ORDER) VALUES ('2153', '有限责任公司分公司（非自然人投资或控股的法人独资）', '分支机构', '7');
INSERT INTO DT_FR_FRLXFL (FRLX_CODE, FRLX_NAME, FRFL, SHOW_ORDER) VALUES ('2190', '其他有限责任公司分公司', '分支机构', '7');
INSERT INTO DT_FR_FRLXFL (FRLX_CODE, FRLX_NAME, FRFL, SHOW_ORDER) VALUES ('2200', '股份有限公司分公司', '分支机构', '7');
INSERT INTO DT_FR_FRLXFL (FRLX_CODE, FRLX_NAME, FRFL, SHOW_ORDER) VALUES ('2210', '股份有限公司分公司(上市)', '分支机构', '7');
INSERT INTO DT_FR_FRLXFL (FRLX_CODE, FRLX_NAME, FRFL, SHOW_ORDER) VALUES ('2211', '股份有限公司分公司(上市、外商投资企业投资)', '分支机构', '7');
INSERT INTO DT_FR_FRLXFL (FRLX_CODE, FRLX_NAME, FRFL, SHOW_ORDER) VALUES ('2212', '股份有限公司分公司(上市、自然人投资或控股)', '分支机构', '7');
INSERT INTO DT_FR_FRLXFL (FRLX_CODE, FRLX_NAME, FRFL, SHOW_ORDER) VALUES ('2213', '股份有限公司分公司(上市、国有控股)', '分支机构', '7');
INSERT INTO DT_FR_FRLXFL (FRLX_CODE, FRLX_NAME, FRFL, SHOW_ORDER) VALUES ('2219', '其他股份有限公司分公司(上市)', '分支机构', '7');
INSERT INTO DT_FR_FRLXFL (FRLX_CODE, FRLX_NAME, FRFL, SHOW_ORDER) VALUES ('2220', '股份有限公司分公司(非上市)', '分支机构', '7');
INSERT INTO DT_FR_FRLXFL (FRLX_CODE, FRLX_NAME, FRFL, SHOW_ORDER) VALUES ('2221', '股份有限公司分公司(非上市、外商投资企业投资）', '分支机构', '7');
INSERT INTO DT_FR_FRLXFL (FRLX_CODE, FRLX_NAME, FRFL, SHOW_ORDER) VALUES ('2222', '股份有限公司分公司(非上市、自然人投资或控股)', '分支机构', '7');
INSERT INTO DT_FR_FRLXFL (FRLX_CODE, FRLX_NAME, FRFL, SHOW_ORDER) VALUES ('2223', '股份有限公司分公司(非上市、国有控股)', '分支机构', '7');
INSERT INTO DT_FR_FRLXFL (FRLX_CODE, FRLX_NAME, FRFL, SHOW_ORDER) VALUES ('2229', '其他股份有限公司分公司(非上市)', '分支机构', '7');
INSERT INTO DT_FR_FRLXFL (FRLX_CODE, FRLX_NAME, FRFL, SHOW_ORDER) VALUES ('3000', '内资企业法人', '其他', '99');
INSERT INTO DT_FR_FRLXFL (FRLX_CODE, FRLX_NAME, FRFL, SHOW_ORDER) VALUES ('3100', '全民所有制', '其他', '99');
INSERT INTO DT_FR_FRLXFL (FRLX_CODE, FRLX_NAME, FRFL, SHOW_ORDER) VALUES ('3200', '集体所有制', '其他', '99');
INSERT INTO DT_FR_FRLXFL (FRLX_CODE, FRLX_NAME, FRFL, SHOW_ORDER) VALUES ('3300', '股份制', '其他', '99');
INSERT INTO DT_FR_FRLXFL (FRLX_CODE, FRLX_NAME, FRFL, SHOW_ORDER) VALUES ('3400', '股份合作制', '其他', '99');
INSERT INTO DT_FR_FRLXFL (FRLX_CODE, FRLX_NAME, FRFL, SHOW_ORDER) VALUES ('3500', '联营', '其他', '99');
INSERT INTO DT_FR_FRLXFL (FRLX_CODE, FRLX_NAME, FRFL, SHOW_ORDER) VALUES ('4000', '内资非法人企业、非公司私营企业', '其他', '99');
INSERT INTO DT_FR_FRLXFL (FRLX_CODE, FRLX_NAME, FRFL, SHOW_ORDER) VALUES ('4100', '事业单位营业', '事业单位', '8');
INSERT INTO DT_FR_FRLXFL (FRLX_CODE, FRLX_NAME, FRFL, SHOW_ORDER) VALUES ('4110', '国有事业单位营业', '事业单位', '8');
INSERT INTO DT_FR_FRLXFL (FRLX_CODE, FRLX_NAME, FRFL, SHOW_ORDER) VALUES ('4120', '集体事业单位营业', '事业单位', '8');
INSERT INTO DT_FR_FRLXFL (FRLX_CODE, FRLX_NAME, FRFL, SHOW_ORDER) VALUES ('4200', '社团法人营业', '社团法人', '9');
INSERT INTO DT_FR_FRLXFL (FRLX_CODE, FRLX_NAME, FRFL, SHOW_ORDER) VALUES ('4210', '国有社团法人营业', '社团法人', '9');
INSERT INTO DT_FR_FRLXFL (FRLX_CODE, FRLX_NAME, FRFL, SHOW_ORDER) VALUES ('4220', '集体社团法人营业', '社团法人', '9');
INSERT INTO DT_FR_FRLXFL (FRLX_CODE, FRLX_NAME, FRFL, SHOW_ORDER) VALUES ('4300', '内资企业法人分支机构(非法人)', '其他', '99');
INSERT INTO DT_FR_FRLXFL (FRLX_CODE, FRLX_NAME, FRFL, SHOW_ORDER) VALUES ('4310', '全民所有制分支机构(非法人)', '其他', '99');
INSERT INTO DT_FR_FRLXFL (FRLX_CODE, FRLX_NAME, FRFL, SHOW_ORDER) VALUES ('4320', '集体分支机构(非法人)', '其他', '99');
INSERT INTO DT_FR_FRLXFL (FRLX_CODE, FRLX_NAME, FRFL, SHOW_ORDER) VALUES ('4330', '股份制分支机构', '其他', '99');
INSERT INTO DT_FR_FRLXFL (FRLX_CODE, FRLX_NAME, FRFL, SHOW_ORDER) VALUES ('4340', '股份合作制分支机构', '其他', '99');
INSERT INTO DT_FR_FRLXFL (FRLX_CODE, FRLX_NAME, FRFL, SHOW_ORDER) VALUES ('4400', '经营单位(非法人)', '其他', '99');
INSERT INTO DT_FR_FRLXFL (FRLX_CODE, FRLX_NAME, FRFL, SHOW_ORDER) VALUES ('4410', '国有经营单位(非法人)', '其他', '99');
INSERT INTO DT_FR_FRLXFL (FRLX_CODE, FRLX_NAME, FRFL, SHOW_ORDER) VALUES ('4420', '集体经营单位(非法人)', '其他', '99');
INSERT INTO DT_FR_FRLXFL (FRLX_CODE, FRLX_NAME, FRFL, SHOW_ORDER) VALUES ('4500', '非公司私营企业', '其他', '99');
INSERT INTO DT_FR_FRLXFL (FRLX_CODE, FRLX_NAME, FRFL, SHOW_ORDER) VALUES ('4530', '合伙企业', '合伙企业', '6');
INSERT INTO DT_FR_FRLXFL (FRLX_CODE, FRLX_NAME, FRFL, SHOW_ORDER) VALUES ('4531', '普通合伙企业', '合伙企业', '6');
INSERT INTO DT_FR_FRLXFL (FRLX_CODE, FRLX_NAME, FRFL, SHOW_ORDER) VALUES ('4532', '特殊普通合伙企业', '合伙企业', '6');
INSERT INTO DT_FR_FRLXFL (FRLX_CODE, FRLX_NAME, FRFL, SHOW_ORDER) VALUES ('4533', '有限合伙企业', '合伙企业', '6');
INSERT INTO DT_FR_FRLXFL (FRLX_CODE, FRLX_NAME, FRFL, SHOW_ORDER) VALUES ('4540', '个人独资企业', '个人独资', '10');
INSERT INTO DT_FR_FRLXFL (FRLX_CODE, FRLX_NAME, FRFL, SHOW_ORDER) VALUES ('4550', '合伙企业分支机构', '合伙企业', '6');
INSERT INTO DT_FR_FRLXFL (FRLX_CODE, FRLX_NAME, FRFL, SHOW_ORDER) VALUES ('4551', '普通合伙企业分支机构', '合伙企业', '6');
INSERT INTO DT_FR_FRLXFL (FRLX_CODE, FRLX_NAME, FRFL, SHOW_ORDER) VALUES ('4552', '特殊普通合伙企业分支机构', '合伙企业', '6');
INSERT INTO DT_FR_FRLXFL (FRLX_CODE, FRLX_NAME, FRFL, SHOW_ORDER) VALUES ('4553', '有限合伙企业分支机构', '合伙企业', '6');
INSERT INTO DT_FR_FRLXFL (FRLX_CODE, FRLX_NAME, FRFL, SHOW_ORDER) VALUES ('4560', '个人独资企业分支机构', '个人独资', '10');
INSERT INTO DT_FR_FRLXFL (FRLX_CODE, FRLX_NAME, FRFL, SHOW_ORDER) VALUES ('4600', '联营', '其他', '99');
INSERT INTO DT_FR_FRLXFL (FRLX_CODE, FRLX_NAME, FRFL, SHOW_ORDER) VALUES ('4700', '股份制企业(非法人)', '其他', '99');
INSERT INTO DT_FR_FRLXFL (FRLX_CODE, FRLX_NAME, FRFL, SHOW_ORDER) VALUES ('5000', '外商投资企业', '外商投资', '3');
INSERT INTO DT_FR_FRLXFL (FRLX_CODE, FRLX_NAME, FRFL, SHOW_ORDER) VALUES ('5100', '有限责任公司', '外商投资', '3');
INSERT INTO DT_FR_FRLXFL (FRLX_CODE, FRLX_NAME, FRFL, SHOW_ORDER) VALUES ('5110', '有限责任公司(中外合资)', '外商投资', '3');
INSERT INTO DT_FR_FRLXFL (FRLX_CODE, FRLX_NAME, FRFL, SHOW_ORDER) VALUES ('5120', '有限责任公司(中外合作)', '外商投资', '3');
INSERT INTO DT_FR_FRLXFL (FRLX_CODE, FRLX_NAME, FRFL, SHOW_ORDER) VALUES ('5130', '有限责任公司(外商合资)', '外商投资', '3');
INSERT INTO DT_FR_FRLXFL (FRLX_CODE, FRLX_NAME, FRFL, SHOW_ORDER) VALUES ('5140', '有限责任公司(外国自然人独资)', '外商投资', '3');
INSERT INTO DT_FR_FRLXFL (FRLX_CODE, FRLX_NAME, FRFL, SHOW_ORDER) VALUES ('5150', '有限责任公司(外国法人独资)', '外商投资', '3');
INSERT INTO DT_FR_FRLXFL (FRLX_CODE, FRLX_NAME, FRFL, SHOW_ORDER) VALUES ('5160', '有限责任公司(外国非法人经济组织独资)', '外商投资', '3');
INSERT INTO DT_FR_FRLXFL (FRLX_CODE, FRLX_NAME, FRFL, SHOW_ORDER) VALUES ('5190', '其他', '外商投资', '3');
INSERT INTO DT_FR_FRLXFL (FRLX_CODE, FRLX_NAME, FRFL, SHOW_ORDER) VALUES ('5200', '股份有限公司', '外商投资', '3');
INSERT INTO DT_FR_FRLXFL (FRLX_CODE, FRLX_NAME, FRFL, SHOW_ORDER) VALUES ('5210', '股份有限公司(中外合资、未上市)', '外商投资', '3');
INSERT INTO DT_FR_FRLXFL (FRLX_CODE, FRLX_NAME, FRFL, SHOW_ORDER) VALUES ('5220', '股份有限公司(中外合资、上市)', '外商投资', '3');
INSERT INTO DT_FR_FRLXFL (FRLX_CODE, FRLX_NAME, FRFL, SHOW_ORDER) VALUES ('5230', '股份有限公司(外商合资、未上市)', '外商投资', '3');
INSERT INTO DT_FR_FRLXFL (FRLX_CODE, FRLX_NAME, FRFL, SHOW_ORDER) VALUES ('5240', '股份有限公司(外商合资、上市)', '外商投资', '3');
INSERT INTO DT_FR_FRLXFL (FRLX_CODE, FRLX_NAME, FRFL, SHOW_ORDER) VALUES ('5290', '其他', '外商投资', '3');
INSERT INTO DT_FR_FRLXFL (FRLX_CODE, FRLX_NAME, FRFL, SHOW_ORDER) VALUES ('5300', '非公司', '外商投资', '3');
INSERT INTO DT_FR_FRLXFL (FRLX_CODE, FRLX_NAME, FRFL, SHOW_ORDER) VALUES ('5310', '非公司外商投资企业(中外合作)', '外商投资', '3');
INSERT INTO DT_FR_FRLXFL (FRLX_CODE, FRLX_NAME, FRFL, SHOW_ORDER) VALUES ('5320', '非公司外商投资企业(外商合资)', '外商投资', '3');
INSERT INTO DT_FR_FRLXFL (FRLX_CODE, FRLX_NAME, FRFL, SHOW_ORDER) VALUES ('5390', '其他', '外商投资', '3');
INSERT INTO DT_FR_FRLXFL (FRLX_CODE, FRLX_NAME, FRFL, SHOW_ORDER) VALUES ('5400', '外商投资合伙企业', '外商投资', '3');
INSERT INTO DT_FR_FRLXFL (FRLX_CODE, FRLX_NAME, FRFL, SHOW_ORDER) VALUES ('5410', '普通合伙企业', '外商投资', '3');
INSERT INTO DT_FR_FRLXFL (FRLX_CODE, FRLX_NAME, FRFL, SHOW_ORDER) VALUES ('5420', '特殊普通合伙企业', '外商投资', '3');
INSERT INTO DT_FR_FRLXFL (FRLX_CODE, FRLX_NAME, FRFL, SHOW_ORDER) VALUES ('5430', '有限合伙企业', '外商投资', '3');
INSERT INTO DT_FR_FRLXFL (FRLX_CODE, FRLX_NAME, FRFL, SHOW_ORDER) VALUES ('5490', '其他', '外商投资', '3');
INSERT INTO DT_FR_FRLXFL (FRLX_CODE, FRLX_NAME, FRFL, SHOW_ORDER) VALUES ('5800', '外商投资企业分支机构', '外商投资', '3');
INSERT INTO DT_FR_FRLXFL (FRLX_CODE, FRLX_NAME, FRFL, SHOW_ORDER) VALUES ('5810', '分公司', '外商投资', '3');
INSERT INTO DT_FR_FRLXFL (FRLX_CODE, FRLX_NAME, FRFL, SHOW_ORDER) VALUES ('5820', '非公司外商投资企业分支机构', '外商投资', '3');
INSERT INTO DT_FR_FRLXFL (FRLX_CODE, FRLX_NAME, FRFL, SHOW_ORDER) VALUES ('5830', '办事处', '外商投资', '3');
INSERT INTO DT_FR_FRLXFL (FRLX_CODE, FRLX_NAME, FRFL, SHOW_ORDER) VALUES ('5840', '外商投资合伙企业分支机构', '外商投资', '3');
INSERT INTO DT_FR_FRLXFL (FRLX_CODE, FRLX_NAME, FRFL, SHOW_ORDER) VALUES ('5890', '其他', '外商投资', '3');
INSERT INTO DT_FR_FRLXFL (FRLX_CODE, FRLX_NAME, FRFL, SHOW_ORDER) VALUES ('6000', '台、港、澳投资企业', '港澳台投资', '4');
INSERT INTO DT_FR_FRLXFL (FRLX_CODE, FRLX_NAME, FRFL, SHOW_ORDER) VALUES ('6100', '有限责任公司', '港澳台投资', '4');
INSERT INTO DT_FR_FRLXFL (FRLX_CODE, FRLX_NAME, FRFL, SHOW_ORDER) VALUES ('6110', '有限责任公司(台港澳与境内合资)', '港澳台投资', '4');
INSERT INTO DT_FR_FRLXFL (FRLX_CODE, FRLX_NAME, FRFL, SHOW_ORDER) VALUES ('6120', '有限责任公司(台港澳与境内合作)', '港澳台投资', '4');
INSERT INTO DT_FR_FRLXFL (FRLX_CODE, FRLX_NAME, FRFL, SHOW_ORDER) VALUES ('6130', '有限责任公司(台港澳合资)', '港澳台投资', '4');
INSERT INTO DT_FR_FRLXFL (FRLX_CODE, FRLX_NAME, FRFL, SHOW_ORDER) VALUES ('6140', '有限责任公司(台港澳自然人独资)', '港澳台投资', '4');
INSERT INTO DT_FR_FRLXFL (FRLX_CODE, FRLX_NAME, FRFL, SHOW_ORDER) VALUES ('6150', '有限责任公司(台港澳法人独资)', '港澳台投资', '4');
INSERT INTO DT_FR_FRLXFL (FRLX_CODE, FRLX_NAME, FRFL, SHOW_ORDER) VALUES ('6160', '有限责任公司(台港澳非法人经济组织独资)', '港澳台投资', '4');
INSERT INTO DT_FR_FRLXFL (FRLX_CODE, FRLX_NAME, FRFL, SHOW_ORDER) VALUES ('6170', '有限责任公司(台港澳与外国投资者合资)', '港澳台投资', '4');
INSERT INTO DT_FR_FRLXFL (FRLX_CODE, FRLX_NAME, FRFL, SHOW_ORDER) VALUES ('6190', '其他', '港澳台投资', '4');
INSERT INTO DT_FR_FRLXFL (FRLX_CODE, FRLX_NAME, FRFL, SHOW_ORDER) VALUES ('6200', '股份有限公司', '港澳台投资', '4');
INSERT INTO DT_FR_FRLXFL (FRLX_CODE, FRLX_NAME, FRFL, SHOW_ORDER) VALUES ('6210', '股份有限公司(台港澳与境内合资、未上市)', '港澳台投资', '4');
INSERT INTO DT_FR_FRLXFL (FRLX_CODE, FRLX_NAME, FRFL, SHOW_ORDER) VALUES ('6220', '股份有限公司(台港澳与境内合资、上市)', '港澳台投资', '4');
INSERT INTO DT_FR_FRLXFL (FRLX_CODE, FRLX_NAME, FRFL, SHOW_ORDER) VALUES ('6230', '股份有限公司(台港澳合资、未上市)', '港澳台投资', '4');
INSERT INTO DT_FR_FRLXFL (FRLX_CODE, FRLX_NAME, FRFL, SHOW_ORDER) VALUES ('6240', '股份有限公司(台港澳合资、上市)', '港澳台投资', '4');
INSERT INTO DT_FR_FRLXFL (FRLX_CODE, FRLX_NAME, FRFL, SHOW_ORDER) VALUES ('6250', '股份有限公司(台港澳与外国投资者合资、未上市)', '港澳台投资', '4');
INSERT INTO DT_FR_FRLXFL (FRLX_CODE, FRLX_NAME, FRFL, SHOW_ORDER) VALUES ('6260', '股份有限公司(台港澳与外国投资者合资、上市)', '港澳台投资', '4');
INSERT INTO DT_FR_FRLXFL (FRLX_CODE, FRLX_NAME, FRFL, SHOW_ORDER) VALUES ('6290', '其他', '港澳台投资', '4');
INSERT INTO DT_FR_FRLXFL (FRLX_CODE, FRLX_NAME, FRFL, SHOW_ORDER) VALUES ('6300', '非公司', '港澳台投资', '4');
INSERT INTO DT_FR_FRLXFL (FRLX_CODE, FRLX_NAME, FRFL, SHOW_ORDER) VALUES ('6310', '非公司台、港、澳企业(台港澳与境内合作)', '港澳台投资', '4');
INSERT INTO DT_FR_FRLXFL (FRLX_CODE, FRLX_NAME, FRFL, SHOW_ORDER) VALUES ('6320', '非公司台、港、澳企业(台港澳合资)', '港澳台投资', '4');
INSERT INTO DT_FR_FRLXFL (FRLX_CODE, FRLX_NAME, FRFL, SHOW_ORDER) VALUES ('6390', '其他', '港澳台投资', '4');
INSERT INTO DT_FR_FRLXFL (FRLX_CODE, FRLX_NAME, FRFL, SHOW_ORDER) VALUES ('6400', '港、澳、台投资合伙企业', '港澳台投资', '4');
INSERT INTO DT_FR_FRLXFL (FRLX_CODE, FRLX_NAME, FRFL, SHOW_ORDER) VALUES ('6410', '普通合伙企业', '港澳台投资', '4');
INSERT INTO DT_FR_FRLXFL (FRLX_CODE, FRLX_NAME, FRFL, SHOW_ORDER) VALUES ('6420', '特殊普通合伙企业', '港澳台投资', '4');
INSERT INTO DT_FR_FRLXFL (FRLX_CODE, FRLX_NAME, FRFL, SHOW_ORDER) VALUES ('6430', '有限合伙企业', '港澳台投资', '4');
INSERT INTO DT_FR_FRLXFL (FRLX_CODE, FRLX_NAME, FRFL, SHOW_ORDER) VALUES ('6490', '其他', '港澳台投资', '4');
INSERT INTO DT_FR_FRLXFL (FRLX_CODE, FRLX_NAME, FRFL, SHOW_ORDER) VALUES ('6800', '台、港、澳投资企业分支机构', '港澳台投资', '4');
INSERT INTO DT_FR_FRLXFL (FRLX_CODE, FRLX_NAME, FRFL, SHOW_ORDER) VALUES ('6810', '分公司', '港澳台投资', '4');
INSERT INTO DT_FR_FRLXFL (FRLX_CODE, FRLX_NAME, FRFL, SHOW_ORDER) VALUES ('6820', '非公司台、港、澳投资企业分支机构', '港澳台投资', '4');
INSERT INTO DT_FR_FRLXFL (FRLX_CODE, FRLX_NAME, FRFL, SHOW_ORDER) VALUES ('6830', '办事处', '港澳台投资', '4');
INSERT INTO DT_FR_FRLXFL (FRLX_CODE, FRLX_NAME, FRFL, SHOW_ORDER) VALUES ('6840', '港、澳、台投资合伙企业分支机构', '港澳台投资', '4');
INSERT INTO DT_FR_FRLXFL (FRLX_CODE, FRLX_NAME, FRFL, SHOW_ORDER) VALUES ('6890', '其他', '港澳台投资', '4');
INSERT INTO DT_FR_FRLXFL (FRLX_CODE, FRLX_NAME, FRFL, SHOW_ORDER) VALUES ('7000', '外国（地区）企业', '外国（地区）企业', '5');
INSERT INTO DT_FR_FRLXFL (FRLX_CODE, FRLX_NAME, FRFL, SHOW_ORDER) VALUES ('7100', '外国（地区）公司分支机构', '外国（地区）企业', '5');
INSERT INTO DT_FR_FRLXFL (FRLX_CODE, FRLX_NAME, FRFL, SHOW_ORDER) VALUES ('7110', '外国(地区)无限责任公司分支机构', '外国（地区）企业', '5');
INSERT INTO DT_FR_FRLXFL (FRLX_CODE, FRLX_NAME, FRFL, SHOW_ORDER) VALUES ('7120', '外国(地区)有限责任公司分支机构', '外国（地区）企业', '5');
INSERT INTO DT_FR_FRLXFL (FRLX_CODE, FRLX_NAME, FRFL, SHOW_ORDER) VALUES ('7130', '外国(地区)股份有限责任公司分支机构', '外国（地区）企业', '5');
INSERT INTO DT_FR_FRLXFL (FRLX_CODE, FRLX_NAME, FRFL, SHOW_ORDER) VALUES ('7190', '外国(地区)其他形式公司分支机构', '外国（地区）企业', '5');
INSERT INTO DT_FR_FRLXFL (FRLX_CODE, FRLX_NAME, FRFL, SHOW_ORDER) VALUES ('7200', '外国(地区)企业常驻代表机构', '外国（地区）企业', '5');
INSERT INTO DT_FR_FRLXFL (FRLX_CODE, FRLX_NAME, FRFL, SHOW_ORDER) VALUES ('7300', '外国(地区)企业在中国境内从事经营活动', '外国（地区）企业', '5');
INSERT INTO DT_FR_FRLXFL (FRLX_CODE, FRLX_NAME, FRFL, SHOW_ORDER) VALUES ('7310', '分公司', '外国（地区）企业', '5');
INSERT INTO DT_FR_FRLXFL (FRLX_CODE, FRLX_NAME, FRFL, SHOW_ORDER) VALUES ('7390', '其他', '外国（地区）企业', '5');
INSERT INTO DT_FR_FRLXFL (FRLX_CODE, FRLX_NAME, FRFL, SHOW_ORDER) VALUES ('8000', '集团', '集团', '11');
INSERT INTO DT_FR_FRLXFL (FRLX_CODE, FRLX_NAME, FRFL, SHOW_ORDER) VALUES ('9000', '其他类型', '其他', '99');
INSERT INTO DT_FR_FRLXFL (FRLX_CODE, FRLX_NAME, FRFL, SHOW_ORDER) VALUES ('9100', '农民专业合作经济组织', '农专', '12');
INSERT INTO DT_FR_FRLXFL (FRLX_CODE, FRLX_NAME, FRFL, SHOW_ORDER) VALUES ('9200', '农民专业合作社分支机构', '农专', '12');
INSERT INTO DT_FR_FRLXFL (FRLX_CODE, FRLX_NAME, FRFL, SHOW_ORDER) VALUES ('9900', '其他', '其他', '99');
INSERT INTO DT_FR_FRLXFL (FRLX_CODE, FRLX_NAME, FRFL, SHOW_ORDER) VALUES ('9999', '个体', '其他', '99');

------------------------------------------- 法人管理 END-------------------------------------------

--行政权力目录删表、建表
drop table LD_XZQLML cascade constraints;

/*==============================================================*/
/* Table: LD_XZQLML                                             */
/*==============================================================*/
create table LD_XZQLML 
(
   ID                   VARCHAR2(50)         not null,
   STATUS               VARCHAR2(1),
   QL_CODE              VARCHAR2(50),
   QL_TYPE              VARCHAR2(2),
   QL_NAME              VARCHAR2(100),
   DEPT_ID              VARCHAR2(50),
   ACCORDING            VARCHAR2(4000),
   XZXDR_TYPE           VARCHAR2(2),
   CREATE_TIME          DATE
);

comment on table LD_XZQLML is
'行政权力目录';

comment on column LD_XZQLML.ID is
'主键';

comment on column LD_XZQLML.STATUS is
'状态（1启用，0禁用）';

comment on column LD_XZQLML.QL_CODE is
'权力编码';

comment on column LD_XZQLML.QL_TYPE is
'权力类型';

comment on column LD_XZQLML.QL_NAME is
'权力名称';

comment on column LD_XZQLML.DEPT_ID is
'实施主体（默认登录部门）';

comment on column LD_XZQLML.ACCORDING is
'实施依据';

comment on column LD_XZQLML.XZXDR_TYPE is
'法人和其他组织、自然人、法人和其他组织或自然人';

comment on column LD_XZQLML.CREATE_TIME is
'创建时间';

--政务端行政权力目录
--菜单
insert into sys_menu (SYS_MENU_ID, PARENT_ID, MENU_NAME, MENU_URL, MENU_ICON, DISPLAY_ORDER)
values ('402894b65e1db21e015e1db56ebd0007', 'ROOT_2', '行政权力目录', '/executivePower/toExecutivePowerList.action', 'icon-bulb', 1502);

--权限
insert into SYS_PRIVILEGE (SYS_PRIVILEGE_ID, SYS_MENU_ID, PRIVILEGE_CODE, PRIVILEGE_NAME, DESCRIPTION, USERS_COUNT, ROLES_COUNT, ALL_USERS_COUNT, DISPLAY_ORDER)
values ('402894b65e1db21e015e1db67f97000a', '402894b65e1db21e015e1db56ebd0007', 'gov.power.list', '政务端行政权力目录查询', null, null, null, null, null);

--角色权限表
insert into sys_role_to_privilege (SYS_ROLE_ID, SYS_PRIVILEGE_ID)
values ('40289454547b159d01547b1efe25000c', '402894b65e1db21e015e1db67f97000a');
insert into sys_role_to_privilege (SYS_ROLE_ID, SYS_PRIVILEGE_ID)
values ('8aa0bef544713ca60144713d364a0000', '402894b65e1db21e015e1db67f97000a');

--中心端行政权力目录
--菜单
insert into sys_menu (SYS_MENU_ID, PARENT_ID, MENU_NAME, MENU_URL, MENU_ICON, DISPLAY_ORDER)
values ('402894c85e27b955015e27d104550042', '402894f85991695a01599170dae2000a', '行政权力目录', '/executivePower/toExecutivePowerList.action', 'fa fa-circle-o', 1007);

--权限
insert into SYS_PRIVILEGE (SYS_PRIVILEGE_ID, SYS_MENU_ID, PRIVILEGE_CODE, PRIVILEGE_NAME, DESCRIPTION, USERS_COUNT, ROLES_COUNT, ALL_USERS_COUNT, DISPLAY_ORDER)
values ('402894c85e27b955015e27d1e8140046', '402894c85e27b955015e27d104550042', 'center.power.list', '中心端行政权力目录查询', null, null, null, null, null);

--角色权限表
insert into sys_role_to_privilege (SYS_ROLE_ID, SYS_PRIVILEGE_ID)
values ('2c90c28158761b550158762482b50015', '402894c85e27b955015e27d1e8140046');
insert into sys_role_to_privilege (SYS_ROLE_ID, SYS_PRIVILEGE_ID)
values ('8aa0bef544713ca60144713d364a0000', '402894c85e27b955015e27d1e8140046');

--字典表
--权力类别
INSERT INTO SYS_DICTIONARY_GROUP (id, group_key, group_name, description) VALUES ('402894b65e1d0732015e1d09bfa70003', 'powerType', '权力类别', '权力类别');

INSERT INTO SYS_DICTIONARY(ID, GROUP_ID, DICT_KEY, DICT_VALUE, DICT_ORDER) VALUES('402894b65e1d0732015e1d09bfa70004','402894b65e1d0732015e1d09bfa70003','6','行政裁决',NULL);	
INSERT INTO SYS_DICTIONARY(ID, GROUP_ID, DICT_KEY, DICT_VALUE, DICT_ORDER) VALUES('402894b65e1d0732015e1d09bfa70005','402894b65e1d0732015e1d09bfa70003','4','行政强制',NULL);
INSERT INTO SYS_DICTIONARY(ID, GROUP_ID, DICT_KEY, DICT_VALUE, DICT_ORDER) VALUES('402894b65e1d0732015e1d09bfa70006','402894b65e1d0732015e1d09bfa70003','5','行政给付',NULL);	
INSERT INTO SYS_DICTIONARY(ID, GROUP_ID, DICT_KEY, DICT_VALUE, DICT_ORDER) VALUES('402894b65e1d0732015e1d09bfa70007','402894b65e1d0732015e1d09bfa70003','1','行政许可和非许可行政审批',NULL);	
INSERT INTO SYS_DICTIONARY(ID, GROUP_ID, DICT_KEY, DICT_VALUE, DICT_ORDER) VALUES('402894b65e1d0732015e1d09bfa70008','402894b65e1d0732015e1d09bfa70003','7','行政确认和其他权力',NULL);	
INSERT INTO SYS_DICTIONARY(ID, GROUP_ID, DICT_KEY, DICT_VALUE, DICT_ORDER) VALUES('402894b65e1d0732015e1d09bfa80009','402894b65e1d0732015e1d09bfa70003','3','行政征收',NULL);
INSERT INTO SYS_DICTIONARY(ID, GROUP_ID, DICT_KEY, DICT_VALUE, DICT_ORDER) VALUES('402894b65e1d0732015e1d09bfa8000a','402894b65e1d0732015e1d09bfa70003','2','行政处罚',NULL);	

--行政相对人类别
INSERT INTO SYS_DICTIONARY_GROUP (id, group_key, group_name, description) VALUES ('402894b65e1d0732015e1d0a9324000c', 'xzxdrType', '行政相对人类别', '行政相对人类别');

INSERT INTO SYS_DICTIONARY(ID, GROUP_ID, DICT_KEY, DICT_VALUE, DICT_ORDER) VALUES('402894b65e1d0732015e1d0a9325000d','402894b65e1d0732015e1d0a9324000c','2','自然人',NULL);	
INSERT INTO SYS_DICTIONARY(ID, GROUP_ID, DICT_KEY, DICT_VALUE, DICT_ORDER) VALUES('402894b65e1d0732015e1d0a9325000e','402894b65e1d0732015e1d0a9324000c','1','法人和其他组织',NULL);
INSERT INTO SYS_DICTIONARY(ID, GROUP_ID, DICT_KEY, DICT_VALUE, DICT_ORDER) VALUES('402894b65e1d0732015e1d0a9325000f','402894b65e1d0732015e1d0a9324000c','3','法人和其他组织或自然人',NULL);	

--双公示数据质量分析
--菜单
insert into sys_menu (SYS_MENU_ID, PARENT_ID, MENU_NAME, MENU_URL, MENU_ICON, DISPLAY_ORDER)
values ('402894c45e30ded4015e30f5a202000c', '402894f85991695a01599170dae2000a', '双公示数据质量分析', '/center/publicityDataQuality/toPublicityDataQuality.action', 'fa fa-circle-o', 1006);

--权限
insert into SYS_PRIVILEGE (SYS_PRIVILEGE_ID, SYS_MENU_ID, PRIVILEGE_CODE, PRIVILEGE_NAME, DESCRIPTION, USERS_COUNT, ROLES_COUNT, ALL_USERS_COUNT, DISPLAY_ORDER)
values ('402894c45e30ded4015e30f6aed90013', '402894c45e30ded4015e30f5a202000c', 'center.publicityDataQuality.query', '双公示数据质量分析查询', null, null, null, null, null);

--角色权限表
insert into sys_role_to_privilege (SYS_ROLE_ID, SYS_PRIVILEGE_ID)
values ('2c90c28158761b550158762482b50015', '402894c45e30ded4015e30f6aed90013');
insert into sys_role_to_privilege (SYS_ROLE_ID, SYS_PRIVILEGE_ID)
values ('8aa0bef544713ca60144713d364a0000', '402894c45e30ded4015e30f6aed90013');

--数据类别增加字典项
insert into sys_dictionary (ID, GROUP_ID, DICT_KEY, DICT_VALUE, DICT_ORDER)
values ('2c9951815ea1e762015ea1eb16ec0007', '402894ee58dd73780158dd7c5c98000e', '6', '双公示行政处罚', null);
insert into sys_dictionary (ID, GROUP_ID, DICT_KEY, DICT_VALUE, DICT_ORDER)
values ('2c9951815ea1e762015ea1eb16ec0005', '402894ee58dd73780158dd7c5c98000e', '7', '双公示行政许可', null);

--2017年法定节假日删表、建表

drop table HOLIDAY_DATE cascade constraints;

create table HOLIDAY_DATE
(
  id       VARCHAR2(50) not null,
  holidate DATE
);

insert into HOLIDAY_DATE (id, holidate)
values ('1', to_date('01-01-2017', 'dd-mm-yyyy'));
insert into HOLIDAY_DATE (id, holidate)
values ('2', to_date('02-01-2017', 'dd-mm-yyyy'));
insert into HOLIDAY_DATE (id, holidate)
values ('7', to_date('07-01-2017', 'dd-mm-yyyy'));
insert into HOLIDAY_DATE (id, holidate)
values ('8', to_date('08-01-2017', 'dd-mm-yyyy'));
insert into HOLIDAY_DATE (id, holidate)
values ('14', to_date('14-01-2017', 'dd-mm-yyyy'));
insert into HOLIDAY_DATE (id, holidate)
values ('15', to_date('15-01-2017', 'dd-mm-yyyy'));
insert into HOLIDAY_DATE (id, holidate)
values ('21', to_date('21-01-2017', 'dd-mm-yyyy'));
insert into HOLIDAY_DATE (id, holidate)
values ('27', to_date('27-01-2017', 'dd-mm-yyyy'));
insert into HOLIDAY_DATE (id, holidate)
values ('28', to_date('28-01-2017', 'dd-mm-yyyy'));
insert into HOLIDAY_DATE (id, holidate)
values ('29', to_date('29-01-2017', 'dd-mm-yyyy'));
insert into HOLIDAY_DATE (id, holidate)
values ('30', to_date('30-01-2017', 'dd-mm-yyyy'));
insert into HOLIDAY_DATE (id, holidate)
values ('31', to_date('31-01-2017', 'dd-mm-yyyy'));
insert into HOLIDAY_DATE (id, holidate)
values ('32', to_date('01-02-2017', 'dd-mm-yyyy'));
insert into HOLIDAY_DATE (id, holidate)
values ('33', to_date('02-02-2017', 'dd-mm-yyyy'));
insert into HOLIDAY_DATE (id, holidate)
values ('36', to_date('05-02-2017', 'dd-mm-yyyy'));
insert into HOLIDAY_DATE (id, holidate)
values ('42', to_date('11-02-2017', 'dd-mm-yyyy'));
insert into HOLIDAY_DATE (id, holidate)
values ('43', to_date('12-02-2017', 'dd-mm-yyyy'));
insert into HOLIDAY_DATE (id, holidate)
values ('49', to_date('18-02-2017', 'dd-mm-yyyy'));
insert into HOLIDAY_DATE (id, holidate)
values ('50', to_date('19-02-2017', 'dd-mm-yyyy'));
insert into HOLIDAY_DATE (id, holidate)
values ('56', to_date('25-02-2017', 'dd-mm-yyyy'));
insert into HOLIDAY_DATE (id, holidate)
values ('57', to_date('26-02-2017', 'dd-mm-yyyy'));
insert into HOLIDAY_DATE (id, holidate)
values ('63', to_date('04-03-2017', 'dd-mm-yyyy'));
insert into HOLIDAY_DATE (id, holidate)
values ('64', to_date('05-03-2017', 'dd-mm-yyyy'));
insert into HOLIDAY_DATE (id, holidate)
values ('70', to_date('11-03-2017', 'dd-mm-yyyy'));
insert into HOLIDAY_DATE (id, holidate)
values ('71', to_date('12-03-2017', 'dd-mm-yyyy'));
insert into HOLIDAY_DATE (id, holidate)
values ('77', to_date('18-03-2017', 'dd-mm-yyyy'));
insert into HOLIDAY_DATE (id, holidate)
values ('78', to_date('19-03-2017', 'dd-mm-yyyy'));
insert into HOLIDAY_DATE (id, holidate)
values ('84', to_date('25-03-2017', 'dd-mm-yyyy'));
insert into HOLIDAY_DATE (id, holidate)
values ('85', to_date('26-03-2017', 'dd-mm-yyyy'));
insert into HOLIDAY_DATE (id, holidate)
values ('92', to_date('02-04-2017', 'dd-mm-yyyy'));
insert into HOLIDAY_DATE (id, holidate)
values ('93', to_date('03-04-2017', 'dd-mm-yyyy'));
insert into HOLIDAY_DATE (id, holidate)
values ('94', to_date('04-04-2017', 'dd-mm-yyyy'));
insert into HOLIDAY_DATE (id, holidate)
values ('98', to_date('08-04-2017', 'dd-mm-yyyy'));
insert into HOLIDAY_DATE (id, holidate)
values ('99', to_date('09-04-2017', 'dd-mm-yyyy'));
insert into HOLIDAY_DATE (id, holidate)
values ('105', to_date('15-04-2017', 'dd-mm-yyyy'));
insert into HOLIDAY_DATE (id, holidate)
values ('106', to_date('16-04-2017', 'dd-mm-yyyy'));
insert into HOLIDAY_DATE (id, holidate)
values ('112', to_date('22-04-2017', 'dd-mm-yyyy'));
insert into HOLIDAY_DATE (id, holidate)
values ('113', to_date('23-04-2017', 'dd-mm-yyyy'));
insert into HOLIDAY_DATE (id, holidate)
values ('119', to_date('29-04-2017', 'dd-mm-yyyy'));
insert into HOLIDAY_DATE (id, holidate)
values ('120', to_date('30-04-2017', 'dd-mm-yyyy'));
insert into HOLIDAY_DATE (id, holidate)
values ('121', to_date('01-05-2017', 'dd-mm-yyyy'));
insert into HOLIDAY_DATE (id, holidate)
values ('126', to_date('06-05-2017', 'dd-mm-yyyy'));
insert into HOLIDAY_DATE (id, holidate)
values ('127', to_date('07-05-2017', 'dd-mm-yyyy'));
insert into HOLIDAY_DATE (id, holidate)
values ('133', to_date('13-05-2017', 'dd-mm-yyyy'));
insert into HOLIDAY_DATE (id, holidate)
values ('134', to_date('14-05-2017', 'dd-mm-yyyy'));
insert into HOLIDAY_DATE (id, holidate)
values ('140', to_date('20-05-2017', 'dd-mm-yyyy'));
insert into HOLIDAY_DATE (id, holidate)
values ('141', to_date('21-05-2017', 'dd-mm-yyyy'));
insert into HOLIDAY_DATE (id, holidate)
values ('148', to_date('28-05-2017', 'dd-mm-yyyy'));
insert into HOLIDAY_DATE (id, holidate)
values ('149', to_date('29-05-2017', 'dd-mm-yyyy'));
insert into HOLIDAY_DATE (id, holidate)
values ('150', to_date('30-05-2017', 'dd-mm-yyyy'));
insert into HOLIDAY_DATE (id, holidate)
values ('154', to_date('03-06-2017', 'dd-mm-yyyy'));
insert into HOLIDAY_DATE (id, holidate)
values ('155', to_date('04-06-2017', 'dd-mm-yyyy'));
insert into HOLIDAY_DATE (id, holidate)
values ('161', to_date('10-06-2017', 'dd-mm-yyyy'));
insert into HOLIDAY_DATE (id, holidate)
values ('162', to_date('11-06-2017', 'dd-mm-yyyy'));
insert into HOLIDAY_DATE (id, holidate)
values ('168', to_date('17-06-2017', 'dd-mm-yyyy'));
insert into HOLIDAY_DATE (id, holidate)
values ('169', to_date('18-06-2017', 'dd-mm-yyyy'));
insert into HOLIDAY_DATE (id, holidate)
values ('175', to_date('24-06-2017', 'dd-mm-yyyy'));
insert into HOLIDAY_DATE (id, holidate)
values ('176', to_date('25-06-2017', 'dd-mm-yyyy'));
insert into HOLIDAY_DATE (id, holidate)
values ('182', to_date('01-07-2017', 'dd-mm-yyyy'));
insert into HOLIDAY_DATE (id, holidate)
values ('183', to_date('02-07-2017', 'dd-mm-yyyy'));
insert into HOLIDAY_DATE (id, holidate)
values ('189', to_date('08-07-2017', 'dd-mm-yyyy'));
insert into HOLIDAY_DATE (id, holidate)
values ('190', to_date('09-07-2017', 'dd-mm-yyyy'));
insert into HOLIDAY_DATE (id, holidate)
values ('196', to_date('15-07-2017', 'dd-mm-yyyy'));
insert into HOLIDAY_DATE (id, holidate)
values ('197', to_date('16-07-2017', 'dd-mm-yyyy'));
insert into HOLIDAY_DATE (id, holidate)
values ('203', to_date('22-07-2017', 'dd-mm-yyyy'));
insert into HOLIDAY_DATE (id, holidate)
values ('204', to_date('23-07-2017', 'dd-mm-yyyy'));
insert into HOLIDAY_DATE (id, holidate)
values ('210', to_date('29-07-2017', 'dd-mm-yyyy'));
insert into HOLIDAY_DATE (id, holidate)
values ('211', to_date('30-07-2017', 'dd-mm-yyyy'));
insert into HOLIDAY_DATE (id, holidate)
values ('217', to_date('05-08-2017', 'dd-mm-yyyy'));
insert into HOLIDAY_DATE (id, holidate)
values ('218', to_date('06-08-2017', 'dd-mm-yyyy'));
insert into HOLIDAY_DATE (id, holidate)
values ('224', to_date('12-08-2017', 'dd-mm-yyyy'));
insert into HOLIDAY_DATE (id, holidate)
values ('225', to_date('13-08-2017', 'dd-mm-yyyy'));
insert into HOLIDAY_DATE (id, holidate)
values ('231', to_date('19-08-2017', 'dd-mm-yyyy'));
insert into HOLIDAY_DATE (id, holidate)
values ('232', to_date('20-08-2017', 'dd-mm-yyyy'));
insert into HOLIDAY_DATE (id, holidate)
values ('238', to_date('26-08-2017', 'dd-mm-yyyy'));
insert into HOLIDAY_DATE (id, holidate)
values ('239', to_date('27-08-2017', 'dd-mm-yyyy'));
insert into HOLIDAY_DATE (id, holidate)
values ('245', to_date('02-09-2017', 'dd-mm-yyyy'));
insert into HOLIDAY_DATE (id, holidate)
values ('246', to_date('03-09-2017', 'dd-mm-yyyy'));
insert into HOLIDAY_DATE (id, holidate)
values ('252', to_date('09-09-2017', 'dd-mm-yyyy'));
insert into HOLIDAY_DATE (id, holidate)
values ('253', to_date('10-09-2017', 'dd-mm-yyyy'));
insert into HOLIDAY_DATE (id, holidate)
values ('259', to_date('16-09-2017', 'dd-mm-yyyy'));
insert into HOLIDAY_DATE (id, holidate)
values ('260', to_date('17-09-2017', 'dd-mm-yyyy'));
insert into HOLIDAY_DATE (id, holidate)
values ('266', to_date('23-09-2017', 'dd-mm-yyyy'));
insert into HOLIDAY_DATE (id, holidate)
values ('267', to_date('24-09-2017', 'dd-mm-yyyy'));
insert into HOLIDAY_DATE (id, holidate)
values ('274', to_date('01-10-2017', 'dd-mm-yyyy'));
insert into HOLIDAY_DATE (id, holidate)
values ('275', to_date('02-10-2017', 'dd-mm-yyyy'));
insert into HOLIDAY_DATE (id, holidate)
values ('276', to_date('03-10-2017', 'dd-mm-yyyy'));
insert into HOLIDAY_DATE (id, holidate)
values ('277', to_date('04-10-2017', 'dd-mm-yyyy'));
insert into HOLIDAY_DATE (id, holidate)
values ('278', to_date('05-10-2017', 'dd-mm-yyyy'));
insert into HOLIDAY_DATE (id, holidate)
values ('279', to_date('06-10-2017', 'dd-mm-yyyy'));
insert into HOLIDAY_DATE (id, holidate)
values ('280', to_date('07-10-2017', 'dd-mm-yyyy'));
insert into HOLIDAY_DATE (id, holidate)
values ('281', to_date('08-10-2017', 'dd-mm-yyyy'));
insert into HOLIDAY_DATE (id, holidate)
values ('287', to_date('14-10-2017', 'dd-mm-yyyy'));
insert into HOLIDAY_DATE (id, holidate)
values ('288', to_date('15-10-2017', 'dd-mm-yyyy'));
insert into HOLIDAY_DATE (id, holidate)
values ('294', to_date('21-10-2017', 'dd-mm-yyyy'));
insert into HOLIDAY_DATE (id, holidate)
values ('295', to_date('22-10-2017', 'dd-mm-yyyy'));
insert into HOLIDAY_DATE (id, holidate)
values ('301', to_date('28-10-2017', 'dd-mm-yyyy'));
insert into HOLIDAY_DATE (id, holidate)
values ('302', to_date('29-10-2017', 'dd-mm-yyyy'));
insert into HOLIDAY_DATE (id, holidate)
values ('308', to_date('04-11-2017', 'dd-mm-yyyy'));
insert into HOLIDAY_DATE (id, holidate)
values ('309', to_date('05-11-2017', 'dd-mm-yyyy'));
insert into HOLIDAY_DATE (id, holidate)
values ('315', to_date('11-11-2017', 'dd-mm-yyyy'));
insert into HOLIDAY_DATE (id, holidate)
values ('316', to_date('12-11-2017', 'dd-mm-yyyy'));
insert into HOLIDAY_DATE (id, holidate)
values ('322', to_date('18-11-2017', 'dd-mm-yyyy'));
insert into HOLIDAY_DATE (id, holidate)
values ('323', to_date('19-11-2017', 'dd-mm-yyyy'));
insert into HOLIDAY_DATE (id, holidate)
values ('329', to_date('25-11-2017', 'dd-mm-yyyy'));
insert into HOLIDAY_DATE (id, holidate)
values ('330', to_date('26-11-2017', 'dd-mm-yyyy'));
insert into HOLIDAY_DATE (id, holidate)
values ('336', to_date('02-12-2017', 'dd-mm-yyyy'));
insert into HOLIDAY_DATE (id, holidate)
values ('337', to_date('03-12-2017', 'dd-mm-yyyy'));
insert into HOLIDAY_DATE (id, holidate)
values ('343', to_date('09-12-2017', 'dd-mm-yyyy'));
insert into HOLIDAY_DATE (id, holidate)
values ('344', to_date('10-12-2017', 'dd-mm-yyyy'));
insert into HOLIDAY_DATE (id, holidate)
values ('350', to_date('16-12-2017', 'dd-mm-yyyy'));
insert into HOLIDAY_DATE (id, holidate)
values ('351', to_date('17-12-2017', 'dd-mm-yyyy'));
insert into HOLIDAY_DATE (id, holidate)
values ('357', to_date('23-12-2017', 'dd-mm-yyyy'));
insert into HOLIDAY_DATE (id, holidate)
values ('358', to_date('24-12-2017', 'dd-mm-yyyy'));
insert into HOLIDAY_DATE (id, holidate)
values ('364', to_date('30-12-2017', 'dd-mm-yyyy'));
insert into HOLIDAY_DATE (id, holidate)
values ('365', to_date('31-12-2017', 'dd-mm-yyyy'));
-- 2018年节假日
insert into holiday_date (ID, HOLIDATE)
values ('500', to_date('01-01-2018', 'dd-mm-yyyy'));

insert into holiday_date (ID, HOLIDATE)
values ('501', to_date('06-01-2018', 'dd-mm-yyyy'));

insert into holiday_date (ID, HOLIDATE)
values ('502', to_date('07-01-2018', 'dd-mm-yyyy'));

insert into holiday_date (ID, HOLIDATE)
values ('503', to_date('13-01-2018', 'dd-mm-yyyy'));

insert into holiday_date (ID, HOLIDATE)
values ('504', to_date('14-01-2018', 'dd-mm-yyyy'));

insert into holiday_date (ID, HOLIDATE)
values ('505', to_date('20-01-2018', 'dd-mm-yyyy'));

insert into holiday_date (ID, HOLIDATE)
values ('506', to_date('21-01-2018', 'dd-mm-yyyy'));

insert into holiday_date (ID, HOLIDATE)
values ('507', to_date('27-01-2018', 'dd-mm-yyyy'));

insert into holiday_date (ID, HOLIDATE)
values ('508', to_date('28-01-2018', 'dd-mm-yyyy'));

insert into holiday_date (ID, HOLIDATE)
values ('509', to_date('03-02-2018', 'dd-mm-yyyy'));

insert into holiday_date (ID, HOLIDATE)
values ('510', to_date('04-02-2018', 'dd-mm-yyyy'));

insert into holiday_date (ID, HOLIDATE)
values ('511', to_date('10-02-2018', 'dd-mm-yyyy'));

insert into holiday_date (ID, HOLIDATE)
values ('512', to_date('15-02-2018', 'dd-mm-yyyy'));

insert into holiday_date (ID, HOLIDATE)
values ('513', to_date('16-02-2018', 'dd-mm-yyyy'));

insert into holiday_date (ID, HOLIDATE)
values ('514', to_date('17-02-2018', 'dd-mm-yyyy'));

insert into holiday_date (ID, HOLIDATE)
values ('515', to_date('18-02-2018', 'dd-mm-yyyy'));

insert into holiday_date (ID, HOLIDATE)
values ('516', to_date('19-02-2018', 'dd-mm-yyyy'));

insert into holiday_date (ID, HOLIDATE)
values ('517', to_date('20-02-2018', 'dd-mm-yyyy'));

insert into holiday_date (ID, HOLIDATE)
values ('518', to_date('21-02-2018', 'dd-mm-yyyy'));

insert into holiday_date (ID, HOLIDATE)
values ('519', to_date('25-02-2018', 'dd-mm-yyyy'));

insert into holiday_date (ID, HOLIDATE)
values ('520', to_date('03-03-2018', 'dd-mm-yyyy'));

insert into holiday_date (ID, HOLIDATE)
values ('521', to_date('04-03-2018', 'dd-mm-yyyy'));

insert into holiday_date (ID, HOLIDATE)
values ('522', to_date('10-03-2018', 'dd-mm-yyyy'));

insert into holiday_date (ID, HOLIDATE)
values ('523', to_date('11-03-2018', 'dd-mm-yyyy'));

insert into holiday_date (ID, HOLIDATE)
values ('524', to_date('17-03-2018', 'dd-mm-yyyy'));

insert into holiday_date (ID, HOLIDATE)
values ('525', to_date('18-03-2018', 'dd-mm-yyyy'));

insert into holiday_date (ID, HOLIDATE)
values ('526', to_date('24-03-2018', 'dd-mm-yyyy'));

insert into holiday_date (ID, HOLIDATE)
values ('527', to_date('25-03-2018', 'dd-mm-yyyy'));

insert into holiday_date (ID, HOLIDATE)
values ('528', to_date('31-03-2018', 'dd-mm-yyyy'));

insert into holiday_date (ID, HOLIDATE)
values ('529', to_date('01-04-2018', 'dd-mm-yyyy'));

insert into holiday_date (ID, HOLIDATE)
values ('530', to_date('05-04-2018', 'dd-mm-yyyy'));

insert into holiday_date (ID, HOLIDATE)
values ('531', to_date('06-04-2018', 'dd-mm-yyyy'));

insert into holiday_date (ID, HOLIDATE)
values ('532', to_date('07-04-2018', 'dd-mm-yyyy'));

insert into holiday_date (ID, HOLIDATE)
values ('533', to_date('14-04-2018', 'dd-mm-yyyy'));

insert into holiday_date (ID, HOLIDATE)
values ('534', to_date('15-04-2018', 'dd-mm-yyyy'));

insert into holiday_date (ID, HOLIDATE)
values ('535', to_date('21-04-2018', 'dd-mm-yyyy'));

insert into holiday_date (ID, HOLIDATE)
values ('536', to_date('22-04-2018', 'dd-mm-yyyy'));

insert into holiday_date (ID, HOLIDATE)
values ('537', to_date('29-04-2018', 'dd-mm-yyyy'));

insert into holiday_date (ID, HOLIDATE)
values ('538', to_date('30-04-2018', 'dd-mm-yyyy'));

insert into holiday_date (ID, HOLIDATE)
values ('539', to_date('01-05-2018', 'dd-mm-yyyy'));

insert into holiday_date (ID, HOLIDATE)
values ('540', to_date('05-05-2018', 'dd-mm-yyyy'));

insert into holiday_date (ID, HOLIDATE)
values ('541', to_date('06-05-2018', 'dd-mm-yyyy'));

insert into holiday_date (ID, HOLIDATE)
values ('542', to_date('12-05-2018', 'dd-mm-yyyy'));

insert into holiday_date (ID, HOLIDATE)
values ('543', to_date('13-05-2018', 'dd-mm-yyyy'));

insert into holiday_date (ID, HOLIDATE)
values ('544', to_date('19-05-2018', 'dd-mm-yyyy'));

insert into holiday_date (ID, HOLIDATE)
values ('545', to_date('20-05-2018', 'dd-mm-yyyy'));

insert into holiday_date (ID, HOLIDATE)
values ('546', to_date('26-05-2018', 'dd-mm-yyyy'));

insert into holiday_date (ID, HOLIDATE)
values ('547', to_date('27-05-2018', 'dd-mm-yyyy'));

insert into holiday_date (ID, HOLIDATE)
values ('548', to_date('02-06-2018', 'dd-mm-yyyy'));

insert into holiday_date (ID, HOLIDATE)
values ('549', to_date('03-06-2018', 'dd-mm-yyyy'));

insert into holiday_date (ID, HOLIDATE)
values ('550', to_date('09-06-2018', 'dd-mm-yyyy'));

insert into holiday_date (ID, HOLIDATE)
values ('551', to_date('10-06-2018', 'dd-mm-yyyy'));

insert into holiday_date (ID, HOLIDATE)
values ('552', to_date('16-06-2018', 'dd-mm-yyyy'));

insert into holiday_date (ID, HOLIDATE)
values ('553', to_date('17-06-2018', 'dd-mm-yyyy'));

insert into holiday_date (ID, HOLIDATE)
values ('554', to_date('18-06-2018', 'dd-mm-yyyy'));

insert into holiday_date (ID, HOLIDATE)
values ('555', to_date('23-06-2018', 'dd-mm-yyyy'));

insert into holiday_date (ID, HOLIDATE)
values ('556', to_date('24-06-2018', 'dd-mm-yyyy'));

insert into holiday_date (ID, HOLIDATE)
values ('557', to_date('30-06-2018', 'dd-mm-yyyy'));

insert into holiday_date (ID, HOLIDATE)
values ('558', to_date('01-07-2018', 'dd-mm-yyyy'));

insert into holiday_date (ID, HOLIDATE)
values ('559', to_date('07-07-2018', 'dd-mm-yyyy'));

insert into holiday_date (ID, HOLIDATE)
values ('560', to_date('08-07-2018', 'dd-mm-yyyy'));

insert into holiday_date (ID, HOLIDATE)
values ('561', to_date('14-07-2018', 'dd-mm-yyyy'));

insert into holiday_date (ID, HOLIDATE)
values ('562', to_date('15-07-2018', 'dd-mm-yyyy'));

insert into holiday_date (ID, HOLIDATE)
values ('563', to_date('21-07-2018', 'dd-mm-yyyy'));

insert into holiday_date (ID, HOLIDATE)
values ('564', to_date('22-07-2018', 'dd-mm-yyyy'));

insert into holiday_date (ID, HOLIDATE)
values ('565', to_date('28-07-2018', 'dd-mm-yyyy'));

insert into holiday_date (ID, HOLIDATE)
values ('566', to_date('29-07-2018', 'dd-mm-yyyy'));

insert into holiday_date (ID, HOLIDATE)
values ('567', to_date('04-08-2018', 'dd-mm-yyyy'));

insert into holiday_date (ID, HOLIDATE)
values ('568', to_date('05-08-2018', 'dd-mm-yyyy'));

insert into holiday_date (ID, HOLIDATE)
values ('569', to_date('11-08-2018', 'dd-mm-yyyy'));

insert into holiday_date (ID, HOLIDATE)
values ('570', to_date('12-08-2018', 'dd-mm-yyyy'));

insert into holiday_date (ID, HOLIDATE)
values ('571', to_date('18-08-2018', 'dd-mm-yyyy'));

insert into holiday_date (ID, HOLIDATE)
values ('572', to_date('19-08-2018', 'dd-mm-yyyy'));

insert into holiday_date (ID, HOLIDATE)
values ('573', to_date('25-08-2018', 'dd-mm-yyyy'));

insert into holiday_date (ID, HOLIDATE)
values ('574', to_date('26-08-2018', 'dd-mm-yyyy'));

insert into holiday_date (ID, HOLIDATE)
values ('575', to_date('01-09-2018', 'dd-mm-yyyy'));

insert into holiday_date (ID, HOLIDATE)
values ('576', to_date('02-09-2018', 'dd-mm-yyyy'));

insert into holiday_date (ID, HOLIDATE)
values ('577', to_date('08-09-2018', 'dd-mm-yyyy'));

insert into holiday_date (ID, HOLIDATE)
values ('578', to_date('09-09-2018', 'dd-mm-yyyy'));

insert into holiday_date (ID, HOLIDATE)
values ('579', to_date('15-09-2018', 'dd-mm-yyyy'));

insert into holiday_date (ID, HOLIDATE)
values ('580', to_date('16-09-2018', 'dd-mm-yyyy'));

insert into holiday_date (ID, HOLIDATE)
values ('581', to_date('22-09-2018', 'dd-mm-yyyy'));

insert into holiday_date (ID, HOLIDATE)
values ('582', to_date('23-09-2018', 'dd-mm-yyyy'));

insert into holiday_date (ID, HOLIDATE)
values ('583', to_date('24-09-2018', 'dd-mm-yyyy'));

insert into holiday_date (ID, HOLIDATE)
values ('584', to_date('01-10-2018', 'dd-mm-yyyy'));

insert into holiday_date (ID, HOLIDATE)
values ('585', to_date('02-10-2018', 'dd-mm-yyyy'));

insert into holiday_date (ID, HOLIDATE)
values ('586', to_date('03-10-2018', 'dd-mm-yyyy'));

insert into holiday_date (ID, HOLIDATE)
values ('587', to_date('04-10-2018', 'dd-mm-yyyy'));

insert into holiday_date (ID, HOLIDATE)
values ('588', to_date('05-10-2018', 'dd-mm-yyyy'));

insert into holiday_date (ID, HOLIDATE)
values ('589', to_date('06-10-2018', 'dd-mm-yyyy'));

insert into holiday_date (ID, HOLIDATE)
values ('590', to_date('07-10-2018', 'dd-mm-yyyy'));

insert into holiday_date (ID, HOLIDATE)
values ('591', to_date('13-10-2018', 'dd-mm-yyyy'));

insert into holiday_date (ID, HOLIDATE)
values ('592', to_date('14-10-2018', 'dd-mm-yyyy'));

insert into holiday_date (ID, HOLIDATE)
values ('593', to_date('20-10-2018', 'dd-mm-yyyy'));

insert into holiday_date (ID, HOLIDATE)
values ('594', to_date('21-10-2018', 'dd-mm-yyyy'));

insert into holiday_date (ID, HOLIDATE)
values ('595', to_date('27-10-2018', 'dd-mm-yyyy'));

insert into holiday_date (ID, HOLIDATE)
values ('596', to_date('28-10-2018', 'dd-mm-yyyy'));

insert into holiday_date (ID, HOLIDATE)
values ('597', to_date('03-11-2018', 'dd-mm-yyyy'));

insert into holiday_date (ID, HOLIDATE)
values ('598', to_date('04-11-2018', 'dd-mm-yyyy'));

insert into holiday_date (ID, HOLIDATE)
values ('599', to_date('10-11-2018', 'dd-mm-yyyy'));

insert into holiday_date (ID, HOLIDATE)
values ('600', to_date('11-11-2018', 'dd-mm-yyyy'));

insert into holiday_date (ID, HOLIDATE)
values ('601', to_date('17-11-2018', 'dd-mm-yyyy'));

insert into holiday_date (ID, HOLIDATE)
values ('602', to_date('18-11-2018', 'dd-mm-yyyy'));

insert into holiday_date (ID, HOLIDATE)
values ('603', to_date('24-11-2018', 'dd-mm-yyyy'));

insert into holiday_date (ID, HOLIDATE)
values ('604', to_date('25-11-2018', 'dd-mm-yyyy'));

insert into holiday_date (ID, HOLIDATE)
values ('605', to_date('01-12-2018', 'dd-mm-yyyy'));

insert into holiday_date (ID, HOLIDATE)
values ('606', to_date('02-12-2018', 'dd-mm-yyyy'));

insert into holiday_date (ID, HOLIDATE)
values ('607', to_date('08-12-2018', 'dd-mm-yyyy'));

insert into holiday_date (ID, HOLIDATE)
values ('608', to_date('09-12-2018', 'dd-mm-yyyy'));

insert into holiday_date (ID, HOLIDATE)
values ('609', to_date('15-12-2018', 'dd-mm-yyyy'));

insert into holiday_date (ID, HOLIDATE)
values ('610', to_date('16-12-2018', 'dd-mm-yyyy'));

insert into holiday_date (ID, HOLIDATE)
values ('611', to_date('22-12-2018', 'dd-mm-yyyy'));

insert into holiday_date (ID, HOLIDATE)
values ('612', to_date('23-12-2018', 'dd-mm-yyyy'));

insert into holiday_date (ID, HOLIDATE)
values ('613', to_date('29-12-2018', 'dd-mm-yyyy'));

insert into holiday_date (ID, HOLIDATE)
values ('614', to_date('30-12-2018', 'dd-mm-yyyy'));


--根据输入日期往后推7天工作日
create or replace function FindWorkDate(inputdate in date) return varchar as
  date2 date;
  date3 date;
  i     number;
begin
  i     := 0;
  date2 := inputdate;
  while (i < 7) loop
   
    begin
      select HOLIDATE into date3 from holiday_Date where   date2 >= to_date(to_char(holidate,'yyyy-MM-dd')||' 00:00:00','yyyy-MM-dd hh24:mi:ss') and date2 <= to_date(to_char(holidate,'yyyy-MM-dd')||' 23:59:59','yyyy-MM-dd hh24:mi:ss');
    exception
      when NO_DATA_FOUND then
        date3 := null;
    end;
    if date3 is null then
      i := i + 1;
    end if;
    
    date2 := date2 + 1;
    
  end loop;
  return date2;
end;
/

--法人管理资源库
insert into Dz_Theme (ID, PARENT_ID, TYPE, TYPE_NAME, DATA_SOURCE, DATA_TABLE, STATUS, CREATE_TIME, ZYYT)
values ('ROOT_4', 'ROOT', '0', '主体管理', null, null, '1', sysdate, '4');

insert into Dz_Theme (ID, PARENT_ID, TYPE, TYPE_NAME, DATA_SOURCE, DATA_TABLE, STATUS, CREATE_TIME, ZYYT, DISPLAY_ORDER)
values ('2c9951815e6ff16b015e7013239a0038', '2c9951815e6ff16b015e700bc4050024', '2', '严重失信黑名单信息', 'jdbcTemplate', 'YW_L_HEIMINGDAN', '1', sysdate, '4', 2);

insert into Dz_Theme (ID, PARENT_ID, TYPE, TYPE_NAME, DATA_SOURCE, DATA_TABLE, STATUS, CREATE_TIME, ZYYT, DISPLAY_ORDER)
values ('2c9951815e6ff16b015e7011ab590036', '2c9951815e6ff16b015e701139e00032', '2', '参保欠缴信息', 'jdbcTemplate', 'YW_L_QYCBQJ', '1', sysdate, '4', 2);

insert into Dz_Theme (ID, PARENT_ID, TYPE, TYPE_NAME, DATA_SOURCE, DATA_TABLE, STATUS, CREATE_TIME, ZYYT, DISPLAY_ORDER)
values ('2c9951815e6ff16b015e701171ae0034', '2c9951815e6ff16b015e701139e00032', '2', '参保缴费信息', 'jdbcTemplate', 'YW_L_QYCBJF', '1', sysdate, '4', 1);

insert into Dz_Theme (ID, PARENT_ID, TYPE, TYPE_NAME, DATA_SOURCE, DATA_TABLE, STATUS, CREATE_TIME, ZYYT, DISPLAY_ORDER)
values ('2c9951815e6ff16b015e701139e00032', 'ROOT_4', '1', '参保信息', null, null, '1', sysdate, '4', 6);

insert into Dz_Theme (ID, PARENT_ID, TYPE, TYPE_NAME, DATA_SOURCE, DATA_TABLE, STATUS, CREATE_TIME, ZYYT, DISPLAY_ORDER)
values ('2c9951815e6ff16b015e701108d40030', '2c9951815e6ff16b015e7010b487002e', '2', '表彰荣誉', 'jdbcTemplate', 'YW_L_QYBZRY', '1', sysdate, '4', 1);

insert into Dz_Theme (ID, PARENT_ID, TYPE, TYPE_NAME, DATA_SOURCE, DATA_TABLE, STATUS, CREATE_TIME, ZYYT, DISPLAY_ORDER)
values ('2c9951815e6ff16b015e7010b487002e', 'ROOT_4', '1', '表彰荣誉', null, null, '1', sysdate, '4', 5);

insert into Dz_Theme (ID, PARENT_ID, TYPE, TYPE_NAME, DATA_SOURCE, DATA_TABLE, STATUS, CREATE_TIME, ZYYT, DISPLAY_ORDER)
values ('2c9951815e6ff16b015e701088c3002c', '2c9951815e6ff16b015e700f9bec0028', '2', '欠缴费信息', 'jdbcTemplate', 'YW_L_QJF', '1', sysdate, '4', 2);

insert into Dz_Theme (ID, PARENT_ID, TYPE, TYPE_NAME, DATA_SOURCE, DATA_TABLE, STATUS, CREATE_TIME, ZYYT, DISPLAY_ORDER)
values ('2c9951815e6ff16b015e7010177a002a', '2c9951815e6ff16b015e700f9bec0028', '2', '欠税信息', 'jdbcTemplate', 'YW_L_QS', '1', sysdate, '4', 1);

insert into Dz_Theme (ID, PARENT_ID, TYPE, TYPE_NAME, DATA_SOURCE, DATA_TABLE, STATUS, CREATE_TIME, ZYYT, DISPLAY_ORDER)
values ('2c9951815e6ff16b015e700f9bec0028', 'ROOT_4', '1', '履行约定信息', null, null, '1', sysdate, '4', 4);

insert into Dz_Theme (ID, PARENT_ID, TYPE, TYPE_NAME, DATA_SOURCE, DATA_TABLE, STATUS, CREATE_TIME, ZYYT, DISPLAY_ORDER)
values ('2c9951815e6ff16b015e700cf0320026', '2c9951815e6ff16b015e700bc4050024', '2', '行政处罚信息', 'jdbcTemplate', 'YW_L_SGSXZCF', '1', sysdate, '4', 1);

insert into Dz_Theme (ID, PARENT_ID, TYPE, TYPE_NAME, DATA_SOURCE, DATA_TABLE, STATUS, CREATE_TIME, ZYYT, DISPLAY_ORDER)
values ('2c9951815e6ff16b015e700bc4050024', 'ROOT_4', '1', '失信信息', null, null, '1', sysdate, '4', 3);

insert into Dz_Theme (ID, PARENT_ID, TYPE, TYPE_NAME, DATA_SOURCE, DATA_TABLE, STATUS, CREATE_TIME, ZYYT, DISPLAY_ORDER)
values ('2c9951815e6ff16b015e700b87540022', '2c9951815e6ff16b015e70094c8c0020', '2', '行政许可', 'jdbcTemplate', 'YW_L_SGSXZXK', '1', sysdate, '4', 1);

insert into Dz_Theme (ID, PARENT_ID, TYPE, TYPE_NAME, DATA_SOURCE, DATA_TABLE, STATUS, CREATE_TIME, ZYYT, DISPLAY_ORDER)
values ('2c9951815e6ff16b015e70094c8c0020', 'ROOT_4', '1', '许可资质', null, null, '1', sysdate, '4', 2);

insert into Dz_Theme (ID, PARENT_ID, TYPE, TYPE_NAME, DATA_SOURCE, DATA_TABLE, STATUS, CREATE_TIME, ZYYT, DISPLAY_ORDER)
values ('2c9951815e6ff16b015e700908a9001e', '2c9951815e6ff16b015e70072a4a0014', '2', '股东信息', 'jdbcTemplate', 'YW_L_GD', '1', sysdate, '4', 1);

insert into Dz_Theme (ID, PARENT_ID, TYPE, TYPE_NAME, DATA_SOURCE, DATA_TABLE, STATUS, CREATE_TIME, ZYYT, DISPLAY_ORDER)
values ('2c9951815e6ff16b015e700838120016', '2c9951815e6ff16b015e70072a4a0014', '2', '董事监事高管信息', 'jdbcTemplate', 'YW_L_DSJSGG', '1', sysdate, '4', 2);

insert into Dz_Theme (ID, PARENT_ID, TYPE, TYPE_NAME, DATA_SOURCE, DATA_TABLE, STATUS, CREATE_TIME, ZYYT, DISPLAY_ORDER)
values ('2c9951815e6ff16b015e70072a4a0014', 'ROOT_4', '1', '企业概况', null, null, '1', sysdate, '4', 1);

commit;

insert into dz_theme_column (ID, THEME_ID, COLUMN_NAME, COLUMN_COMMENTS, CREATE_TIME, COLUMN_ALIAS)
values ('2c9951815e739129015e73e01cf2004e', '2c9951815e6ff16b015e700908a9001e', 'DJJGMC', '登记机关名称', sysdate, '登记机关名称');

insert into dz_theme_column (ID, THEME_ID, COLUMN_NAME, COLUMN_COMMENTS, CREATE_TIME, COLUMN_ALIAS)
values ('2c9951815e739129015e73e01cf2004f', '2c9951815e6ff16b015e700908a9001e', 'GSGQCZZM', '公司股权出质证明', sysdate, '公司股权出质证明');

insert into dz_theme_column (ID, THEME_ID, COLUMN_NAME, COLUMN_COMMENTS, CREATE_TIME, COLUMN_ALIAS)
values ('2c9951815e739129015e73e01cf20050', '2c9951815e6ff16b015e700908a9001e', 'BGRQ', '变更日期', sysdate, '变更日期');

insert into dz_theme_column (ID, THEME_ID, COLUMN_NAME, COLUMN_COMMENTS, CREATE_TIME, COLUMN_ALIAS)
values ('2c9951815e704f1a015e7052b1420019', '2c9951815e6ff16b015e700908a9001e', 'DJRQ', '登记日期', sysdate, '登记日期');

insert into dz_theme_column (ID, THEME_ID, COLUMN_NAME, COLUMN_COMMENTS, CREATE_TIME, COLUMN_ALIAS)
values ('2c9951815e704f1a015e7052b1420016', '2c9951815e6ff16b015e700908a9001e', 'GDMC', '股东名称', sysdate, '股东名称');

insert into dz_theme_column (ID, THEME_ID, COLUMN_NAME, COLUMN_COMMENTS, CREATE_TIME, COLUMN_ALIAS)
values ('2c9951815e704f1a015e7052b1420017', '2c9951815e6ff16b015e700908a9001e', 'RJCZ', '认缴出资（万元）', sysdate, '认缴出资（万元）');

insert into dz_theme_column (ID, THEME_ID, COLUMN_NAME, COLUMN_COMMENTS, CREATE_TIME, COLUMN_ALIAS)
values ('2c9951815e704f1a015e7052b1420018', '2c9951815e6ff16b015e700908a9001e', 'SJCZ', '实缴出资（万元）', sysdate, '实缴出资（万元）');

insert into dz_theme_column (ID, THEME_ID, COLUMN_NAME, COLUMN_COMMENTS, CREATE_TIME, COLUMN_ALIAS)
values ('2c9951815e704f1a015e7052b1420015', '2c9951815e6ff16b015e700908a9001e', 'GDLX', '股东类型', sysdate, '股东类型');

insert into dz_theme_column (ID, THEME_ID, COLUMN_NAME, COLUMN_COMMENTS, CREATE_TIME, COLUMN_ALIAS)
values ('2c9951815e704f1a015e70526fdf000e', '2c9951815e6ff16b015e700838120016', 'XM', '姓名', sysdate, '姓名');

insert into dz_theme_column (ID, THEME_ID, COLUMN_NAME, COLUMN_COMMENTS, CREATE_TIME, COLUMN_ALIAS)
values ('2c9951815e739129015e73dddef30043', '2c9951815e6ff16b015e700838120016', 'ZJLX', '证件类型', sysdate, '证件类型');

insert into dz_theme_column (ID, THEME_ID, COLUMN_NAME, COLUMN_COMMENTS, CREATE_TIME, COLUMN_ALIAS)
values ('2c9951815e739129015e73dddef30047', '2c9951815e6ff16b015e700838120016', 'BGHZRQ', '（变更）核准日期', sysdate, '核准日期');

insert into dz_theme_column (ID, THEME_ID, COLUMN_NAME, COLUMN_COMMENTS, CREATE_TIME, COLUMN_ALIAS)
values ('2c9951815e739129015e73dddef30045', '2c9951815e6ff16b015e700838120016', 'ZWLX', '职务类型（级别）', sysdate, '职务类型（级别）');

insert into dz_theme_column (ID, THEME_ID, COLUMN_NAME, COLUMN_COMMENTS, CREATE_TIME, COLUMN_ALIAS)
values ('2c9951815e739129015e73dddef30046', '2c9951815e6ff16b015e700838120016', 'GJ', '国籍', sysdate, '国籍');

insert into dz_theme_column (ID, THEME_ID, COLUMN_NAME, COLUMN_COMMENTS, CREATE_TIME, COLUMN_ALIAS)
values ('2c9951815e739129015e73dddef30044', '2c9951815e6ff16b015e700838120016', 'ZJHM', '证件号码', sysdate, '证件号码');

insert into dz_theme_column (ID, THEME_ID, COLUMN_NAME, COLUMN_COMMENTS, CREATE_TIME, COLUMN_ALIAS)
values ('2c9951815e739129015e73e9fa0400a6', '2c9951815e6ff16b015e7011ab590036', 'BYQJJE', '本月欠缴金额（元）', sysdate, '本月欠缴金额（元）');

insert into dz_theme_column (ID, THEME_ID, COLUMN_NAME, COLUMN_COMMENTS, CREATE_TIME, COLUMN_ALIAS)
values ('2c9951815e739129015e73e9fa0400a7', '2c9951815e6ff16b015e7011ab590036', 'QJNY', '欠缴年月', sysdate, '欠缴年月');

insert into dz_theme_column (ID, THEME_ID, COLUMN_NAME, COLUMN_COMMENTS, CREATE_TIME, COLUMN_ALIAS)
values ('2c9951815e739129015e73e9fa0400a8', '2c9951815e6ff16b015e7011ab590036', 'LJQJJE', '累计欠缴金额合计（元）', sysdate, '累计欠缴金额合计（元）');

insert into dz_theme_column (ID, THEME_ID, COLUMN_NAME, COLUMN_COMMENTS, CREATE_TIME, COLUMN_ALIAS)
values ('2c9951815e739129015e73e9fa0400a9', '2c9951815e6ff16b015e7011ab590036', 'LJQJYS', '累计欠缴月数', sysdate, '累计欠缴月数');

insert into dz_theme_column (ID, THEME_ID, COLUMN_NAME, COLUMN_COMMENTS, CREATE_TIME, COLUMN_ALIAS)
values ('2c9951815e739129015e73e9fa0500aa', '2c9951815e6ff16b015e7011ab590036', 'JBJGQC', '经办机关全称', sysdate, '经办机关全称');

insert into dz_theme_column (ID, THEME_ID, COLUMN_NAME, COLUMN_COMMENTS, CREATE_TIME, COLUMN_ALIAS)
values ('2c9951815e739129015e73e9fa0500ab', '2c9951815e6ff16b015e7011ab590036', 'RDRQ', '认定日期', sysdate, '认定日期');

insert into dz_theme_column (ID, THEME_ID, COLUMN_NAME, COLUMN_COMMENTS, CREATE_TIME, COLUMN_ALIAS)
values ('2c9951815e739129015e73e9fa0600b3', '2c9951815e6ff16b015e7011ab590036', 'JHDWQC', '交换单位全称', sysdate, '交换单位全称');

insert into dz_theme_column (ID, THEME_ID, COLUMN_NAME, COLUMN_COMMENTS, CREATE_TIME, COLUMN_ALIAS)
values ('2c9951815e739129015e73e9fa0500ad', '2c9951815e6ff16b015e7011ab590036', 'SXYZCD', '失信严重程度', sysdate, '失信严重程度');

insert into dz_theme_column (ID, THEME_ID, COLUMN_NAME, COLUMN_COMMENTS, CREATE_TIME, COLUMN_ALIAS)
values ('2c9951815e739129015e73e9fa0500ae', '2c9951815e6ff16b015e7011ab590036', 'SXXWYXQ', '失信行为有效期', sysdate, '失信行为有效期');

insert into dz_theme_column (ID, THEME_ID, COLUMN_NAME, COLUMN_COMMENTS, CREATE_TIME, COLUMN_ALIAS)
values ('2c9951815e739129015e73e9fa0500af', '2c9951815e6ff16b015e7011ab590036', 'TCQDM', '统筹区代码', sysdate, '统筹区代码');

insert into dz_theme_column (ID, THEME_ID, COLUMN_NAME, COLUMN_COMMENTS, CREATE_TIME, COLUMN_ALIAS)
values ('2c9951815e739129015e73e9fa0500b0', '2c9951815e6ff16b015e7011ab590036', 'TCQMC', '统筹区名称', sysdate, '统筹区名称');

insert into dz_theme_column (ID, THEME_ID, COLUMN_NAME, COLUMN_COMMENTS, CREATE_TIME, COLUMN_ALIAS)
values ('2c9951815e739129015e73e9fa0500b1', '2c9951815e6ff16b015e7011ab590036', 'LB', '类别（包含医疗，失业，生育，工伤，养老保险五种险种，含0缴费）', sysdate, '类别');

insert into dz_theme_column (ID, THEME_ID, COLUMN_NAME, COLUMN_COMMENTS, CREATE_TIME, COLUMN_ALIAS)
values ('2c9951815e739129015e73e9fa0600b2', '2c9951815e6ff16b015e7011ab590036', 'DWBM', '单位编码', sysdate, '单位编码');

insert into dz_theme_column (ID, THEME_ID, COLUMN_NAME, COLUMN_COMMENTS, CREATE_TIME, COLUMN_ALIAS)
values ('2c9951815e739129015e73e9fa0500ac', '2c9951815e6ff16b015e7011ab590036', 'SFBJ', '是否补缴', sysdate, '是否补缴');

insert into dz_theme_column (ID, THEME_ID, COLUMN_NAME, COLUMN_COMMENTS, CREATE_TIME, COLUMN_ALIAS)
values ('2c9951815e739129015e73e93cf6009d', '2c9951815e6ff16b015e701171ae0034', 'GRJFJS', '个人缴费基数', sysdate, '个人缴费基数');

insert into dz_theme_column (ID, THEME_ID, COLUMN_NAME, COLUMN_COMMENTS, CREATE_TIME, COLUMN_ALIAS)
values ('2c9951815e704f1a015e705b6eb9005c', '2c9951815e6ff16b015e701171ae0034', 'JFNY', '缴费年月', sysdate, '缴费年月');

insert into dz_theme_column (ID, THEME_ID, COLUMN_NAME, COLUMN_COMMENTS, CREATE_TIME, COLUMN_ALIAS)
values ('2c9951815e704f1a015e705b6eb9005d', '2c9951815e6ff16b015e701171ae0034', 'SWJFJS', '单位缴费基数', sysdate, '单位缴费基数');

insert into dz_theme_column (ID, THEME_ID, COLUMN_NAME, COLUMN_COMMENTS, CREATE_TIME, COLUMN_ALIAS)
values ('2c9951815e739129015e73e93cf6009e', '2c9951815e6ff16b015e701171ae0034', 'BYYJJE', '本月应缴金额合计（元）', sysdate, '本月应缴金额合计（元）');

insert into dz_theme_column (ID, THEME_ID, COLUMN_NAME, COLUMN_COMMENTS, CREATE_TIME, COLUMN_ALIAS)
values ('2c9951815e739129015e73e93cf600a4', '2c9951815e6ff16b015e701171ae0034', 'DWBM', '单位编码', sysdate, '单位编码');

insert into dz_theme_column (ID, THEME_ID, COLUMN_NAME, COLUMN_COMMENTS, CREATE_TIME, COLUMN_ALIAS)
values ('2c9951815e739129015e73e93cf600a0', '2c9951815e6ff16b015e701171ae0034', 'TCQDM', '统筹区代码', sysdate, '统筹区代码');

insert into dz_theme_column (ID, THEME_ID, COLUMN_NAME, COLUMN_COMMENTS, CREATE_TIME, COLUMN_ALIAS)
values ('2c9951815e739129015e73e93cf600a1', '2c9951815e6ff16b015e701171ae0034', 'TCQMC', '统筹区名称', sysdate, '统筹区名称');

insert into dz_theme_column (ID, THEME_ID, COLUMN_NAME, COLUMN_COMMENTS, CREATE_TIME, COLUMN_ALIAS)
values ('2c9951815e739129015e73e93cf600a2', '2c9951815e6ff16b015e701171ae0034', 'CBRS', '参保人数', sysdate, '参保人数');

insert into dz_theme_column (ID, THEME_ID, COLUMN_NAME, COLUMN_COMMENTS, CREATE_TIME, COLUMN_ALIAS)
values ('2c9951815e739129015e73e93cf600a3', '2c9951815e6ff16b015e701171ae0034', 'LB', '类别（包含医疗，失业，生育，工伤，养老保险五种险种，含0缴费）', sysdate, '类别');

insert into dz_theme_column (ID, THEME_ID, COLUMN_NAME, COLUMN_COMMENTS, CREATE_TIME, COLUMN_ALIAS)
values ('2c9951815e739129015e73e93cf6009f', '2c9951815e6ff16b015e701171ae0034', 'BYSJJE', '本月实缴金额合计（元）', sysdate, '本月实缴金额合计（元）');

insert into dz_theme_column (ID, THEME_ID, COLUMN_NAME, COLUMN_COMMENTS, CREATE_TIME, COLUMN_ALIAS)
values ('2c9951815e739129015e73e7ad980095', '2c9951815e6ff16b015e701108d40030', 'BZWJH', '表彰文件号', sysdate, '表彰文件号');

insert into dz_theme_column (ID, THEME_ID, COLUMN_NAME, COLUMN_COMMENTS, CREATE_TIME, COLUMN_ALIAS)
values ('2c9951815e739129015e73e7ad980096', '2c9951815e6ff16b015e701108d40030', 'BZMC', '表彰名称', sysdate, '表彰名称');

insert into dz_theme_column (ID, THEME_ID, COLUMN_NAME, COLUMN_COMMENTS, CREATE_TIME, COLUMN_ALIAS)
values ('2c9951815e739129015e73e7ad980097', '2c9951815e6ff16b015e701108d40030', 'RYDJ', '荣誉等级', sysdate, '荣誉等级');

insert into dz_theme_column (ID, THEME_ID, COLUMN_NAME, COLUMN_COMMENTS, CREATE_TIME, COLUMN_ALIAS)
values ('2c9951815e739129015e73e7ad99009b', '2c9951815e6ff16b015e701108d40030', 'JHDWQC', '交换单位全称', sysdate, '交换单位全称');

insert into dz_theme_column (ID, THEME_ID, COLUMN_NAME, COLUMN_COMMENTS, CREATE_TIME, COLUMN_ALIAS)
values ('2c9951815e739129015e73e7ad980099', '2c9951815e6ff16b015e701108d40030', 'RDJGQC', '认定机关全称', sysdate, '认定机关全称');

insert into dz_theme_column (ID, THEME_ID, COLUMN_NAME, COLUMN_COMMENTS, CREATE_TIME, COLUMN_ALIAS)
values ('2c9951815e739129015e73e7ad99009a', '2c9951815e6ff16b015e701108d40030', 'RDRQ', '认定日期', sysdate, '认定日期');

insert into dz_theme_column (ID, THEME_ID, COLUMN_NAME, COLUMN_COMMENTS, CREATE_TIME, COLUMN_ALIAS)
values ('2c9951815e739129015e73e7ad980098', '2c9951815e6ff16b015e701108d40030', 'RYNR', '荣誉内容', sysdate, '荣誉内容');

insert into dz_theme_column (ID, THEME_ID, COLUMN_NAME, COLUMN_COMMENTS, CREATE_TIME, COLUMN_ALIAS)
values ('2c9951815e739129015e73e72b2f008b', '2c9951815e6ff16b015e701088c3002c', 'QJLXMC', '欠缴类型名称', sysdate, '欠缴类型名称');

insert into dz_theme_column (ID, THEME_ID, COLUMN_NAME, COLUMN_COMMENTS, CREATE_TIME, COLUMN_ALIAS)
values ('2c9951815e739129015e73e72b2f008c', '2c9951815e6ff16b015e701088c3002c', 'QFSD', '欠费时段', sysdate, '欠费时段');

insert into dz_theme_column (ID, THEME_ID, COLUMN_NAME, COLUMN_COMMENTS, CREATE_TIME, COLUMN_ALIAS)
values ('2c9951815e739129015e73e72b2f008d', '2c9951815e6ff16b015e701088c3002c', 'QFJE', '欠费金额（元）', sysdate, '欠费金额（元）');

insert into dz_theme_column (ID, THEME_ID, COLUMN_NAME, COLUMN_COMMENTS, CREATE_TIME, COLUMN_ALIAS)
values ('2c9951815e739129015e73e72b2f008e', '2c9951815e6ff16b015e701088c3002c', 'QFJSRQ', '欠费开始日期', sysdate, '欠费开始日期');

insert into dz_theme_column (ID, THEME_ID, COLUMN_NAME, COLUMN_COMMENTS, CREATE_TIME, COLUMN_ALIAS)
values ('2c9951815e739129015e73e72b300093', '2c9951815e6ff16b015e701088c3002c', 'JHDWQC', '交换单位全称', sysdate, '交换单位全称');

insert into dz_theme_column (ID, THEME_ID, COLUMN_NAME, COLUMN_COMMENTS, CREATE_TIME, COLUMN_ALIAS)
values ('2c9951815e739129015e73e72b2f0090', '2c9951815e6ff16b015e701088c3002c', 'QFL', '欠费量', sysdate, '欠费量');

insert into dz_theme_column (ID, THEME_ID, COLUMN_NAME, COLUMN_COMMENTS, CREATE_TIME, COLUMN_ALIAS)
values ('2c9951815e739129015e73e72b300091', '2c9951815e6ff16b015e701088c3002c', 'RDBMQC', '认定部门全称', sysdate, '认定部门全称');

insert into dz_theme_column (ID, THEME_ID, COLUMN_NAME, COLUMN_COMMENTS, CREATE_TIME, COLUMN_ALIAS)
values ('2c9951815e739129015e73e72b300092', '2c9951815e6ff16b015e701088c3002c', 'RDRQ', '认定日期', sysdate, '认定日期');

insert into dz_theme_column (ID, THEME_ID, COLUMN_NAME, COLUMN_COMMENTS, CREATE_TIME, COLUMN_ALIAS)
values ('2c9951815e739129015e73e72b2f008f', '2c9951815e6ff16b015e701088c3002c', 'QFJZRQ', '欠费截止日期', sysdate, '欠费截止日期');

insert into dz_theme_column (ID, THEME_ID, COLUMN_NAME, COLUMN_COMMENTS, CREATE_TIME, COLUMN_ALIAS)
values ('2c9951815e739129015e73e63bd0007f', '2c9951815e6ff16b015e7010177a002a', 'QSSZMC', '欠税税种名称', sysdate, '欠税税种名称');

insert into dz_theme_column (ID, THEME_ID, COLUMN_NAME, COLUMN_COMMENTS, CREATE_TIME, COLUMN_ALIAS)
values ('2c9951815e739129015e73e63bd00080', '2c9951815e6ff16b015e7010177a002a', 'DQQSJE', '当期欠税金额（元）', sysdate, '当期欠税金额（元）');

insert into dz_theme_column (ID, THEME_ID, COLUMN_NAME, COLUMN_COMMENTS, CREATE_TIME, COLUMN_ALIAS)
values ('2c9951815e739129015e73e63bd00081', '2c9951815e6ff16b015e7010177a002a', 'LJQSJE', '累计欠税金额合计', sysdate, '累计欠税金额合计');

insert into dz_theme_column (ID, THEME_ID, COLUMN_NAME, COLUMN_COMMENTS, CREATE_TIME, COLUMN_ALIAS)
values ('2c9951815e739129015e73e63bd00082', '2c9951815e6ff16b015e7010177a002a', 'QSKSRQ', '欠税开始日期（统计日期）', sysdate, '欠税开始日期');

insert into dz_theme_column (ID, THEME_ID, COLUMN_NAME, COLUMN_COMMENTS, CREATE_TIME, COLUMN_ALIAS)
values ('2c9951815e739129015e73e63bd00083', '2c9951815e6ff16b015e7010177a002a', 'QSJZRQ', '欠税截止日期（补缴日期）', sysdate, '欠税截止日期');

insert into dz_theme_column (ID, THEME_ID, COLUMN_NAME, COLUMN_COMMENTS, CREATE_TIME, COLUMN_ALIAS)
values ('2c9951815e739129015e73e63bd00084', '2c9951815e6ff16b015e7010177a002a', 'NSRSBH', '纳税人识别号', sysdate, '纳税人识别号');

insert into dz_theme_column (ID, THEME_ID, COLUMN_NAME, COLUMN_COMMENTS, CREATE_TIME, COLUMN_ALIAS)
values ('2c9951815e704f1a015e705b1dbf004c', '2c9951815e6ff16b015e7010177a002a', 'ZJJGQC', '征缴机关全称', sysdate, '征缴机关全称');

insert into dz_theme_column (ID, THEME_ID, COLUMN_NAME, COLUMN_COMMENTS, CREATE_TIME, COLUMN_ALIAS)
values ('2c9951815e739129015e73e63bd10086', '2c9951815e6ff16b015e7010177a002a', 'FDDBRZJLX', '法定代表人证件类型', sysdate, '法定代表人证件类型');

insert into dz_theme_column (ID, THEME_ID, COLUMN_NAME, COLUMN_COMMENTS, CREATE_TIME, COLUMN_ALIAS)
values ('2c9951815e739129015e73e63bd10087', '2c9951815e6ff16b015e7010177a002a', 'FDDBRZJHM', '法定代表人证件号码', sysdate, '法定代表人证件号码');

insert into dz_theme_column (ID, THEME_ID, COLUMN_NAME, COLUMN_COMMENTS, CREATE_TIME, COLUMN_ALIAS)
values ('2c9951815e739129015e73e63bd10088', '2c9951815e6ff16b015e7010177a002a', 'DJZCLX', '登记注册类型', sysdate, '登记注册类型');

insert into dz_theme_column (ID, THEME_ID, COLUMN_NAME, COLUMN_COMMENTS, CREATE_TIME, COLUMN_ALIAS)
values ('2c9951815e739129015e73e63bd10089', '2c9951815e6ff16b015e7010177a002a', 'JHDWQC', '交换单位全称', sysdate, '交换单位全称');

insert into dz_theme_column (ID, THEME_ID, COLUMN_NAME, COLUMN_COMMENTS, CREATE_TIME, COLUMN_ALIAS)
values ('2c9951815e704f1a015e705b1dbf004b', '2c9951815e6ff16b015e7010177a002a', 'QSSZDM', '欠税税种代码', sysdate, '欠税税种代码');

insert into dz_theme_column (ID, THEME_ID, COLUMN_NAME, COLUMN_COMMENTS, CREATE_TIME, COLUMN_ALIAS)
values ('2c9951815e739129015e73e63bd10085', '2c9951815e6ff16b015e7010177a002a', 'FDDBRMC', '法定代表人名称', sysdate, '法定代表人名称');

insert into dz_theme_column (ID, THEME_ID, COLUMN_NAME, COLUMN_COMMENTS, CREATE_TIME, COLUMN_ALIAS)
values ('2c9951815e739129015e73e50f740074', '2c9951815e6ff16b015e7013239a0038', 'RDDW', '认定单位', sysdate, '认定单位');

insert into dz_theme_column (ID, THEME_ID, COLUMN_NAME, COLUMN_COMMENTS, CREATE_TIME, COLUMN_ALIAS)
values ('2c9951815e739129015e73e50f750075', '2c9951815e6ff16b015e7013239a0038', 'RDWH', '认定文号', sysdate, '认定文号');

insert into dz_theme_column (ID, THEME_ID, COLUMN_NAME, COLUMN_COMMENTS, CREATE_TIME, COLUMN_ALIAS)
values ('2c9951815e739129015e73e50f750076', '2c9951815e6ff16b015e7013239a0038', 'ZCDZ', '注册地址', sysdate, '注册地址');

insert into dz_theme_column (ID, THEME_ID, COLUMN_NAME, COLUMN_COMMENTS, CREATE_TIME, COLUMN_ALIAS)
values ('2c9951815e739129015e73e50f750077', '2c9951815e6ff16b015e7013239a0038', 'FDDBR', '法定代表人', sysdate, '法定代表人');

insert into dz_theme_column (ID, THEME_ID, COLUMN_NAME, COLUMN_COMMENTS, CREATE_TIME, COLUMN_ALIAS)
values ('2c9951815e739129015e73e50f76007d', '2c9951815e6ff16b015e7013239a0038', 'JHDWQC', '交换单位全称', sysdate, '交换单位全称');

insert into dz_theme_column (ID, THEME_ID, COLUMN_NAME, COLUMN_COMMENTS, CREATE_TIME, COLUMN_ALIAS)
values ('2c9951815e739129015e73e50f760079', '2c9951815e6ff16b015e7013239a0038', 'ZYSXSS', '主要失信事实 ', sysdate, '主要失信事实 ');

insert into dz_theme_column (ID, THEME_ID, COLUMN_NAME, COLUMN_COMMENTS, CREATE_TIME, COLUMN_ALIAS)
values ('2c9951815e739129015e73e50f76007a', '2c9951815e6ff16b015e7013239a0038', 'SCFZYNR', '行政处理处罚或法院判决决定的主要内容', sysdate, '行政处理处罚或法院判决决定的主要内容');

insert into dz_theme_column (ID, THEME_ID, COLUMN_NAME, COLUMN_COMMENTS, CREATE_TIME, COLUMN_ALIAS)
values ('2c9951815e739129015e73e50f76007b', '2c9951815e6ff16b015e7013239a0038', 'QRYZSXRQ', '确认严重失信日期', sysdate, '确认严重失信日期');

insert into dz_theme_column (ID, THEME_ID, COLUMN_NAME, COLUMN_COMMENTS, CREATE_TIME, COLUMN_ALIAS)
values ('2c9951815e739129015e73e50f76007c', '2c9951815e6ff16b015e7013239a0038', 'GSJZQ', '公示截止期', sysdate, '公示截止期');

insert into dz_theme_column (ID, THEME_ID, COLUMN_NAME, COLUMN_COMMENTS, CREATE_TIME, COLUMN_ALIAS)
values ('2c9951815e739129015e73e50f750078', '2c9951815e6ff16b015e7013239a0038', 'FZRXM', '负责人姓名', sysdate, '负责人姓名');

insert into dz_theme_column (ID, THEME_ID, COLUMN_NAME, COLUMN_COMMENTS, CREATE_TIME, COLUMN_ALIAS, DISPLAY_ORDER, DATA_ORDER)
values ('4028946b670741ed01670bc0b7c60063', '2c9951815e6ff16b015e700cf0320026', 'AJMC', '处罚名称', sysdate, '处罚名称', 1, null);

insert into dz_theme_column (ID, THEME_ID, COLUMN_NAME, COLUMN_COMMENTS, CREATE_TIME, COLUMN_ALIAS, DISPLAY_ORDER, DATA_ORDER)
values ('4028946b670741ed01670bc0b7c60064', '2c9951815e6ff16b015e700cf0320026', 'CFDJ', '处罚等级，失信严重程度（未定，一般、较重、严重）', sysdate, '处罚等级', 2, null);

insert into dz_theme_column (ID, THEME_ID, COLUMN_NAME, COLUMN_COMMENTS, CREATE_TIME, COLUMN_ALIAS, DISPLAY_ORDER, DATA_ORDER)
values ('4028946b670741ed01670bc0b7c60065', '2c9951815e6ff16b015e700cf0320026', 'CFJDSWH', '行政处罚决定书文号', sysdate, '行政处罚决定书文号', 3, null);

insert into dz_theme_column (ID, THEME_ID, COLUMN_NAME, COLUMN_COMMENTS, CREATE_TIME, COLUMN_ALIAS, DISPLAY_ORDER, DATA_ORDER)
values ('4028946b670741ed01670bc0b7c60066', '2c9951815e6ff16b015e700cf0320026', 'CFSY', '处罚事由（违法事实、案由）', sysdate, '处罚事由', 4, null);

insert into dz_theme_column (ID, THEME_ID, COLUMN_NAME, COLUMN_COMMENTS, CREATE_TIME, COLUMN_ALIAS, DISPLAY_ORDER, DATA_ORDER)
values ('4028946b670741ed01670bc0b7c60067', '2c9951815e6ff16b015e700cf0320026', 'CFSXQ', '处罚生效期', sysdate, '处罚生效期', 5, null);

insert into dz_theme_column (ID, THEME_ID, COLUMN_NAME, COLUMN_COMMENTS, CREATE_TIME, COLUMN_ALIAS, DISPLAY_ORDER, DATA_ORDER)
values ('4028946b670741ed01670bc0b7c60068', '2c9951815e6ff16b015e700cf0320026', 'CFYJ', '处罚依据', sysdate, '处罚依据', 6, null);

insert into dz_theme_column (ID, THEME_ID, COLUMN_NAME, COLUMN_COMMENTS, CREATE_TIME, COLUMN_ALIAS, DISPLAY_ORDER, DATA_ORDER)
values ('4028946b670741ed01670bc0b7c60069', '2c9951815e6ff16b015e700cf0320026', 'CFZL', '处罚类别1', sysdate, '处罚类别', 7, null);

insert into dz_theme_column (ID, THEME_ID, COLUMN_NAME, COLUMN_COMMENTS, CREATE_TIME, COLUMN_ALIAS, DISPLAY_ORDER, DATA_ORDER)
values ('4028946b670741ed01670bc0b7c6006a', '2c9951815e6ff16b015e700cf0320026', 'CFJG', '处罚结果', sysdate, '处罚结果', 8, null);

insert into dz_theme_column (ID, THEME_ID, COLUMN_NAME, COLUMN_COMMENTS, CREATE_TIME, COLUMN_ALIAS, DISPLAY_ORDER, DATA_ORDER)
values ('4028946b670741ed01670bc0b7c6006b', '2c9951815e6ff16b015e700cf0320026', 'DQZT', '0=正常（公示中），1=撤销（取消公示），2=异议，3=其他', sysdate, '当前状态', 9, null);

insert into dz_theme_column (ID, THEME_ID, COLUMN_NAME, COLUMN_COMMENTS, CREATE_TIME, COLUMN_ALIAS, DISPLAY_ORDER, DATA_ORDER)
values ('4028946b670741ed01670bc0b7c6006c', '2c9951815e6ff16b015e700cf0320026', 'GSJZQ', '公示截止期', sysdate, '公示截止期', 10, null);

insert into dz_theme_column (ID, THEME_ID, COLUMN_NAME, COLUMN_COMMENTS, CREATE_TIME, COLUMN_ALIAS, DISPLAY_ORDER, DATA_ORDER)
values ('4028946b670741ed01670b101f9f0021', '2c9951815e6ff16b015e700b87540022', 'XMMC', '项目名称', sysdate, '项目名称', 1, null);

insert into dz_theme_column (ID, THEME_ID, COLUMN_NAME, COLUMN_COMMENTS, CREATE_TIME, COLUMN_ALIAS, DISPLAY_ORDER, DATA_ORDER)
values ('4028946b670741ed01670b101f9f0022', '2c9951815e6ff16b015e700b87540022', 'XKJDSWH', '许可决定书文号', sysdate, '许可决定书文号', 2, null);

insert into dz_theme_column (ID, THEME_ID, COLUMN_NAME, COLUMN_COMMENTS, CREATE_TIME, COLUMN_ALIAS, DISPLAY_ORDER, DATA_ORDER)
values ('4028946b670741ed01670b101f9f0023', '2c9951815e6ff16b015e700b87540022', 'XKNR', '许可内容', sysdate, '许可内容', 3, null);

insert into dz_theme_column (ID, THEME_ID, COLUMN_NAME, COLUMN_COMMENTS, CREATE_TIME, COLUMN_ALIAS, DISPLAY_ORDER, DATA_ORDER)
values ('4028946b670741ed01670b101f9f0024', '2c9951815e6ff16b015e700b87540022', 'XKSXQ', '许可决定日期', sysdate, '许可决定日期', 4, null);

insert into dz_theme_column (ID, THEME_ID, COLUMN_NAME, COLUMN_COMMENTS, CREATE_TIME, COLUMN_ALIAS, DISPLAY_ORDER, DATA_ORDER)
values ('4028946b670741ed01670b101f9f0025', '2c9951815e6ff16b015e700b87540022', 'XKJG', '许可机关', sysdate, '许可机关', 5, null);

insert into dz_theme_column (ID, THEME_ID, COLUMN_NAME, COLUMN_COMMENTS, CREATE_TIME, COLUMN_ALIAS, DISPLAY_ORDER, DATA_ORDER)
values ('4028946b670741ed01670b101f9f0026', '2c9951815e6ff16b015e700b87540022', 'XKJZQ', '许可截止期', sysdate, '许可截止期', 6, null);

insert into dz_theme_column (ID, THEME_ID, COLUMN_NAME, COLUMN_COMMENTS, CREATE_TIME, COLUMN_ALIAS, DISPLAY_ORDER, DATA_ORDER)
values ('4028946b670741ed01670b101f9f0027', '2c9951815e6ff16b015e700b87540022', 'SPLB', '审批类别（普通许可，特许认可，核准登记，其他）', sysdate, '审批类别', 7, null);

-- 自然人管理资源库
insert into Dz_Theme (ID, PARENT_ID, TYPE, TYPE_NAME, DATA_SOURCE, DATA_TABLE, STATUS, CREATE_TIME, ZYYT, DISPLAY_ORDER)
values ('2c9951815e748a86015e7499a2ce0022', 'ROOT_5', '1', '许可资质', null, null, '1', sysdate, '5', 3);

insert into Dz_Theme (ID, PARENT_ID, TYPE, TYPE_NAME, DATA_SOURCE, DATA_TABLE, STATUS, CREATE_TIME, ZYYT, DISPLAY_ORDER)
values ('2c9951815e748a86015e74997edc0020', 'ROOT_5', '1', '表彰荣誉', null, null, '1', sysdate, '5', 2);

insert into Dz_Theme (ID, PARENT_ID, TYPE, TYPE_NAME, DATA_SOURCE, DATA_TABLE, STATUS, CREATE_TIME, ZYYT, DISPLAY_ORDER)
values ('2c9951815e748a86015e74993d22001d', 'ROOT_5', '1', '失信信息', null, null, '1', sysdate, '5', 1);

insert into Dz_Theme (ID, PARENT_ID, TYPE, TYPE_NAME, DATA_SOURCE, DATA_TABLE, STATUS, CREATE_TIME, ZYYT, DISPLAY_ORDER)
values ('2c9951815e748a86015e749643060016', '2c9951815e748a86015e7499a2ce0022', '2', '许可资质', 'jdbcTemplate', 'YW_P_GRXZXK', '1', sysdate, '5', 1);

insert into Dz_Theme (ID, PARENT_ID, TYPE, TYPE_NAME, DATA_SOURCE, DATA_TABLE, STATUS, CREATE_TIME, ZYYT, DISPLAY_ORDER)
values ('2c9951815e748a86015e74959d190014', '2c9951815e748a86015e74997edc0020', '2', '红名单信息', 'jdbcTemplate', 'YW_P_GRHONGMINGDAN', '1', sysdate, '5', 1);

insert into Dz_Theme (ID, PARENT_ID, TYPE, TYPE_NAME, DATA_SOURCE, DATA_TABLE, STATUS, CREATE_TIME, ZYYT, DISPLAY_ORDER)
values ('2c9951815e748a86015e749530130012', '2c9951815e748a86015e74993d22001d', '2', '交通失信信息', 'jdbcTemplate', 'YW_P_GRJTSX', '1', sysdate, '5', 3);

insert into Dz_Theme (ID, PARENT_ID, TYPE, TYPE_NAME, DATA_SOURCE, DATA_TABLE, STATUS, CREATE_TIME, ZYYT, DISPLAY_ORDER)
values ('2c9951815e748a86015e7493f1770010', '2c9951815e748a86015e74993d22001d', '2', '黑名单信息', 'jdbcTemplate', 'YW_P_GRHEIMINGDAN', '1', sysdate, '5', 2);

insert into Dz_Theme (ID, PARENT_ID, TYPE, TYPE_NAME, DATA_SOURCE, DATA_TABLE, STATUS, CREATE_TIME, ZYYT, DISPLAY_ORDER)
values ('2c9951815e748a86015e74930c23000e', '2c9951815e748a86015e74993d22001d', '2', '行政处罚信息', 'jdbcTemplate', 'YW_L_SGSXZCF', '1', sysdate, '5', 1);

insert into Dz_Theme (ID, PARENT_ID, TYPE, TYPE_NAME, DATA_SOURCE, DATA_TABLE, STATUS, CREATE_TIME, ZYYT)
values ('ROOT_5', 'ROOT', '0', '自然人管理', null, null, '1', sysdate, '5');

insert into Dz_Theme_Column (ID, THEME_ID, COLUMN_NAME, COLUMN_COMMENTS, CREATE_TIME, COLUMN_ALIAS)
values ('2c9951815e748a86015e749d17c1003b', '2c9951815e748a86015e749530130012', 'RDRQ', '认定日期', sysdate, '认定日期');

insert into Dz_Theme_Column (ID, THEME_ID, COLUMN_NAME, COLUMN_COMMENTS, CREATE_TIME, COLUMN_ALIAS)
values ('2c9951815e748a86015e749d17be003a', '2c9951815e748a86015e749530130012', 'RDJG', '认定机关', sysdate, '认定单位');

insert into Dz_Theme_Column (ID, THEME_ID, COLUMN_NAME, COLUMN_COMMENTS, CREATE_TIME, COLUMN_ALIAS)
values ('2c9951815e748a86015e749d17bd0039', '2c9951815e748a86015e749530130012', 'SXYZCD', '失信严重程度', sysdate, '失信严重程度');

insert into Dz_Theme_Column (ID, THEME_ID, COLUMN_NAME, COLUMN_COMMENTS, CREATE_TIME, COLUMN_ALIAS)
values ('2c9951815e748a86015e749d17bd0038', '2c9951815e748a86015e749530130012', 'JTSXXW', '交通失信行为', sysdate, '交通失信行为');

insert into Dz_Theme_Column (ID, THEME_ID, COLUMN_NAME, COLUMN_COMMENTS, CREATE_TIME, COLUMN_ALIAS)
values ('2c9951815e748a86015e749e442b004b', '2c9951815e748a86015e749643060016', 'PZRQ', '批准(注/撤/吊销)日期', sysdate, '批准日期');

insert into Dz_Theme_Column (ID, THEME_ID, COLUMN_NAME, COLUMN_COMMENTS, CREATE_TIME, COLUMN_ALIAS)
values ('2c9951815e748a86015e749e442b004c', '2c9951815e748a86015e749643060016', 'BGHZRQ', '（变更）核准日期', sysdate, '变更核准日期');

insert into Dz_Theme_Column (ID, THEME_ID, COLUMN_NAME, COLUMN_COMMENTS, CREATE_TIME, COLUMN_ALIAS)
values ('2c9951815e748a86015e749e442b004a', '2c9951815e748a86015e749643060016', 'PZJGQC', '批准机关全称', sysdate, '批准机关全称');

insert into Dz_Theme_Column (ID, THEME_ID, COLUMN_NAME, COLUMN_COMMENTS, CREATE_TIME, COLUMN_ALIAS)
values ('2c9951815e748a86015e749e442a0049', '2c9951815e748a86015e749643060016', 'XKJZQ', '许可截止期', sysdate, '许可截止期');

insert into Dz_Theme_Column (ID, THEME_ID, COLUMN_NAME, COLUMN_COMMENTS, CREATE_TIME, COLUMN_ALIAS)
values ('2c9951815e748a86015e749e442a0048', '2c9951815e748a86015e749643060016', 'XKSXQ', '许可生效期', sysdate, '许可生效期');

insert into Dz_Theme_Column (ID, THEME_ID, COLUMN_NAME, COLUMN_COMMENTS, CREATE_TIME, COLUMN_ALIAS)
values ('2c9951815e748a86015e749e442a0047', '2c9951815e748a86015e749643060016', 'ZL', '种类（设立/变更/注销/撤销/吊销）', sysdate, '种类');

insert into Dz_Theme_Column (ID, THEME_ID, COLUMN_NAME, COLUMN_COMMENTS, CREATE_TIME, COLUMN_ALIAS)
values ('2c9951815e748a86015e749e442a0046', '2c9951815e748a86015e749643060016', 'XKZFW', '许可证内容（范围）', sysdate, '许可内容（范围）');

insert into Dz_Theme_Column (ID, THEME_ID, COLUMN_NAME, COLUMN_COMMENTS, CREATE_TIME, COLUMN_ALIAS)
values ('2c9951815e748a86015e749e442a0045', '2c9951815e748a86015e749643060016', 'XKZMC', '许可证名称', sysdate, '许可证名称');

insert into Dz_Theme_Column (ID, THEME_ID, COLUMN_NAME, COLUMN_COMMENTS, CREATE_TIME, COLUMN_ALIAS)
values ('2c9951815e748a86015e749e442a0044', '2c9951815e748a86015e749643060016', 'XKZBH', '许可证编号', sysdate, '许可证编号');

insert into Dz_Theme_Column (ID, THEME_ID, COLUMN_NAME, COLUMN_COMMENTS, CREATE_TIME, COLUMN_ALIAS)
values ('2c9951815e748a86015e749e442a0043', '2c9951815e748a86015e749643060016', 'XKJDSWH', '许可决定书文号', sysdate, '许可决定书文号');

insert into Dz_Theme_Column (ID, THEME_ID, COLUMN_NAME, COLUMN_COMMENTS, CREATE_TIME, COLUMN_ALIAS)
values ('2c9951815e748a86015e749d58a5003d', '2c9951815e748a86015e74959d190014', 'RYMC', '荣誉名称', sysdate, '荣誉名称');

insert into Dz_Theme_Column (ID, THEME_ID, COLUMN_NAME, COLUMN_COMMENTS, CREATE_TIME, COLUMN_ALIAS)
values ('2c9951815e748a86015e749d58a60041', '2c9951815e748a86015e74959d190014', 'RDRQ', '认定日期', sysdate, '认定日期');

insert into Dz_Theme_Column (ID, THEME_ID, COLUMN_NAME, COLUMN_COMMENTS, CREATE_TIME, COLUMN_ALIAS)
values ('2c9951815e748a86015e749d58a60040', '2c9951815e748a86015e74959d190014', 'RDDW', '认定单位', sysdate, '认定单位');

insert into Dz_Theme_Column (ID, THEME_ID, COLUMN_NAME, COLUMN_COMMENTS, CREATE_TIME, COLUMN_ALIAS)
values ('2c9951815e748a86015e749d58a5003e', '2c9951815e748a86015e74959d190014', 'RYSX', '荣誉事项', sysdate, '荣誉事项');

insert into Dz_Theme_Column (ID, THEME_ID, COLUMN_NAME, COLUMN_COMMENTS, CREATE_TIME, COLUMN_ALIAS)
values ('2c9951815e748a86015e749d58a5003f', '2c9951815e748a86015e74959d190014', 'RDWH', '认定文号', sysdate, '认定文号');

insert into Dz_Theme_Column (ID, THEME_ID, COLUMN_NAME, COLUMN_COMMENTS, CREATE_TIME, COLUMN_ALIAS)
values ('2c9951815e748a86015e749cc4d70035', '2c9951815e748a86015e7493f1770010', 'RDDW', '认定单位', sysdate, '认定单位');

insert into Dz_Theme_Column (ID, THEME_ID, COLUMN_NAME, COLUMN_COMMENTS, CREATE_TIME, COLUMN_ALIAS)
values ('2c9951815e748a86015e749cc4d70034', '2c9951815e748a86015e7493f1770010', 'RDWH', '认定文号', sysdate, '认定文号');

insert into Dz_Theme_Column (ID, THEME_ID, COLUMN_NAME, COLUMN_COMMENTS, CREATE_TIME, COLUMN_ALIAS)
values ('2c9951815e748a86015e749cc4d70036', '2c9951815e748a86015e7493f1770010', 'RDRQ', '认定日期', sysdate, '认定日期');

insert into Dz_Theme_Column (ID, THEME_ID, COLUMN_NAME, COLUMN_COMMENTS, CREATE_TIME, COLUMN_ALIAS)
values ('2c9951815e748a86015e749cc4d60032', '2c9951815e748a86015e7493f1770010', 'ZYSXSS', '主要失信事实', sysdate, '主要失信事实');

insert into Dz_Theme_Column (ID, THEME_ID, COLUMN_NAME, COLUMN_COMMENTS, CREATE_TIME, COLUMN_ALIAS)
values ('2c9951815e748a86015e749cc4d70033', '2c9951815e748a86015e7493f1770010', 'XZCLJDNR', '行政处理决定内容', sysdate, '行政处理决定内容');
insert into dz_theme_column (ID, THEME_ID, COLUMN_NAME, COLUMN_COMMENTS, CREATE_TIME, COLUMN_ALIAS, DISPLAY_ORDER, DATA_ORDER)
values ('2c9951815e748a86015e749c58ea002e', '2c9951815e748a86015e74930c23000e', 'AJMC', '处罚名称', sysdate, '处罚名称', 1, null);

insert into dz_theme_column (ID, THEME_ID, COLUMN_NAME, COLUMN_COMMENTS, CREATE_TIME, COLUMN_ALIAS, DISPLAY_ORDER, DATA_ORDER)
values ('2c9951815e748a86015e749c58ea002f', '2c9951815e748a86015e74930c23000e', 'CFDJ', '处罚等级，失信严重程度（未定，一般、较重、严重）', sysdate, '处罚等级', 2, null);

insert into dz_theme_column (ID, THEME_ID, COLUMN_NAME, COLUMN_COMMENTS, CREATE_TIME, COLUMN_ALIAS, DISPLAY_ORDER, DATA_ORDER)
values ('2c9951815e748a86015e749c58ea0030', '2c9951815e748a86015e74930c23000e', 'CFJDSWH', '行政处罚决定书文号', sysdate, '行政处罚决定书文号', 3, null);

insert into dz_theme_column (ID, THEME_ID, COLUMN_NAME, COLUMN_COMMENTS, CREATE_TIME, COLUMN_ALIAS, DISPLAY_ORDER, DATA_ORDER)
values ('2c9951815e748a86015e749c58ea002c', '2c9951815e748a86015e74930c23000e', 'CFSY', '处罚事由（违法事实、案由）', sysdate, '处罚事由', 4, null);

insert into dz_theme_column (ID, THEME_ID, COLUMN_NAME, COLUMN_COMMENTS, CREATE_TIME, COLUMN_ALIAS, DISPLAY_ORDER, DATA_ORDER)
values ('2c9951815e748a86015e749c58ea0029', '2c9951815e748a86015e74930c23000e', 'CFSXQ', '处罚生效期', sysdate, '处罚生效期', 5, null);

insert into dz_theme_column (ID, THEME_ID, COLUMN_NAME, COLUMN_COMMENTS, CREATE_TIME, COLUMN_ALIAS, DISPLAY_ORDER, DATA_ORDER)
values ('2c9951815e748a86015e749c58ea002d', '2c9951815e748a86015e74930c23000e', 'CFYJ', '处罚依据', sysdate, '处罚依据', 6, null);

insert into dz_theme_column (ID, THEME_ID, COLUMN_NAME, COLUMN_COMMENTS, CREATE_TIME, COLUMN_ALIAS, DISPLAY_ORDER, DATA_ORDER)
values ('2c9951815e748a86015e749c58ea002b', '2c9951815e748a86015e74930c23000e', 'CFZL', '处罚类别1', sysdate, '处罚类别', 7, null);

insert into dz_theme_column (ID, THEME_ID, COLUMN_NAME, COLUMN_COMMENTS, CREATE_TIME, COLUMN_ALIAS, DISPLAY_ORDER, DATA_ORDER)
values ('2c9951815e748a86015e749c58ea002a', '2c9951815e748a86015e74930c23000e', 'CFJG', '处罚结果', sysdate, '处罚结果', 8, null);

insert into dz_theme_column (ID, THEME_ID, COLUMN_NAME, COLUMN_COMMENTS, CREATE_TIME, COLUMN_ALIAS, DISPLAY_ORDER, DATA_ORDER)
values ('2c9951815e748a86015e749c58ea003a', '2c9951815e748a86015e74930c23000e', 'DQZT', '0=正常（公示中），1=撤销（取消公示），2=异议，3=其他', sysdate, '当前状态', 9, null);

insert into dz_theme_column (ID, THEME_ID, COLUMN_NAME, COLUMN_COMMENTS, CREATE_TIME, COLUMN_ALIAS, DISPLAY_ORDER, DATA_ORDER)
values ('2c9951815e748a86015e749c58ea004a', '2c9951815e748a86015e74930c23000e', 'GSJZQ', '公示截止期', sysdate, '公示截止期', 10, null);
commit;

--数据追溯资源库


insert into dz_theme (ID, PARENT_ID, TYPE, TYPE_NAME, DATA_SOURCE, DATA_TABLE, STATUS, CREATE_TIME, ZYYT)
values ('2c9951815e74f38b015e75030d1b00c5', '2c9951815e74f38b015e74fa044900ae', '2', '严重失信黑名单信息', 'jdbcTemplate', 'YW_L_HEIMINGDAN', '1', sysdate, '6');

insert into dz_theme (ID, PARENT_ID, TYPE, TYPE_NAME, DATA_SOURCE, DATA_TABLE, STATUS, CREATE_TIME, ZYYT)
values ('2c9951815e74f38b015e7503822f00c7', '2c9951815e74f38b015e74fa374900b1', '2', '股东信息', 'jdbcTemplate', 'YW_L_GD', '1', sysdate, '6');

insert into dz_theme (ID, PARENT_ID, TYPE, TYPE_NAME, DATA_SOURCE, DATA_TABLE, STATUS, CREATE_TIME, ZYYT)
values ('2c9951815e74f38b015e7503d29600c9', '2c9951815e74f38b015e74fa374900b1', '2', '董事监事高管信息', 'jdbcTemplate', 'YW_L_DSJSGG', '1', sysdate, '6');

insert into dz_theme (ID, PARENT_ID, TYPE, TYPE_NAME, DATA_SOURCE, DATA_TABLE, STATUS, CREATE_TIME, ZYYT)
values ('2c9951815e74f38b015e75047afd00cb', '2c9951815e74f38b015e74fa570400b3', '2', '行政许可', 'jdbcTemplate', 'YW_L_SGSXZXK', '1', sysdate, '6');

insert into dz_theme (ID, PARENT_ID, TYPE, TYPE_NAME, DATA_SOURCE, DATA_TABLE, STATUS, CREATE_TIME, ZYYT)
values ('2c9951815e74f38b015e7504dab100cd', '2c9951815e74f38b015e74fa7cc900b5', '2', '欠税信息', 'jdbcTemplate', 'YW_L_QS', '1', sysdate, '6');

insert into dz_theme (ID, PARENT_ID, TYPE, TYPE_NAME, DATA_SOURCE, DATA_TABLE, STATUS, CREATE_TIME, ZYYT)
values ('2c9951815e74f38b015e750517c200cf', '2c9951815e74f38b015e74fa7cc900b5', '2', '欠缴费信息', 'jdbcTemplate', 'YW_L_QJF', '1', sysdate, '6');

insert into dz_theme (ID, PARENT_ID, TYPE, TYPE_NAME, DATA_SOURCE, DATA_TABLE, STATUS, CREATE_TIME, ZYYT)
values ('2c9951815e74f38b015e75055a0e00d1', '2c9951815e74f38b015e74faa19600b7', '2', '表彰荣誉', 'jdbcTemplate', 'YW_L_QYBZRY', '1', sysdate, '6');

insert into dz_theme (ID, PARENT_ID, TYPE, TYPE_NAME, DATA_SOURCE, DATA_TABLE, STATUS, CREATE_TIME, ZYYT)
values ('2c9951815e74f38b015e75059aa600d3', '2c9951815e74f38b015e74facb5100b9', '2', '参保缴费信息', 'jdbcTemplate', 'YW_L_QYCBJF', '1', sysdate, '6');

insert into dz_theme (ID, PARENT_ID, TYPE, TYPE_NAME, DATA_SOURCE, DATA_TABLE, STATUS, CREATE_TIME, ZYYT)
values ('2c9951815e74f38b015e7505f09100d5', '2c9951815e74f38b015e74facb5100b9', '2', '参保欠缴信息', 'jdbcTemplate', 'YW_L_QYCBQJ', '1', sysdate, '6');

insert into dz_theme (ID, PARENT_ID, TYPE, TYPE_NAME, DATA_SOURCE, DATA_TABLE, STATUS, CREATE_TIME, ZYYT)
values ('ROOT_6', 'ROOT', '0', '数据追溯', null, null, '1', sysdate, '6');

insert into dz_theme (ID, PARENT_ID, TYPE, TYPE_NAME, DATA_SOURCE, DATA_TABLE, STATUS, CREATE_TIME, ZYYT)
values ('2c9951815e74f38b015e74fa044900ae', 'ROOT_6', '1', '失信信息', null, null, '1', sysdate, '6');

insert into dz_theme (ID, PARENT_ID, TYPE, TYPE_NAME, DATA_SOURCE, DATA_TABLE, STATUS, CREATE_TIME, ZYYT)
values ('2c9951815e74f38b015e74fa374900b1', 'ROOT_6', '1', '企业概况', null, null, '1', sysdate, '6');

insert into dz_theme (ID, PARENT_ID, TYPE, TYPE_NAME, DATA_SOURCE, DATA_TABLE, STATUS, CREATE_TIME, ZYYT)
values ('2c9951815e74f38b015e74fa570400b3', 'ROOT_6', '1', '许可资质', null, null, '1', sysdate, '6');

insert into dz_theme (ID, PARENT_ID, TYPE, TYPE_NAME, DATA_SOURCE, DATA_TABLE, STATUS, CREATE_TIME, ZYYT)
values ('2c9951815e74f38b015e74fa7cc900b5', 'ROOT_6', '1', '履行约定', null, null, '1', sysdate, '6');

insert into dz_theme (ID, PARENT_ID, TYPE, TYPE_NAME, DATA_SOURCE, DATA_TABLE, STATUS, CREATE_TIME, ZYYT)
values ('2c9951815e74f38b015e74faa19600b7', 'ROOT_6', '1', '表彰荣誉', null, null, '1', sysdate, '6');

insert into dz_theme (ID, PARENT_ID, TYPE, TYPE_NAME, DATA_SOURCE, DATA_TABLE, STATUS, CREATE_TIME, ZYYT)
values ('2c9951815e74f38b015e74facb5100b9', 'ROOT_6', '1', '参保信息', null, null, '1', sysdate, '6');

insert into dz_theme (ID, PARENT_ID, TYPE, TYPE_NAME, DATA_SOURCE, DATA_TABLE, STATUS, CREATE_TIME, ZYYT)
values ('2c9951815e74f38b015e75021b4400c1', '2c9951815e74f38b015e74fa044900ae', '2', '行政处罚信息', 'jdbcTemplate', 'YW_L_SGSXZCF', '1', sysdate, '6');

insert into dz_theme_column (ID, THEME_ID, COLUMN_NAME, COLUMN_COMMENTS, CREATE_TIME, COLUMN_ALIAS, DISPLAY_ORDER, DATA_ORDER)
values ('2c9951815e751bd1015e75265ea40062', '2c9951815e74f38b015e75021b4400c1', 'AJMC', '处罚名称', sysdate, '处罚名称', 1, null);

insert into dz_theme_column (ID, THEME_ID, COLUMN_NAME, COLUMN_COMMENTS, CREATE_TIME, COLUMN_ALIAS, DISPLAY_ORDER, DATA_ORDER)
values ('2c9951815e751bd1015e75265ea40063', '2c9951815e74f38b015e75021b4400c1', 'CFDJ', '处罚等级，失信严重程度（未定，一般、较重、严重）', sysdate, '处罚等级', 2, null);

insert into dz_theme_column (ID, THEME_ID, COLUMN_NAME, COLUMN_COMMENTS, CREATE_TIME, COLUMN_ALIAS, DISPLAY_ORDER, DATA_ORDER)
values ('2c9951815e751bd1015e75265ea40064', '2c9951815e74f38b015e75021b4400c1', 'CFJDSWH', '行政处罚决定书文号', sysdate, '行政处罚决定书文号', 3, null);

insert into dz_theme_column (ID, THEME_ID, COLUMN_NAME, COLUMN_COMMENTS, CREATE_TIME, COLUMN_ALIAS, DISPLAY_ORDER, DATA_ORDER)
values ('2c9951815e751bd1015e75265ea40065', '2c9951815e74f38b015e75021b4400c1', 'CFSY', '处罚事由（违法事实、案由）', sysdate, '处罚事由', 4, null);

insert into dz_theme_column (ID, THEME_ID, COLUMN_NAME, COLUMN_COMMENTS, CREATE_TIME, COLUMN_ALIAS, DISPLAY_ORDER, DATA_ORDER)
values ('2c9951815e751bd1015e75265ea40066', '2c9951815e74f38b015e75021b4400c1', 'CFSXQ', '处罚生效期', sysdate, '处罚生效期', 5, null);

insert into dz_theme_column (ID, THEME_ID, COLUMN_NAME, COLUMN_COMMENTS, CREATE_TIME, COLUMN_ALIAS, DISPLAY_ORDER, DATA_ORDER)
values ('2c9951815e751bd1015e75265ea40067', '2c9951815e74f38b015e75021b4400c1', 'CFYJ', '处罚依据', sysdate, '处罚依据', 6, null);

insert into dz_theme_column (ID, THEME_ID, COLUMN_NAME, COLUMN_COMMENTS, CREATE_TIME, COLUMN_ALIAS, DISPLAY_ORDER, DATA_ORDER)
values ('2c9951815e751bd1015e75265ea40068', '2c9951815e74f38b015e75021b4400c1', 'CFZL', '处罚类别1', sysdate, '处罚类别', 7, null);

insert into dz_theme_column (ID, THEME_ID, COLUMN_NAME, COLUMN_COMMENTS, CREATE_TIME, COLUMN_ALIAS, DISPLAY_ORDER, DATA_ORDER)
values ('2c9951815e751bd1015e75265ea40069', '2c9951815e74f38b015e75021b4400c1', 'CFJG', '处罚结果', sysdate, '处罚结果', 8, null);

insert into dz_theme_column (ID, THEME_ID, COLUMN_NAME, COLUMN_COMMENTS, CREATE_TIME, COLUMN_ALIAS, DISPLAY_ORDER, DATA_ORDER)
values ('2c9951815e751bd1015e75265ea4006a', '2c9951815e74f38b015e75021b4400c1', 'DQZT', '0=正常（公示中），1=撤销（取消公示），2=异议，3=其他', sysdate, '当前状态', 9, null);

insert into dz_theme_column (ID, THEME_ID, COLUMN_NAME, COLUMN_COMMENTS, CREATE_TIME, COLUMN_ALIAS, DISPLAY_ORDER, DATA_ORDER)
values ('2c9951815e751bd1015e75265ea4006b', '2c9951815e74f38b015e75021b4400c1', 'GSJZQ', '公示截止期', sysdate, '公示截止期', 10, null);

insert into dz_theme_column (ID, THEME_ID, COLUMN_NAME, COLUMN_COMMENTS, CREATE_TIME, COLUMN_ALIAS)
values ('2c9951815e74f38b015e7508a6ab00ec', '2c9951815e74f38b015e75030d1b00c5', 'RDDW', '认定单位', sysdate, '认定单位');

insert into dz_theme_column (ID, THEME_ID, COLUMN_NAME, COLUMN_COMMENTS, CREATE_TIME, COLUMN_ALIAS)
values ('2c9951815e74f38b015e7508a6ab00ed', '2c9951815e74f38b015e75030d1b00c5', 'RDWH', '认定文号', sysdate, '认定文号');

insert into dz_theme_column (ID, THEME_ID, COLUMN_NAME, COLUMN_COMMENTS, CREATE_TIME, COLUMN_ALIAS)
values ('2c9951815e74f38b015e7508a6ab00ee', '2c9951815e74f38b015e75030d1b00c5', 'ZCDZ', '注册地址', sysdate, '注册地址');

insert into dz_theme_column (ID, THEME_ID, COLUMN_NAME, COLUMN_COMMENTS, CREATE_TIME, COLUMN_ALIAS)
values ('2c9951815e74f38b015e7508a6ab00ef', '2c9951815e74f38b015e75030d1b00c5', 'FDDBR', '法定代表人', sysdate, '法定代表人');

insert into dz_theme_column (ID, THEME_ID, COLUMN_NAME, COLUMN_COMMENTS, CREATE_TIME, COLUMN_ALIAS)
values ('2c9951815e74f38b015e7508a6ab00f0', '2c9951815e74f38b015e75030d1b00c5', 'FZRXM', '负责人姓名', sysdate, '负责人姓名');

insert into dz_theme_column (ID, THEME_ID, COLUMN_NAME, COLUMN_COMMENTS, CREATE_TIME, COLUMN_ALIAS)
values ('2c9951815e74f38b015e7508a6ab00f1', '2c9951815e74f38b015e75030d1b00c5', 'ZYSXSS', '主要失信事实 ', sysdate, '主要失信事实 ');

insert into dz_theme_column (ID, THEME_ID, COLUMN_NAME, COLUMN_COMMENTS, CREATE_TIME, COLUMN_ALIAS)
values ('2c9951815e74f38b015e7508a6ab00f2', '2c9951815e74f38b015e75030d1b00c5', 'SCFZYNR', '行政处理处罚或法院判决决定的主要内容', sysdate, '主要内容');

insert into dz_theme_column (ID, THEME_ID, COLUMN_NAME, COLUMN_COMMENTS, CREATE_TIME, COLUMN_ALIAS)
values ('2c9951815e74f38b015e7508a6ab00f3', '2c9951815e74f38b015e75030d1b00c5', 'QRYZSXRQ', '确认严重失信日期', sysdate, '确认严重失信日期');

insert into dz_theme_column (ID, THEME_ID, COLUMN_NAME, COLUMN_COMMENTS, CREATE_TIME, COLUMN_ALIAS)
values ('2c9951815e74f38b015e7508a6ab00f4', '2c9951815e74f38b015e75030d1b00c5', 'GSJZQ', '公示截止期', sysdate, '公示截止期');

insert into dz_theme_column (ID, THEME_ID, COLUMN_NAME, COLUMN_COMMENTS, CREATE_TIME, COLUMN_ALIAS)
values ('2c9951815e74f38b015e7508a6ab00f5', '2c9951815e74f38b015e75030d1b00c5', 'JHDWQC', '交换单位全称', sysdate, '交换单位全称');

insert into dz_theme_column (ID, THEME_ID, COLUMN_NAME, COLUMN_COMMENTS, CREATE_TIME, COLUMN_ALIAS)
values ('2c9951815e74f38b015e7508efae00f7', '2c9951815e74f38b015e7503822f00c7', 'GDLX', '股东类型', sysdate, '股东类型');

insert into dz_theme_column (ID, THEME_ID, COLUMN_NAME, COLUMN_COMMENTS, CREATE_TIME, COLUMN_ALIAS)
values ('2c9951815e74f38b015e7508efae00f8', '2c9951815e74f38b015e7503822f00c7', 'GDMC', '股东名称', sysdate, '股东名称');

insert into dz_theme_column (ID, THEME_ID, COLUMN_NAME, COLUMN_COMMENTS, CREATE_TIME, COLUMN_ALIAS)
values ('2c9951815e74f38b015e7508efae00f9', '2c9951815e74f38b015e7503822f00c7', 'RJCZ', '认缴出资（万元）', sysdate, '认缴出资（万元）');

insert into dz_theme_column (ID, THEME_ID, COLUMN_NAME, COLUMN_COMMENTS, CREATE_TIME, COLUMN_ALIAS)
values ('2c9951815e74f38b015e7508efae00fa', '2c9951815e74f38b015e7503822f00c7', 'SJCZ', '实缴出资（万元）', sysdate, '实缴出资（万元）');

insert into dz_theme_column (ID, THEME_ID, COLUMN_NAME, COLUMN_COMMENTS, CREATE_TIME, COLUMN_ALIAS)
values ('2c9951815e74f38b015e7508efae00fb', '2c9951815e74f38b015e7503822f00c7', 'DJJGMC', '登记机关名称', sysdate, '登记机关名称');

insert into dz_theme_column (ID, THEME_ID, COLUMN_NAME, COLUMN_COMMENTS, CREATE_TIME, COLUMN_ALIAS)
values ('2c9951815e74f38b015e7508efae00fc', '2c9951815e74f38b015e7503822f00c7', 'DJRQ', '登记日期', sysdate, '登记日期');

insert into dz_theme_column (ID, THEME_ID, COLUMN_NAME, COLUMN_COMMENTS, CREATE_TIME, COLUMN_ALIAS)
values ('2c9951815e74f38b015e7508efae00fd', '2c9951815e74f38b015e7503822f00c7', 'GSGQCZZM', '公司股权出质证明', sysdate, '公司股权出质证明');

insert into dz_theme_column (ID, THEME_ID, COLUMN_NAME, COLUMN_COMMENTS, CREATE_TIME, COLUMN_ALIAS)
values ('2c9951815e74f38b015e7508efae00fe', '2c9951815e74f38b015e7503822f00c7', 'BGRQ', '变更日期', sysdate, '变更日期');

insert into dz_theme_column (ID, THEME_ID, COLUMN_NAME, COLUMN_COMMENTS, CREATE_TIME, COLUMN_ALIAS)
values ('2c9951815e74f38b015e7509406d0100', '2c9951815e74f38b015e7503d29600c9', 'XM', '姓名', sysdate, '姓名');

insert into dz_theme_column (ID, THEME_ID, COLUMN_NAME, COLUMN_COMMENTS, CREATE_TIME, COLUMN_ALIAS)
values ('2c9951815e74f38b015e7509406d0101', '2c9951815e74f38b015e7503d29600c9', 'ZJLX', '证件类型', sysdate, '证件类型');

insert into dz_theme_column (ID, THEME_ID, COLUMN_NAME, COLUMN_COMMENTS, CREATE_TIME, COLUMN_ALIAS)
values ('2c9951815e74f38b015e7509406d0102', '2c9951815e74f38b015e7503d29600c9', 'ZJHM', '证件号码', sysdate, '证件号码');

insert into dz_theme_column (ID, THEME_ID, COLUMN_NAME, COLUMN_COMMENTS, CREATE_TIME, COLUMN_ALIAS)
values ('2c9951815e74f38b015e7509406d0103', '2c9951815e74f38b015e7503d29600c9', 'ZWLX', '职务类型（级别）', sysdate, '职务类型（级别）');

insert into dz_theme_column (ID, THEME_ID, COLUMN_NAME, COLUMN_COMMENTS, CREATE_TIME, COLUMN_ALIAS)
values ('2c9951815e74f38b015e7509406d0104', '2c9951815e74f38b015e7503d29600c9', 'GJ', '国籍', sysdate, '国籍');

insert into dz_theme_column (ID, THEME_ID, COLUMN_NAME, COLUMN_COMMENTS, CREATE_TIME, COLUMN_ALIAS)
values ('2c9951815e74f38b015e7509406d0105', '2c9951815e74f38b015e7503d29600c9', 'BGHZRQ', '（变更）核准日期', sysdate, '核准日期');

insert into dz_theme_column (ID, THEME_ID, COLUMN_NAME, COLUMN_COMMENTS, CREATE_TIME, COLUMN_ALIAS, DISPLAY_ORDER, DATA_ORDER)
values ('4028946b670741ed01670ba67154005a', '2c9951815e74f38b015e75047afd00cb', 'XKJDSWH', '许可决定书文号', sysdate, '许可决定书文号', 1, null);

insert into dz_theme_column (ID, THEME_ID, COLUMN_NAME, COLUMN_COMMENTS, CREATE_TIME, COLUMN_ALIAS, DISPLAY_ORDER, DATA_ORDER)
values ('4028946b670741ed01670ba67154005b', '2c9951815e74f38b015e75047afd00cb', 'SPLB', '审批类别（普通许可，特许认可，核准登记，其他）', sysdate, '审批类别', 2, null);

insert into dz_theme_column (ID, THEME_ID, COLUMN_NAME, COLUMN_COMMENTS, CREATE_TIME, COLUMN_ALIAS, DISPLAY_ORDER, DATA_ORDER)
values ('4028946b670741ed01670ba67154005c', '2c9951815e74f38b015e75047afd00cb', 'XKNR', '许可内容', sysdate, '许可内容', 3, null);

insert into dz_theme_column (ID, THEME_ID, COLUMN_NAME, COLUMN_COMMENTS, CREATE_TIME, COLUMN_ALIAS, DISPLAY_ORDER, DATA_ORDER)
values ('4028946b670741ed01670ba67154005d', '2c9951815e74f38b015e75047afd00cb', 'XMMC', '项目名称', sysdate, '项目名称', 4, null);

insert into dz_theme_column (ID, THEME_ID, COLUMN_NAME, COLUMN_COMMENTS, CREATE_TIME, COLUMN_ALIAS, DISPLAY_ORDER, DATA_ORDER)
values ('4028946b670741ed01670ba67154005e', '2c9951815e74f38b015e75047afd00cb', 'XKSXQ', '许可决定日期', sysdate, '许可决定日期', 6, null);

insert into dz_theme_column (ID, THEME_ID, COLUMN_NAME, COLUMN_COMMENTS, CREATE_TIME, COLUMN_ALIAS, DISPLAY_ORDER, DATA_ORDER)
values ('4028946b670741ed01670ba67154005f', '2c9951815e74f38b015e75047afd00cb', 'XKJZQ', '许可截止期', sysdate, '许可截止期', 7, null);

insert into dz_theme_column (ID, THEME_ID, COLUMN_NAME, COLUMN_COMMENTS, CREATE_TIME, COLUMN_ALIAS)
values ('2c9951815e74f38b015e750a61d40116', '2c9951815e74f38b015e7504dab100cd', 'QSSZDM', '欠税税种代码', sysdate, '欠税税种代码');

insert into dz_theme_column (ID, THEME_ID, COLUMN_NAME, COLUMN_COMMENTS, CREATE_TIME, COLUMN_ALIAS)
values ('2c9951815e74f38b015e750a61d40117', '2c9951815e74f38b015e7504dab100cd', 'QSSZMC', '欠税税种名称', sysdate, '欠税税种名称');

insert into dz_theme_column (ID, THEME_ID, COLUMN_NAME, COLUMN_COMMENTS, CREATE_TIME, COLUMN_ALIAS)
values ('2c9951815e74f38b015e750a61d40118', '2c9951815e74f38b015e7504dab100cd', 'ZJJGQC', '征缴机关全称', sysdate, '征缴机关全称');

insert into dz_theme_column (ID, THEME_ID, COLUMN_NAME, COLUMN_COMMENTS, CREATE_TIME, COLUMN_ALIAS)
values ('2c9951815e74f38b015e750a61d40119', '2c9951815e74f38b015e7504dab100cd', 'DQQSJE', '当期欠税金额（元）', sysdate, '当期欠税金额（元）');

insert into dz_theme_column (ID, THEME_ID, COLUMN_NAME, COLUMN_COMMENTS, CREATE_TIME, COLUMN_ALIAS)
values ('2c9951815e74f38b015e750a61d4011a', '2c9951815e74f38b015e7504dab100cd', 'LJQSJE', '累计欠税金额合计', sysdate, '累计欠税金额合计');

insert into dz_theme_column (ID, THEME_ID, COLUMN_NAME, COLUMN_COMMENTS, CREATE_TIME, COLUMN_ALIAS)
values ('2c9951815e74f38b015e750a61d4011b', '2c9951815e74f38b015e7504dab100cd', 'QSKSRQ', '欠税开始日期（统计日期）', sysdate, '欠税开始日期');

insert into dz_theme_column (ID, THEME_ID, COLUMN_NAME, COLUMN_COMMENTS, CREATE_TIME, COLUMN_ALIAS)
values ('2c9951815e74f38b015e750a61d4011c', '2c9951815e74f38b015e7504dab100cd', 'QSJZRQ', '欠税截止日期（补缴日期）', sysdate, '欠税截止日期');

insert into dz_theme_column (ID, THEME_ID, COLUMN_NAME, COLUMN_COMMENTS, CREATE_TIME, COLUMN_ALIAS)
values ('2c9951815e74f38b015e750a61d4011d', '2c9951815e74f38b015e7504dab100cd', 'NSRSBH', '纳税人识别号', sysdate, '纳税人识别号');

insert into dz_theme_column (ID, THEME_ID, COLUMN_NAME, COLUMN_COMMENTS, CREATE_TIME, COLUMN_ALIAS)
values ('2c9951815e74f38b015e750a61d4011e', '2c9951815e74f38b015e7504dab100cd', 'FDDBRMC', '法定代表人名称', sysdate, '法定代表人名称');

insert into dz_theme_column (ID, THEME_ID, COLUMN_NAME, COLUMN_COMMENTS, CREATE_TIME, COLUMN_ALIAS)
values ('2c9951815e74f38b015e750a61d4011f', '2c9951815e74f38b015e7504dab100cd', 'FDDBRZJLX', '法定代表人证件类型', sysdate, '法定代表人证件类型');

insert into dz_theme_column (ID, THEME_ID, COLUMN_NAME, COLUMN_COMMENTS, CREATE_TIME, COLUMN_ALIAS)
values ('2c9951815e74f38b015e750a61d50120', '2c9951815e74f38b015e7504dab100cd', 'FDDBRZJHM', '法定代表人证件号码', sysdate, '法定代表人证件号码');

insert into dz_theme_column (ID, THEME_ID, COLUMN_NAME, COLUMN_COMMENTS, CREATE_TIME, COLUMN_ALIAS)
values ('2c9951815e74f38b015e750a61d50121', '2c9951815e74f38b015e7504dab100cd', 'DJZCLX', '登记注册类型', sysdate, '登记注册类型');

insert into dz_theme_column (ID, THEME_ID, COLUMN_NAME, COLUMN_COMMENTS, CREATE_TIME, COLUMN_ALIAS)
values ('2c9951815e74f38b015e750a61d50122', '2c9951815e74f38b015e7504dab100cd', 'JHDWQC', '交换单位全称', sysdate, '交换单位全称');

insert into dz_theme_column (ID, THEME_ID, COLUMN_NAME, COLUMN_COMMENTS, CREATE_TIME, COLUMN_ALIAS)
values ('2c9951815e74f38b015e750ac0b60124', '2c9951815e74f38b015e750517c200cf', 'QJLXMC', '欠缴类型名称', sysdate, '欠缴类型名称');

insert into dz_theme_column (ID, THEME_ID, COLUMN_NAME, COLUMN_COMMENTS, CREATE_TIME, COLUMN_ALIAS)
values ('2c9951815e74f38b015e750ac0b60125', '2c9951815e74f38b015e750517c200cf', 'QFSD', '欠费时段', sysdate, '欠费时段');

insert into dz_theme_column (ID, THEME_ID, COLUMN_NAME, COLUMN_COMMENTS, CREATE_TIME, COLUMN_ALIAS)
values ('2c9951815e74f38b015e750ac0b60126', '2c9951815e74f38b015e750517c200cf', 'QFJE', '欠费金额（元）', sysdate, '欠费金额（元）');

insert into dz_theme_column (ID, THEME_ID, COLUMN_NAME, COLUMN_COMMENTS, CREATE_TIME, COLUMN_ALIAS)
values ('2c9951815e74f38b015e750ac0b60127', '2c9951815e74f38b015e750517c200cf', 'QFJSRQ', '欠费开始日期', sysdate, '欠费开始日期');

insert into dz_theme_column (ID, THEME_ID, COLUMN_NAME, COLUMN_COMMENTS, CREATE_TIME, COLUMN_ALIAS)
values ('2c9951815e74f38b015e750ac0b60128', '2c9951815e74f38b015e750517c200cf', 'QFJZRQ', '欠费截止日期', sysdate, '欠费截止日期');

insert into dz_theme_column (ID, THEME_ID, COLUMN_NAME, COLUMN_COMMENTS, CREATE_TIME, COLUMN_ALIAS)
values ('2c9951815e74f38b015e750ac0b70129', '2c9951815e74f38b015e750517c200cf', 'QFL', '欠费量', sysdate, '欠费量');

insert into dz_theme_column (ID, THEME_ID, COLUMN_NAME, COLUMN_COMMENTS, CREATE_TIME, COLUMN_ALIAS)
values ('2c9951815e74f38b015e750ac0b7012a', '2c9951815e74f38b015e750517c200cf', 'RDBMQC', '认定部门全称', sysdate, '认定部门全称');

insert into dz_theme_column (ID, THEME_ID, COLUMN_NAME, COLUMN_COMMENTS, CREATE_TIME, COLUMN_ALIAS)
values ('2c9951815e74f38b015e750ac0b7012b', '2c9951815e74f38b015e750517c200cf', 'RDRQ', '认定日期', sysdate, '认定日期');

insert into dz_theme_column (ID, THEME_ID, COLUMN_NAME, COLUMN_COMMENTS, CREATE_TIME, COLUMN_ALIAS)
values ('2c9951815e74f38b015e750ac0b7012c', '2c9951815e74f38b015e750517c200cf', 'JHDWQC', '交换单位全称', sysdate, '交换单位全称');

insert into dz_theme_column (ID, THEME_ID, COLUMN_NAME, COLUMN_COMMENTS, CREATE_TIME, COLUMN_ALIAS)
values ('2c9951815e74f38b015e750af0ad012e', '2c9951815e74f38b015e75055a0e00d1', 'BZWJH', '表彰文件号', sysdate, '表彰文件号');

insert into dz_theme_column (ID, THEME_ID, COLUMN_NAME, COLUMN_COMMENTS, CREATE_TIME, COLUMN_ALIAS)
values ('2c9951815e74f38b015e750af0ad012f', '2c9951815e74f38b015e75055a0e00d1', 'BZMC', '表彰名称', sysdate, '表彰名称');

insert into dz_theme_column (ID, THEME_ID, COLUMN_NAME, COLUMN_COMMENTS, CREATE_TIME, COLUMN_ALIAS)
values ('2c9951815e74f38b015e750af0ad0130', '2c9951815e74f38b015e75055a0e00d1', 'RYDJ', '荣誉等级', sysdate, '荣誉等级');

insert into dz_theme_column (ID, THEME_ID, COLUMN_NAME, COLUMN_COMMENTS, CREATE_TIME, COLUMN_ALIAS)
values ('2c9951815e74f38b015e750af0ad0131', '2c9951815e74f38b015e75055a0e00d1', 'RYNR', '荣誉内容', sysdate, '荣誉内容');

insert into dz_theme_column (ID, THEME_ID, COLUMN_NAME, COLUMN_COMMENTS, CREATE_TIME, COLUMN_ALIAS)
values ('2c9951815e74f38b015e750af0ad0132', '2c9951815e74f38b015e75055a0e00d1', 'RDJGQC', '认定机关全称', sysdate, '认定机关全称');

insert into dz_theme_column (ID, THEME_ID, COLUMN_NAME, COLUMN_COMMENTS, CREATE_TIME, COLUMN_ALIAS)
values ('2c9951815e74f38b015e750af0ae0133', '2c9951815e74f38b015e75055a0e00d1', 'RDRQ', '认定日期', sysdate, '认定日期');

insert into dz_theme_column (ID, THEME_ID, COLUMN_NAME, COLUMN_COMMENTS, CREATE_TIME, COLUMN_ALIAS)
values ('2c9951815e74f38b015e750af0ae0134', '2c9951815e74f38b015e75055a0e00d1', 'JHDWQC', '交换单位全称', sysdate, '交换单位全称');

insert into dz_theme_column (ID, THEME_ID, COLUMN_NAME, COLUMN_COMMENTS, CREATE_TIME, COLUMN_ALIAS)
values ('2c9951815e74f38b015e750b437f0136', '2c9951815e74f38b015e75059aa600d3', 'SWJFJS', '单位缴费基数', sysdate, '单位缴费基数');

insert into dz_theme_column (ID, THEME_ID, COLUMN_NAME, COLUMN_COMMENTS, CREATE_TIME, COLUMN_ALIAS)
values ('2c9951815e74f38b015e750b437f0137', '2c9951815e74f38b015e75059aa600d3', 'GRJFJS', '个人缴费基数', sysdate, '个人缴费基数');

insert into dz_theme_column (ID, THEME_ID, COLUMN_NAME, COLUMN_COMMENTS, CREATE_TIME, COLUMN_ALIAS)
values ('2c9951815e74f38b015e750b437f0138', '2c9951815e74f38b015e75059aa600d3', 'BYYJJE', '本月应缴金额合计（元）', sysdate, '本月应缴金额合计（元）');

insert into dz_theme_column (ID, THEME_ID, COLUMN_NAME, COLUMN_COMMENTS, CREATE_TIME, COLUMN_ALIAS)
values ('2c9951815e74f38b015e750b437f0139', '2c9951815e74f38b015e75059aa600d3', 'BYSJJE', '本月实缴金额合计（元）', sysdate, '本月实缴金额合计（元）');

insert into dz_theme_column (ID, THEME_ID, COLUMN_NAME, COLUMN_COMMENTS, CREATE_TIME, COLUMN_ALIAS)
values ('2c9951815e74f38b015e750b437f013a', '2c9951815e74f38b015e75059aa600d3', 'TCQDM', '统筹区代码', sysdate, '统筹区代码');

insert into dz_theme_column (ID, THEME_ID, COLUMN_NAME, COLUMN_COMMENTS, CREATE_TIME, COLUMN_ALIAS)
values ('2c9951815e74f38b015e750b437f013b', '2c9951815e74f38b015e75059aa600d3', 'TCQMC', '统筹区名称', sysdate, '统筹区名称');

insert into dz_theme_column (ID, THEME_ID, COLUMN_NAME, COLUMN_COMMENTS, CREATE_TIME, COLUMN_ALIAS)
values ('2c9951815e74f38b015e750b437f013c', '2c9951815e74f38b015e75059aa600d3', 'CBRS', '参保人数', sysdate, '参保人数');

insert into dz_theme_column (ID, THEME_ID, COLUMN_NAME, COLUMN_COMMENTS, CREATE_TIME, COLUMN_ALIAS)
values ('2c9951815e74f38b015e750b437f013d', '2c9951815e74f38b015e75059aa600d3', 'LB', '类别（包含医疗，失业，生育，工伤，养老保险五种险种，含0缴费）', sysdate, '类别');

insert into dz_theme_column (ID, THEME_ID, COLUMN_NAME, COLUMN_COMMENTS, CREATE_TIME, COLUMN_ALIAS)
values ('2c9951815e74f38b015e750be48d013f', '2c9951815e74f38b015e7505f09100d5', 'BYQJJE', '本月欠缴金额（元）', sysdate, '本月欠缴金额（元）');

insert into dz_theme_column (ID, THEME_ID, COLUMN_NAME, COLUMN_COMMENTS, CREATE_TIME, COLUMN_ALIAS)
values ('2c9951815e74f38b015e750be48d0140', '2c9951815e74f38b015e7505f09100d5', 'QJNY', '欠缴年月', sysdate, '欠缴年月');

insert into dz_theme_column (ID, THEME_ID, COLUMN_NAME, COLUMN_COMMENTS, CREATE_TIME, COLUMN_ALIAS)
values ('2c9951815e74f38b015e750be48e0141', '2c9951815e74f38b015e7505f09100d5', 'LJQJJE', '累计欠缴金额合计（元）', sysdate, '累计欠缴金额合计（元）');

insert into dz_theme_column (ID, THEME_ID, COLUMN_NAME, COLUMN_COMMENTS, CREATE_TIME, COLUMN_ALIAS)
values ('2c9951815e74f38b015e750be48e0142', '2c9951815e74f38b015e7505f09100d5', 'LJQJYS', '累计欠缴月数', sysdate, '累计欠缴月数');

insert into dz_theme_column (ID, THEME_ID, COLUMN_NAME, COLUMN_COMMENTS, CREATE_TIME, COLUMN_ALIAS)
values ('2c9951815e74f38b015e750be48e0143', '2c9951815e74f38b015e7505f09100d5', 'JBJGQC', '经办机关全称', sysdate, '经办机关全称');

insert into dz_theme_column (ID, THEME_ID, COLUMN_NAME, COLUMN_COMMENTS, CREATE_TIME, COLUMN_ALIAS)
values ('2c9951815e74f38b015e750be48e0144', '2c9951815e74f38b015e7505f09100d5', 'RDRQ', '认定日期', sysdate, '认定日期');

insert into dz_theme_column (ID, THEME_ID, COLUMN_NAME, COLUMN_COMMENTS, CREATE_TIME, COLUMN_ALIAS)
values ('2c9951815e74f38b015e750be48e0145', '2c9951815e74f38b015e7505f09100d5', 'SFBJ', '是否补缴', sysdate, '是否补缴');

insert into dz_theme_column (ID, THEME_ID, COLUMN_NAME, COLUMN_COMMENTS, CREATE_TIME, COLUMN_ALIAS)
values ('2c9951815e74f38b015e750be48e0146', '2c9951815e74f38b015e7505f09100d5', 'SXYZCD', '失信严重程度', sysdate, '失信严重程度');

insert into dz_theme_column (ID, THEME_ID, COLUMN_NAME, COLUMN_COMMENTS, CREATE_TIME, COLUMN_ALIAS)
values ('2c9951815e74f38b015e750be48e0147', '2c9951815e74f38b015e7505f09100d5', 'SXXWYXQ', '失信行为有效期', sysdate, '失信行为有效期');

insert into dz_theme_column (ID, THEME_ID, COLUMN_NAME, COLUMN_COMMENTS, CREATE_TIME, COLUMN_ALIAS)
values ('2c9951815e74f38b015e750be48e0148', '2c9951815e74f38b015e7505f09100d5', 'TCQDM', '统筹区代码', sysdate, '统筹区代码');

insert into dz_theme_column (ID, THEME_ID, COLUMN_NAME, COLUMN_COMMENTS, CREATE_TIME, COLUMN_ALIAS)
values ('2c9951815e74f38b015e750be48e0149', '2c9951815e74f38b015e7505f09100d5', 'TCQMC', '统筹区名称', sysdate, '统筹区名称');

insert into dz_theme_column (ID, THEME_ID, COLUMN_NAME, COLUMN_COMMENTS, CREATE_TIME, COLUMN_ALIAS)
values ('2c9951815e74f38b015e750be48e014a', '2c9951815e74f38b015e7505f09100d5', 'LB', '类别（包含医疗，失业，生育，工伤，养老保险五种险种，含0缴费）', sysdate, '类别');

commit;

-- 信用承诺管理
update sys_menu set menu_url = '' where sys_menu_id = '402894ee5a0cd798015a0cdf470a0009';

insert into SYS_MENU (sys_menu_id, parent_id, menu_name, menu_url, menu_icon, display_order) values ('15', '402894ee5a0cd798015a0cdf470a0009', '信用承诺管理', 'promise/toPromiseList.action', 'fa fa-circle-o', 56);
insert into SYS_MENU (sys_menu_id, parent_id, menu_name, menu_url, menu_icon, display_order) values ('16', '402894ee5a0cd798015a0cdf470a0009', '信用承诺查询', 'promise/toPromiseQyViewList.action', 'fa fa-circle-o', 57);

insert into SYS_PRIVILEGE (sys_privilege_id, SYS_MENU_ID, privilege_code, privilege_name, description, users_count, roles_count, all_users_count, display_order)
values ('2c9951815e8347e1015e835df47e0021', '16', 'center.promise.list.query', '中心端信用承诺查询', null, null, null, null, null);

update sys_privilege set sys_menu_id = '15' where sys_privilege_id='402894ee5a0cd798015a0ce1078c0016';

insert into sys_role_to_privilege (sys_role_id, sys_privilege_id) values ('2c90c28158761b550158762482b50015', '2c9951815e8347e1015e835df47e0021');
insert into sys_role_to_privilege (sys_role_id, sys_privilege_id) values ('8aa0bef544713ca60144713d364a0000', '2c9951815e8347e1015e835df47e0021');
commit;

CREATE OR REPLACE PROCEDURE P_CN_ADD_CREDIT_CNLB IS
-- 游标-承诺类别的字典项key集合
CURSOR KEYS IS
    SELECT K.* FROM SYS_DICTIONARY_GROUP T, SYS_DICTIONARY K WHERE T.ID = K.GROUP_ID AND T.GROUP_KEY = 'cnlb';
-- 游标-所有部门ID集合
CURSOR IDS2 IS
    SELECT * FROM SYS_DEPARTMENT WHERE STATUS <> 1;

bEXIST NUMBER;

BEGIN
  bEXIST := 0;
    FOR SYS_DEPARTMENT IN IDS2 LOOP
      FOR SYS_DICTIONARY IN KEYS LOOP
       SELECT COUNT(*) INTO bEXIST FROM CN_CREDIT_COMMITMENT T WHERE T.CNLB = SYS_DICTIONARY.DICT_KEY AND T.DEPT_ID = SYS_DEPARTMENT.SYS_DEPARTMENT_ID ;

       IF (bEXIST = 0)
       THEN
          INSERT INTO CN_CREDIT_COMMITMENT VALUES (sys_guid(), SYS_DICTIONARY.DICT_KEY, SYS_DEPARTMENT.SYS_DEPARTMENT_ID,  sysdate, null);
        END IF;
      END LOOP;
    END LOOP;

    COMMIT;
END;
/

-- 联合奖惩统计分析
-- 菜单
insert into sys_menu (SYS_MENU_ID, PARENT_ID, MENU_NAME, MENU_URL, MENU_ICON, DISPLAY_ORDER)
values ('57', '402894ee58f717110158f71a756e0009', '统计分析', null, '	fa fa-circle-o', 5431);
insert into sys_menu (SYS_MENU_ID, PARENT_ID, MENU_NAME, MENU_URL, MENU_ICON, DISPLAY_ORDER)
values ('2c9951815f716214015f71803bde00da', '57', '专题应用分析', '/themeStatistics/toThemeStatisticsApply.action', 'fa fa-circle-o', 5556);
insert into sys_menu (SYS_MENU_ID, PARENT_ID, MENU_NAME, MENU_URL, MENU_ICON, DISPLAY_ORDER)
values ('2c9951815f716214015f717f491800d8', '57', '专题统计概况', '/themeStatistics/toThemeStatisticsGeneral.action', 'fa fa-circle-o', 5555);

-- 权限
insert into sys_privilege (SYS_PRIVILEGE_ID, SYS_MENU_ID, PRIVILEGE_CODE, PRIVILEGE_NAME, DESCRIPTION, USERS_COUNT, ROLES_COUNT, ALL_USERS_COUNT, DISPLAY_ORDER)
values ('2c9951815f716214015f7182502d00dd', '2c9951815f716214015f717f491800d8', 'center.themeStatisticsGeneral.query', '统计分析专题统计概况查询', null, null, null, null, null);
insert into sys_privilege (SYS_PRIVILEGE_ID, SYS_MENU_ID, PRIVILEGE_CODE, PRIVILEGE_NAME, DESCRIPTION, USERS_COUNT, ROLES_COUNT, ALL_USERS_COUNT, DISPLAY_ORDER)
values ('2c9951815f716214015f7183f4dc00e1', '2c9951815f716214015f71803bde00da', 'center.themeStatisticsApply.query', '统计分析专题应用分析查询', null, null, null, null, null);

-- 角色权限
insert into sys_role_to_privilege (SYS_ROLE_ID, SYS_PRIVILEGE_ID)
values ('8aa0bef544713ca60144713d364a0000', '2c9951815f716214015f7182502d00dd');
insert into sys_role_to_privilege (SYS_ROLE_ID, SYS_PRIVILEGE_ID)
values ('2c90c28158761b550158762482b50015', '2c9951815f716214015f7182502d00dd');
insert into sys_role_to_privilege (SYS_ROLE_ID, SYS_PRIVILEGE_ID)
values ('8aa0bef544713ca60144713d364a0000', '2c9951815f716214015f7183f4dc00e1');
insert into sys_role_to_privilege (SYS_ROLE_ID, SYS_PRIVILEGE_ID)
values ('2c90c28158761b550158762482b50015', '2c9951815f716214015f7183f4dc00e1');

commit;

-- 执行反馈查询菜单
insert into sys_menu (SYS_MENU_ID, PARENT_ID, MENU_NAME, MENU_URL, MENU_ICON, DISPLAY_ORDER)
values ('402894b55e510a9a015e511d12920004', '402894ee58f717110158f71a756e0009', '执行反馈查询', 'centerFeedback/toFeedbackQuery.action', 'fa fa-circle-o', 5006);

insert into sys_menu (SYS_MENU_ID, PARENT_ID, MENU_NAME, MENU_URL, MENU_ICON, DISPLAY_ORDER)
values ('402894b55e510a9a015e511d12920005', '402894ee58f786890158fca262d70084', '执行反馈查询', 'govFeedback/toFeedbackQuery.action', 'fa fa-circle-o', 3506);

-- 执行反馈权限
insert into sys_privilege (SYS_PRIVILEGE_ID, SYS_MENU_ID, PRIVILEGE_CODE, PRIVILEGE_NAME, DESCRIPTION, USERS_COUNT, ROLES_COUNT, ALL_USERS_COUNT, DISPLAY_ORDER)
values ('402894b55e512d0d015e5134aca70009', '402894b55e510a9a015e511d12920004', 'center.feedback.query', '执行反馈查询', '执行反馈查询', null, null, null, null);

insert into sys_privilege (SYS_PRIVILEGE_ID, SYS_MENU_ID, PRIVILEGE_CODE, PRIVILEGE_NAME, DESCRIPTION, USERS_COUNT, ROLES_COUNT, ALL_USERS_COUNT, DISPLAY_ORDER)
values ('402894c05e6e9878015e6ef27648002f', '402894b55e510a9a015e511d12920005', 'gov.feedback.query', '反馈查询', null, null, null, null, null);

-- 执行反馈角色权限
insert into sys_role_to_privilege (SYS_ROLE_ID, SYS_PRIVILEGE_ID)
values ('8aa0bef544713ca60144713d364a0000', '402894b55e512d0d015e5134aca70009');

insert into sys_role_to_privilege (SYS_ROLE_ID, SYS_PRIVILEGE_ID)
values ('8aa0bef544713ca60144713d364a0000', '402894c05e6e9878015e6ef27648002f');

insert into sys_role_to_privilege (SYS_ROLE_ID, SYS_PRIVILEGE_ID)
values ('40289454547b159d01547b1efe25000c', '402894c05e6e9878015e6ef27648002f');

insert into sys_role_to_privilege (SYS_ROLE_ID, SYS_PRIVILEGE_ID)
values ('2c90c28158761b550158762482b50015', '402894b55e512d0d015e5134aca70009');

--反馈记录导出权限
insert into sys_privilege (SYS_PRIVILEGE_ID, SYS_MENU_ID, PRIVILEGE_CODE, PRIVILEGE_NAME, DESCRIPTION, USERS_COUNT, ROLES_COUNT, ALL_USERS_COUNT, DISPLAY_ORDER)
values ('402894ba5ea74400015ea7a00573006d', '402894ee58f786890158fca2afc90089', 'gov.supvEnterprise.measureListExport', '政务端反馈记录导出', null, null, null, null, null);

insert into sys_privilege (SYS_PRIVILEGE_ID, SYS_MENU_ID, PRIVILEGE_CODE, PRIVILEGE_NAME, DESCRIPTION, USERS_COUNT, ROLES_COUNT, ALL_USERS_COUNT, DISPLAY_ORDER)
values ('402894b55e5127df015e512a5fab000b', '402894ee58f786890158fc9a3cf20069', 'center.supvEnterprise.measureListExport', '中心端联动监管反馈记录导出', '中心端联动监管反馈记录导出', null, null, null, null);

--反馈记录导出角色权限
insert into sys_role_to_privilege (SYS_ROLE_ID, SYS_PRIVILEGE_ID)
values ('8aa0bef544713ca60144713d364a0000', '402894b55e5127df015e512a5fab000b');

insert into sys_role_to_privilege (SYS_ROLE_ID, SYS_PRIVILEGE_ID)
values ('8aa0bef544713ca60144713d364a0000', '402894ba5ea74400015ea7a00573006d');

insert into sys_role_to_privilege (SYS_ROLE_ID, SYS_PRIVILEGE_ID)
values ('40289454547b159d01547b1efe25000c', '402894ba5ea74400015ea7a00573006d');

insert into sys_role_to_privilege (SYS_ROLE_ID, SYS_PRIVILEGE_ID)
values ('2c90c28158761b550158762482b50015', '402894b55e5127df015e512a5fab000b');
commit;

/* 信用报告操作日志表 */
DROP TABLE DT_CREDIT_REPORT_OPERATION_LOG CASCADE CONSTRAINTS;

CREATE TABLE DT_CREDIT_REPORT_OPERATION_LOG
(
  REPORT_OP_ID         VARCHAR2(50) NOT NULL,
  APPLY_ID             VARCHAR2(50),
  BUSINESS_NAME        VARCHAR2(50),
  OPERATION_DATE       DATE,
  OPERATION_USER_ID    VARCHAR2(50),
  REMARK               VARCHAR2(4000)
);

/* Comments */
COMMENT ON TABLE  DT_CREDIT_REPORT_OPERATION_LOG IS '信用报告操作日志表';
COMMENT ON COLUMN DT_CREDIT_REPORT_OPERATION_LOG.REPORT_OP_ID IS '主键';
COMMENT ON COLUMN DT_CREDIT_REPORT_OPERATION_LOG.APPLY_ID IS '信用报告申请id';
COMMENT ON COLUMN DT_CREDIT_REPORT_OPERATION_LOG.BUSINESS_NAME IS '业务类型名称';
COMMENT ON COLUMN DT_CREDIT_REPORT_OPERATION_LOG.REMARK IS '备注（审核意见）';
COMMENT ON COLUMN DT_CREDIT_REPORT_OPERATION_LOG.OPERATION_DATE IS '操作时间';
COMMENT ON COLUMN DT_CREDIT_REPORT_OPERATION_LOG.OPERATION_USER_ID IS '操作人id';
alter table DT_CREDIT_REPORT_OPERATION_LOG
  add primary key (REPORT_OP_ID);
  
-- 添加  信用报告字体大小配置表
alter table ST_REPORT_FONT_SIZE_CONFIG
   drop primary key cascade;

drop table ST_REPORT_FONT_SIZE_CONFIG cascade constraints;

/*==============================================================*/
/* Table: ST_REPORT_FONT_SIZE_CONFIG                            */
/*==============================================================*/
create table ST_REPORT_FONT_SIZE_CONFIG 
(
   ID                   VARCHAR2(50)         default sys_guid() not null,
   COVER_BGBH           NUMBER(2),
   COVER_TITLE          NUMBER(2),
   COVER_SIGN           NUMBER(2),
   COVER_DATE           NUMBER(2),
   MAIN_BODY            NUMBER(2),
   MAIN_BODY_TITLE      NUMBER(2),
   TH                   NUMBER(2),
   TD                   NUMBER(2),
   CREATE_DATE          DATE                 default sysdate
);

comment on table ST_REPORT_FONT_SIZE_CONFIG is
'信用报告字体大小配置表';

comment on column ST_REPORT_FONT_SIZE_CONFIG.ID is
'主键';

comment on column ST_REPORT_FONT_SIZE_CONFIG.COVER_BGBH is
'封面报告编号';

comment on column ST_REPORT_FONT_SIZE_CONFIG.COVER_TITLE is
'封面标题';

comment on column ST_REPORT_FONT_SIZE_CONFIG.COVER_SIGN is
'封面签章';

comment on column ST_REPORT_FONT_SIZE_CONFIG.COVER_DATE is
'封面日期';

comment on column ST_REPORT_FONT_SIZE_CONFIG.MAIN_BODY is
'正文';

comment on column ST_REPORT_FONT_SIZE_CONFIG.MAIN_BODY_TITLE is
'正文标题';

comment on column ST_REPORT_FONT_SIZE_CONFIG.TH is
'列表头';

comment on column ST_REPORT_FONT_SIZE_CONFIG.TD is
'列表内容';

comment on column ST_REPORT_FONT_SIZE_CONFIG.CREATE_DATE is
'创建时间';

alter table ST_REPORT_FONT_SIZE_CONFIG
   add constraint PK_ST_REPORT_FONT_SIZE_CONFIG primary key (ID);
   
--初始化报告生成pdf需要的字体配置
insert into ST_REPORT_FONT_SIZE_CONFIG (ID, COVER_BGBH, COVER_TITLE, COVER_SIGN, COVER_DATE, MAIN_BODY, MAIN_BODY_TITLE, TH, TD, CREATE_DATE)
values ('CAA699928D3D443B80734E08C2AE90A2', 15, 37, 16, 14, 13, 14, 12, 11, to_date('04-09-2017 10:59:49', 'dd-mm-yyyy hh24:mi:ss'));
commit;


-----------------------------------------------------------------------  
alter table LD_JGCSPZ
   drop constraint FK_LD_JGCSP_REFERENCE_LD_JGZT;

alter table LD_JGCSPZ
   drop primary key cascade;

drop table LD_JGCSPZ cascade constraints;

/*==============================================================*/
/* Table: LD_JGCSPZ                                             */
/*==============================================================*/
create table LD_JGCSPZ 
(
   ID                   VARCHAR2(50)         not null,
   STATUS               VARCHAR2(1),
   JGZT_ID              VARCHAR2(50)         not null,
   DEPT_ID              VARCHAR2(50),
   CSMC                 VARCHAR2(250),
   CSXZ                 VARCHAR2(4000),
   FLJZCYJ              VARCHAR2(4000),
   XZQLML_ID            VARCHAR2(50),
   CREATE_USER          VARCHAR2(50),
   CREATE_TIME          DATE
);

comment on table LD_JGCSPZ is
'监管措施配置表';

comment on column LD_JGCSPZ.ID is
'主键';

comment on column LD_JGCSPZ.STATUS is
'状态（0正常，1删除）';

comment on column LD_JGCSPZ.JGZT_ID is
'监管主题id（关联监管主题表主键）';

comment on column LD_JGCSPZ.DEPT_ID is
'实施单位（关联部门表中的主键id）';

comment on column LD_JGCSPZ.CSMC is
'措施名称';

comment on column LD_JGCSPZ.CSXZ is
'措施细则';

comment on column LD_JGCSPZ.FLJZCYJ is
'法律及政策依据';

comment on column LD_JGCSPZ.XZQLML_ID is
'所属权力清单（关联权利目录表LD_XZQLML主键ID）';

comment on column LD_JGCSPZ.CREATE_USER is
'创建人ID';

comment on column LD_JGCSPZ.CREATE_TIME is
'创建时间';

alter table LD_JGCSPZ
   add constraint PK_LD_JGCSPZ primary key (ID);

alter table LD_JGCSPZ
   add constraint FK_LD_JGCSP_REFERENCE_LD_JGZT foreign key (JGZT_ID)
      references LD_JGZT (ID)
      on delete cascade;


-----------------------------------------------------------------
alter table LD_JGXXLY
   drop constraint FK_LD_JGXXL_REFERENCE_LD_JGZT;

alter table LD_JGXXSXTJ
   drop constraint FK_LD_JGXXS_REFERENCE_LD_JGXXL;

alter table LD_JGXXLY
   drop primary key cascade;

drop table LD_JGXXLY cascade constraints;

/*==============================================================*/
/* Table: LD_JGXXLY                                             */
/*==============================================================*/
create table LD_JGXXLY 
(
   ID                   VARCHAR2(50)         not null,
   JGZT_ID              VARCHAR2(50),
   ZY_ID                VARCHAR2(50),
   CREATE_USER          VARCHAR2(50),
   CREATE_TIME          DATE
);

comment on table LD_JGXXLY is
'监管信息来源表';

comment on column LD_JGXXLY.ID is
'主键';

comment on column LD_JGXXLY.JGZT_ID is
'监管主题id（关联监管主题表主键）';

comment on column LD_JGXXLY.ZY_ID is
'联合奖惩二级资源id（关联资源库二级资源id）';

comment on column LD_JGXXLY.CREATE_USER is
'创建人ID';

comment on column LD_JGXXLY.CREATE_TIME is
'创建时间';

alter table LD_JGXXLY
   add constraint PK_LD_JGXXLY primary key (ID);

alter table LD_JGXXLY
   add constraint FK_LD_JGXXL_REFERENCE_LD_JGZT foreign key (JGZT_ID)
      references LD_JGZT (ID)
      on delete cascade;


--------------------------------------------------------------------------
alter table LD_JGXXSXTJ
   drop constraint FK_LD_JGXXS_REFERENCE_LD_JGXXL;

alter table LD_JGXXSXTJ
   drop primary key cascade;

drop table LD_JGXXSXTJ cascade constraints;

/*==============================================================*/
/* Table: LD_JGXXSXTJ                                           */
/*==============================================================*/
create table LD_JGXXSXTJ 
(
   ID                   VARCHAR2(50)         not null,
   JGXXLY_ID            VARCHAR2(50),
   SXTJLB               VARCHAR2(1),
   YI_ZDMC1             VARCHAR2(250),
   YI_ZDMC1NTJ          VARCHAR2(250),
   YI_ZDMC1ZDZ          VARCHAR2(250),
   YI_ZDMC1WTJ          VARCHAR2(250),
   YI_ZDMC2             VARCHAR2(250),
   YI_ZDMC2NTJ          VARCHAR2(250),
   YI_ZDMC2ZDZ          VARCHAR2(250),
   YI_ZDMC2WTJ          VARCHAR2(250),
   YI_ZDMC3             VARCHAR2(250),
   YI_ZDMC3NTJ          VARCHAR2(250),
   YI_ZDMC3ZDZ          VARCHAR2(250),
   FZTJ                 VARCHAR2(250),
   ER_ZDMC1             VARCHAR2(250),
   ER_ZDMC1NTJ          VARCHAR2(250),
   ER_ZDMC1ZDZ          VARCHAR2(250),
   ER_ZDMC1WTJ          VARCHAR2(250),
   ER_ZDMC2             VARCHAR2(250),
   ER_ZDMC2NTJ          VARCHAR2(250),
   ER_ZDMC2ZDZ          VARCHAR2(250),
   ER_ZDMC2WTJ          VARCHAR2(250),
   ER_ZDMC3             VARCHAR2(250),
   ER_ZDMC3NTJ          VARCHAR2(250),
   ER_ZDMC3ZDZ          VARCHAR2(250),
   CREATE_USER          VARCHAR2(50),
   CREATE_TIME          DATE
);

comment on table LD_JGXXSXTJ is
'监管信息筛选条件表';

comment on column LD_JGXXSXTJ.ID is
'主键';

comment on column LD_JGXXSXTJ.JGXXLY_ID is
'监管信息来源表id（关联监管信息来源表主键）';

comment on column LD_JGXXSXTJ.SXTJLB is
'筛选条件类别（0全部，1有具体筛选条件）';

comment on column LD_JGXXSXTJ.YI_ZDMC1 is
'第一组第一个条件字段名称';

comment on column LD_JGXXSXTJ.YI_ZDMC1NTJ is
'第一组第一个字段内条件';

comment on column LD_JGXXSXTJ.YI_ZDMC1ZDZ is
'第一组第一个字段要比较的值';

comment on column LD_JGXXSXTJ.YI_ZDMC1WTJ is
'第一组第一个字段外条件';

comment on column LD_JGXXSXTJ.YI_ZDMC2 is
'第一组第二个条件字段名称';

comment on column LD_JGXXSXTJ.YI_ZDMC2NTJ is
'第一组第二个字段内条件';

comment on column LD_JGXXSXTJ.YI_ZDMC2ZDZ is
'第一组第二个字段要比较的值';

comment on column LD_JGXXSXTJ.YI_ZDMC2WTJ is
'第一组第二个字段外条件';

comment on column LD_JGXXSXTJ.YI_ZDMC3 is
'第一组第三个条件字段名称';

comment on column LD_JGXXSXTJ.YI_ZDMC3NTJ is
'第一组第三个字段内条件';

comment on column LD_JGXXSXTJ.YI_ZDMC3ZDZ is
'第一组第三个字段要比较的值';

comment on column LD_JGXXSXTJ.FZTJ is
'第一组和第二组直接的比较条件（分组条件）';

comment on column LD_JGXXSXTJ.ER_ZDMC1 is
'第二组第一个条件字段名称';

comment on column LD_JGXXSXTJ.ER_ZDMC1NTJ is
'第二组第一个字段内条件';

comment on column LD_JGXXSXTJ.ER_ZDMC1ZDZ is
'第二组第一个字段要比较的值';

comment on column LD_JGXXSXTJ.ER_ZDMC1WTJ is
'第二组第一个字段外条件';

comment on column LD_JGXXSXTJ.ER_ZDMC2 is
'第二组第二个条件字段名称';

comment on column LD_JGXXSXTJ.ER_ZDMC2NTJ is
'第二组第二个字段内条件';

comment on column LD_JGXXSXTJ.ER_ZDMC2ZDZ is
'第二组第二个字段要比较的值';

comment on column LD_JGXXSXTJ.ER_ZDMC2WTJ is
'第二组第二个字段外条件';

comment on column LD_JGXXSXTJ.ER_ZDMC3 is
'第二组第三个条件字段名称';

comment on column LD_JGXXSXTJ.ER_ZDMC3NTJ is
'第二组第三个字段内条件';

comment on column LD_JGXXSXTJ.ER_ZDMC3ZDZ is
'第二组第三个字段要比较的值';

comment on column LD_JGXXSXTJ.CREATE_USER is
'创建人ID';

comment on column LD_JGXXSXTJ.CREATE_TIME is
'创建时间';

alter table LD_JGXXSXTJ
   add constraint PK_LD_JGXXSXTJ primary key (ID);

alter table LD_JGXXSXTJ
   add constraint FK_LD_JGXXS_REFERENCE_LD_JGXXL foreign key (JGXXLY_ID)
      references LD_JGXXLY (ID)
      on delete cascade;


--初始化联合奖惩自然人资源
insert into dz_theme (ID, PARENT_ID, TYPE, TYPE_NAME, DATA_SOURCE, DATA_TABLE, STATUS, CREATE_TIME, ZYYT)
values ('4028946a5ec1551f015ec1d694eb0021', 'ROOT_1', '1', '自然人失信信息', null, null, '1', sysdate, '1');

insert into dz_theme (ID, PARENT_ID, TYPE, TYPE_NAME, DATA_SOURCE, DATA_TABLE, STATUS, CREATE_TIME, ZYYT)
values ('4028946a5ec1551f015ec1d7641a0023', '4028946a5ec1551f015ec1d694eb0021', '2', '商业违约', 'jdbcTemplate', 'YW_P_GRSYWY', '1', sysdate, '1');

insert into dz_theme (ID, PARENT_ID, TYPE, TYPE_NAME, DATA_SOURCE, DATA_TABLE, STATUS, CREATE_TIME, ZYYT)
values ('4028946a5ec1551f015ec1d860270025', '4028946a5ec1551f015ec1d694eb0021', '2', '个人行政处罚', 'jdbcTemplate', 'YW_L_SGSXZCF', '1', sysdate, '1');

insert into dz_theme (ID, PARENT_ID, TYPE, TYPE_NAME, DATA_SOURCE, DATA_TABLE, STATUS, CREATE_TIME, ZYYT)
values ('4028946a5ec1551f015ec1d8ae6b0027', 'ROOT_1', '1', '自然人履行约定', null, null, '1', sysdate, '1');

insert into dz_theme (ID, PARENT_ID, TYPE, TYPE_NAME, DATA_SOURCE, DATA_TABLE, STATUS, CREATE_TIME, ZYYT)
values ('4028946a5ec1551f015ec1d926740029', '4028946a5ec1551f015ec1d8ae6b0027', '2', '个人执行信息', 'jdbcTemplate', 'YW_P_GRFYQZZX', '1', sysdate, '1');
commit;
insert into dz_theme_column (ID, THEME_ID, COLUMN_NAME, COLUMN_COMMENTS, CREATE_TIME, COLUMN_ALIAS)
values ('4028946a5ec1551f015ec1e15c89002e', '4028946a5ec1551f015ec1d7641a0023', 'ZHH', '账户号', sysdate, '账户号');

insert into dz_theme_column (ID, THEME_ID, COLUMN_NAME, COLUMN_COMMENTS, CREATE_TIME, COLUMN_ALIAS)
values ('4028946a5ec1551f015ec1e15c89002f', '4028946a5ec1551f015ec1d7641a0023', 'SXYZCD', '失信严重程度', sysdate, '失信严重程度');

insert into dz_theme_column (ID, THEME_ID, COLUMN_NAME, COLUMN_COMMENTS, CREATE_TIME, COLUMN_ALIAS)
values ('4028946a5ec1551f015ec1e15c890030', '4028946a5ec1551f015ec1d7641a0023', 'QFJE', '欠费金额', sysdate, '欠费金额');

insert into dz_theme_column (ID, THEME_ID, COLUMN_NAME, COLUMN_COMMENTS, CREATE_TIME, COLUMN_ALIAS)
values ('4028946a5ec1551f015ec1e15c890031', '4028946a5ec1551f015ec1d7641a0023', 'ZQSJ', '账期时间', sysdate, '账期时间');

insert into dz_theme_column (ID, THEME_ID, COLUMN_NAME, COLUMN_COMMENTS, CREATE_TIME, COLUMN_ALIAS, DISPLAY_ORDER, DATA_ORDER)
values ('4028946b670741ed01670bc0b7c60083', '4028946a5ec1551f015ec1d860270025', 'AJMC', '处罚名称', sysdate, '处罚名称', 1, null);

insert into dz_theme_column (ID, THEME_ID, COLUMN_NAME, COLUMN_COMMENTS, CREATE_TIME, COLUMN_ALIAS, DISPLAY_ORDER, DATA_ORDER)
values ('4028946b670741ed01670bc0b7c60084', '4028946a5ec1551f015ec1d860270025', 'CFDJ', '处罚等级，失信严重程度（未定，一般、较重、严重）', sysdate, '处罚等级', 2, null);

insert into dz_theme_column (ID, THEME_ID, COLUMN_NAME, COLUMN_COMMENTS, CREATE_TIME, COLUMN_ALIAS, DISPLAY_ORDER, DATA_ORDER)
values ('4028946b670741ed01670bc0b7c60085', '4028946a5ec1551f015ec1d860270025', 'CFJDSWH', '行政处罚决定书文号', sysdate, '行政处罚决定书文号', 3, null);

insert into dz_theme_column (ID, THEME_ID, COLUMN_NAME, COLUMN_COMMENTS, CREATE_TIME, COLUMN_ALIAS, DISPLAY_ORDER, DATA_ORDER)
values ('4028946b670741ed01670bc0b7c60086', '4028946a5ec1551f015ec1d860270025', 'CFSY', '处罚事由（违法事实、案由）', sysdate, '处罚事由', 4, null);

insert into dz_theme_column (ID, THEME_ID, COLUMN_NAME, COLUMN_COMMENTS, CREATE_TIME, COLUMN_ALIAS, DISPLAY_ORDER, DATA_ORDER)
values ('4028946b670741ed01670bc0b7c60087', '4028946a5ec1551f015ec1d860270025', 'CFSXQ', '处罚生效期', sysdate, '处罚生效期', 5, null);

insert into dz_theme_column (ID, THEME_ID, COLUMN_NAME, COLUMN_COMMENTS, CREATE_TIME, COLUMN_ALIAS, DISPLAY_ORDER, DATA_ORDER)
values ('4028946b670741ed01670bc0b7c60088', '4028946a5ec1551f015ec1d860270025', 'CFYJ', '处罚依据', sysdate, '处罚依据', 6, null);

insert into dz_theme_column (ID, THEME_ID, COLUMN_NAME, COLUMN_COMMENTS, CREATE_TIME, COLUMN_ALIAS, DISPLAY_ORDER, DATA_ORDER)
values ('4028946b670741ed01670bc0b7c60089', '4028946a5ec1551f015ec1d860270025', 'CFZL', '处罚类别1', sysdate, '处罚类别', 7, null);

insert into dz_theme_column (ID, THEME_ID, COLUMN_NAME, COLUMN_COMMENTS, CREATE_TIME, COLUMN_ALIAS, DISPLAY_ORDER, DATA_ORDER)
values ('4028946b670741ed01670bc0b7c6008a', '4028946a5ec1551f015ec1d860270025', 'CFJG', '处罚结果', sysdate, '处罚结果', 8, null);

insert into dz_theme_column (ID, THEME_ID, COLUMN_NAME, COLUMN_COMMENTS, CREATE_TIME, COLUMN_ALIAS, DISPLAY_ORDER, DATA_ORDER)
values ('4028946b670741ed01670bc0b7c6008b', '4028946a5ec1551f015ec1d860270025', 'DQZT', '0=正常（公示中），1=撤销（取消公示），2=异议，3=其他', sysdate, '当前状态', 9, null);

insert into dz_theme_column (ID, THEME_ID, COLUMN_NAME, COLUMN_COMMENTS, CREATE_TIME, COLUMN_ALIAS, DISPLAY_ORDER, DATA_ORDER)
values ('4028946b670741ed01670bc0b7c6008c', '4028946a5ec1551f015ec1d860270025', 'GSJZQ', '公示截止期', sysdate, '公示截止期', 10, null);

insert into dz_theme_column (ID, THEME_ID, COLUMN_NAME, COLUMN_COMMENTS, CREATE_TIME, COLUMN_ALIAS)
values ('4028946a5ec1551f015ec1e51d1b0039', '4028946a5ec1551f015ec1d926740029', 'AH', '案号', sysdate, '案号');

insert into dz_theme_column (ID, THEME_ID, COLUMN_NAME, COLUMN_COMMENTS, CREATE_TIME, COLUMN_ALIAS)
values ('4028946a5ec1551f015ec1e51d1b003a', '4028946a5ec1551f015ec1d926740029', 'SLFY', '受理法院', sysdate, '受理法院');

insert into dz_theme_column (ID, THEME_ID, COLUMN_NAME, COLUMN_COMMENTS, CREATE_TIME, COLUMN_ALIAS)
values ('4028946a5ec1551f015ec1e51d1b003b', '4028946a5ec1551f015ec1d926740029', 'AJZT', '案件状态', sysdate, '案件状态');

insert into dz_theme_column (ID, THEME_ID, COLUMN_NAME, COLUMN_COMMENTS, CREATE_TIME, COLUMN_ALIAS)
values ('4028946a5ec1551f015ec1e51d1b003c', '4028946a5ec1551f015ec1d926740029', 'JARQ', '结案日期', sysdate, '结案日期');
commit;


------------------------------------------- 信用核查 start -------------------------------------------

update sys_menu t set t.menu_name = '信用审查' where t.sys_menu_id = '2c90c281587574200158757500850008';
update sys_menu t set t.menu_name = '信用审查' where t.sys_menu_id = '2c90c281587574200158759cd7a2005d';
update sys_menu t set t.menu_name = '信用审查上传' where t.sys_menu_id = '402894f85986ff2d01598708c772003a';
update sys_menu t set t.menu_name = '信用审查审核' where t.sys_menu_id = '2c90c28158757420015875a7090c007f';
update sys_menu t set t.menu_name = '信用审查申请' where t.sys_menu_id = '2c90c28158757420015875885e000030';
update sys_menu t set t.menu_name = '信用审查列表' where t.sys_menu_id = '2c90c281587574200158758946380035';

------------------------------------------- 信用核查 END -------------------------------------------

------------------------------------------- 联动监管-奖惩主体 start -------------------------------------------
ALTER TABLE LD_JGQY ADD DELETE_TIME DATE NULL;
COMMENT ON COLUMN LD_JGQY.DELETE_TIME IS '移除时间';
ALTER TABLE LD_JGQY ADD "DELETE_USER" VARCHAR2(50) NULL;
COMMENT ON COLUMN LD_JGQY."DELETE_USER" IS '移除人ID';
ALTER TABLE LD_JGQY ADD STATUS INT DEFAULT 0 NULL;
COMMENT ON COLUMN LD_JGQY.STATUS IS '数据状态（0：正常，1：移除）';

CREATE TABLE LD_JGZRR
(
  id          VARCHAR2(50) default SYS_GUID() not null,
  XM        VARCHAR2(200),
  SFZH       VARCHAR2(200),
  jgzt_id     VARCHAR2(50),
  STATUS     VARCHAR2(50) DEFAULT '0' not null,
  create_user VARCHAR2(50),
  create_time DATE,
  DELETE_USER VARCHAR2(50),
  DELETE_TIME DATE
);
COMMENT ON TABLE LD_JGZRR IS '联动监管-自然人信息';
COMMENT ON COLUMN LD_JGZRR.XM IS '姓名';
COMMENT ON COLUMN LD_JGZRR.SFZH IS '身份证号';
COMMENT ON COLUMN LD_JGZRR.JGZT_ID IS '监管专题ID';
COMMENT ON COLUMN LD_JGZRR.STATUS IS '数据状态（0：正常，1：移除）';
COMMENT ON COLUMN LD_JGZRR.DELETE_TIME IS '移除时间';
COMMENT ON COLUMN LD_JGZRR.DELETE_USER IS '移除人ID';


-- 企业措施记录表 添加自然人id
ALTER TABLE LD_JGQYJGCS ADD JGZRR_ID VARCHAR2(50) NULL;
COMMENT ON COLUMN LD_JGQYJGCS.JGZRR_ID IS '监管自然人id（关联监管自然人信息表主键）';

-- 创建监管企业措施记录表和监管措施表的关联表
CREATE TABLE LD_JGQYJGCS_TO_JGCSPZ
(
  ID VARCHAR2(100) not null,
  JGQYJGCS_ID VARCHAR2(100),
  JGCSPZ_ID VARCHAR2(100)
);
alter table LD_JGQYJGCS_TO_JGCSPZ add constraint PK_ld_jgqyjgcs_to_jgcspz primary key (ID);
COMMENT ON COLUMN LD_JGQYJGCS_TO_JGCSPZ.JGQYJGCS_ID IS '监管企业监管措施记录表ID';
COMMENT ON COLUMN LD_JGQYJGCS_TO_JGCSPZ.JGCSPZ_ID IS '监管措施配置表ID';
COMMENT ON TABLE LD_JGQYJGCS_TO_JGCSPZ IS '监管企业措施记录表和监管措施表的关联表';
------------------------------------------- 联动监管-奖惩主体 end -------------------------------------------

update sys_menu t set t.menu_name = '信用审查查询' where t.sys_menu_id = '2c90c281587574200158758946380035';



-------------------------------------------- 信用审查 start------------------------------------------
-- 创建自然人信用审查申请表
DROP TABLE DT_CREDIT_EXAMINE_P CASCADE CONSTRAINTS;
CREATE TABLE DT_CREDIT_EXAMINE_P
(
  ID                VARCHAR2(50) NOT NULL,
  SCXXL             VARCHAR2(4000),
  SCMC              VARCHAR2(200),
  SCSM              VARCHAR2(1000),
  STATUS            VARCHAR2(4),
  APPLY_DATE        DATE,
  SYS_USER_ID       VARCHAR2(50),
  SYS_DEPARTMENT_ID VARCHAR2(50),
  BJBH              VARCHAR2(50),
  SCSJ_START        DATE,
  SCSJ_END        DATE
);
COMMENT ON TABLE DT_CREDIT_EXAMINE_P IS '自然人信用审查申请表';
COMMENT ON COLUMN DT_CREDIT_EXAMINE_P.ID IS '主键';
COMMENT ON COLUMN DT_CREDIT_EXAMINE_P.SCXXL IS '审查信息类';
COMMENT ON COLUMN DT_CREDIT_EXAMINE_P.SCMC IS '审查名称';
COMMENT ON COLUMN DT_CREDIT_EXAMINE_P.SCSM IS '审查说明';
COMMENT ON COLUMN DT_CREDIT_EXAMINE_P.STATUS IS '审核状态 待审核("0"), 审核不通过("1"), 审核通过("2")';
COMMENT ON COLUMN DT_CREDIT_EXAMINE_P.APPLY_DATE IS '申请时间';
COMMENT ON COLUMN DT_CREDIT_EXAMINE_P.SYS_USER_ID IS '申请人';
COMMENT ON COLUMN DT_CREDIT_EXAMINE_P.SYS_DEPARTMENT_ID IS '审查需求部门';
COMMENT ON COLUMN DT_CREDIT_EXAMINE_P.BJBH IS '办件编号';
COMMENT ON COLUMN DT_CREDIT_EXAMINE_P.SCSJ_START IS '审查开始时间';
COMMENT ON COLUMN DT_CREDIT_EXAMINE_P.SCSJ_END IS '审查结束时间';
ALTER TABLE DT_CREDIT_EXAMINE_P ADD CONSTRAINT DT_CREDIT_EXAMINE_P_PK PRIMARY KEY (ID);

-- 创建自然人信用审查审核表
DROP TABLE DT_CREDIT_EXAMINE_HIS_P CASCADE CONSTRAINTS;
CREATE TABLE DT_CREDIT_EXAMINE_HIS_P
(
  ID                VARCHAR2(50) NOT NULL,
  STATUS            VARCHAR2(4),
  OPINION           VARCHAR2(1000),
  AUDIT_DATE        DATE,
  SYS_USER_ID       VARCHAR2(50),
  CREDIT_EXAMINE_P_ID VARCHAR2(50)
);
COMMENT ON TABLE DT_CREDIT_EXAMINE_HIS_P IS '自然人信用审查审核表';
COMMENT ON COLUMN DT_CREDIT_EXAMINE_HIS_P.STATUS IS '审核状态 待审核("0"), 审核不通过("1"), 审核通过("2")';
COMMENT ON COLUMN DT_CREDIT_EXAMINE_HIS_P.OPINION IS '审核意见';
COMMENT ON COLUMN DT_CREDIT_EXAMINE_HIS_P.AUDIT_DATE IS '审核时间';
COMMENT ON COLUMN DT_CREDIT_EXAMINE_HIS_P.SYS_USER_ID IS '审核人';
COMMENT ON COLUMN DT_CREDIT_EXAMINE_HIS_P.CREDIT_EXAMINE_P_ID IS '关联自然人信用审查申请表';
ALTER TABLE DT_CREDIT_EXAMINE_HIS_P ADD CONSTRAINT PK_DT_CREDIT_EXAMINE_HIS_P_ID PRIMARY KEY (ID);

-- 创建需要审查的自然人信息表
DROP TABLE DT_PEOPLE_EXAMINE CASCADE CONSTRAINTS;
CREATE TABLE DT_PEOPLE_EXAMINE
(
  ID                VARCHAR2(50) NOT NULL,
  XM              VARCHAR2(500),
  SFZH             VARCHAR2(200),
  CREDIT_EXAMINE_P_ID VARCHAR2(50),
  BJBH              VARCHAR2(200)
);
COMMENT ON TABLE DT_PEOPLE_EXAMINE IS '导入的需要审查的自然人信息表';
COMMENT ON COLUMN DT_PEOPLE_EXAMINE.ID IS '主键';
COMMENT ON COLUMN DT_PEOPLE_EXAMINE.XM IS '姓名';
COMMENT ON COLUMN DT_PEOPLE_EXAMINE.SFZH IS '身份证号';
COMMENT ON COLUMN DT_PEOPLE_EXAMINE.CREDIT_EXAMINE_P_ID IS '关联自然人信用审查申请表';
COMMENT ON COLUMN DT_PEOPLE_EXAMINE.BJBH IS '办件编号';
ALTER TABLE DT_PEOPLE_EXAMINE ADD CONSTRAINT PK_PEOPLE_EXAMINE PRIMARY KEY (ID);
ALTER TABLE DT_PEOPLE_EXAMINE ADD CONSTRAINT FK_PEOPLE_EXAMINE FOREIGN KEY (CREDIT_EXAMINE_P_ID) REFERENCES DT_CREDIT_EXAMINE_P (ID) ON DELETE CASCADE;

-- 信用审查 菜单
insert into SYS_MENU (sys_menu_id, parent_id, menu_name, menu_url, menu_icon, display_order)
values ('402894f85986ff2d01598708c772003b', '2c90c281587574200158759cd7a2005d', '自然人信用审查上传', '/center/pCreditCheck/creditCheckUpload.action', 'fa fa-circle-o', 4000);
insert into SYS_MENU (sys_menu_id, parent_id, menu_name, menu_url, menu_icon, display_order)
values ('2c90c28158757420015875a7090c007g', '2c90c281587574200158759cd7a2005d', '自然人信用审查审核', '/center/pCreditCheck/toCreditExamineList.action', 'fa fa-circle-o', 3000);
insert into SYS_MENU (sys_menu_id, parent_id, menu_name, menu_url, menu_icon, display_order)
values ('2c90c28158757420015875885e000031', '2c90c281587574200158757500850008', '自然人信用审查申请', '/gov/pCreditCheck/toApply.action', 'fa fa-circle-o', 1506);
insert into SYS_MENU (sys_menu_id, parent_id, menu_name, menu_url, menu_icon, display_order)
values ('2c90c281587574200158758946380036', '2c90c281587574200158757500850008', '自然人信用审查查询', '/gov/pCreditCheck/toHisQuery.action', 'fa fa-circle-o', 1507);

-- 信用审查 权限
insert into SYS_PRIVILEGE (sys_privilege_id, SYS_MENU_ID, privilege_code, privilege_name, description, users_count, roles_count, all_users_count, display_order)
values ('402894f85986ff2d0159870ac3770063', '402894f85986ff2d01598708c772003b', 'center.pCreditCheck.upload', '自然人信用审查上传', null, null, null, null, null);
insert into SYS_PRIVILEGE (sys_privilege_id, SYS_MENU_ID, privilege_code, privilege_name, description, users_count, roles_count, all_users_count, display_order)
values ('402894f8598c5c6001598c664fe10010', '402894f85986ff2d01598708c772003b', 'center.pCreditCheckUpload.report', '自然人信用审查上传生成报告', '自然人信用审查上传生成报告', null, null, null, null);
insert into SYS_PRIVILEGE (sys_privilege_id, SYS_MENU_ID, privilege_code, privilege_name, description, users_count, roles_count, all_users_count, display_order)
values ('2c90c28158757420015875cae9f3016g', '2c90c28158757420015875a7090c007g', 'center.pCreditCheck.examine', '自然人信用审查审核', null, null, null, null, null);
insert into SYS_PRIVILEGE (sys_privilege_id, SYS_MENU_ID, privilege_code, privilege_name, description, users_count, roles_count, all_users_count, display_order)
values ('402894f858b954f20158b95beba20009', '2c90c28158757420015875a7090c007g', 'center.pCreditCheck.examineList', '自然人信用审查审核列表', null, null, null, null, null);
insert into SYS_PRIVILEGE (sys_privilege_id, SYS_MENU_ID, privilege_code, privilege_name, description, users_count, roles_count, all_users_count, display_order)
values ('2c90c28158757420015875c278a60118', '2c90c28158757420015875885e000031', 'gov.pCreditCheck.apply', '自然人信用审查申请', '自然人发起审查申请', null, null, null, null);
insert into SYS_PRIVILEGE (sys_privilege_id, SYS_MENU_ID, privilege_code, privilege_name, description, users_count, roles_count, all_users_count, display_order)
values ('2c90c28158757420015875c35d460122', '2c90c281587574200158758946380036', 'gov.pCreditCheck.HisQuery', '自然人信用审查历史查询', '自然人信用审查历史查询', null, null, null, null);

-- 信用审查 角色权限关联表
insert into SYS_ROLE_TO_PRIVILEGE (sys_role_id, sys_privilege_id)
values ('2c90c28158761b550158762482b50015', '402894f85986ff2d0159870ac3770063');
insert into SYS_ROLE_TO_PRIVILEGE (sys_role_id, sys_privilege_id)
values ('8aa0bef544713ca60144713d364a0000', '402894f85986ff2d0159870ac3770063');
insert into SYS_ROLE_TO_PRIVILEGE (sys_role_id, sys_privilege_id)
values ('2c90c28158761b550158762482b50015', '402894f8598c5c6001598c664fe10010');
insert into SYS_ROLE_TO_PRIVILEGE (sys_role_id, sys_privilege_id)
values ('8aa0bef544713ca60144713d364a0000', '402894f8598c5c6001598c664fe10010');
insert into SYS_ROLE_TO_PRIVILEGE (sys_role_id, sys_privilege_id)
values ('2c90c28158761b550158762482b50015', '2c90c28158757420015875cae9f3016g');
insert into SYS_ROLE_TO_PRIVILEGE (sys_role_id, sys_privilege_id)
values ('8aa0bef544713ca60144713d364a0000', '2c90c28158757420015875cae9f3016g');
insert into SYS_ROLE_TO_PRIVILEGE (sys_role_id, sys_privilege_id)
values ('2c90c28158761b550158762482b50015', '402894f858b954f20158b95beba20009');
insert into SYS_ROLE_TO_PRIVILEGE (sys_role_id, sys_privilege_id)
values ('8aa0bef544713ca60144713d364a0000', '402894f858b954f20158b95beba20009');
insert into SYS_ROLE_TO_PRIVILEGE (sys_role_id, sys_privilege_id)
values ('40289454547b159d01547b1efe25000c', '2c90c28158757420015875c278a60118');
insert into SYS_ROLE_TO_PRIVILEGE (sys_role_id, sys_privilege_id)
values ('8aa0bef544713ca60144713d364a0000', '2c90c28158757420015875c278a60118');
insert into SYS_ROLE_TO_PRIVILEGE (sys_role_id, sys_privilege_id)
values ('40289454547b159d01547b1efe25000c', '2c90c28158757420015875c35d460122');
insert into SYS_ROLE_TO_PRIVILEGE (sys_role_id, sys_privilege_id)
values ('8aa0bef544713ca60144713d364a0000', '2c90c28158757420015875c35d460122');

-- 更新原来信用审查菜单名改成 法人审查** 以区分于自然人
update SYS_MENU set menu_name = '法人信用审查上传' where menu_name = '信用审查上传';
update SYS_MENU set menu_name = '法人信用审查审核' where menu_name = '信用审查审核';
update SYS_MENU set menu_name = '法人信用审查申请' where menu_name = '信用审查申请';
update SYS_MENU set menu_name = '法人信用审查查询' where menu_name = '信用审查查询';

-------------------------------------------- 信用审查 end------------------------------------------


---------------------------------------------数据目录 修改 begin-------------------------------------
DROP TABLE DP_LOGIC_CLASSIFY CASCADE CONSTRAINTS;
DROP TABLE DP_LOGIC_COMMON_COLUMN CASCADE CONSTRAINTS;
DROP TABLE DP_LOGIC_TABLE_DEPT CASCADE CONSTRAINTS;

/*==============================================================*/
/* Table: DP_LOGIC_CLASSIFY                                     */
/*==============================================================*/
CREATE TABLE DP_LOGIC_CLASSIFY
(
  ID                   VARCHAR(50)          NOT NULL,
  CLASSIFY_NAME        VARCHAR(200),
  CLASSIFY_REMARK      VARCHAR(1200),
  CLASSIFY_SORT        NUMBER(5),
  PID                  VARCHAR(50),
  CREATE_USER          VARCHAR(50),
  CREATE_TIME          DATE,
  UPDATE_USER          VARCHAR(50),
  UPDATE_TIME          DATE,
  CONSTRAINT PK_DP_LOGIC_CLASSIFY PRIMARY KEY (ID)
);

COMMENT ON TABLE DP_LOGIC_CLASSIFY IS
'数据分类';

COMMENT ON COLUMN DP_LOGIC_CLASSIFY.ID IS
'主键';

COMMENT ON COLUMN DP_LOGIC_CLASSIFY.CLASSIFY_NAME IS
'分类名称';

COMMENT ON COLUMN DP_LOGIC_CLASSIFY.CLASSIFY_REMARK IS
'分类描述';

COMMENT ON COLUMN DP_LOGIC_CLASSIFY.CLASSIFY_SORT IS
'分类排序';

COMMENT ON COLUMN DP_LOGIC_CLASSIFY.PID IS
'父节点ID';

COMMENT ON COLUMN DP_LOGIC_CLASSIFY.CREATE_USER IS
'创建人';

COMMENT ON COLUMN DP_LOGIC_CLASSIFY.CREATE_TIME IS
'创建时间';

COMMENT ON COLUMN DP_LOGIC_CLASSIFY.UPDATE_USER IS
'更新人';

COMMENT ON COLUMN DP_LOGIC_CLASSIFY.UPDATE_TIME IS
'更新时间';

/*==============================================================*/
/* Table: DP_LOGIC_COMMON_COLUMN                                */
/*==============================================================*/
CREATE TABLE DP_LOGIC_COMMON_COLUMN
(
  ID                   VARCHAR2(50)         NOT NULL,
  CODE                 VARCHAR2(50),
  NAME                 VARCHAR2(50),
  COLUMN_TYPE          VARCHAR2(10),
  COLUMN_LENGTH               NUMBER(5),
  POSTIL               VARCHAR2(400),
  FIELD_SORT           NUMBER(5),
  CONSTRAINT PK_DP_LOGIC_COMMON_COLUMN PRIMARY KEY (ID)
);

COMMENT ON TABLE DP_LOGIC_COMMON_COLUMN IS
'公共指标';

COMMENT ON COLUMN DP_LOGIC_COMMON_COLUMN.ID IS
'主键';

COMMENT ON COLUMN DP_LOGIC_COMMON_COLUMN.CODE IS
'指标编码';

COMMENT ON COLUMN DP_LOGIC_COMMON_COLUMN.NAME IS
'指标名称';

COMMENT ON COLUMN DP_LOGIC_COMMON_COLUMN.COLUMN_TYPE IS
'指标类型';

COMMENT ON COLUMN DP_LOGIC_COMMON_COLUMN.COLUMN_LENGTH IS
'指标长度';

COMMENT ON COLUMN DP_LOGIC_COMMON_COLUMN.POSTIL IS
'批注';

COMMENT ON COLUMN DP_LOGIC_COMMON_COLUMN.FIELD_SORT IS
'排序';

/*==============================================================*/
/* Table: DP_LOGIC_TABLE_DEPT                                   */
/*==============================================================*/
CREATE TABLE DP_LOGIC_TABLE_DEPT
(
  ID                   VARCHAR(50)          NOT NULL,
  LOGIC_TABLE_ID       VARCHAR(50),
  DEPT_ID              VARCHAR(50),
  TABLE_VERSION_CONFIG_ID              VARCHAR(50),
  TABLE_VERSION_ID              VARCHAR(50),
  CREATE_USER          VARCHAR(50),
  CREATE_TIME          DATE,
  CONSTRAINT PK_DP_LOGIC_TABLE_DEPT PRIMARY KEY (ID)
);

COMMENT ON TABLE DP_LOGIC_TABLE_DEPT IS
'数据目录与部门关系表';

COMMENT ON COLUMN DP_LOGIC_TABLE_DEPT.ID IS
'主键';

COMMENT ON COLUMN DP_LOGIC_TABLE_DEPT.LOGIC_TABLE_ID IS
'数据目录ID';

COMMENT ON COLUMN DP_LOGIC_TABLE_DEPT.DEPT_ID IS
'部门ID';

comment on column DP_LOGIC_TABLE_DEPT.TABLE_VERSION_CONFIG_ID
  is '外键（DP_TABLE_VERSION_CONFIG表主键）';
comment on column DP_LOGIC_TABLE_DEPT.TABLE_VERSION_ID
  is '版本ID';

COMMENT ON COLUMN DP_LOGIC_TABLE_DEPT.CREATE_USER IS
'创建人';

COMMENT ON COLUMN DP_LOGIC_TABLE_DEPT.CREATE_TIME IS
'创建时间';

/*==============================================================*/
/* Table: DP_LOGIC_TABLE_TEMPLATE                                   */
/*==============================================================*/

drop table DP_LOGIC_TABLE_TEMPLATE cascade constraints;
create table DP_LOGIC_TABLE_TEMPLATE
(
  id                 VARCHAR2(50) not null,
  code               VARCHAR2(50) not null,
  name               VARCHAR2(100),
  create_id          VARCHAR2(50),
  create_time        DATE,
  update_id          VARCHAR2(50),
  update_time        DATE,
  ds_type            NUMBER default 0,
  mapped_code        VARCHAR2(50),
  task_period        VARCHAR2(20),
  data_category      VARCHAR2(20),
  days               NUMBER,
  table_desc 		 varchar2(2000),
  person_Type          VARCHAR2(50)
)
;
 comment on table DP_LOGIC_TABLE_TEMPLATE
  is '数据目录模板';
comment on column DP_LOGIC_TABLE_TEMPLATE.id
  is '主键';
comment on column DP_LOGIC_TABLE_TEMPLATE.code
  is '表名';
comment on column DP_LOGIC_TABLE_TEMPLATE.name
  is '表注释';
comment on column DP_LOGIC_TABLE_TEMPLATE.create_id
  is '创建人id';
comment on column DP_LOGIC_TABLE_TEMPLATE.create_time
  is '创建时间';
comment on column DP_LOGIC_TABLE_TEMPLATE.update_id
  is '更新人id';
comment on column DP_LOGIC_TABLE_TEMPLATE.update_time
  is '更新时间';
comment on column DP_LOGIC_TABLE_TEMPLATE.ds_type
  is '数据源类型（0文件、1数据库）';
comment on column DP_LOGIC_TABLE_TEMPLATE.mapped_code
  is '映射关联表名（数据源为DB的表名）';
comment on column DP_LOGIC_TABLE_TEMPLATE.task_period
  is '归集周期(0周 1月 2季度 3半年 4年)';
comment on column DP_LOGIC_TABLE_TEMPLATE.data_category
  is '数据类别';
comment on column DP_LOGIC_TABLE_TEMPLATE.days
  is '上报天数';
comment on column DP_LOGIC_TABLE_TEMPLATE.table_desc
  is '目录描述';
comment on column  dp_logic_table_template.PERSON_TYPE  
IS '目录类型，1：自然人 0：法人';
alter table DP_LOGIC_TABLE_TEMPLATE
  add primary key (ID);

/*==============================================================*/
/* Table: DP_LOGIC_COLUMN_TEMPLATE                                */
/*==============================================================*/
drop table DP_LOGIC_COLUMN_TEMPLATE cascade constraints;
create table DP_LOGIC_COLUMN_TEMPLATE
(
  id             VARCHAR2(50) not null,
  logic_table_id VARCHAR2(50) not null,
  code           VARCHAR2(50) not null,
  name           VARCHAR2(50),
  column_type    VARCHAR2(10) not null,
  column_length  NUMBER(5),
  mapped_code    VARCHAR2(50),
  is_core        NUMBER,
  is_nullable    NUMBER,
  is_repeat      NUMBER,
  is_update      NUMBER,
  is_search      NUMBER,
  REQUIRED_GROUP VARCHAR2(200),
  POSTIL VARCHAR2(400),
  FIELD_SORT NUMBER(5)
)
;
comment on table DP_LOGIC_COLUMN_TEMPLATE
  is '模板指标信息';
comment on column DP_LOGIC_COLUMN_TEMPLATE.id
  is '主键';
comment on column DP_LOGIC_COLUMN_TEMPLATE.logic_table_id
  is '外键（DP_LOGIC_TABLE_TEMPLATE表主键）';
comment on column DP_LOGIC_COLUMN_TEMPLATE.code
  is '列名';
comment on column DP_LOGIC_COLUMN_TEMPLATE.name
  is '列注释';
comment on column DP_LOGIC_COLUMN_TEMPLATE.column_type
  is '列在数据库中的类型（VARCHAR2/NUMBER）';
comment on column DP_LOGIC_COLUMN_TEMPLATE.column_length
  is '列在数据库中的长度';
comment on column DP_LOGIC_COLUMN_TEMPLATE.mapped_code
  is '映射关联的数据源中指定的列';
comment on column DP_LOGIC_COLUMN_TEMPLATE.is_core
  is '是否是核心项';
comment on column DP_LOGIC_COLUMN.is_nullable
  is '是否允许为空（0否，1允许）';
comment on column DP_LOGIC_COLUMN_TEMPLATE.is_repeat
  is '是否去重字段（0否，1是）';
comment on column DP_LOGIC_COLUMN_TEMPLATE.is_update
  is '是否是更新字段（0否，1是）';
comment on column DP_LOGIC_COLUMN_TEMPLATE.is_search
  is '是否是查询字段（0否，1是）';
comment on column DP_LOGIC_COLUMN_TEMPLATE.REQUIRED_GROUP
  is '组（多选一）';
comment on column DP_LOGIC_COLUMN_TEMPLATE.POSTIL
  is '批注';
comment on column DP_LOGIC_COLUMN_TEMPLATE.FIELD_SORT
  is '排序';

alter table DP_LOGIC_COLUMN_TEMPLATE
  add primary key (ID);
alter table DP_LOGIC_COLUMN_TEMPLATE
  add foreign key (LOGIC_TABLE_ID)
  references DP_LOGIC_TABLE_TEMPLATE (ID) on delete cascade;
  
/*==============================================================*/
/* Table: DP_COLUMN_RULE_TEMPLATE                                */
/*==============================================================*/
drop table DP_COLUMN_RULE_TEMPLATE cascade constraints;
 create table DP_COLUMN_RULE_TEMPLATE
(
  id        VARCHAR2(50) not null,
  column_id VARCHAR2(50) not null,
  rule_id   VARCHAR2(50) not null
)
;
comment on table DP_COLUMN_RULE_TEMPLATE
  is '字段规则关系表-模板';
comment on column DP_COLUMN_RULE_TEMPLATE.id
  is '主键';
comment on column DP_COLUMN_RULE_TEMPLATE.column_id
  is '字段ID';
comment on column DP_COLUMN_RULE_TEMPLATE.rule_id
  is '规则ID';
alter table DP_COLUMN_RULE_TEMPLATE
  add primary key (ID);
  
--初始化目录模板数据
insert into DP_LOGIC_TABLE_TEMPLATE (id, code, name, create_id, create_time, update_id, update_time, ds_type, mapped_code, task_period, data_category, days, table_desc,person_Type)
values ('402894c05fc3cae6015fc3d544f00004', 'SGS_XZXK', '双公示行政许可', '8aa0bef8446c32a301446c409a950002', to_date('16-11-2017 15:57:34', 'dd-mm-yyyy hh24:mi:ss'), null, null, 1, null, '0', '7', 5, '行政许可信用信息作出决定后上网公示的信息','0');
insert into DP_LOGIC_TABLE_TEMPLATE (id, code, name, create_id, create_time, update_id, update_time, ds_type, mapped_code, task_period, data_category, days, table_desc,person_Type)
values ('402894c05fc3cae6015fc3f9eeec0027', 'SGS_XZCF', '双公示行政处罚', '8aa0bef8446c32a301446c409a950002', to_date('16-11-2017 16:37:37', 'dd-mm-yyyy hh24:mi:ss'), null, null, 1, null, '0', '6', 5, '行政处罚信用信息作出决定后上网公示的信息','0');
commit;

insert into DP_LOGIC_COLUMN_TEMPLATE (id, logic_table_id, code, name, column_type, column_length, mapped_code, is_core, is_nullable, is_repeat, is_update, is_search, required_group, postil, field_sort)
values ('402894c05fc3cae6015fc3e001cb0007', '402894c05fc3cae6015fc3d544f00004', 'XK_WSH', '行政许可决定书文号', 'VARCHAR2', 128, null, 0, 0, 0, 0, 0, null, '（必填）' || chr(10) || '如前置许可无决定文书号,此处填文字“空”', 0);
insert into DP_LOGIC_COLUMN_TEMPLATE (id, logic_table_id, code, name, column_type, column_length, mapped_code, is_core, is_nullable, is_repeat, is_update, is_search, required_group, postil, field_sort)
values ('402894c05fc3cae6015fc3e001d30008', '402894c05fc3cae6015fc3d544f00004', 'XK_XMMC', '项目名称', 'VARCHAR2', 256, null, 0, 0, 0, 0, 0, null, '1、必填项校检', 1);
insert into DP_LOGIC_COLUMN_TEMPLATE (id, logic_table_id, code, name, column_type, column_length, mapped_code, is_core, is_nullable, is_repeat, is_update, is_search, required_group, postil, field_sort)
values ('402894c05fc3cae6015fc3e001d50009', '402894c05fc3cae6015fc3d544f00004', 'XK_BM', '行政许可编码', 'VARCHAR2', 40, null, 0, 0, 0, 0, 0, null, '参考省权利清单中行政权力编码进行填写' || chr(10) || '1、必填项校检', 2);
insert into DP_LOGIC_COLUMN_TEMPLATE (id, logic_table_id, code, name, column_type, column_length, mapped_code, is_core, is_nullable, is_repeat, is_update, is_search, required_group, postil, field_sort)
values ('402894c05fc3cae6015fc3e001d7000a', '402894c05fc3cae6015fc3d544f00004', 'XK_SPLB', '审批类别', 'VARCHAR2', 16, null, 0, 0, 0, 0, 0, null, '（必填）' || chr(10) || '普通、特许、认可、核准、登记、其他（需注明）' || chr(10) || '1、检查是否在给定的审批类别范围内', 3);
insert into DP_LOGIC_COLUMN_TEMPLATE (id, logic_table_id, code, name, column_type, column_length, mapped_code, is_core, is_nullable, is_repeat, is_update, is_search, required_group, postil, field_sort)
values ('402894c05fc3cae6015fc3e001d9000b', '402894c05fc3cae6015fc3d544f00004', 'XK_NR', '许可内容', 'VARCHAR2', 2048, null, 0, 0, 0, 0, 0, null, '（必填）' || chr(10) || '行政许可的详细内容', 4);
insert into DP_LOGIC_COLUMN_TEMPLATE (id, logic_table_id, code, name, column_type, column_length, mapped_code, is_core, is_nullable, is_repeat, is_update, is_search, required_group, postil, field_sort)
values ('402894c05fc3cae6015fc3e001de000c', '402894c05fc3cae6015fc3d544f00004', 'XK_XDR', '行政相对人名称', 'VARCHAR2', 256, null, 0, 0, 0, 0, 0, null, '1、必填项校检', 5);
insert into DP_LOGIC_COLUMN_TEMPLATE (id, logic_table_id, code, name, column_type, column_length, mapped_code, is_core, is_nullable, is_repeat, is_update, is_search, required_group, postil, field_sort)
values ('402894c05fc3cae6015fc3e001e1000d', '402894c05fc3cae6015fc3d544f00004', 'XK_XDR_SHXYM', '行政相对人代码_1(统一社会信用代码)', 'VARCHAR2', 64, null, 0, 0, 0, 0, 0, '1', '自然人此项空白,如行政相对人代码_2(组织机构代码)、行政相对人代码_3(工商登记码)、行政相对人代码_4(税务登记号)均无则必填' || chr(10) || '1、如果填写，检查是否符合统一社会信用代码规则', 6);
insert into DP_LOGIC_COLUMN_TEMPLATE (id, logic_table_id, code, name, column_type, column_length, mapped_code, is_core, is_nullable, is_repeat, is_update, is_search, required_group, postil, field_sort)
values ('402894c05fc3cae6015fc3e001e5000e', '402894c05fc3cae6015fc3d544f00004', 'XK_XDR_ZDM', '行政相对人代码_2(组织机构代码)', 'VARCHAR2', 64, null, 0, 0, 0, 0, 0, '1', '非自然人时为选填项（行政相对人代码_2(组织机构代码)、行政相对人代码_3(工商登记码)、行政相对人代码_4(税务登记号)三项中必填一项）' || chr(10) || '自然人此项空白' || chr(10) || '1、如果填写，检查是否符合组织机构代码规则。', 7);
insert into DP_LOGIC_COLUMN_TEMPLATE (id, logic_table_id, code, name, column_type, column_length, mapped_code, is_core, is_nullable, is_repeat, is_update, is_search, required_group, postil, field_sort)
values ('402894c05fc3cae6015fc3e001e8000f', '402894c05fc3cae6015fc3d544f00004', 'XK_XDR_GSDJ', '行政相对人代码_3(工商登记码)', 'VARCHAR2', 64, null, 0, 0, 0, 0, 0, '1', '非自然人时为选填项（行政相对人代码_2(组织机构代码)、行政相对人代码_3(工商登记码)、行政相对人代码_4(税务登记号)三项中必填一项）' || chr(10) || '自然人此项空白' || chr(10) || '1、如果填写，检查是否符合工商注册号规则。', 8);
insert into DP_LOGIC_COLUMN_TEMPLATE (id, logic_table_id, code, name, column_type, column_length, mapped_code, is_core, is_nullable, is_repeat, is_update, is_search, required_group, postil, field_sort)
values ('402894c05fc3cae6015fc3e001ea0010', '402894c05fc3cae6015fc3d544f00004', 'XK_XDR_SWDJ', '行政相对人代码_4(税务登记号)', 'VARCHAR2', 64, null, 0, 0, 0, 0, 0, '1', '非自然人时为选填项（行政相对人代码_2(组织机构代码)、行政相对人代码_3(工商登记码)、行政相对人代码_4(税务登记号)三项中必填一项）' || chr(10) || '自然人此项空白' || chr(10) || '1、如果填写，检查是否符合纳税人识别号校验规则', 9);
insert into DP_LOGIC_COLUMN_TEMPLATE (id, logic_table_id, code, name, column_type, column_length, mapped_code, is_core, is_nullable, is_repeat, is_update, is_search, required_group, postil, field_sort)
values ('402894c05fc3cae6015fc3e001eb0011', '402894c05fc3cae6015fc3d544f00004', 'XK_XDR_SFZ', '行政相对人代码_5(居民身份证号)', 'VARCHAR2', 64, null, 0, 0, 0, 0, 0, '1', '为非自然人时为填法定代表人身份证；为自然人时填行政相对人身份证；如外籍人员，须填写护照号，并在备注中注明证件类型' || chr(10) || '（对外公示时将隐去部分证件号码）' || chr(10) || '1、如果填写，检查是否符合身份证件号码校验规则', 10);
insert into DP_LOGIC_COLUMN_TEMPLATE (id, logic_table_id, code, name, column_type, column_length, mapped_code, is_core, is_nullable, is_repeat, is_update, is_search, required_group, postil, field_sort)
values ('402894c05fc3cae6015fc3e001ee0012', '402894c05fc3cae6015fc3d544f00004', 'XK_FR', '法定代表人姓名', 'VARCHAR2', 256, null, 0, 1, 0, 0, 0, null, null, 11);
insert into DP_LOGIC_COLUMN_TEMPLATE (id, logic_table_id, code, name, column_type, column_length, mapped_code, is_core, is_nullable, is_repeat, is_update, is_search, required_group, postil, field_sort)
values ('402894c05fc3cae6015fc3e5c1aa0016', '402894c05fc3cae6015fc3d544f00004', 'XK_JDRQ', '许可决定日期', 'VARCHAR2', 200, null, 0, 0, 0, 0, 0, null, '（必填）' || chr(10) || '1、日期格式校验,如文本格式为:YYYY/MM/DD。' || chr(10) || '2、许可决定日期 不可超过当前数据报送日期（报送系统所在服务器当时时间）', 12);
insert into DP_LOGIC_COLUMN_TEMPLATE (id, logic_table_id, code, name, column_type, column_length, mapped_code, is_core, is_nullable, is_repeat, is_update, is_search, required_group, postil, field_sort)
values ('402894c05fc3cae6015fc3e5c1ad0017', '402894c05fc3cae6015fc3d544f00004', 'XK_JZQ', '许可截止期', 'VARCHAR2', 200, null, 0, 1, 0, 0, 0, null, '（选填）' || chr(10) || '1、如果填写，必须符合日期格式要求,如文本格式为:YYYY/MM/DD,2099/12/31含义为长期。' || chr(10) || '2、如果填写，许可截止期要不小于许可决定日期', 13);
insert into DP_LOGIC_COLUMN_TEMPLATE (id, logic_table_id, code, name, column_type, column_length, mapped_code, is_core, is_nullable, is_repeat, is_update, is_search, required_group, postil, field_sort)
values ('402894c05fc3cae6015fc3e5c1af0018', '402894c05fc3cae6015fc3d544f00004', 'XK_XZJG', '许可机关', 'VARCHAR2', 64, null, 0, 0, 0, 0, 0, null, '（必填）' || chr(10) || '作出许可行为的批准机关名称（全名）', 14);
insert into DP_LOGIC_COLUMN_TEMPLATE (id, logic_table_id, code, name, column_type, column_length, mapped_code, is_core, is_nullable, is_repeat, is_update, is_search, required_group, postil, field_sort)
values ('402894c05fc3cae6015fc3e5c1b10019', '402894c05fc3cae6015fc3d544f00004', 'XK_ZT', '当前状态', 'VARCHAR2', 1, null, 0, 0, 0, 0, 0, null, '（必填）' || chr(10) || '0=正常（或空白）；1=撤销；2=异议；3=其他（备注说明）' || chr(10) || '1、校检当前状态是否在备注要求的范围内,即只能填写0或1或2或3（只能填写其中一个数字）', 15);
insert into DP_LOGIC_COLUMN_TEMPLATE (id, logic_table_id, code, name, column_type, column_length, mapped_code, is_core, is_nullable, is_repeat, is_update, is_search, required_group, postil, field_sort)
values ('402894c05fc3cae6015fc3e5c1b4001a', '402894c05fc3cae6015fc3d544f00004', 'DFBM', '地方编码', 'VARCHAR2', 6, null, 0, 0, 0, 0, 0, null, '根据国家行政区划编码' || chr(10) || '1、必填项校检', 16);
insert into DP_LOGIC_COLUMN_TEMPLATE (id, logic_table_id, code, name, column_type, column_length, mapped_code, is_core, is_nullable, is_repeat, is_update, is_search, required_group, postil, field_sort)
values ('402894c05fc3cae6015fc3e5c1b6001b', '402894c05fc3cae6015fc3d544f00004', 'SJC', '数据更新时间戳', 'VARCHAR2', 200, null, 0, 0, 0, 0, 0, null, '数据归集的时间（戳），为数据上报部门归集到数据源单位的日期' || chr(10) || '1、必填项校检' || chr(10) || '2、日期格式校检,文本格式为:YYYY/MM/DD' || chr(10) || '3、数据更新时间戳不可小于许可决定日期' || chr(10) || '4、数据更新时间戳不可大于当前数据报送日期（报送系统所在服务器当时时间）', 17);
insert into DP_LOGIC_COLUMN_TEMPLATE (id, logic_table_id, code, name, column_type, column_length, mapped_code, is_core, is_nullable, is_repeat, is_update, is_search, required_group, postil, field_sort)
values ('402894c05fc3cae6015fc3e5c1b9001c', '402894c05fc3cae6015fc3d544f00004', 'BZ', '备注', 'VARCHAR2', 4000, null, 0, 1, 0, 0, 0, null, null, 18);
insert into DP_LOGIC_COLUMN_TEMPLATE (id, logic_table_id, code, name, column_type, column_length, mapped_code, is_core, is_nullable, is_repeat, is_update, is_search, required_group, postil, field_sort)
values ('402894c05fc3cae6015fc3e5c1be001d', '402894c05fc3cae6015fc3d544f00004', 'XK_SYFW', '信息使用范围', 'VARCHAR2', 1, null, 0, 1, 0, 0, 0, null, '（选填）' || chr(10) || '0.公示；1.仅政府部门内部共享；2.仅可授权查询；不填写默认为0' || chr(10) || '如果填写，只能填写0或1或2（只能填写其中一个数字）', 19);
insert into DP_LOGIC_COLUMN_TEMPLATE (id, logic_table_id, code, name, column_type, column_length, mapped_code, is_core, is_nullable, is_repeat, is_update, is_search, required_group, postil, field_sort)
values ('402894c05fc3cae6015fc40586a1002a', '402894c05fc3cae6015fc3f9eeec0027', 'CF_WSH', '行政处罚决定书文号', 'VARCHAR2', 128, null, 0, 0, 0, 0, 0, null, '1、必填项校检', 0);
insert into DP_LOGIC_COLUMN_TEMPLATE (id, logic_table_id, code, name, column_type, column_length, mapped_code, is_core, is_nullable, is_repeat, is_update, is_search, required_group, postil, field_sort)
values ('402894c05fc3cae6015fc40586a3002b', '402894c05fc3cae6015fc3f9eeec0027', 'CF_CFMC', '处罚名称', 'VARCHAR2', 256, null, 0, 0, 0, 0, 0, null, '1、必填项校检', 1);
insert into DP_LOGIC_COLUMN_TEMPLATE (id, logic_table_id, code, name, column_type, column_length, mapped_code, is_core, is_nullable, is_repeat, is_update, is_search, required_group, postil, field_sort)
values ('402894c05fc3cae6015fc40586a6002c', '402894c05fc3cae6015fc3f9eeec0027', 'CF_BM', '行政处罚编码', 'VARCHAR2', 40, null, 0, 0, 0, 0, 0, null, '参考省权利清单中行政处罚编码进行填写' || chr(10) || '1、必填项校检', 2);
insert into DP_LOGIC_COLUMN_TEMPLATE (id, logic_table_id, code, name, column_type, column_length, mapped_code, is_core, is_nullable, is_repeat, is_update, is_search, required_group, postil, field_sort)
values ('402894c05fc3cae6015fc40586a9002d', '402894c05fc3cae6015fc3f9eeec0027', 'CF_CFLB1', '处罚类别1', 'VARCHAR2', 36, null, 0, 0, 0, 0, 0, null, '（必填）' || chr(10) || '包括：警告；罚款；没收违法所得、没收非法财物；责令停产停业；暂扣或者吊销许可证、暂扣或者吊销执照；行政拘留；其他（需注明）' || chr(10) || '1、检查处罚类别1是否在备注要求的范围内。即只能填写警告或罚款或没收违法所得、没收非法财物或责令停产停业或暂扣或者吊销许可证、暂扣或者吊销', 3);
insert into DP_LOGIC_COLUMN_TEMPLATE (id, logic_table_id, code, name, column_type, column_length, mapped_code, is_core, is_nullable, is_repeat, is_update, is_search, required_group, postil, field_sort)
values ('402894c05fc3cae6015fc40586ac002e', '402894c05fc3cae6015fc3f9eeec0027', 'CF_CFLB2', '处罚类别2', 'VARCHAR2', 36, null, 0, 1, 0, 0, 0, null, '（选填）' || chr(10) || '包括：警告；罚款；没收违法所得、没收非法财物；责令停产停业；暂扣或者吊销许可证、暂扣或者吊销执照；行政拘留；其他（需注明）' || chr(10) || '（如3项及以上处罚类别，可在[处罚类别2]中填写）', 4);
insert into DP_LOGIC_COLUMN_TEMPLATE (id, logic_table_id, code, name, column_type, column_length, mapped_code, is_core, is_nullable, is_repeat, is_update, is_search, required_group, postil, field_sort)
values ('402894c05fc3cae6015fc40586ae002f', '402894c05fc3cae6015fc3f9eeec0027', 'CF_SY', '处罚事由', 'VARCHAR2', 2048, null, 0, 0, 0, 0, 0, null, '1、必填项校检', 5);
insert into DP_LOGIC_COLUMN_TEMPLATE (id, logic_table_id, code, name, column_type, column_length, mapped_code, is_core, is_nullable, is_repeat, is_update, is_search, required_group, postil, field_sort)
values ('402894c05fc3cae6015fc40586b20030', '402894c05fc3cae6015fc3f9eeec0027', 'CF_YJ', '处罚依据', 'VARCHAR2', 2048, null, 0, 0, 0, 0, 0, null, '1、必填项校检', 6);
insert into DP_LOGIC_COLUMN_TEMPLATE (id, logic_table_id, code, name, column_type, column_length, mapped_code, is_core, is_nullable, is_repeat, is_update, is_search, required_group, postil, field_sort)
values ('402894c05fc3cae6015fc40586b40031', '402894c05fc3cae6015fc3f9eeec0027', 'CF_XDR_MC', '行政相对人名称', 'VARCHAR2', 128, null, 0, 0, 0, 0, 0, null, '1、必填项校检', 7);
insert into DP_LOGIC_COLUMN_TEMPLATE (id, logic_table_id, code, name, column_type, column_length, mapped_code, is_core, is_nullable, is_repeat, is_update, is_search, required_group, postil, field_sort)
values ('402894c05fc3cae6015fc40586b70032', '402894c05fc3cae6015fc3f9eeec0027', 'CF_XDR_SHXYM', '行政相对人代码_1(统一社会信用代码)', 'VARCHAR2', 64, null, 0, 0, 0, 0, 0, '1', '自然人此项空白' || chr(10) || '如行政相对人代码_2(组织机构代码)、行政相对人代码_3(工商登记码)、行政相对人代码_4(税务登记号)均无则必填' || chr(10) || '1、如果填写，检查是否符合统一社会信用代码规则', 8);
insert into DP_LOGIC_COLUMN_TEMPLATE (id, logic_table_id, code, name, column_type, column_length, mapped_code, is_core, is_nullable, is_repeat, is_update, is_search, required_group, postil, field_sort)
values ('402894c05fc3cae6015fc40586ba0033', '402894c05fc3cae6015fc3f9eeec0027', 'CF_XDR_ZDM', '行政相对人代码_2(组织机构代码)', 'VARCHAR2', 64, null, 0, 0, 0, 0, 0, '1', '非自然人时为选填项（行政相对人代码_2(组织机构代码)、行政相对人代码_3(工商登记码)、行政相对人代码_4(税务登记号)三项中必填一项）' || chr(10) || '自然人此项空白' || chr(10) || '1、如果填写，检查是否符合组织机构代码规则。', 9);
insert into DP_LOGIC_COLUMN_TEMPLATE (id, logic_table_id, code, name, column_type, column_length, mapped_code, is_core, is_nullable, is_repeat, is_update, is_search, required_group, postil, field_sort)
values ('402894c05fc3cae6015fc407eae20036', '402894c05fc3cae6015fc3f9eeec0027', 'CF_XDR_GSDJ', '行政相对人代码_3(工商登记码)', 'VARCHAR2', 64, null, 0, 0, 0, 0, 0, '1', '非自然人时为选填项（行政相对人代码_2(组织机构代码)、行政相对人代码_3(工商登记码)、行政相对人代码_4(税务登记号)三项中必填一项）' || chr(10) || '自然人此项空白' || chr(10) || '1、如果填写，检查是否符合工商注册号规则。', 10);
insert into DP_LOGIC_COLUMN_TEMPLATE (id, logic_table_id, code, name, column_type, column_length, mapped_code, is_core, is_nullable, is_repeat, is_update, is_search, required_group, postil, field_sort)
values ('402894c05fc3cae6015fc407eae40037', '402894c05fc3cae6015fc3f9eeec0027', 'CF_XDR_SWDJ', '行政相对人代码_4(税务登记号)', 'VARCHAR2', 64, null, 0, 0, 0, 0, 0, '1', '非自然人时为选填项（行政相对人代码_2(组织机构代码)、行政相对人代码_3(工商登记码)、行政相对人代码_4(税务登记号)三项中必填一项）' || chr(10) || '自然人此项空白' || chr(10) || '1、如果填写，检查是否符合纳税人识别号校验规则', 11);
insert into DP_LOGIC_COLUMN_TEMPLATE (id, logic_table_id, code, name, column_type, column_length, mapped_code, is_core, is_nullable, is_repeat, is_update, is_search, required_group, postil, field_sort)
values ('402894c05fc3cae6015fc407eaea0038', '402894c05fc3cae6015fc3f9eeec0027', 'CF_XDR_SFZ', '行政相对人代码_5(居民身份证号)', 'VARCHAR2', 64, null, 0, 0, 0, 0, 0, '1', '为非自然人时为填法定代表人身份证；为自然人时填行政相对人身份证；如外籍人员，须填写护照号，并在备注中注明证件类型。' || chr(10) || '（对外公示时将隐去部分证件号码）' || chr(10) || '1、如果填写，检查是否符合身份证件号码校验规则', 12);
insert into DP_LOGIC_COLUMN_TEMPLATE (id, logic_table_id, code, name, column_type, column_length, mapped_code, is_core, is_nullable, is_repeat, is_update, is_search, required_group, postil, field_sort)
values ('402894c05fc3cae6015fc40d9237003b', '402894c05fc3cae6015fc3f9eeec0027', 'CF_FR', '法定代表人姓名', 'VARCHAR2', 256, null, 0, 1, 0, 0, 0, null, '行政相对人为非自然人时为必填项，为自然人时此项空白', 13);
insert into DP_LOGIC_COLUMN_TEMPLATE (id, logic_table_id, code, name, column_type, column_length, mapped_code, is_core, is_nullable, is_repeat, is_update, is_search, required_group, postil, field_sort)
values ('402894c05fc3cae6015fc40d9239003c', '402894c05fc3cae6015fc3f9eeec0027', 'CF_JG', '处罚结果', 'VARCHAR2', 2048, null, 0, 0, 0, 0, 0, null, '1、必填项校检', 14);
insert into DP_LOGIC_COLUMN_TEMPLATE (id, logic_table_id, code, name, column_type, column_length, mapped_code, is_core, is_nullable, is_repeat, is_update, is_search, required_group, postil, field_sort)
values ('402894c05fc3cae6015fc40d923b003d', '402894c05fc3cae6015fc3f9eeec0027', 'CF_JDRQ', '处罚决定日期', 'VARCHAR2', 200, null, 0, 0, 0, 0, 0, null, '1、必填项校检' || chr(10) || '2、日期格式校检，如文本格式为:YYYY/MM/DD' || chr(10) || '3、处罚决定日期 不可超过当前数据报送日期（报送系统所在服务器当时时间）', 15);
insert into DP_LOGIC_COLUMN_TEMPLATE (id, logic_table_id, code, name, column_type, column_length, mapped_code, is_core, is_nullable, is_repeat, is_update, is_search, required_group, postil, field_sort)
values ('402894c05fc3cae6015fc40d923d003e', '402894c05fc3cae6015fc3f9eeec0027', 'CF_XZJG', '处罚机关', 'VARCHAR2', 64, null, 0, 0, 0, 0, 0, null, '（必填）' || chr(10) || '作出行政处罚决定机关名称（全名）', 16);
insert into DP_LOGIC_COLUMN_TEMPLATE (id, logic_table_id, code, name, column_type, column_length, mapped_code, is_core, is_nullable, is_repeat, is_update, is_search, required_group, postil, field_sort)
values ('402894c05fc3cae6015fc40d923f003f', '402894c05fc3cae6015fc3f9eeec0027', 'CF_ZT', '当前状态', 'VARCHAR2', 1, null, 0, 0, 0, 0, 0, null, '（必填）' || chr(10) || '0=正常（或空白）；1=撤销；2=异议；3=其他（备注说明）' || chr(10) || '1、校检当前状态是否在备注要求的范围内。即只能填写0或1或2或3（只能填写其中一个数字）', 17);
insert into DP_LOGIC_COLUMN_TEMPLATE (id, logic_table_id, code, name, column_type, column_length, mapped_code, is_core, is_nullable, is_repeat, is_update, is_search, required_group, postil, field_sort)
values ('402894c05fc3cae6015fc40d92410040', '402894c05fc3cae6015fc3f9eeec0027', 'DFBM', '地方编码', 'VARCHAR2', 6, null, 0, 0, 0, 0, 0, null, '（必填）' || chr(10) || '根据国家行政区划编码', 18);
insert into DP_LOGIC_COLUMN_TEMPLATE (id, logic_table_id, code, name, column_type, column_length, mapped_code, is_core, is_nullable, is_repeat, is_update, is_search, required_group, postil, field_sort)
values ('402894c05fc3cae6015fc40d92430041', '402894c05fc3cae6015fc3f9eeec0027', 'SJC', '数据更新时间戳', 'VARCHAR2', 200, null, 0, 0, 0, 0, 0, null, '数据归集的时间（戳），为数据上报部门归集到的数据源单位的日期' || chr(10) || '1、必填项校检' || chr(10) || '2、日期格式校检，如文本格式为:YYYY/MM/DD' || chr(10) || '3、数据更新时间戳不可小于处罚决定日期' || chr(10) || '4、数据更新时间戳不可大于当前数据报送日期（报送系统所在服务器当时时间）', 19);
insert into DP_LOGIC_COLUMN_TEMPLATE (id, logic_table_id, code, name, column_type, column_length, mapped_code, is_core, is_nullable, is_repeat, is_update, is_search, required_group, postil, field_sort)
values ('402894c05fc3cae6015fc40d92480042', '402894c05fc3cae6015fc3f9eeec0027', 'BZ', '备注', 'VARCHAR2', 4000, null, 0, 1, 0, 0, 0, null, null, 20);
insert into DP_LOGIC_COLUMN_TEMPLATE (id, logic_table_id, code, name, column_type, column_length, mapped_code, is_core, is_nullable, is_repeat, is_update, is_search, required_group, postil, field_sort)
values ('402894c05fc3cae6015fc40d924a0043', '402894c05fc3cae6015fc3f9eeec0027', 'CF_SYFW', '信息使用范围', 'VARCHAR2', 1, null, 0, 1, 0, 0, 0, null, '（选填）' || chr(10) || '0.公示；1.仅政府部门内部共享；2.仅可授权查询。不填写默认为0' || chr(10) || '1、如果填写，只能填写0或1或2（只能填写其中一个数字）', 21);
insert into DP_LOGIC_COLUMN_TEMPLATE (id, logic_table_id, code, name, column_type, column_length, mapped_code, is_core, is_nullable, is_repeat, is_update, is_search, required_group, postil, field_sort)
values ('402894c05fc3cae6015fc40d924c0044', '402894c05fc3cae6015fc3f9eeec0027', 'CF_SXYZCD', '失信严重程度', 'VARCHAR2', 1, null, 0, 1, 0, 0, 0, null, '（选填）' || chr(10) || '0.未定；1.一般；2.较重；3.严重' || chr(10) || '1、如果填写，，只能填写0或1或2或3（只能填写其中一个数字）', 22);
insert into DP_LOGIC_COLUMN_TEMPLATE (id, logic_table_id, code, name, column_type, column_length, mapped_code, is_core, is_nullable, is_repeat, is_update, is_search, required_group, postil, field_sort)
values ('402894c05fc3cae6015fc40d924e0045', '402894c05fc3cae6015fc3f9eeec0027', 'CF_GSJZQ', '公示截止期', 'VARCHAR2', 200, null, 0, 1, 0, 0, 0, null, '（选填）' || chr(10) || '填写公示的截止日期' || chr(10) || '1、如果填写，必须符合日期格式要求，如文本格式为:YYYY/MM/DD。' || chr(10) || '2、如果填写，公示截止期要不小于处罚决定日期', 23);
commit;

-- 目录配置改为征集目录管理
update sys_menu set menu_name='征集目录管理' where sys_menu_id='2c90c28158757420015875a8d3f20089';

-- 数据分类初始化脚本
insert into DP_LOGIC_CLASSIFY (ID, CLASSIFY_NAME, CLASSIFY_REMARK, CLASSIFY_SORT, PID, CREATE_USER, CREATE_TIME, UPDATE_USER, UPDATE_TIME)
values ('4028949f5eb861b4015eb8671e760004', '法人信用数据库', '法人信用数据库', 0, '0', '1', sysdate, null, null);

insert into DP_LOGIC_CLASSIFY (ID, CLASSIFY_NAME, CLASSIFY_REMARK, CLASSIFY_SORT, PID, CREATE_USER, CREATE_TIME, UPDATE_USER, UPDATE_TIME)
values ('4028949f5ebb9a81015ebba3894b0017', '自然人信用数据库', '自然人信用数据库', 1, '0', '1', sysdate, null, null);

insert into DP_LOGIC_CLASSIFY (ID, CLASSIFY_NAME, CLASSIFY_REMARK, CLASSIFY_SORT, PID, CREATE_USER, CREATE_TIME, UPDATE_USER, UPDATE_TIME)
values ('402894bf5fc7df63015fc80ae92100af', '非企业法人信用数据库', '非企业法人信用数据库', 2, '0', '1', sysdate, null, null);


----------------------------------------数据目录修改 end-----------------------------------------

-------------------------------------------- 法人变更信息start------------------------------------------
DROP TABLE YW_L_JGBGINFO CASCADE CONSTRAINTS;
DROP TABLE YW_L_DJGBGJILU CASCADE CONSTRAINTS;
DROP TABLE YW_L_GDBGJILU CASCADE CONSTRAINTS;
DROP TABLE YW_L_JGBGJILU CASCADE CONSTRAINTS;

--变更前后记录表
create table YW_L_JGBGINFO
(
  id        VARCHAR2(50) not null,
  bg_time   DATE,
  bg_item   VARCHAR2(150),
  bg_before VARCHAR2(4000),
  bg_after  VARCHAR2(4000),
  gszch     VARCHAR2(200),
  zzjgdm    VARCHAR2(200),
  tyshxydm  VARCHAR2(200)
);

comment on table YW_L_JGBGINFO
  is '机构变更信息表';
comment on column YW_L_JGBGINFO.id
  is '主键';
comment on column YW_L_JGBGINFO.bg_time
  is '变更时间';
comment on column YW_L_JGBGINFO.bg_item
  is '变更项目';
comment on column YW_L_JGBGINFO.bg_before
  is '变更前';
comment on column YW_L_JGBGINFO.bg_after
  is '变更后';
comment on column YW_L_JGBGINFO.gszch
  is '工商注册号';
comment on column YW_L_JGBGINFO.zzjgdm
  is '组织机构代码';
comment on column YW_L_JGBGINFO.tyshxydm
  is '统一社会信用代码';
 
--董监高变更记录表
create table YW_L_DJGBGJILU
(
  id          VARCHAR2(50) not null,
  status      VARCHAR2(2) default 0 not null,
  source      VARCHAR2(2),
  create_time DATE,
  create_user VARCHAR2(50),
  bmbm        VARCHAR2(50),
  bmmc        VARCHAR2(200),
  tgrq        VARCHAR2(200),
  rwbh        VARCHAR2(50),
  zzjgdm      VARCHAR2(200),
  jgqcyw      VARCHAR2(200),
  jgqc        VARCHAR2(200),
  gszch       VARCHAR2(200),
  tyshxydm    VARCHAR2(200),
  bz          VARCHAR2(500),
  xm          VARCHAR2(100),
  zjlx        VARCHAR2(100),
  zjhm        VARCHAR2(100),
  zwlx        VARCHAR2(100),
  gj          VARCHAR2(200),
  state       VARCHAR2(2),
  bghzrq      VARCHAR2(200)
);
comment on table YW_L_DJGBGJILU
  is '董监高变更记录表';
comment on column YW_L_DJGBGJILU.id
  is '主键';
comment on column YW_L_DJGBGJILU.status
  is '数据的状态（是否可用，是否变更过等）';
comment on column YW_L_DJGBGJILU.source
  is '数据来源';
comment on column YW_L_DJGBGJILU.create_time
  is '创建时间';
comment on column YW_L_DJGBGJILU.create_user
  is '创建人ID';
comment on column YW_L_DJGBGJILU.bmbm
  is '信息提供部门编码';
comment on column YW_L_DJGBGJILU.bmmc
  is '信息提供部门名称';
comment on column YW_L_DJGBGJILU.tgrq
  is '提供日期';
comment on column YW_L_DJGBGJILU.rwbh
  is '任务编号';
comment on column YW_L_DJGBGJILU.zzjgdm
  is '组织机构代码';
comment on column YW_L_DJGBGJILU.jgqcyw
  is '机构全称英文';
comment on column YW_L_DJGBGJILU.jgqc
  is '机构全称中文';
comment on column YW_L_DJGBGJILU.gszch
  is '工商注册号（单位注册号）';
comment on column YW_L_DJGBGJILU.tyshxydm
  is '统一社会信用代码';
comment on column YW_L_DJGBGJILU.bz
  is '备注';
comment on column YW_L_DJGBGJILU.xm
  is '姓名';
comment on column YW_L_DJGBGJILU.zjlx
  is '证件类型';
comment on column YW_L_DJGBGJILU.zjhm
  is '证件号码';
comment on column YW_L_DJGBGJILU.zwlx
  is '职务类型（级别）';
comment on column YW_L_DJGBGJILU.gj
  is '国籍';
comment on column YW_L_DJGBGJILU.state
  is '数据的状态()';
comment on column YW_L_DJGBGJILU.bghzrq
  is '（变更）核准日期';

-- 股东变更记录表
create table YW_L_GDBGJILU
(
  id          VARCHAR2(50) not null,
  status      VARCHAR2(2),
  source      VARCHAR2(2),
  create_time DATE,
  create_user VARCHAR2(50),
  bmbm        VARCHAR2(50),
  bmmc        VARCHAR2(200),
  tgrq        VARCHAR2(200),
  rwbh        VARCHAR2(50),
  zzjgdm      VARCHAR2(200),
  jgqcyw      VARCHAR2(200),
  jgqc        VARCHAR2(200),
  gszch       VARCHAR2(200),
  tyshxydm    VARCHAR2(200),
  bz          VARCHAR2(500),
  gdlx        VARCHAR2(200),
  gdmc        VARCHAR2(100),
  rjcz        NUMBER,
  sjcz        NUMBER,
  djjgmc      VARCHAR2(200),
  djrq        VARCHAR2(200),
  gsgqczzm    VARCHAR2(200),
  bgrq        VARCHAR2(200),
  state       VARCHAR2(2)
);
comment on table YW_L_GDBGJILU
  is '股东变更记录表';
comment on column YW_L_GDBGJILU.id
  is '主键';
comment on column YW_L_GDBGJILU.status
  is '数据的状态（记录是否是删除状态）';
comment on column YW_L_GDBGJILU.source
  is '数据来源';
comment on column YW_L_GDBGJILU.create_time
  is '创建时间';
comment on column YW_L_GDBGJILU.create_user
  is '创建人ID';
comment on column YW_L_GDBGJILU.bmbm
  is '信息提供部门编码';
comment on column YW_L_GDBGJILU.bmmc
  is '信息提供部门名称';
comment on column YW_L_GDBGJILU.tgrq
  is '提供日期';
comment on column YW_L_GDBGJILU.rwbh
  is '任务编号';
comment on column YW_L_GDBGJILU.zzjgdm
  is '组织机构代码';
comment on column YW_L_GDBGJILU.jgqcyw
  is '机构全称英文';
comment on column YW_L_GDBGJILU.jgqc
  is '机构全称中文';
comment on column YW_L_GDBGJILU.gszch
  is '工商注册号（单位注册号）';
comment on column YW_L_GDBGJILU.tyshxydm
  is '统一社会信用代码';
comment on column YW_L_GDBGJILU.bz
  is '备注';
comment on column YW_L_GDBGJILU.gdlx
  is '股东类型';
comment on column YW_L_GDBGJILU.gdmc
  is '股东名称';
comment on column YW_L_GDBGJILU.rjcz
  is '认缴出资（万元）';
comment on column YW_L_GDBGJILU.sjcz
  is '实缴出资（万元）';
comment on column YW_L_GDBGJILU.djjgmc
  is '登记机关名称';
comment on column YW_L_GDBGJILU.djrq
  is '登记日期';
comment on column YW_L_GDBGJILU.gsgqczzm
  is '公司股权出质证明';
comment on column YW_L_GDBGJILU.bgrq
  is '变更日期';
comment on column YW_L_GDBGJILU.state
  is '数据的状态（记录是否已被程序处理,0-未处理，1-已处理）';

-- 企业基本信息变更记录表
create table YW_L_JGBGJILU
(
  id          VARCHAR2(50) not null,
  status      VARCHAR2(2) default 0 not null,
  source      VARCHAR2(2),
  create_time DATE,
  create_user VARCHAR2(50),
  bmbm        VARCHAR2(50),
  bmmc        VARCHAR2(200),
  tgrq        DATE,
  rwbh        VARCHAR2(50),
  zzjgdm      VARCHAR2(200),
  jgqcyw      VARCHAR2(200),
  jgqc        VARCHAR2(200),
  gszch       VARCHAR2(200),
  tyshxydm    VARCHAR2(200),
  fddbrxm     VARCHAR2(500),
  fddbrzjlx   VARCHAR2(500),
  fddbrzjhm   VARCHAR2(500),
  zczj        NUMBER,
  jyfw        VARCHAR2(4000),
  qylxdm      VARCHAR2(200),
  qylxmc      VARCHAR2(200),
  sshymc      VARCHAR2(200),
  sshydm      VARCHAR2(200),
  qylxdm_new  VARCHAR2(200),
  qylxmc_new  VARCHAR2(200),
  sshymc_new  VARCHAR2(200),
  sshydm_new  VARCHAR2(200),
  jgdz        VARCHAR2(500),
  fzjgmc      VARCHAR2(200),
  fzrq        VARCHAR2(200),
  hzrq        VARCHAR2(200)
);
comment on table YW_L_JGBGJILU
  is '机构变更记录表';
comment on column YW_L_JGBGJILU.id
  is '主键';
comment on column YW_L_JGBGJILU.status
  is '数据的状态（是否可用，是否变更过等）';
comment on column YW_L_JGBGJILU.source
  is '数据来源';
comment on column YW_L_JGBGJILU.create_time
  is '创建时间';
comment on column YW_L_JGBGJILU.create_user
  is '创建人ID';
comment on column YW_L_JGBGJILU.bmbm
  is '信息提供部门编码';
comment on column YW_L_JGBGJILU.bmmc
  is '信息提供部门名称';
comment on column YW_L_JGBGJILU.tgrq
  is '提供日期';
comment on column YW_L_JGBGJILU.rwbh
  is '任务编号';
comment on column YW_L_JGBGJILU.zzjgdm
  is '组织机构代码';
comment on column YW_L_JGBGJILU.jgqcyw
  is '机构全称英文';
comment on column YW_L_JGBGJILU.jgqc
  is '机构全称中文';
comment on column YW_L_JGBGJILU.gszch
  is '工商注册号（单位注册号）';
comment on column YW_L_JGBGJILU.tyshxydm
  is '统一社会信用代码';
comment on column YW_L_JGBGJILU.fddbrxm
  is '法定代表人姓名';
comment on column YW_L_JGBGJILU.fddbrzjlx
  is '法定代表人证件名称（身份证、驾驶证等）';
comment on column YW_L_JGBGJILU.fddbrzjhm
  is '法定代表人证件号码（身份证、驾驶证等）';
comment on column YW_L_JGBGJILU.zczj
  is '注册（开办）资金（万元）';
comment on column YW_L_JGBGJILU.jyfw
  is '经营范围';
comment on column YW_L_JGBGJILU.qylxdm
  is '企业类型代码';
comment on column YW_L_JGBGJILU.qylxmc
  is '企业类型名称';
comment on column YW_L_JGBGJILU.sshymc
  is '所属行业名称';
comment on column YW_L_JGBGJILU.sshydm
  is '所属行业代码';
comment on column YW_L_JGBGJILU.jgdz
  is '机构地址（住所）';
comment on column YW_L_JGBGJILU.fzjgmc
  is '发证机关名称';
comment on column YW_L_JGBGJILU.fzrq
  is '发证日期';
comment on column YW_L_JGBGJILU.hzrq
  is '（变更）核准日期';
-------------------------------------------- 法人变更信息end------------------------------------------

commit;


-------------------------------------------- 公共指标初始化数据start------------------------------------------

insert into dp_logic_common_column (ID, CODE, NAME, COLUMN_TYPE, COLUMN_LENGTH, POSTIL, FIELD_SORT)
values ('2c9951815fc3f242015fc40b72d200a3', 'JGQC', '企业名称', 'VARCHAR2', 800, null, null);

insert into dp_logic_common_column (ID, CODE, NAME, COLUMN_TYPE, COLUMN_LENGTH, POSTIL, FIELD_SORT)
values ('2c9951815fc3f242015fc40b5264009f', 'TYSHXYDM', '统一社会信用代码', 'VARCHAR2', 200, null, null);

insert into dp_logic_common_column (ID, CODE, NAME, COLUMN_TYPE, COLUMN_LENGTH, POSTIL, FIELD_SORT)
values ('2c9951815fc3f242015fc40b641300a1', 'ZZJGDM', '组织机构代码', 'VARCHAR2', 200, null, null);

insert into dp_logic_common_column (ID, CODE, NAME, COLUMN_TYPE, COLUMN_LENGTH, POSTIL, FIELD_SORT)
values ('2c9951815fc3f242015fc40b81df00a5', 'GSZCH', '工商注册号', 'VARCHAR2', 200, null, null);

insert into dp_logic_common_column (ID, CODE, NAME, COLUMN_TYPE, COLUMN_LENGTH, POSTIL, FIELD_SORT)
values ('2c9951815fc3f242015fc40b917400a7', 'XM', '姓名', 'VARCHAR2', 50, null, null);

insert into dp_logic_common_column (ID, CODE, NAME, COLUMN_TYPE, COLUMN_LENGTH, POSTIL, FIELD_SORT)
values ('2c9951815fc3f242015fc40b917f00a8', 'SFZH', '身份证号', 'VARCHAR2', 50, null, null);

commit;
-------------------------------------------- 公共指标初始化数据end------------------------------------------
--部门目录管理菜单及权限
insert into SYS_MENU (SYS_MENU_ID, PARENT_ID, MENU_NAME, MENU_URL, MENU_ICON, DISPLAY_ORDER)
values ('4028949f5e98de60015e98e65f260010', '2c90c281587574200158759d3ced0062', '部门目录管理', 'schema/grant/index.action', 'fa fa-circle-o', 2510);

insert into SYS_PRIVILEGE (SYS_PRIVILEGE_ID, SYS_MENU_ID, PRIVILEGE_CODE, PRIVILEGE_NAME, DESCRIPTION, USERS_COUNT, ROLES_COUNT, ALL_USERS_COUNT, DISPLAY_ORDER)
values ('4028949f5e98de60015e98e78af00013', '4028949f5e98de60015e98e65f260010', 'schema.grant.list', '部门目录管理', '部门目录管理', null, null, null, null);

insert into SYS_ROLE_TO_PRIVILEGE (SYS_ROLE_ID, SYS_PRIVILEGE_ID)
values ('2c90c28158761b550158762482b50015', '4028949f5e98de60015e98e78af00013');

insert into SYS_ROLE_TO_PRIVILEGE (SYS_ROLE_ID, SYS_PRIVILEGE_ID)
values ('8aa0bef544713ca60144713d364a0000', '4028949f5e98de60015e98e78af00013');
COMMIT;
--审查报告模板菜单及权限
insert into sys_menu (SYS_MENU_ID, PARENT_ID, MENU_NAME, MENU_URL, MENU_ICON, DISPLAY_ORDER)
values ('2c99d6815fc27449015fc28441e60021', '2c90c281587574200158759e26350068', '审查报告模板', 'creditTemplate/creditTemplateSC.action', 'fa fa-circle-o', 3001);
insert into sys_privilege (SYS_PRIVILEGE_ID, SYS_MENU_ID, PRIVILEGE_CODE, PRIVILEGE_NAME, DESCRIPTION, USERS_COUNT, ROLES_COUNT, ALL_USERS_COUNT, DISPLAY_ORDER)
values ('2c99d6815fc27449015fc28646230026', '2c99d6815fc27449015fc28441e60021', 'sc.theme.zsgc', '审查报告增删改查', null, null, null, null, null);
insert into sys_role_to_privilege (SYS_ROLE_ID, SYS_PRIVILEGE_ID)
values ('8aa0bef544713ca60144713d364a0000', '2c99d6815fc27449015fc28646230026');
insert into sys_role_to_privilege (SYS_ROLE_ID, SYS_PRIVILEGE_ID)
values ('2c90c28158761b550158762482b50015', '2c99d6815fc27449015fc28646230026');
COMMIT;
--模板用途字典项
insert into sys_dictionary (ID, GROUP_ID, DICT_KEY, DICT_VALUE, DICT_ORDER)
values ('2c99d6815fc27449015fc294cd5d0034', '4028947e54c324900154c3715a2f001d', '1', '信用审查', null);
COMMIT;

--添加法人信用审查初始资源
insert into DZ_THEME (ID, PARENT_ID, TYPE, TYPE_NAME, DATA_SOURCE, DATA_TABLE, STATUS, CREATE_TIME, ZYYT, DISPLAY_ORDER)
values ('ROOT_7', 'ROOT', '0', '法人信用审查', null, null, '1', sysdate, '7', null);

insert into DZ_THEME (ID, PARENT_ID, TYPE, TYPE_NAME, DATA_SOURCE, DATA_TABLE, STATUS, CREATE_TIME, ZYYT, DISPLAY_ORDER)
values ('2c99d6815fc2af5b015fc2bda539002f', 'ROOT_7', '1', '失信信息', null, null, '1', sysdate, '7', 1);

insert into DZ_THEME (ID, PARENT_ID, TYPE, TYPE_NAME, DATA_SOURCE, DATA_TABLE, STATUS, CREATE_TIME, ZYYT, DISPLAY_ORDER)
values ('2c99d6815fc2cc10015fc37a54670076', '2c99d6815fc2af5b015fc2bda539002f', '2', '行政处罚', 'jdbcTemplate', 'YW_L_SGSXZCF', '1', sysdate, '7', 1);

insert into DZ_THEME (ID, PARENT_ID, TYPE, TYPE_NAME, DATA_SOURCE, DATA_TABLE, STATUS, CREATE_TIME, ZYYT, DISPLAY_ORDER)
values ('2c99d6815fc2cc10015fc378cbd5006c', 'ROOT_7', '1', '许可资质信息', null, null, '1', sysdate, '7', 2);

insert into DZ_THEME (ID, PARENT_ID, TYPE, TYPE_NAME, DATA_SOURCE, DATA_TABLE, STATUS, CREATE_TIME, ZYYT, DISPLAY_ORDER)
values ('2c99d6815fc2cc10015fc37b1f170078', '2c99d6815fc2cc10015fc378cbd5006c', '2', '行政许可登记变更', 'jdbcTemplate', 'YW_L_XZXKDJBG', '1', sysdate, '7', 1);

insert into DZ_THEME (ID, PARENT_ID, TYPE, TYPE_NAME, DATA_SOURCE, DATA_TABLE, STATUS, CREATE_TIME, ZYYT, DISPLAY_ORDER)
values ('2c99d6815fc2cc10015fc37bd782007a', '2c99d6815fc2cc10015fc378cbd5006c', '2', '许可资质年检', 'jdbcTemplate', 'YW_L_XKZZNJ', '1', sysdate, '7', 2);

insert into DZ_THEME (ID, PARENT_ID, TYPE, TYPE_NAME, DATA_SOURCE, DATA_TABLE, STATUS, CREATE_TIME, ZYYT, DISPLAY_ORDER)
values ('2c99d6815fc2cc10015fc3790370006e', 'ROOT_7', '1', '履行约定', null, null, '1', sysdate, '7', 3);

insert into DZ_THEME (ID, PARENT_ID, TYPE, TYPE_NAME, DATA_SOURCE, DATA_TABLE, STATUS, CREATE_TIME, ZYYT, DISPLAY_ORDER)
values ('2c99d6815fc2cc10015fc37c8473007c', '2c99d6815fc2cc10015fc3790370006e', '2', '欠税信息', 'jdbcTemplate', 'YW_L_QS', '1', sysdate, '7', 1);

insert into DZ_THEME (ID, PARENT_ID, TYPE, TYPE_NAME, DATA_SOURCE, DATA_TABLE, STATUS, CREATE_TIME, ZYYT, DISPLAY_ORDER)
values ('2c99d6815fc2cc10015fc37931640070', 'ROOT_7', '1', '表彰荣誉', null, null, '1', sysdate, '7', 4);

insert into DZ_THEME (ID, PARENT_ID, TYPE, TYPE_NAME, DATA_SOURCE, DATA_TABLE, STATUS, CREATE_TIME, ZYYT, DISPLAY_ORDER)
values ('2c99d6815fc2cc10015fc37dc122007e', '2c99d6815fc2cc10015fc37931640070', '2', '表彰荣誉', 'jdbcTemplate', 'YW_L_QYBZRY', '1', sysdate, '7', 1);

insert into DZ_THEME (ID, PARENT_ID, TYPE, TYPE_NAME, DATA_SOURCE, DATA_TABLE, STATUS, CREATE_TIME, ZYYT, DISPLAY_ORDER)
values ('2c99d6815fc2cc10015fc3798df00072', 'ROOT_7', '1', '参保信息', null, null, '1', sysdate, '7', 5);

insert into DZ_THEME (ID, PARENT_ID, TYPE, TYPE_NAME, DATA_SOURCE, DATA_TABLE, STATUS, CREATE_TIME, ZYYT, DISPLAY_ORDER)
values ('2c99d6815fc2cc10015fc37e5ea00080', '2c99d6815fc2cc10015fc3798df00072', '2', '参保欠缴', 'jdbcTemplate', 'YW_L_QYCBQJ', '1', sysdate, '7', 1);

insert into DZ_THEME (ID, PARENT_ID, TYPE, TYPE_NAME, DATA_SOURCE, DATA_TABLE, STATUS, CREATE_TIME, ZYYT, DISPLAY_ORDER)
values ('2c99d6815fc2cc10015fc379e4b30074', 'ROOT_7', '1', '其他信息', null, null, '1', sysdate, '7', 6);

insert into DZ_THEME (ID, PARENT_ID, TYPE, TYPE_NAME, DATA_SOURCE, DATA_TABLE, STATUS, CREATE_TIME, ZYYT, DISPLAY_ORDER)
values ('2c99d6815fc2cc10015fc37fb8b10082', '2c99d6815fc2cc10015fc379e4b30074', '2', '法院判决', 'jdbcTemplate', 'YW_L_FYPJ', '1', sysdate, '7', 1);

insert into DZ_THEME (ID, PARENT_ID, TYPE, TYPE_NAME, DATA_SOURCE, DATA_TABLE, STATUS, CREATE_TIME, ZYYT, DISPLAY_ORDER)
values ('2c99d6815fc2cc10015fc3807b080084', '2c99d6815fc2cc10015fc379e4b30074', '2', '法人行业评定', 'jdbcTemplate', 'YW_L_FRHYPD', '1', sysdate, '7', 1);
COMMIT;

--添加法人信用审查初始资源字段
insert into dz_theme_column (ID, THEME_ID, COLUMN_NAME, COLUMN_COMMENTS, CREATE_TIME, COLUMN_ALIAS, DISPLAY_ORDER, DATA_ORDER)
values ('2c9951815e751bd1015e75265ea40162', '2c99d6815fc2cc10015fc37a54670076', 'AJMC', '处罚名称', sysdate, '处罚名称', 1, null);

insert into dz_theme_column (ID, THEME_ID, COLUMN_NAME, COLUMN_COMMENTS, CREATE_TIME, COLUMN_ALIAS, DISPLAY_ORDER, DATA_ORDER)
values ('2c9951815e751bd1015e75265ea40163', '2c99d6815fc2cc10015fc37a54670076', 'CFDJ', '处罚等级，失信严重程度（未定，一般、较重、严重）', sysdate, '处罚等级', 2, null);

insert into dz_theme_column (ID, THEME_ID, COLUMN_NAME, COLUMN_COMMENTS, CREATE_TIME, COLUMN_ALIAS, DISPLAY_ORDER, DATA_ORDER)
values ('2c9951815e751bd1015e75265ea40164', '2c99d6815fc2cc10015fc37a54670076', 'CFJDSWH', '行政处罚决定书文号', sysdate, '行政处罚决定书文号', 3, null);

insert into dz_theme_column (ID, THEME_ID, COLUMN_NAME, COLUMN_COMMENTS, CREATE_TIME, COLUMN_ALIAS, DISPLAY_ORDER, DATA_ORDER)
values ('2c9951815e751bd1015e75265ea40165', '2c99d6815fc2cc10015fc37a54670076', 'CFSY', '处罚事由（违法事实、案由）', sysdate, '处罚事由', 4, null);

insert into dz_theme_column (ID, THEME_ID, COLUMN_NAME, COLUMN_COMMENTS, CREATE_TIME, COLUMN_ALIAS, DISPLAY_ORDER, DATA_ORDER)
values ('2c9951815e751bd1015e75265ea40166', '2c99d6815fc2cc10015fc37a54670076', 'CFSXQ', '处罚生效期', sysdate, '处罚生效期', 5, null);

insert into dz_theme_column (ID, THEME_ID, COLUMN_NAME, COLUMN_COMMENTS, CREATE_TIME, COLUMN_ALIAS, DISPLAY_ORDER, DATA_ORDER)
values ('2c9951815e751bd1015e75265ea40167', '2c99d6815fc2cc10015fc37a54670076', 'CFYJ', '处罚依据', sysdate, '处罚依据', 6, null);

insert into dz_theme_column (ID, THEME_ID, COLUMN_NAME, COLUMN_COMMENTS, CREATE_TIME, COLUMN_ALIAS, DISPLAY_ORDER, DATA_ORDER)
values ('2c9951815e751bd1015e75265ea40168', '2c99d6815fc2cc10015fc37a54670076', 'CFZL', '处罚类别1', sysdate, '处罚类别', 7, null);

insert into dz_theme_column (ID, THEME_ID, COLUMN_NAME, COLUMN_COMMENTS, CREATE_TIME, COLUMN_ALIAS, DISPLAY_ORDER, DATA_ORDER)
values ('2c9951815e751bd1015e75265ea40169', '2c99d6815fc2cc10015fc37a54670076', 'CFJG', '处罚结果', sysdate, '处罚结果', 8, null);

insert into dz_theme_column (ID, THEME_ID, COLUMN_NAME, COLUMN_COMMENTS, CREATE_TIME, COLUMN_ALIAS, DISPLAY_ORDER, DATA_ORDER)
values ('2c9951815e751bd1015e75265ea4016a', '2c99d6815fc2cc10015fc37a54670076', 'DQZT', '0=正常（公示中），1=撤销（取消公示），2=异议，3=其他', sysdate, '当前状态', 9, null);

insert into dz_theme_column (ID, THEME_ID, COLUMN_NAME, COLUMN_COMMENTS, CREATE_TIME, COLUMN_ALIAS, DISPLAY_ORDER, DATA_ORDER)
values ('2c9951815e751bd1015e75265ea4016b', '2c99d6815fc2cc10015fc37a54670076', 'GSJZQ', '公示截止期', sysdate, '公示截止期', 10, null);

insert into dz_theme_column (ID, THEME_ID, COLUMN_NAME, COLUMN_COMMENTS, CREATE_TIME, COLUMN_ALIAS, DISPLAY_ORDER, DATA_ORDER)
values ('2c99d6815fc2cc10015fc381bfcb008b', '2c99d6815fc2cc10015fc37b1f170078', 'PZRQ', '批准日期', sysdate, '批准日期', null, null);

insert into dz_theme_column (ID, THEME_ID, COLUMN_NAME, COLUMN_COMMENTS, CREATE_TIME, COLUMN_ALIAS, DISPLAY_ORDER, DATA_ORDER)
values ('2c99d6815fc2cc10015fc381bfcb008c', '2c99d6815fc2cc10015fc37b1f170078', 'SPLB', '审批类别', sysdate, '审批类别', null, null);

insert into dz_theme_column (ID, THEME_ID, COLUMN_NAME, COLUMN_COMMENTS, CREATE_TIME, COLUMN_ALIAS, DISPLAY_ORDER, DATA_ORDER)
values ('2c99d6815fc2cc10015fc381bfcb008d', '2c99d6815fc2cc10015fc37b1f170078', 'XKNR', '许可内容（范围）', sysdate, '许可内容（范围）', null, null);

insert into dz_theme_column (ID, THEME_ID, COLUMN_NAME, COLUMN_COMMENTS, CREATE_TIME, COLUMN_ALIAS, DISPLAY_ORDER, DATA_ORDER)
values ('2c99d6815fc2cc10015fc381bfcb008e', '2c99d6815fc2cc10015fc37b1f170078', 'XKZBH', '许可证编号', sysdate, '许可证编号', null, null);

insert into dz_theme_column (ID, THEME_ID, COLUMN_NAME, COLUMN_COMMENTS, CREATE_TIME, COLUMN_ALIAS, DISPLAY_ORDER, DATA_ORDER)
values ('2c99d6815fc2cc10015fc381bfcb008f', '2c99d6815fc2cc10015fc37b1f170078', 'XKZMC', '许可证名称', sysdate, '许可证名称', null, null);

insert into dz_theme_column (ID, THEME_ID, COLUMN_NAME, COLUMN_COMMENTS, CREATE_TIME, COLUMN_ALIAS, DISPLAY_ORDER, DATA_ORDER)
values ('2c99d6815fc2cc10015fc382186c0091', '2c99d6815fc2cc10015fc37bd782007a', 'NJJG', '年检结果', sysdate, '年检结果', null, null);

insert into dz_theme_column (ID, THEME_ID, COLUMN_NAME, COLUMN_COMMENTS, CREATE_TIME, COLUMN_ALIAS, DISPLAY_ORDER, DATA_ORDER)
values ('2c99d6815fc2cc10015fc382186c0092', '2c99d6815fc2cc10015fc37bd782007a', 'NJND', '年检年度', sysdate, '年检年度', null, null);

insert into dz_theme_column (ID, THEME_ID, COLUMN_NAME, COLUMN_COMMENTS, CREATE_TIME, COLUMN_ALIAS, DISPLAY_ORDER, DATA_ORDER)
values ('2c99d6815fc2cc10015fc382186c0093', '2c99d6815fc2cc10015fc37bd782007a', 'NJRQ', '年检日期', sysdate, '年检日期', null, null);

insert into dz_theme_column (ID, THEME_ID, COLUMN_NAME, COLUMN_COMMENTS, CREATE_TIME, COLUMN_ALIAS, DISPLAY_ORDER, DATA_ORDER)
values ('2c99d6815fc2cc10015fc382186c0094', '2c99d6815fc2cc10015fc37bd782007a', 'NJSXMC', '年检事项名称', sysdate, '年检事项名称', null, null);

insert into dz_theme_column (ID, THEME_ID, COLUMN_NAME, COLUMN_COMMENTS, CREATE_TIME, COLUMN_ALIAS, DISPLAY_ORDER, DATA_ORDER)
values ('2c99d6815fc2cc10015fc382186c0095', '2c99d6815fc2cc10015fc37bd782007a', 'ZSBH', '证书编号', sysdate, '证书编号', null, null);

insert into dz_theme_column (ID, THEME_ID, COLUMN_NAME, COLUMN_COMMENTS, CREATE_TIME, COLUMN_ALIAS, DISPLAY_ORDER, DATA_ORDER)
values ('2c99d6815fc2cc10015fc382b0fe0097', '2c99d6815fc2cc10015fc37c8473007c', 'LJQSJE', '累计欠税金额合计', sysdate, '累计欠税金额合计', null, null);

insert into dz_theme_column (ID, THEME_ID, COLUMN_NAME, COLUMN_COMMENTS, CREATE_TIME, COLUMN_ALIAS, DISPLAY_ORDER, DATA_ORDER)
values ('2c99d6815fc2cc10015fc382b0fe0098', '2c99d6815fc2cc10015fc37c8473007c', 'NSRSBH', '纳税人识别号', sysdate, '纳税人识别号', null, null);

insert into dz_theme_column (ID, THEME_ID, COLUMN_NAME, COLUMN_COMMENTS, CREATE_TIME, COLUMN_ALIAS, DISPLAY_ORDER, DATA_ORDER)
values ('2c99d6815fc2cc10015fc382b0fe0099', '2c99d6815fc2cc10015fc37c8473007c', 'QSSZMC', '欠税税种名称', sysdate, '欠税税种名称', null, null);

insert into dz_theme_column (ID, THEME_ID, COLUMN_NAME, COLUMN_COMMENTS, CREATE_TIME, COLUMN_ALIAS, DISPLAY_ORDER, DATA_ORDER)
values ('2c99d6815fc2cc10015fc382b0fe009a', '2c99d6815fc2cc10015fc37c8473007c', 'ZJJGQC', '征缴机关全称', sysdate, '征缴机关全称', null, null);

insert into dz_theme_column (ID, THEME_ID, COLUMN_NAME, COLUMN_COMMENTS, CREATE_TIME, COLUMN_ALIAS, DISPLAY_ORDER, DATA_ORDER)
values ('2c99d6815fc2cc10015fc382ef18009c', '2c99d6815fc2cc10015fc37dc122007e', 'BZMC', '表彰名称', sysdate, '表彰名称', null, null);

insert into dz_theme_column (ID, THEME_ID, COLUMN_NAME, COLUMN_COMMENTS, CREATE_TIME, COLUMN_ALIAS, DISPLAY_ORDER, DATA_ORDER)
values ('2c99d6815fc2cc10015fc382ef19009d', '2c99d6815fc2cc10015fc37dc122007e', 'RDRQ', '认定日期', sysdate, '认定日期', null, null);

insert into dz_theme_column (ID, THEME_ID, COLUMN_NAME, COLUMN_COMMENTS, CREATE_TIME, COLUMN_ALIAS, DISPLAY_ORDER, DATA_ORDER)
values ('2c99d6815fc2cc10015fc382ef19009e', '2c99d6815fc2cc10015fc37dc122007e', 'RYDJ', '荣誉等级', sysdate, '荣誉等级', null, null);

insert into dz_theme_column (ID, THEME_ID, COLUMN_NAME, COLUMN_COMMENTS, CREATE_TIME, COLUMN_ALIAS, DISPLAY_ORDER, DATA_ORDER)
values ('2c99d6815fc2cc10015fc382ef19009f', '2c99d6815fc2cc10015fc37dc122007e', 'RYNR', '荣誉内容', sysdate, '荣誉内容', null, null);

insert into dz_theme_column (ID, THEME_ID, COLUMN_NAME, COLUMN_COMMENTS, CREATE_TIME, COLUMN_ALIAS, DISPLAY_ORDER, DATA_ORDER)
values ('2c99d6815fc2cc10015fc383733f00a1', '2c99d6815fc2cc10015fc37e5ea00080', 'LJQJJE', '累计欠缴金额合计（元）', sysdate, '累计欠缴金额合计（元）', null, null);

insert into dz_theme_column (ID, THEME_ID, COLUMN_NAME, COLUMN_COMMENTS, CREATE_TIME, COLUMN_ALIAS, DISPLAY_ORDER, DATA_ORDER)
values ('2c99d6815fc2cc10015fc383733f00a2', '2c99d6815fc2cc10015fc37e5ea00080', 'QJNY', '欠缴年月', sysdate, '欠缴年月', null, null);

insert into dz_theme_column (ID, THEME_ID, COLUMN_NAME, COLUMN_COMMENTS, CREATE_TIME, COLUMN_ALIAS, DISPLAY_ORDER, DATA_ORDER)
values ('2c99d6815fc2cc10015fc383733f00a3', '2c99d6815fc2cc10015fc37e5ea00080', 'RDRQ', '认定日期', sysdate, '认定日期', null, null);

insert into dz_theme_column (ID, THEME_ID, COLUMN_NAME, COLUMN_COMMENTS, CREATE_TIME, COLUMN_ALIAS, DISPLAY_ORDER, DATA_ORDER)
values ('2c99d6815fc2cc10015fc383734000a4', '2c99d6815fc2cc10015fc37e5ea00080', 'SFBJ', '是否补缴', sysdate, '是否补缴', null, null);

insert into dz_theme_column (ID, THEME_ID, COLUMN_NAME, COLUMN_COMMENTS, CREATE_TIME, COLUMN_ALIAS, DISPLAY_ORDER, DATA_ORDER)
values ('2c99d6815fc2cc10015fc383cf7900a6', '2c99d6815fc2cc10015fc37fb8b10082', 'AH', '案号', sysdate, '案号', null, null);

insert into dz_theme_column (ID, THEME_ID, COLUMN_NAME, COLUMN_COMMENTS, CREATE_TIME, COLUMN_ALIAS, DISPLAY_ORDER, DATA_ORDER)
values ('2c99d6815fc2cc10015fc383cf7a00a7', '2c99d6815fc2cc10015fc37fb8b10082', 'AJZT', '案件状态', sysdate, '案件状态', null, null);

insert into dz_theme_column (ID, THEME_ID, COLUMN_NAME, COLUMN_COMMENTS, CREATE_TIME, COLUMN_ALIAS, DISPLAY_ORDER, DATA_ORDER)
values ('2c99d6815fc2cc10015fc383cf7a00a8', '2c99d6815fc2cc10015fc37fb8b10082', 'BZXRMC', '被执行人名称', sysdate, '被执行人名称', null, null);

insert into dz_theme_column (ID, THEME_ID, COLUMN_NAME, COLUMN_COMMENTS, CREATE_TIME, COLUMN_ALIAS, DISPLAY_ORDER, DATA_ORDER)
values ('2c99d6815fc2cc10015fc383cf7a00a9', '2c99d6815fc2cc10015fc37fb8b10082', 'LASJ', '立案时间', sysdate, '立案时间', null, null);

insert into dz_theme_column (ID, THEME_ID, COLUMN_NAME, COLUMN_COMMENTS, CREATE_TIME, COLUMN_ALIAS, DISPLAY_ORDER, DATA_ORDER)
values ('2c99d6815fc2cc10015fc383cf7a00aa', '2c99d6815fc2cc10015fc37fb8b10082', 'ZXFY', '执行法院', sysdate, '执行法院', null, null);

insert into dz_theme_column (ID, THEME_ID, COLUMN_NAME, COLUMN_COMMENTS, CREATE_TIME, COLUMN_ALIAS, DISPLAY_ORDER, DATA_ORDER)
values ('2c99d6815fc2cc10015fc3840b1400ac', '2c99d6815fc2cc10015fc3807b080084', 'PDJG', '评定结果', sysdate, '评定结果', null, null);

insert into dz_theme_column (ID, THEME_ID, COLUMN_NAME, COLUMN_COMMENTS, CREATE_TIME, COLUMN_ALIAS, DISPLAY_ORDER, DATA_ORDER)
values ('2c99d6815fc2cc10015fc3840b1400ad', '2c99d6815fc2cc10015fc3807b080084', 'PDJGMC', '评定机关名称', sysdate, '评定机关名称', null, null);

insert into dz_theme_column (ID, THEME_ID, COLUMN_NAME, COLUMN_COMMENTS, CREATE_TIME, COLUMN_ALIAS, DISPLAY_ORDER, DATA_ORDER)
values ('2c99d6815fc2cc10015fc3840b1400ae', '2c99d6815fc2cc10015fc3807b080084', 'PDMC', '评定名称', sysdate, '评定名称', null, null);

insert into dz_theme_column (ID, THEME_ID, COLUMN_NAME, COLUMN_COMMENTS, CREATE_TIME, COLUMN_ALIAS, DISPLAY_ORDER, DATA_ORDER)
values ('2c99d6815fc2cc10015fc3840b1400af', '2c99d6815fc2cc10015fc3807b080084', 'PDRQ', '评定日期', sysdate, '评定日期', null, null);

--添加法人信用审查初始模板
insert into dz_credit_template (ID, TITLE, CREDIT_NAME, STATUS, CREATE_TIME, ISDEFAULT, CATEGORY, USE_TYPE, BG_IMG, ADDRESS, REPORTSOURCE, CONTACT, CONTACTPHONE, DATAFROM)
values ('2c99d6815fc2cc10015fc38a795a00b8', '企业信用审查报告', '企业信用审查报告模板', '1', sysdate, '0', '0', '1', 'weizhibj.png', '苏州市姑苏区十梓街338号4号楼1楼', '苏州市公共信用信息中心', null, '0512-88888888', '苏州市社会法人信用基础数据库');


insert into dz_credit_theme (ID, CREDIT_TEMPLATE_ID, THEME_ID, TYPE, DISPLAY_ORDER, STATUS, CREATE_TIME)
values ('2c99d6815fc3eeaa015fc7a29338014d', '2c99d6815fc2cc10015fc38a795a00b8', '2c99d6815fc2af5b015fc2bda539002f', '1', 5, '1', sysdate);

insert into dz_credit_theme (ID, CREDIT_TEMPLATE_ID, THEME_ID, TYPE, DISPLAY_ORDER, STATUS, CREATE_TIME)
values ('2c99d6815fc3eeaa015fc7a29338014e', '2c99d6815fc2cc10015fc38a795a00b8', '2c99d6815fc2cc10015fc37a54670076', '2', 10, '1', sysdate);

insert into dz_credit_theme (ID, CREDIT_TEMPLATE_ID, THEME_ID, TYPE, DISPLAY_ORDER, STATUS, CREATE_TIME)
values ('2c99d6815fc3eeaa015fc7a293390153', '2c99d6815fc2cc10015fc38a795a00b8', '2c99d6815fc2cc10015fc378cbd5006c', '1', 10, '1', sysdate);

insert into dz_credit_theme (ID, CREDIT_TEMPLATE_ID, THEME_ID, TYPE, DISPLAY_ORDER, STATUS, CREATE_TIME)
values ('2c99d6815fc3eeaa015fc7a293390154', '2c99d6815fc2cc10015fc38a795a00b8', '2c99d6815fc2cc10015fc37b1f170078', '2', 15, '1', sysdate);

insert into dz_credit_theme (ID, CREDIT_TEMPLATE_ID, THEME_ID, TYPE, DISPLAY_ORDER, STATUS, CREATE_TIME)
values ('2c99d6815fc3eeaa015fc7a29339015a', '2c99d6815fc2cc10015fc38a795a00b8', '2c99d6815fc2cc10015fc37bd782007a', '2', 20, '1', sysdate);

insert into dz_credit_theme (ID, CREDIT_TEMPLATE_ID, THEME_ID, TYPE, DISPLAY_ORDER, STATUS, CREATE_TIME)
values ('2c99d6815fc3eeaa015fc7a2933a0160', '2c99d6815fc2cc10015fc38a795a00b8', '2c99d6815fc2cc10015fc3790370006e', '1', 25, '1', sysdate);

insert into dz_credit_theme (ID, CREDIT_TEMPLATE_ID, THEME_ID, TYPE, DISPLAY_ORDER, STATUS, CREATE_TIME)
values ('2c99d6815fc3eeaa015fc7a2933a0161', '2c99d6815fc2cc10015fc38a795a00b8', '2c99d6815fc2cc10015fc37931640070', '1', 30, '1', sysdate);

insert into dz_credit_theme (ID, CREDIT_TEMPLATE_ID, THEME_ID, TYPE, DISPLAY_ORDER, STATUS, CREATE_TIME)
values ('2c99d6815fc3eeaa015fc7a2933a0162', '2c99d6815fc2cc10015fc38a795a00b8', '2c99d6815fc2cc10015fc37c8473007c', '2', 30, '1', sysdate);

insert into dz_credit_theme (ID, CREDIT_TEMPLATE_ID, THEME_ID, TYPE, DISPLAY_ORDER, STATUS, CREATE_TIME)
values ('2c99d6815fc3eeaa015fc7a2933a0167', '2c99d6815fc2cc10015fc38a795a00b8', '2c99d6815fc2cc10015fc37dc122007e', '2', 35, '1', sysdate);

insert into dz_credit_theme (ID, CREDIT_TEMPLATE_ID, THEME_ID, TYPE, DISPLAY_ORDER, STATUS, CREATE_TIME)
values ('2c99d6815fc3eeaa015fc7a2933a016c', '2c99d6815fc2cc10015fc38a795a00b8', '2c99d6815fc2cc10015fc3798df00072', '1', 35, '1', sysdate);

insert into dz_credit_theme (ID, CREDIT_TEMPLATE_ID, THEME_ID, TYPE, DISPLAY_ORDER, STATUS, CREATE_TIME)
values ('2c99d6815fc3eeaa015fc7a2933a016d', '2c99d6815fc2cc10015fc38a795a00b8', '2c99d6815fc2cc10015fc379e4b30074', '1', 40, '1', sysdate);

insert into dz_credit_theme (ID, CREDIT_TEMPLATE_ID, THEME_ID, TYPE, DISPLAY_ORDER, STATUS, CREATE_TIME)
values ('2c99d6815fc3eeaa015fc7a2933b016e', '2c99d6815fc2cc10015fc38a795a00b8', '2c99d6815fc2cc10015fc37e5ea00080', '2', 40, '1', sysdate);

insert into dz_credit_theme (ID, CREDIT_TEMPLATE_ID, THEME_ID, TYPE, DISPLAY_ORDER, STATUS, CREATE_TIME)
values ('2c99d6815fc3eeaa015fc7a2933b0173', '2c99d6815fc2cc10015fc38a795a00b8', '2c99d6815fc2cc10015fc37fb8b10082', '2', 45, '1', sysdate);

insert into dz_credit_theme (ID, CREDIT_TEMPLATE_ID, THEME_ID, TYPE, DISPLAY_ORDER, STATUS, CREATE_TIME)
values ('2c99d6815fc3eeaa015fc7a2933b0179', '2c99d6815fc2cc10015fc38a795a00b8', '2c99d6815fc2cc10015fc3807b080084', '2', 50, '1', sysdate);


insert into dz_credit_theme_column (ID, CREDIT_THEME_ID, THEME_COLUMN_ID, DISPLAY_ORDER, STATUS, CREATE_TIME)
values ('2c99d6815fc3eeaa015fc7a2933a015f', '2c99d6815fc3eeaa015fc7a29339015a', '2c99d6815fc2cc10015fc382186c0095', 25, '1', sysdate);

insert into dz_credit_theme_column (ID, CREDIT_THEME_ID, THEME_COLUMN_ID, DISPLAY_ORDER, STATUS, CREATE_TIME)
values ('2c99d6815fc3eeaa015fc7a2933a0163', '2c99d6815fc3eeaa015fc7a2933a0162', '2c99d6815fc2cc10015fc382b0fe0097', 5, '1', sysdate);

insert into dz_credit_theme_column (ID, CREDIT_THEME_ID, THEME_COLUMN_ID, DISPLAY_ORDER, STATUS, CREATE_TIME)
values ('2c99d6815fc3eeaa015fc7a2933a0164', '2c99d6815fc3eeaa015fc7a2933a0162', '2c99d6815fc2cc10015fc382b0fe0098', 10, '1', sysdate);

insert into dz_credit_theme_column (ID, CREDIT_THEME_ID, THEME_COLUMN_ID, DISPLAY_ORDER, STATUS, CREATE_TIME)
values ('2c99d6815fc3eeaa015fc7a2933a0165', '2c99d6815fc3eeaa015fc7a2933a0162', '2c99d6815fc2cc10015fc382b0fe0099', 15, '1', sysdate);

insert into dz_credit_theme_column (ID, CREDIT_THEME_ID, THEME_COLUMN_ID, DISPLAY_ORDER, STATUS, CREATE_TIME)
values ('2c99d6815fc3eeaa015fc7a2933a0166', '2c99d6815fc3eeaa015fc7a2933a0162', '2c99d6815fc2cc10015fc382b0fe009a', 20, '1', sysdate);

insert into dz_credit_theme_column (ID, CREDIT_THEME_ID, THEME_COLUMN_ID, DISPLAY_ORDER, STATUS, CREATE_TIME)
values ('2c99d6815fc3eeaa015fc7a2933a0168', '2c99d6815fc3eeaa015fc7a2933a0167', '2c99d6815fc2cc10015fc382ef18009c', 5, '1', sysdate);

insert into dz_credit_theme_column (ID, CREDIT_THEME_ID, THEME_COLUMN_ID, DISPLAY_ORDER, STATUS, CREATE_TIME)
values ('2c99d6815fc3eeaa015fc7a2933a0169', '2c99d6815fc3eeaa015fc7a2933a0167', '2c99d6815fc2cc10015fc382ef19009d', 10, '1', sysdate);

insert into dz_credit_theme_column (ID, CREDIT_THEME_ID, THEME_COLUMN_ID, DISPLAY_ORDER, STATUS, CREATE_TIME)
values ('2c99d6815fc3eeaa015fc7a2933a016a', '2c99d6815fc3eeaa015fc7a2933a0167', '2c99d6815fc2cc10015fc382ef19009e', 15, '1', sysdate);

insert into dz_credit_theme_column (ID, CREDIT_THEME_ID, THEME_COLUMN_ID, DISPLAY_ORDER, STATUS, CREATE_TIME)
values ('2c99d6815fc3eeaa015fc7a2933a016b', '2c99d6815fc3eeaa015fc7a2933a0167', '2c99d6815fc2cc10015fc382ef19009f', 20, '1', sysdate);

insert into dz_credit_theme_column (ID, CREDIT_THEME_ID, THEME_COLUMN_ID, DISPLAY_ORDER, STATUS, CREATE_TIME)
values ('2c99d6815fc3eeaa015fc7a2933b016f', '2c99d6815fc3eeaa015fc7a2933b016e', '2c99d6815fc2cc10015fc383733f00a1', 5, '1', sysdate);

insert into dz_credit_theme_column (ID, CREDIT_THEME_ID, THEME_COLUMN_ID, DISPLAY_ORDER, STATUS, CREATE_TIME)
values ('2c99d6815fc3eeaa015fc7a2933b0170', '2c99d6815fc3eeaa015fc7a2933b016e', '2c99d6815fc2cc10015fc383733f00a2', 10, '1', sysdate);

insert into dz_credit_theme_column (ID, CREDIT_THEME_ID, THEME_COLUMN_ID, DISPLAY_ORDER, STATUS, CREATE_TIME)
values ('2c99d6815fc3eeaa015fc7a2933b0171', '2c99d6815fc3eeaa015fc7a2933b016e', '2c99d6815fc2cc10015fc383733f00a3', 15, '1', sysdate);

insert into dz_credit_theme_column (ID, CREDIT_THEME_ID, THEME_COLUMN_ID, DISPLAY_ORDER, STATUS, CREATE_TIME)
values ('2c99d6815fc3eeaa015fc7a2933b0172', '2c99d6815fc3eeaa015fc7a2933b016e', '2c99d6815fc2cc10015fc383734000a4', 20, '1', sysdate);

insert into dz_credit_theme_column (ID, CREDIT_THEME_ID, THEME_COLUMN_ID, DISPLAY_ORDER, STATUS, CREATE_TIME)
values ('2c99d6815fc3eeaa015fc7a2933b0174', '2c99d6815fc3eeaa015fc7a2933b0173', '2c99d6815fc2cc10015fc383cf7900a6', 5, '1', sysdate);

insert into dz_credit_theme_column (ID, CREDIT_THEME_ID, THEME_COLUMN_ID, DISPLAY_ORDER, STATUS, CREATE_TIME)
values ('2c99d6815fc3eeaa015fc7a2933b0175', '2c99d6815fc3eeaa015fc7a2933b0173', '2c99d6815fc2cc10015fc383cf7a00a7', 10, '1', sysdate);

insert into dz_credit_theme_column (ID, CREDIT_THEME_ID, THEME_COLUMN_ID, DISPLAY_ORDER, STATUS, CREATE_TIME)
values ('2c99d6815fc3eeaa015fc7a2933b0176', '2c99d6815fc3eeaa015fc7a2933b0173', '2c99d6815fc2cc10015fc383cf7a00a8', 15, '1', sysdate);

insert into dz_credit_theme_column (ID, CREDIT_THEME_ID, THEME_COLUMN_ID, DISPLAY_ORDER, STATUS, CREATE_TIME)
values ('2c99d6815fc3eeaa015fc7a2933b0177', '2c99d6815fc3eeaa015fc7a2933b0173', '2c99d6815fc2cc10015fc383cf7a00a9', 20, '1', sysdate);

insert into dz_credit_theme_column (ID, CREDIT_THEME_ID, THEME_COLUMN_ID, DISPLAY_ORDER, STATUS, CREATE_TIME)
values ('2c99d6815fc3eeaa015fc7a2933b0178', '2c99d6815fc3eeaa015fc7a2933b0173', '2c99d6815fc2cc10015fc383cf7a00aa', 25, '1', sysdate);

insert into dz_credit_theme_column (ID, CREDIT_THEME_ID, THEME_COLUMN_ID, DISPLAY_ORDER, STATUS, CREATE_TIME)
values ('2c99d6815fc3eeaa015fc7a2933b017a', '2c99d6815fc3eeaa015fc7a2933b0179', '2c99d6815fc2cc10015fc3840b1400ac', 5, '1', sysdate);

insert into dz_credit_theme_column (ID, CREDIT_THEME_ID, THEME_COLUMN_ID, DISPLAY_ORDER, STATUS, CREATE_TIME)
values ('2c99d6815fc3eeaa015fc7a2933b017b', '2c99d6815fc3eeaa015fc7a2933b0179', '2c99d6815fc2cc10015fc3840b1400ad', 10, '1', sysdate);

insert into dz_credit_theme_column (ID, CREDIT_THEME_ID, THEME_COLUMN_ID, DISPLAY_ORDER, STATUS, CREATE_TIME)
values ('2c99d6815fc3eeaa015fc7a2933c017c', '2c99d6815fc3eeaa015fc7a2933b0179', '2c99d6815fc2cc10015fc3840b1400ae', 15, '1', sysdate);

insert into dz_credit_theme_column (ID, CREDIT_THEME_ID, THEME_COLUMN_ID, DISPLAY_ORDER, STATUS, CREATE_TIME)
values ('2c99d6815fc3eeaa015fc7a2933c017d', '2c99d6815fc3eeaa015fc7a2933b0179', '2c99d6815fc2cc10015fc3840b1400af', 20, '1', sysdate);

insert into dz_credit_theme_column (ID, CREDIT_THEME_ID, THEME_COLUMN_ID, DISPLAY_ORDER, STATUS, CREATE_TIME)
values ('2c99d6815fc3eeaa015fc7a293390156', '2c99d6815fc3eeaa015fc7a293390154', '2c99d6815fc2cc10015fc381bfcb008c', 10, '1', sysdate);

insert into dz_credit_theme_column (ID, CREDIT_THEME_ID, THEME_COLUMN_ID, DISPLAY_ORDER, STATUS, CREATE_TIME)
values ('2c99d6815fc3eeaa015fc7a293390157', '2c99d6815fc3eeaa015fc7a293390154', '2c99d6815fc2cc10015fc381bfcb008d', 15, '1', sysdate);

insert into dz_credit_theme_column (ID, CREDIT_THEME_ID, THEME_COLUMN_ID, DISPLAY_ORDER, STATUS, CREATE_TIME)
values ('2c99d6815fc3eeaa015fc7a293390158', '2c99d6815fc3eeaa015fc7a293390154', '2c99d6815fc2cc10015fc381bfcb008e', 20, '1', sysdate);

insert into dz_credit_theme_column (ID, CREDIT_THEME_ID, THEME_COLUMN_ID, DISPLAY_ORDER, STATUS, CREATE_TIME)
values ('2c99d6815fc3eeaa015fc7a293390159', '2c99d6815fc3eeaa015fc7a293390154', '2c99d6815fc2cc10015fc381bfcb008f', 25, '1', sysdate);

insert into dz_credit_theme_column (ID, CREDIT_THEME_ID, THEME_COLUMN_ID, DISPLAY_ORDER, STATUS, CREATE_TIME)
values ('2c99d6815fc3eeaa015fc7a29339015b', '2c99d6815fc3eeaa015fc7a29339015a', '2c99d6815fc2cc10015fc382186c0091', 5, '1', sysdate);

insert into dz_credit_theme_column (ID, CREDIT_THEME_ID, THEME_COLUMN_ID, DISPLAY_ORDER, STATUS, CREATE_TIME)
values ('2c99d6815fc3eeaa015fc7a29339015c', '2c99d6815fc3eeaa015fc7a29339015a', '2c99d6815fc2cc10015fc382186c0092', 10, '1', sysdate);

insert into dz_credit_theme_column (ID, CREDIT_THEME_ID, THEME_COLUMN_ID, DISPLAY_ORDER, STATUS, CREATE_TIME)
values ('2c99d6815fc3eeaa015fc7a29339015d', '2c99d6815fc3eeaa015fc7a29339015a', '2c99d6815fc2cc10015fc382186c0093', 15, '1', sysdate);

insert into dz_credit_theme_column (ID, CREDIT_THEME_ID, THEME_COLUMN_ID, DISPLAY_ORDER, STATUS, CREATE_TIME)
values ('2c99d6815fc3eeaa015fc7a29339015e', '2c99d6815fc3eeaa015fc7a29339015a', '2c99d6815fc2cc10015fc382186c0094', 20, '1', sysdate);

insert into dz_credit_theme_column (ID, CREDIT_THEME_ID, THEME_COLUMN_ID, DISPLAY_ORDER, STATUS, CREATE_TIME)
values ('2c99d6815fc3eeaa015fc7a29338014f', '2c99d6815fc3eeaa015fc7a29338014e', '2c99d6815fc2cc10015fc380ff7e0086', 5, '1', sysdate);

insert into dz_credit_theme_column (ID, CREDIT_THEME_ID, THEME_COLUMN_ID, DISPLAY_ORDER, STATUS, CREATE_TIME)
values ('2c99d6815fc3eeaa015fc7a293380150', '2c99d6815fc3eeaa015fc7a29338014e', '2c99d6815fc2cc10015fc380ff7f0087', 10, '1', sysdate);

insert into dz_credit_theme_column (ID, CREDIT_THEME_ID, THEME_COLUMN_ID, DISPLAY_ORDER, STATUS, CREATE_TIME)
values ('2c99d6815fc3eeaa015fc7a293380151', '2c99d6815fc3eeaa015fc7a29338014e', '2c99d6815fc2cc10015fc380ff7f0088', 15, '1', sysdate);

insert into dz_credit_theme_column (ID, CREDIT_THEME_ID, THEME_COLUMN_ID, DISPLAY_ORDER, STATUS, CREATE_TIME)
values ('2c99d6815fc3eeaa015fc7a293390152', '2c99d6815fc3eeaa015fc7a29338014e', '2c99d6815fc2cc10015fc380ff7f0089', 20, '1', sysdate);

insert into dz_credit_theme_column (ID, CREDIT_THEME_ID, THEME_COLUMN_ID, DISPLAY_ORDER, STATUS, CREATE_TIME)
values ('2c99d6815fc3eeaa015fc7a293390155', '2c99d6815fc3eeaa015fc7a293390154', '2c99d6815fc2cc10015fc381bfcb008b', 5, '1', sysdate);
commit;

--添加自然人信用审查初始资源
insert into DZ_THEME (ID, PARENT_ID, TYPE, TYPE_NAME, DATA_SOURCE, DATA_TABLE, STATUS, CREATE_TIME, ZYYT, DISPLAY_ORDER)
values ('ROOT_8', 'ROOT', '0', '自然人信用审查', null, null, '1', sysdate, '8', null);

insert into DZ_THEME (ID, PARENT_ID, TYPE, TYPE_NAME, DATA_SOURCE, DATA_TABLE, STATUS, CREATE_TIME, ZYYT, DISPLAY_ORDER)
values ('4028946a5fd75689015fd77fa5c70017', 'ROOT_8', '1', '商业违约信息', null, null, '1', sysdate, '8', 1);

insert into DZ_THEME (ID, PARENT_ID, TYPE, TYPE_NAME, DATA_SOURCE, DATA_TABLE, STATUS, CREATE_TIME, ZYYT, DISPLAY_ORDER)
values ('4028946a5fd75689015fd78098fc001d', '4028946a5fd75689015fd77fa5c70017', '2', '个人商业违约信息', 'jdbcTemplate', 'YW_P_GRSYWY', '1', sysdate, '8', 1);

insert into DZ_THEME (ID, PARENT_ID, TYPE, TYPE_NAME, DATA_SOURCE, DATA_TABLE, STATUS, CREATE_TIME, ZYYT, DISPLAY_ORDER)
values ('4028946a5fd75689015fd77fe08d0019', 'ROOT_8', '1', '个人处罚信息', null, null, '1', sysdate, '8', 2);

insert into DZ_THEME (ID, PARENT_ID, TYPE, TYPE_NAME, DATA_SOURCE, DATA_TABLE, STATUS, CREATE_TIME, ZYYT, DISPLAY_ORDER)
values ('4028946a5fd75689015fd7d9b0690022', '4028946a5fd75689015fd77fe08d0019', '2', '个人行政处罚', 'jdbcTemplate', 'YW_L_SGSXZCF', '1', sysdate, '8', 1);

insert into DZ_THEME (ID, PARENT_ID, TYPE, TYPE_NAME, DATA_SOURCE, DATA_TABLE, STATUS, CREATE_TIME, ZYYT, DISPLAY_ORDER)
values ('4028946a5fd75689015fd7801193001b', 'ROOT_8', '1', '个人执行信息', null, null, '1', sysdate, '8', 3);

insert into DZ_THEME (ID, PARENT_ID, TYPE, TYPE_NAME, DATA_SOURCE, DATA_TABLE, STATUS, CREATE_TIME, ZYYT, DISPLAY_ORDER)
values ('4028946a5fd75689015fd7819d3a001f', '4028946a5fd75689015fd7801193001b', '2', '个人法院执行信息', 'jdbcTemplate', 'YW_P_GRFYQZZX', '1', sysdate, '8', 1);

insert into dz_theme_column (ID, THEME_ID, COLUMN_NAME, COLUMN_COMMENTS, CREATE_TIME, COLUMN_ALIAS, DISPLAY_ORDER, DATA_ORDER)
values ('4028946a5fd75689015fd7da7db10024', '4028946a5fd75689015fd78098fc001d', 'QFJE', '欠费金额', sysdate, '欠费金额', 30, null);

insert into dz_theme_column (ID, THEME_ID, COLUMN_NAME, COLUMN_COMMENTS, CREATE_TIME, COLUMN_ALIAS, DISPLAY_ORDER, DATA_ORDER)
values ('4028946a5fd75689015fd7da7db10025', '4028946a5fd75689015fd78098fc001d', 'SXYZCD', '失信严重程度', sysdate, '失信严重程度', 50, null);

insert into dz_theme_column (ID, THEME_ID, COLUMN_NAME, COLUMN_COMMENTS, CREATE_TIME, COLUMN_ALIAS, DISPLAY_ORDER, DATA_ORDER)
values ('4028946a5fd75689015fd7da7db20026', '4028946a5fd75689015fd78098fc001d', 'ZHH', '账户号', sysdate, '账户号', 65, null);

insert into dz_theme_column (ID, THEME_ID, COLUMN_NAME, COLUMN_COMMENTS, CREATE_TIME, COLUMN_ALIAS, DISPLAY_ORDER, DATA_ORDER)
values ('4028946a5fd75689015fd7da7db20027', '4028946a5fd75689015fd78098fc001d', 'ZQSJ', '账期时间', sysdate, '账期时间', 75, null);
insert into dz_theme_column (ID, THEME_ID, COLUMN_NAME, COLUMN_COMMENTS, CREATE_TIME, COLUMN_ALIAS, DISPLAY_ORDER, DATA_ORDER)
values ('2c9951815e751bd1015e75265ea40262', '4028946a5fd75689015fd7d9b0690022', 'AJMC', '处罚名称', sysdate, '处罚名称', 1, null);

insert into dz_theme_column (ID, THEME_ID, COLUMN_NAME, COLUMN_COMMENTS, CREATE_TIME, COLUMN_ALIAS, DISPLAY_ORDER, DATA_ORDER)
values ('2c9951815e751bd1015e75265ea40263', '4028946a5fd75689015fd7d9b0690022', 'CFDJ', '处罚等级，失信严重程度（未定，一般、较重、严重）', sysdate, '处罚等级', 2, null);

insert into dz_theme_column (ID, THEME_ID, COLUMN_NAME, COLUMN_COMMENTS, CREATE_TIME, COLUMN_ALIAS, DISPLAY_ORDER, DATA_ORDER)
values ('2c9951815e751bd1015e75265ea40264', '4028946a5fd75689015fd7d9b0690022', 'CFJDSWH', '行政处罚决定书文号', sysdate, '行政处罚决定书文号', 3, null);

insert into dz_theme_column (ID, THEME_ID, COLUMN_NAME, COLUMN_COMMENTS, CREATE_TIME, COLUMN_ALIAS, DISPLAY_ORDER, DATA_ORDER)
values ('2c9951815e751bd1015e75265ea40265', '4028946a5fd75689015fd7d9b0690022', 'CFSY', '处罚事由（违法事实、案由）', sysdate, '处罚事由', 4, null);

insert into dz_theme_column (ID, THEME_ID, COLUMN_NAME, COLUMN_COMMENTS, CREATE_TIME, COLUMN_ALIAS, DISPLAY_ORDER, DATA_ORDER)
values ('2c9951815e751bd1015e75265ea40266', '4028946a5fd75689015fd7d9b0690022', 'CFSXQ', '处罚生效期', sysdate, '处罚生效期', 5, null);

insert into dz_theme_column (ID, THEME_ID, COLUMN_NAME, COLUMN_COMMENTS, CREATE_TIME, COLUMN_ALIAS, DISPLAY_ORDER, DATA_ORDER)
values ('2c9951815e751bd1015e75265ea40267', '4028946a5fd75689015fd7d9b0690022', 'CFYJ', '处罚依据', sysdate, '处罚依据', 6, null);

insert into dz_theme_column (ID, THEME_ID, COLUMN_NAME, COLUMN_COMMENTS, CREATE_TIME, COLUMN_ALIAS, DISPLAY_ORDER, DATA_ORDER)
values ('2c9951815e751bd1015e75265ea40268', '4028946a5fd75689015fd7d9b0690022', 'CFZL', '处罚类别1', sysdate, '处罚类别', 7, null);

insert into dz_theme_column (ID, THEME_ID, COLUMN_NAME, COLUMN_COMMENTS, CREATE_TIME, COLUMN_ALIAS, DISPLAY_ORDER, DATA_ORDER)
values ('2c9951815e751bd1015e75265ea40269', '4028946a5fd75689015fd7d9b0690022', 'CFJG', '处罚结果', sysdate, '处罚结果', 8, null);

insert into dz_theme_column (ID, THEME_ID, COLUMN_NAME, COLUMN_COMMENTS, CREATE_TIME, COLUMN_ALIAS, DISPLAY_ORDER, DATA_ORDER)
values ('2c9951815e751bd1015e75265ea4026a', '4028946a5fd75689015fd7d9b0690022', 'DQZT', '0=正常（公示中），1=撤销（取消公示），2=异议，3=其他', sysdate, '当前状态', 9, null);

insert into dz_theme_column (ID, THEME_ID, COLUMN_NAME, COLUMN_COMMENTS, CREATE_TIME, COLUMN_ALIAS, DISPLAY_ORDER, DATA_ORDER)
values ('2c9951815e751bd1015e75265ea4026b', '4028946a5fd75689015fd7d9b0690022', 'GSJZQ', '公示截止期', sysdate, '公示截止期', 10, null);
insert into dz_theme_column (ID, THEME_ID, COLUMN_NAME, COLUMN_COMMENTS, CREATE_TIME, COLUMN_ALIAS, DISPLAY_ORDER, DATA_ORDER)
values ('4028946a5fd75689015fd7db3466002e', '4028946a5fd75689015fd7819d3a001f', 'AH', '案号', sysdate, '案号', 5, null);

insert into dz_theme_column (ID, THEME_ID, COLUMN_NAME, COLUMN_COMMENTS, CREATE_TIME, COLUMN_ALIAS, DISPLAY_ORDER, DATA_ORDER)
values ('4028946a5fd75689015fd7db3466002f', '4028946a5fd75689015fd7819d3a001f', 'AJZT', '案件状态', sysdate, '案件状态', 10, null);

insert into dz_theme_column (ID, THEME_ID, COLUMN_NAME, COLUMN_COMMENTS, CREATE_TIME, COLUMN_ALIAS, DISPLAY_ORDER, DATA_ORDER)
values ('4028946a5fd75689015fd7db34660030', '4028946a5fd75689015fd7819d3a001f', 'JARQ', '结案日期', sysdate, '结案日期', 35, null);

insert into dz_theme_column (ID, THEME_ID, COLUMN_NAME, COLUMN_COMMENTS, CREATE_TIME, COLUMN_ALIAS, DISPLAY_ORDER, DATA_ORDER)
values ('4028946a5fd75689015fd7db34660031', '4028946a5fd75689015fd7819d3a001f', 'SLFY', '受理法院', sysdate, '受理法院', 50, null);

--添加自然人信用审查默认模板
insert into dz_credit_template (ID, TITLE, CREDIT_NAME, STATUS, CREATE_TIME, ISDEFAULT, CATEGORY, USE_TYPE, BG_IMG, ADDRESS, REPORTSOURCE, CONTACT, CONTACTPHONE, DATAFROM)
values ('4028946a5fd75689015fd7de1ee90035', '自然人信用审查报告', '自然人信用审查模板', '1', sysdate, '0', '1', '1', 'weizhibj.png', '苏州市姑苏区十梓街338号4号楼1楼', '苏州市公共信用信息中心', null, '0512-88888888', '苏州市社会自然人信用基础数据库');

insert into dz_credit_theme (ID, CREDIT_TEMPLATE_ID, THEME_ID, TYPE, DISPLAY_ORDER, STATUS, CREATE_TIME)
values ('4028946a5fd75689015fd7de1f4d0036', '4028946a5fd75689015fd7de1ee90035', '4028946a5fd75689015fd78098fc001d', '2', 10, '1', sysdate);

insert into dz_credit_theme (ID, CREDIT_TEMPLATE_ID, THEME_ID, TYPE, DISPLAY_ORDER, STATUS, CREATE_TIME)
values ('4028946a5fd75689015fd7de1f53003b', '4028946a5fd75689015fd7de1ee90035', '4028946a5fd75689015fd77fa5c70017', '1', 5, '1', sysdate);

insert into dz_credit_theme (ID, CREDIT_TEMPLATE_ID, THEME_ID, TYPE, DISPLAY_ORDER, STATUS, CREATE_TIME)
values ('4028946a5fd75689015fd7de1f53003c', '4028946a5fd75689015fd7de1ee90035', '4028946a5fd75689015fd7d9b0690022', '2', 15, '1', sysdate);

insert into dz_credit_theme (ID, CREDIT_TEMPLATE_ID, THEME_ID, TYPE, DISPLAY_ORDER, STATUS, CREATE_TIME)
values ('4028946a5fd75689015fd7de1f530041', '4028946a5fd75689015fd7de1ee90035', '4028946a5fd75689015fd77fe08d0019', '1', 10, '1', sysdate);

insert into dz_credit_theme (ID, CREDIT_TEMPLATE_ID, THEME_ID, TYPE, DISPLAY_ORDER, STATUS, CREATE_TIME)
values ('4028946a5fd75689015fd7de1f530042', '4028946a5fd75689015fd7de1ee90035', '4028946a5fd75689015fd7819d3a001f', '2', 20, '1', sysdate);

insert into dz_credit_theme (ID, CREDIT_TEMPLATE_ID, THEME_ID, TYPE, DISPLAY_ORDER, STATUS, CREATE_TIME)
values ('4028946a5fd75689015fd7de1f530047', '4028946a5fd75689015fd7de1ee90035', '4028946a5fd75689015fd7801193001b', '1', 15, '1', sysdate);

insert into dz_credit_theme_column (ID, CREDIT_THEME_ID, THEME_COLUMN_ID, DISPLAY_ORDER, STATUS, CREATE_TIME)
values ('4028946a5fd75689015fd7de1f53003d', '4028946a5fd75689015fd7de1f53003c', '4028946a5fd75689015fd7dae1e50029', 5, '1', sysdate);

insert into dz_credit_theme_column (ID, CREDIT_THEME_ID, THEME_COLUMN_ID, DISPLAY_ORDER, STATUS, CREATE_TIME)
values ('4028946a5fd75689015fd7de1f53003e', '4028946a5fd75689015fd7de1f53003c', '4028946a5fd75689015fd7dae1e5002a', 10, '1', sysdate);

insert into dz_credit_theme_column (ID, CREDIT_THEME_ID, THEME_COLUMN_ID, DISPLAY_ORDER, STATUS, CREATE_TIME)
values ('4028946a5fd75689015fd7de1f53003f', '4028946a5fd75689015fd7de1f53003c', '4028946a5fd75689015fd7dae1e5002b', 15, '1', sysdate);

insert into dz_credit_theme_column (ID, CREDIT_THEME_ID, THEME_COLUMN_ID, DISPLAY_ORDER, STATUS, CREATE_TIME)
values ('4028946a5fd75689015fd7de1f530040', '4028946a5fd75689015fd7de1f53003c', '4028946a5fd75689015fd7dae1e5002c', 20, '1', sysdate);

insert into dz_credit_theme_column (ID, CREDIT_THEME_ID, THEME_COLUMN_ID, DISPLAY_ORDER, STATUS, CREATE_TIME)
values ('4028946a5fd75689015fd7de1f530043', '4028946a5fd75689015fd7de1f530042', '4028946a5fd75689015fd7db3466002e', 5, '1', sysdate);

insert into dz_credit_theme_column (ID, CREDIT_THEME_ID, THEME_COLUMN_ID, DISPLAY_ORDER, STATUS, CREATE_TIME)
values ('4028946a5fd75689015fd7de1f530044', '4028946a5fd75689015fd7de1f530042', '4028946a5fd75689015fd7db3466002f', 10, '1', sysdate);

insert into dz_credit_theme_column (ID, CREDIT_THEME_ID, THEME_COLUMN_ID, DISPLAY_ORDER, STATUS, CREATE_TIME)
values ('4028946a5fd75689015fd7de1f530045', '4028946a5fd75689015fd7de1f530042', '4028946a5fd75689015fd7db34660030', 15, '1', sysdate);

insert into dz_credit_theme_column (ID, CREDIT_THEME_ID, THEME_COLUMN_ID, DISPLAY_ORDER, STATUS, CREATE_TIME)
values ('4028946a5fd75689015fd7de1f530046', '4028946a5fd75689015fd7de1f530042', '4028946a5fd75689015fd7db34660031', 20, '1', sysdate);

insert into dz_credit_theme_column (ID, CREDIT_THEME_ID, THEME_COLUMN_ID, DISPLAY_ORDER, STATUS, CREATE_TIME)
values ('4028946a5fd75689015fd7de1f4e0037', '4028946a5fd75689015fd7de1f4d0036', '4028946a5fd75689015fd7da7db10024', 5, '1', sysdate);

insert into dz_credit_theme_column (ID, CREDIT_THEME_ID, THEME_COLUMN_ID, DISPLAY_ORDER, STATUS, CREATE_TIME)
values ('4028946a5fd75689015fd7de1f520038', '4028946a5fd75689015fd7de1f4d0036', '4028946a5fd75689015fd7da7db10025', 10, '1', sysdate);

insert into dz_credit_theme_column (ID, CREDIT_THEME_ID, THEME_COLUMN_ID, DISPLAY_ORDER, STATUS, CREATE_TIME)
values ('4028946a5fd75689015fd7de1f520039', '4028946a5fd75689015fd7de1f4d0036', '4028946a5fd75689015fd7da7db20026', 15, '1', sysdate);

insert into dz_credit_theme_column (ID, CREDIT_THEME_ID, THEME_COLUMN_ID, DISPLAY_ORDER, STATUS, CREATE_TIME)
values ('4028946a5fd75689015fd7de1f52003a', '4028946a5fd75689015fd7de1f4d0036', '4028946a5fd75689015fd7da7db20027', 20, '1', sysdate);

-- 数据征集 --
insert into SYS_MENU (SYS_MENU_ID, PARENT_ID, MENU_NAME, MENU_URL, MENU_ICON, DISPLAY_ORDER)
values ('402894b85fe776ad015fe7ead26100f2', '2c90c281587574200158759d3ced0062', '数据征集', 'schema/collection/toCollectionList.action', 'fa fa-circle-o', 2511);

insert into SYS_PRIVILEGE (SYS_PRIVILEGE_ID, SYS_MENU_ID, PRIVILEGE_CODE, PRIVILEGE_NAME, DESCRIPTION, USERS_COUNT, ROLES_COUNT, ALL_USERS_COUNT, DISPLAY_ORDER)
values ('402894b85fe776ad015fe7ec1f3600f7', '402894b85fe776ad015fe7ead26100f2', 'schema.collection.list', '数据征集查询', null, null, null, null, null);

insert into sys_role_to_privilege (SYS_ROLE_ID, SYS_PRIVILEGE_ID) 
values ('8aa0bef544713ca60144713d364a0000', '402894b85fe776ad015fe7ec1f3600f7');

insert into sys_role_to_privilege (SYS_ROLE_ID, SYS_PRIVILEGE_ID) 
values ('2c90c28158761b550158762482b50015', '402894b85fe776ad015fe7ec1f3600f7');

commit;

--数据处理过程日志表
drop table DP_PROCESS_PROCEDURE_LOG cascade constraints;

/*==============================================================*/
/* Table: DP_PROCESS_PROCEDURE_LOG                              */
/*==============================================================*/
create table DP_PROCESS_PROCEDURE_LOG
(
   ID                   VARCHAR2(50)         not null,
   DEAL_TYPE            VARCHAR2(2),
   TASK_CODE            VARCHAR2(50),
   START_TIME           DATE,
   END_TIME             DATE
);

comment on table DP_PROCESS_PROCEDURE_LOG is
'数据处理过程日志表';

comment on column DP_PROCESS_PROCEDURE_LOG.ID is
'主键';

comment on column DP_PROCESS_PROCEDURE_LOG.DEAL_TYPE is
'处理类别 1-数据上报 2-规则校验 3-关联入库';

comment on column DP_PROCESS_PROCEDURE_LOG.TASK_CODE is
'上报批次编号';

comment on column DP_PROCESS_PROCEDURE_LOG.START_TIME is
'开始时间';

comment on column DP_PROCESS_PROCEDURE_LOG.END_TIME is
'结束时间';

--原始业务表对应关系表
drop table DP_YSYW_RELATION cascade constraints;

/*==============================================================*/
/* Table: DP_YSYW_RELATION                                      */
/*==============================================================*/
create table DP_YSYW_RELATION
(
   ID                   VARCHAR2(50)  default sys_guid() not null,
   TABLE_CODE            VARCHAR2(50),
   YW_TABLE_NAME            VARCHAR2(100)
);

comment on table DP_YSYW_RELATION is
'原始业务表对应关系表';

comment on column DP_YSYW_RELATION.ID is
'主键';

comment on column DP_YSYW_RELATION.TABLE_CODE is
'目录编码';

comment on column DP_YSYW_RELATION.YW_TABLE_NAME is
'业务库表名';

-- 业务库中表字段对应的别名
DROP TABLE DZ_YW_TABLE_COLUMN CASCADE CONSTRAINTS;
create table DZ_YW_TABLE_COLUMN
(
  id              VARCHAR2(50) not null,
  table_code        VARCHAR2(50) not null,
  column_name     VARCHAR2(200),
  column_alias    VARCHAR2(200),
  DISPLAY_ORDER   NUMBER
)
;
comment on table DZ_YW_TABLE_COLUMN
  is '与业务库对应的字段表';
comment on column DZ_YW_TABLE_COLUMN.id
  is '主键';
comment on column DZ_YW_TABLE_COLUMN.table_code
  is '表code';
comment on column DZ_YW_TABLE_COLUMN.column_name
  is '字段code';
comment on column DZ_YW_TABLE_COLUMN.column_alias
  is '字段别名';
alter table DZ_YW_TABLE_COLUMN
  add primary key (ID);
 
  comment on column DZ_YW_TABLE_COLUMN.DISPLAY_ORDER
  is '字段排序顺序';
insert into dz_yw_table_column (ID, TABLE_CODE, COLUMN_NAME, COLUMN_ALIAS, DISPLAY_ORDER)
values ('10357', 'YW_L_FZCHRD', 'rdrq', '认定日期', null);

insert into dz_yw_table_column (ID, TABLE_CODE, COLUMN_NAME, COLUMN_ALIAS, DISPLAY_ORDER)
values ('10358', 'YW_L_FZCHRD', 'yynx', '应用年限', null);

insert into dz_yw_table_column (ID, TABLE_CODE, COLUMN_NAME, COLUMN_ALIAS, DISPLAY_ORDER)
values ('10359', 'YW_L_FZCHRD', 'gljg', '管理机构', null);

insert into dz_yw_table_column (ID, TABLE_CODE, COLUMN_NAME, COLUMN_ALIAS, DISPLAY_ORDER)
values ('10360', 'YW_L_GD', 'zzjgdm', '组织机构代码', null);

insert into dz_yw_table_column (ID, TABLE_CODE, COLUMN_NAME, COLUMN_ALIAS, DISPLAY_ORDER)
values ('10361', 'YW_L_GD', 'jgqcyw', '机构全称英文', null);

insert into dz_yw_table_column (ID, TABLE_CODE, COLUMN_NAME, COLUMN_ALIAS, DISPLAY_ORDER)
values ('10362', 'YW_L_GD', 'jgqc', '机构全称中文', null);

insert into dz_yw_table_column (ID, TABLE_CODE, COLUMN_NAME, COLUMN_ALIAS, DISPLAY_ORDER)
values ('10363', 'YW_L_GD', 'gszch', '工商注册号', null);

insert into dz_yw_table_column (ID, TABLE_CODE, COLUMN_NAME, COLUMN_ALIAS, DISPLAY_ORDER)
values ('10364', 'YW_L_GD', 'tyshxydm', '统一社会信用代码', null);

insert into dz_yw_table_column (ID, TABLE_CODE, COLUMN_NAME, COLUMN_ALIAS, DISPLAY_ORDER)
values ('10365', 'YW_L_GD', 'bz', '备注', null);

insert into dz_yw_table_column (ID, TABLE_CODE, COLUMN_NAME, COLUMN_ALIAS, DISPLAY_ORDER)
values ('10366', 'YW_L_GD', 'gdlx', '股东类型', null);

insert into dz_yw_table_column (ID, TABLE_CODE, COLUMN_NAME, COLUMN_ALIAS, DISPLAY_ORDER)
values ('10367', 'YW_L_GD', 'gdmc', '股东名称', null);

insert into dz_yw_table_column (ID, TABLE_CODE, COLUMN_NAME, COLUMN_ALIAS, DISPLAY_ORDER)
values ('10368', 'YW_L_GD', 'rjcz', '认缴出资（万元）', null);

insert into dz_yw_table_column (ID, TABLE_CODE, COLUMN_NAME, COLUMN_ALIAS, DISPLAY_ORDER)
values ('10369', 'YW_L_GD', 'sjcz', '实缴出资（万元）', null);

insert into dz_yw_table_column (ID, TABLE_CODE, COLUMN_NAME, COLUMN_ALIAS, DISPLAY_ORDER)
values ('10370', 'YW_L_GD', 'djjgmc', '登记机关名称', null);

insert into dz_yw_table_column (ID, TABLE_CODE, COLUMN_NAME, COLUMN_ALIAS, DISPLAY_ORDER)
values ('10371', 'YW_L_GD', 'djrq', '登记日期', null);

insert into dz_yw_table_column (ID, TABLE_CODE, COLUMN_NAME, COLUMN_ALIAS, DISPLAY_ORDER)
values ('10372', 'YW_L_GD', 'gsgqczzm', '公司股权出质证明', null);

insert into dz_yw_table_column (ID, TABLE_CODE, COLUMN_NAME, COLUMN_ALIAS, DISPLAY_ORDER)
values ('10373', 'YW_L_GD', 'bgrq', '变更日期', null);

insert into dz_yw_table_column (ID, TABLE_CODE, COLUMN_NAME, COLUMN_ALIAS, DISPLAY_ORDER)
values ('10374', 'YW_L_HEIMINGDAN', 'zzjgdm', '组织机构代码', null);

insert into dz_yw_table_column (ID, TABLE_CODE, COLUMN_NAME, COLUMN_ALIAS, DISPLAY_ORDER)
values ('10375', 'YW_L_HEIMINGDAN', 'jgqcyw', '机构全称英文', null);

insert into dz_yw_table_column (ID, TABLE_CODE, COLUMN_NAME, COLUMN_ALIAS, DISPLAY_ORDER)
values ('10376', 'YW_L_HEIMINGDAN', 'jgqc', '机构全称中文', null);

insert into dz_yw_table_column (ID, TABLE_CODE, COLUMN_NAME, COLUMN_ALIAS, DISPLAY_ORDER)
values ('10377', 'YW_L_HEIMINGDAN', 'gszch', '工商注册号', null);

insert into dz_yw_table_column (ID, TABLE_CODE, COLUMN_NAME, COLUMN_ALIAS, DISPLAY_ORDER)
values ('10378', 'YW_L_HEIMINGDAN', 'tyshxydm', '统一社会信用代码', null);

insert into dz_yw_table_column (ID, TABLE_CODE, COLUMN_NAME, COLUMN_ALIAS, DISPLAY_ORDER)
values ('10379', 'YW_L_HEIMINGDAN', 'bz', '备注', null);

insert into dz_yw_table_column (ID, TABLE_CODE, COLUMN_NAME, COLUMN_ALIAS, DISPLAY_ORDER)
values ('10380', 'YW_L_HEIMINGDAN', 'rddw', '认定单位', null);

insert into dz_yw_table_column (ID, TABLE_CODE, COLUMN_NAME, COLUMN_ALIAS, DISPLAY_ORDER)
values ('10381', 'YW_L_HEIMINGDAN', 'rdwh', '认定文号', null);

insert into dz_yw_table_column (ID, TABLE_CODE, COLUMN_NAME, COLUMN_ALIAS, DISPLAY_ORDER)
values ('10382', 'YW_L_HEIMINGDAN', 'zcdz', '注册地址', null);

insert into dz_yw_table_column (ID, TABLE_CODE, COLUMN_NAME, COLUMN_ALIAS, DISPLAY_ORDER)
values ('10383', 'YW_L_HEIMINGDAN', 'fddbr', '法定代表人', null);

insert into dz_yw_table_column (ID, TABLE_CODE, COLUMN_NAME, COLUMN_ALIAS, DISPLAY_ORDER)
values ('10384', 'YW_L_HEIMINGDAN', 'fzrxm', '负责人姓名', null);

insert into dz_yw_table_column (ID, TABLE_CODE, COLUMN_NAME, COLUMN_ALIAS, DISPLAY_ORDER)
values ('10385', 'YW_L_HEIMINGDAN', 'zysxss', '主要失信事实 ', null);

insert into dz_yw_table_column (ID, TABLE_CODE, COLUMN_NAME, COLUMN_ALIAS, DISPLAY_ORDER)
values ('10386', 'YW_L_HEIMINGDAN', 'scfzynr', '行政处理处罚或法院判决决定的主要内容', null);

insert into dz_yw_table_column (ID, TABLE_CODE, COLUMN_NAME, COLUMN_ALIAS, DISPLAY_ORDER)
values ('10387', 'YW_L_HEIMINGDAN', 'qryzsxrq', '确认严重失信日期', null);

insert into dz_yw_table_column (ID, TABLE_CODE, COLUMN_NAME, COLUMN_ALIAS, DISPLAY_ORDER)
values ('10388', 'YW_L_HEIMINGDAN', 'gsjzq', '公示截止期', null);

insert into dz_yw_table_column (ID, TABLE_CODE, COLUMN_NAME, COLUMN_ALIAS, DISPLAY_ORDER)
values ('10389', 'YW_L_HEIMINGDAN', 'jhdwqc', '交换单位全称', null);

insert into dz_yw_table_column (ID, TABLE_CODE, COLUMN_NAME, COLUMN_ALIAS, DISPLAY_ORDER)
values ('10390', 'YW_L_HEIMINGDAN', 'dqzt', '当前状态', null);

insert into dz_yw_table_column (ID, TABLE_CODE, COLUMN_NAME, COLUMN_ALIAS, DISPLAY_ORDER)
values ('10391', 'YW_L_HONGMINGDAN', 'zzjgdm', '组织机构代码', null);

insert into dz_yw_table_column (ID, TABLE_CODE, COLUMN_NAME, COLUMN_ALIAS, DISPLAY_ORDER)
values ('10392', 'YW_L_HONGMINGDAN', 'jgqcyw', '机构全称英文', null);

insert into dz_yw_table_column (ID, TABLE_CODE, COLUMN_NAME, COLUMN_ALIAS, DISPLAY_ORDER)
values ('10393', 'YW_L_HONGMINGDAN', 'jgqc', '机构全称中文', null);

insert into dz_yw_table_column (ID, TABLE_CODE, COLUMN_NAME, COLUMN_ALIAS, DISPLAY_ORDER)
values ('10394', 'YW_L_HONGMINGDAN', 'gszch', '工商注册号', null);

insert into dz_yw_table_column (ID, TABLE_CODE, COLUMN_NAME, COLUMN_ALIAS, DISPLAY_ORDER)
values ('10395', 'YW_L_HONGMINGDAN', 'tyshxydm', '统一社会信用代码', null);

insert into dz_yw_table_column (ID, TABLE_CODE, COLUMN_NAME, COLUMN_ALIAS, DISPLAY_ORDER)
values ('10396', 'YW_L_HONGMINGDAN', 'bz', '备注', null);

insert into dz_yw_table_column (ID, TABLE_CODE, COLUMN_NAME, COLUMN_ALIAS, DISPLAY_ORDER)
values ('10397', 'YW_L_HONGMINGDAN', 'bzwjh', '表彰文件号', null);

insert into dz_yw_table_column (ID, TABLE_CODE, COLUMN_NAME, COLUMN_ALIAS, DISPLAY_ORDER)
values ('10398', 'YW_L_HONGMINGDAN', 'rymc', '荣誉名称', null);

insert into dz_yw_table_column (ID, TABLE_CODE, COLUMN_NAME, COLUMN_ALIAS, DISPLAY_ORDER)
values ('10399', 'YW_L_HONGMINGDAN', 'rdwh', '认定文号', null);

insert into dz_yw_table_column (ID, TABLE_CODE, COLUMN_NAME, COLUMN_ALIAS, DISPLAY_ORDER)
values ('10400', 'YW_L_HONGMINGDAN', 'rdjgqc', '认定机关全称', null);

insert into dz_yw_table_column (ID, TABLE_CODE, COLUMN_NAME, COLUMN_ALIAS, DISPLAY_ORDER)
values ('10401', 'YW_L_HONGMINGDAN', 'rdrq', '认定日期', null);

insert into dz_yw_table_column (ID, TABLE_CODE, COLUMN_NAME, COLUMN_ALIAS, DISPLAY_ORDER)
values ('10402', 'YW_L_HONGMINGDAN', 'gsjzq', '公示截止期', null);

insert into dz_yw_table_column (ID, TABLE_CODE, COLUMN_NAME, COLUMN_ALIAS, DISPLAY_ORDER)
values ('10403', 'YW_L_HONGMINGDAN', 'jhdwqc', '交换单位全称', null);

insert into dz_yw_table_column (ID, TABLE_CODE, COLUMN_NAME, COLUMN_ALIAS, DISPLAY_ORDER)
values ('10404', 'YW_L_HONGMINGDAN', 'dqzt', '当前状态', null);

insert into dz_yw_table_column (ID, TABLE_CODE, COLUMN_NAME, COLUMN_ALIAS, DISPLAY_ORDER)
values ('10405', 'YW_L_JGSLBGDJ', 'zzjgdm', '组织机构代码', null);

insert into dz_yw_table_column (ID, TABLE_CODE, COLUMN_NAME, COLUMN_ALIAS, DISPLAY_ORDER)
values ('10406', 'YW_L_JGSLBGDJ', 'jgqcyw', '机构全称英文', null);

insert into dz_yw_table_column (ID, TABLE_CODE, COLUMN_NAME, COLUMN_ALIAS, DISPLAY_ORDER)
values ('10407', 'YW_L_JGSLBGDJ', 'jgqc', '机构全称中文', null);

insert into dz_yw_table_column (ID, TABLE_CODE, COLUMN_NAME, COLUMN_ALIAS, DISPLAY_ORDER)
values ('10408', 'YW_L_JGSLBGDJ', 'gszch', '工商注册号', null);

insert into dz_yw_table_column (ID, TABLE_CODE, COLUMN_NAME, COLUMN_ALIAS, DISPLAY_ORDER)
values ('10409', 'YW_L_JGSLBGDJ', 'tyshxydm', '统一社会信用代码', null);

insert into dz_yw_table_column (ID, TABLE_CODE, COLUMN_NAME, COLUMN_ALIAS, DISPLAY_ORDER)
values ('10410', 'YW_L_JGSLBGDJ', 'bz', '备注', null);

insert into dz_yw_table_column (ID, TABLE_CODE, COLUMN_NAME, COLUMN_ALIAS, DISPLAY_ORDER)
values ('10411', 'YW_L_JGSLBGDJ', 'sldjlx', '设立登记类型', null);

insert into dz_yw_table_column (ID, TABLE_CODE, COLUMN_NAME, COLUMN_ALIAS, DISPLAY_ORDER)
values ('10412', 'YW_L_JGSLBGDJ', 'zl', '种类', null);

insert into dz_yw_table_column (ID, TABLE_CODE, COLUMN_NAME, COLUMN_ALIAS, DISPLAY_ORDER)
values ('10413', 'YW_L_JGSLBGDJ', 'fddbrxm', '法定代表人姓名', null);

insert into dz_yw_table_column (ID, TABLE_CODE, COLUMN_NAME, COLUMN_ALIAS, DISPLAY_ORDER)
values ('10414', 'YW_L_JGSLBGDJ', 'fddbrzjlx', '法定代表人证件名称', null);

insert into dz_yw_table_column (ID, TABLE_CODE, COLUMN_NAME, COLUMN_ALIAS, DISPLAY_ORDER)
values ('10415', 'YW_L_JGSLBGDJ', 'fddbrzjhm', '法定代表人证件号码', null);

insert into dz_yw_table_column (ID, TABLE_CODE, COLUMN_NAME, COLUMN_ALIAS, DISPLAY_ORDER)
values ('10416', 'YW_L_JGSLBGDJ', 'zczj', '注册资金（万元）', null);

insert into dz_yw_table_column (ID, TABLE_CODE, COLUMN_NAME, COLUMN_ALIAS, DISPLAY_ORDER)
values ('10417', 'YW_L_JGSLBGDJ', 'sszj', '实收资金（万元）', null);

insert into dz_yw_table_column (ID, TABLE_CODE, COLUMN_NAME, COLUMN_ALIAS, DISPLAY_ORDER)
values ('10418', 'YW_L_JGSLBGDJ', 'jyfw', '经营范围', null);

insert into dz_yw_table_column (ID, TABLE_CODE, COLUMN_NAME, COLUMN_ALIAS, DISPLAY_ORDER)
values ('10419', 'YW_L_JGSLBGDJ', 'qylxdm', '企业类型代码', null);

insert into dz_yw_table_column (ID, TABLE_CODE, COLUMN_NAME, COLUMN_ALIAS, DISPLAY_ORDER)
values ('10420', 'YW_L_JGSLBGDJ', 'qylxmc', '企业类型名称', null);

insert into dz_yw_table_column (ID, TABLE_CODE, COLUMN_NAME, COLUMN_ALIAS, DISPLAY_ORDER)
values ('10421', 'YW_L_JGSLBGDJ', 'sshymc', '所属行业名称', null);

insert into dz_yw_table_column (ID, TABLE_CODE, COLUMN_NAME, COLUMN_ALIAS, DISPLAY_ORDER)
values ('10422', 'YW_L_JGSLBGDJ', 'sshydm', '所属行业代码', null);

insert into dz_yw_table_column (ID, TABLE_CODE, COLUMN_NAME, COLUMN_ALIAS, DISPLAY_ORDER)
values ('10423', 'YW_L_JGSLBGDJ', 'jgdz', '机构地址', null);

insert into dz_yw_table_column (ID, TABLE_CODE, COLUMN_NAME, COLUMN_ALIAS, DISPLAY_ORDER)
values ('10424', 'YW_L_JGSLBGDJ', 'fzjgmc', '发证机关名称', null);

insert into dz_yw_table_column (ID, TABLE_CODE, COLUMN_NAME, COLUMN_ALIAS, DISPLAY_ORDER)
values ('10425', 'YW_L_JGSLBGDJ', 'fzrq', '发证日期', null);

insert into dz_yw_table_column (ID, TABLE_CODE, COLUMN_NAME, COLUMN_ALIAS, DISPLAY_ORDER)
values ('10426', 'YW_L_JGSLBGDJ', 'hzrq', '核准日期', null);

insert into dz_yw_table_column (ID, TABLE_CODE, COLUMN_NAME, COLUMN_ALIAS, DISPLAY_ORDER)
values ('10427', 'YW_L_JGSLBGDJ', 'jjlx', '经济类型', null);

insert into dz_yw_table_column (ID, TABLE_CODE, COLUMN_NAME, COLUMN_ALIAS, DISPLAY_ORDER)
values ('10428', 'YW_L_JGSLBGDJ', 'xzqh', '行政区划', null);

insert into dz_yw_table_column (ID, TABLE_CODE, COLUMN_NAME, COLUMN_ALIAS, DISPLAY_ORDER)
values ('10429', 'YW_L_JGSLBGDJ', 'lxdh', '联系电话', null);

insert into dz_yw_table_column (ID, TABLE_CODE, COLUMN_NAME, COLUMN_ALIAS, DISPLAY_ORDER)
values ('10430', 'YW_L_JGSLBGDJ', 'jgdw', '监管单位', null);

insert into dz_yw_table_column (ID, TABLE_CODE, COLUMN_NAME, COLUMN_ALIAS, DISPLAY_ORDER)
values ('10431', 'YW_L_JGSLBGDJ', 'gdfqr', '股东', null);

insert into dz_yw_table_column (ID, TABLE_CODE, COLUMN_NAME, COLUMN_ALIAS, DISPLAY_ORDER)
values ('10432', 'YW_L_JGSLBGDJ', 'zjbz', '资金币种', null);

insert into dz_yw_table_column (ID, TABLE_CODE, COLUMN_NAME, COLUMN_ALIAS, DISPLAY_ORDER)
values ('10433', 'YW_L_JGSLBGDJ', 'jhdwqc', '交换单位全称', null);

insert into dz_yw_table_column (ID, TABLE_CODE, COLUMN_NAME, COLUMN_ALIAS, DISPLAY_ORDER)
values ('10434', 'YW_L_JGSLBGDJ', 'longitude', '企业经度', null);

insert into dz_yw_table_column (ID, TABLE_CODE, COLUMN_NAME, COLUMN_ALIAS, DISPLAY_ORDER)
values ('10435', 'YW_L_JGSLBGDJ', 'latitude', '企业纬度', null);

insert into dz_yw_table_column (ID, TABLE_CODE, COLUMN_NAME, COLUMN_ALIAS, DISPLAY_ORDER)
values ('2001', 'YW_P_GRBZDJXX', 'XM', '姓名', null);

insert into dz_yw_table_column (ID, TABLE_CODE, COLUMN_NAME, COLUMN_ALIAS, DISPLAY_ORDER)
values ('2002', 'YW_P_GRBZDJXX', 'SFZH', '身份证号', null);

insert into dz_yw_table_column (ID, TABLE_CODE, COLUMN_NAME, COLUMN_ALIAS, DISPLAY_ORDER)
values ('2003', 'YW_P_GRBZDJXX', 'ZJLX', '证件类型', null);

insert into dz_yw_table_column (ID, TABLE_CODE, COLUMN_NAME, COLUMN_ALIAS, DISPLAY_ORDER)
values ('2004', 'YW_P_GRBZDJXX', 'BZ', '备注', null);

insert into dz_yw_table_column (ID, TABLE_CODE, COLUMN_NAME, COLUMN_ALIAS, DISPLAY_ORDER)
values ('2005', 'YW_P_GRBZDJXX', 'DJRQ', '登记日期', null);

insert into dz_yw_table_column (ID, TABLE_CODE, COLUMN_NAME, COLUMN_ALIAS, DISPLAY_ORDER)
values ('2006', 'YW_P_GRBZDJXX', 'SWRQ', '死亡日期', null);

insert into dz_yw_table_column (ID, TABLE_CODE, COLUMN_NAME, COLUMN_ALIAS, DISPLAY_ORDER)
values ('2007', 'YW_P_GRBZDJXX', 'JSLXFS', '家属联系方式', null);

insert into dz_yw_table_column (ID, TABLE_CODE, COLUMN_NAME, COLUMN_ALIAS, DISPLAY_ORDER)
values ('2008', 'YW_P_GRBZDJXX', 'JSLXRXM', '家属联系人姓名', null);

insert into dz_yw_table_column (ID, TABLE_CODE, COLUMN_NAME, COLUMN_ALIAS, DISPLAY_ORDER)
values ('2009', 'YW_P_GRBZDJXX', 'LXRDZ', '联系人地址', null);

insert into dz_yw_table_column (ID, TABLE_CODE, COLUMN_NAME, COLUMN_ALIAS, DISPLAY_ORDER)
values ('2010', 'YW_P_GRCL', 'XM', '姓名', null);

insert into dz_yw_table_column (ID, TABLE_CODE, COLUMN_NAME, COLUMN_ALIAS, DISPLAY_ORDER)
values ('2011', 'YW_P_GRCL', 'SFZH', '身份证号', null);

insert into dz_yw_table_column (ID, TABLE_CODE, COLUMN_NAME, COLUMN_ALIAS, DISPLAY_ORDER)
values ('2012', 'YW_P_GRCL', 'ZJLX', '证件类型', null);

insert into dz_yw_table_column (ID, TABLE_CODE, COLUMN_NAME, COLUMN_ALIAS, DISPLAY_ORDER)
values ('2013', 'YW_P_GRCL', 'BZ', '备注', null);

insert into dz_yw_table_column (ID, TABLE_CODE, COLUMN_NAME, COLUMN_ALIAS, DISPLAY_ORDER)
values ('2014', 'YW_P_GRCL', 'HPZL', '号牌种类', null);

insert into dz_yw_table_column (ID, TABLE_CODE, COLUMN_NAME, COLUMN_ALIAS, DISPLAY_ORDER)
values ('2015', 'YW_P_GRCL', 'ZWPP', '中文品牌', null);

insert into dz_yw_table_column (ID, TABLE_CODE, COLUMN_NAME, COLUMN_ALIAS, DISPLAY_ORDER)
values ('2016', 'YW_P_GRCL', 'CLXH', '车辆型号', null);

insert into dz_yw_table_column (ID, TABLE_CODE, COLUMN_NAME, COLUMN_ALIAS, DISPLAY_ORDER)
values ('2017', 'YW_P_GRCL', 'CCLZSJ', '初次领证时间', null);

insert into dz_yw_table_column (ID, TABLE_CODE, COLUMN_NAME, COLUMN_ALIAS, DISPLAY_ORDER)
values ('2018', 'YW_P_GRCL', 'SYXZ', '使用性质', null);

insert into dz_yw_table_column (ID, TABLE_CODE, COLUMN_NAME, COLUMN_ALIAS, DISPLAY_ORDER)
values ('2019', 'YW_P_GRCL', 'GXRQ', '更新日期', null);

insert into dz_yw_table_column (ID, TABLE_CODE, COLUMN_NAME, COLUMN_ALIAS, DISPLAY_ORDER)
values ('2020', 'YW_P_GRCL', 'SYSXQ', '使用生效期', null);

insert into dz_yw_table_column (ID, TABLE_CODE, COLUMN_NAME, COLUMN_ALIAS, DISPLAY_ORDER)
values ('2021', 'YW_P_GRCL', 'SYJZQ', '使用截止期', null);

insert into dz_yw_table_column (ID, TABLE_CODE, COLUMN_NAME, COLUMN_ALIAS, DISPLAY_ORDER)
values ('2022', 'YW_P_GRCL', 'FZRQ', '发证日期', null);

insert into dz_yw_table_column (ID, TABLE_CODE, COLUMN_NAME, COLUMN_ALIAS, DISPLAY_ORDER)
values ('2023', 'YW_P_GRCYZG', 'XM', '姓名', null);

insert into dz_yw_table_column (ID, TABLE_CODE, COLUMN_NAME, COLUMN_ALIAS, DISPLAY_ORDER)
values ('2024', 'YW_P_GRCYZG', 'SFZH', '身份证号', null);

insert into dz_yw_table_column (ID, TABLE_CODE, COLUMN_NAME, COLUMN_ALIAS, DISPLAY_ORDER)
values ('2025', 'YW_P_GRCYZG', 'ZJLX', '证件类型', null);

insert into dz_yw_table_column (ID, TABLE_CODE, COLUMN_NAME, COLUMN_ALIAS, DISPLAY_ORDER)
values ('2026', 'YW_P_GRCYZG', 'BZ', '备注', null);

insert into dz_yw_table_column (ID, TABLE_CODE, COLUMN_NAME, COLUMN_ALIAS, DISPLAY_ORDER)
values ('2027', 'YW_P_GRCYZG', 'CYZGMC', '从业资格名称', null);

insert into dz_yw_table_column (ID, TABLE_CODE, COLUMN_NAME, COLUMN_ALIAS, DISPLAY_ORDER)
values ('2028', 'YW_P_GRCYZG', 'CYZGDJ', '从业资格等级', null);

insert into dz_yw_table_column (ID, TABLE_CODE, COLUMN_NAME, COLUMN_ALIAS, DISPLAY_ORDER)
values ('2029', 'YW_P_GRCYZG', 'FZRQ', '发证日期', null);

insert into dz_yw_table_column (ID, TABLE_CODE, COLUMN_NAME, COLUMN_ALIAS, DISPLAY_ORDER)
values ('2030', 'YW_P_GRCYZG', 'YXQZ', '有效期至', null);

insert into dz_yw_table_column (ID, TABLE_CODE, COLUMN_NAME, COLUMN_ALIAS, DISPLAY_ORDER)
values ('2031', 'YW_P_GRCYZG', 'FZDW', '发证单位', null);

insert into dz_yw_table_column (ID, TABLE_CODE, COLUMN_NAME, COLUMN_ALIAS, DISPLAY_ORDER)
values ('2032', 'YW_P_GRDB', 'XM', '姓名', null);

insert into dz_yw_table_column (ID, TABLE_CODE, COLUMN_NAME, COLUMN_ALIAS, DISPLAY_ORDER)
values ('2033', 'YW_P_GRDB', 'SFZH', '身份证号', null);

insert into dz_yw_table_column (ID, TABLE_CODE, COLUMN_NAME, COLUMN_ALIAS, DISPLAY_ORDER)
values ('2034', 'YW_P_GRDB', 'ZJLX', '证件类型', null);

insert into dz_yw_table_column (ID, TABLE_CODE, COLUMN_NAME, COLUMN_ALIAS, DISPLAY_ORDER)
values ('2035', 'YW_P_GRDB', 'BZ', '备注', null);

insert into dz_yw_table_column (ID, TABLE_CODE, COLUMN_NAME, COLUMN_ALIAS, DISPLAY_ORDER)
values ('2036', 'YW_P_GRDB', 'SSDQ', '所属地区', null);

insert into dz_yw_table_column (ID, TABLE_CODE, COLUMN_NAME, COLUMN_ALIAS, DISPLAY_ORDER)
values ('2037', 'YW_P_GRDB', 'SSX', '所属县', null);

insert into dz_yw_table_column (ID, TABLE_CODE, COLUMN_NAME, COLUMN_ALIAS, DISPLAY_ORDER)
values ('2038', 'YW_P_GRDB', 'SSZ', '所属镇', null);

insert into dz_yw_table_column (ID, TABLE_CODE, COLUMN_NAME, COLUMN_ALIAS, DISPLAY_ORDER)
values ('2039', 'YW_P_GRDB', 'DBDJRQ', '低保登记日期', null);

insert into dz_yw_table_column (ID, TABLE_CODE, COLUMN_NAME, COLUMN_ALIAS, DISPLAY_ORDER)
values ('2040', 'YW_P_GRDB', 'DBZXRQ', '低保注销日期', null);

insert into dz_yw_table_column (ID, TABLE_CODE, COLUMN_NAME, COLUMN_ALIAS, DISPLAY_ORDER)
values ('2041', 'YW_P_GRDB', 'JZLX', '救助类型', null);

insert into dz_yw_table_column (ID, TABLE_CODE, COLUMN_NAME, COLUMN_ALIAS, DISPLAY_ORDER)
values ('2042', 'YW_P_GRDBJTCYXX', 'XM', '姓名', null);

insert into dz_yw_table_column (ID, TABLE_CODE, COLUMN_NAME, COLUMN_ALIAS, DISPLAY_ORDER)
values ('2043', 'YW_P_GRDBJTCYXX', 'SFZH', '身份证号', null);

insert into dz_yw_table_column (ID, TABLE_CODE, COLUMN_NAME, COLUMN_ALIAS, DISPLAY_ORDER)
values ('2044', 'YW_P_GRDBJTCYXX', 'ZJLX', '证件类型', null);

insert into dz_yw_table_column (ID, TABLE_CODE, COLUMN_NAME, COLUMN_ALIAS, DISPLAY_ORDER)
values ('2045', 'YW_P_GRDBJTCYXX', 'BZ', '备注', null);

insert into dz_yw_table_column (ID, TABLE_CODE, COLUMN_NAME, COLUMN_ALIAS, DISPLAY_ORDER)
values ('2046', 'YW_P_GRDBJTCYXX', 'XB', '性别', null);

insert into dz_yw_table_column (ID, TABLE_CODE, COLUMN_NAME, COLUMN_ALIAS, DISPLAY_ORDER)
values ('2047', 'YW_P_GRDBJTCYXX', 'MZ', '民族', null);

insert into dz_yw_table_column (ID, TABLE_CODE, COLUMN_NAME, COLUMN_ALIAS, DISPLAY_ORDER)
values ('2048', 'YW_P_GRDBJTCYXX', 'WHCD', '文化程度', null);

insert into dz_yw_table_column (ID, TABLE_CODE, COLUMN_NAME, COLUMN_ALIAS, DISPLAY_ORDER)
values ('2049', 'YW_P_GRDBJTCYXX', 'LDNL', '劳动能力', null);

insert into dz_yw_table_column (ID, TABLE_CODE, COLUMN_NAME, COLUMN_ALIAS, DISPLAY_ORDER)
values ('2050', 'YW_P_GRDBJTCYXX', 'JZLX', '救助类型', null);

insert into dz_yw_table_column (ID, TABLE_CODE, COLUMN_NAME, COLUMN_ALIAS, DISPLAY_ORDER)
values ('2051', 'YW_P_GRDBJTCYXX', 'JKZK', '健康状况', null);

insert into dz_yw_table_column (ID, TABLE_CODE, COLUMN_NAME, COLUMN_ALIAS, DISPLAY_ORDER)
values ('2052', 'YW_P_GRDBJTCYXX', 'CJDJ', '残疾等级', null);

insert into dz_yw_table_column (ID, TABLE_CODE, COLUMN_NAME, COLUMN_ALIAS, DISPLAY_ORDER)
values ('2053', 'YW_P_GRDBJTCYXX', 'CJLB', '残疾类别', null);

insert into dz_yw_table_column (ID, TABLE_CODE, COLUMN_NAME, COLUMN_ALIAS, DISPLAY_ORDER)
values ('2054', 'YW_P_GRDBJTCYXX', 'DTBHLX', '动态变化类型', null);

insert into dz_yw_table_column (ID, TABLE_CODE, COLUMN_NAME, COLUMN_ALIAS, DISPLAY_ORDER)
values ('2055', 'YW_P_GRDBJTCYXX', 'BHNY', '变化年月', null);

insert into dz_yw_table_column (ID, TABLE_CODE, COLUMN_NAME, COLUMN_ALIAS, DISPLAY_ORDER)
values ('2056', 'YW_P_GRDBJTCYXX', 'S', '市（区）', null);

insert into dz_yw_table_column (ID, TABLE_CODE, COLUMN_NAME, COLUMN_ALIAS, DISPLAY_ORDER)
values ('2057', 'YW_P_GRDBJTCYXX', 'JD', '街道(乡镇)', null);

insert into dz_yw_table_column (ID, TABLE_CODE, COLUMN_NAME, COLUMN_ALIAS, DISPLAY_ORDER)
values ('2058', 'YW_P_GRDBJTCYXX', 'SQ', '社区(村)', null);

insert into dz_yw_table_column (ID, TABLE_CODE, COLUMN_NAME, COLUMN_ALIAS, DISPLAY_ORDER)
values ('2059', 'YW_P_GRDBJTCYXX', 'HZSFZH', '户主身份证号码', null);

insert into dz_yw_table_column (ID, TABLE_CODE, COLUMN_NAME, COLUMN_ALIAS, DISPLAY_ORDER)
values ('2060', 'YW_P_GRDBJTCYXX', 'HZXM', '户主姓名', null);

insert into dz_yw_table_column (ID, TABLE_CODE, COLUMN_NAME, COLUMN_ALIAS, DISPLAY_ORDER)
values ('2061', 'YW_P_GRDBJTCYXX', 'JTGX', '家庭关系', null);

insert into dz_yw_table_column (ID, TABLE_CODE, COLUMN_NAME, COLUMN_ALIAS, DISPLAY_ORDER)
values ('2062', 'YW_P_GRDBJTXX', 'XM', '姓名', null);

insert into dz_yw_table_column (ID, TABLE_CODE, COLUMN_NAME, COLUMN_ALIAS, DISPLAY_ORDER)
values ('2063', 'YW_P_GRDBJTXX', 'SFZH', '身份证号', null);

insert into dz_yw_table_column (ID, TABLE_CODE, COLUMN_NAME, COLUMN_ALIAS, DISPLAY_ORDER)
values ('2064', 'YW_P_GRDBJTXX', 'ZJLX', '证件类型', null);

insert into dz_yw_table_column (ID, TABLE_CODE, COLUMN_NAME, COLUMN_ALIAS, DISPLAY_ORDER)
values ('2065', 'YW_P_GRDBJTXX', 'BZ', '备注', null);

insert into dz_yw_table_column (ID, TABLE_CODE, COLUMN_NAME, COLUMN_ALIAS, DISPLAY_ORDER)
values ('2066', 'YW_P_GRDBJTXX', 'BZRKS', '保障人口数', null);

insert into dz_yw_table_column (ID, TABLE_CODE, COLUMN_NAME, COLUMN_ALIAS, DISPLAY_ORDER)
values ('2067', 'YW_P_GRDBJTXX', 'JTRKS', '家庭人口数', null);

insert into dz_yw_table_column (ID, TABLE_CODE, COLUMN_NAME, COLUMN_ALIAS, DISPLAY_ORDER)
values ('2068', 'YW_P_GRDBJTXX', 'LXDH', '联系电话', null);

insert into dz_yw_table_column (ID, TABLE_CODE, COLUMN_NAME, COLUMN_ALIAS, DISPLAY_ORDER)
values ('2069', 'YW_P_GRDBJTXX', 'JZDZ', '居住地址', null);

insert into dz_yw_table_column (ID, TABLE_CODE, COLUMN_NAME, COLUMN_ALIAS, DISPLAY_ORDER)
values ('2070', 'YW_P_GRDBJTXX', 'DTBHLX', '动态变化类型', null);

insert into dz_yw_table_column (ID, TABLE_CODE, COLUMN_NAME, COLUMN_ALIAS, DISPLAY_ORDER)
values ('2071', 'YW_P_GRDBJTXX', 'DTBHNY', '动态变化年月', null);

insert into dz_yw_table_column (ID, TABLE_CODE, COLUMN_NAME, COLUMN_ALIAS, DISPLAY_ORDER)
values ('2072', 'YW_P_GRDBJTXX', 'S', '市（区）', null);

insert into dz_yw_table_column (ID, TABLE_CODE, COLUMN_NAME, COLUMN_ALIAS, DISPLAY_ORDER)
values ('2073', 'YW_P_GRDBJTXX', 'JD', '街道(乡镇)', null);

insert into dz_yw_table_column (ID, TABLE_CODE, COLUMN_NAME, COLUMN_ALIAS, DISPLAY_ORDER)
values ('2074', 'YW_P_GRDBJTXX', 'SQ', '社区(村)', null);

insert into dz_yw_table_column (ID, TABLE_CODE, COLUMN_NAME, COLUMN_ALIAS, DISPLAY_ORDER)
values ('2075', 'YW_P_GRETJZYM', 'XM', '姓名', null);

insert into dz_yw_table_column (ID, TABLE_CODE, COLUMN_NAME, COLUMN_ALIAS, DISPLAY_ORDER)
values ('2076', 'YW_P_GRETJZYM', 'SFZH', '儿童身份证号', null);

insert into dz_yw_table_column (ID, TABLE_CODE, COLUMN_NAME, COLUMN_ALIAS, DISPLAY_ORDER)
values ('2077', 'YW_P_GRETJZYM', 'ZJLX', '证件类型', null);

insert into dz_yw_table_column (ID, TABLE_CODE, COLUMN_NAME, COLUMN_ALIAS, DISPLAY_ORDER)
values ('2078', 'YW_P_GRETJZYM', 'BZ', '备注', null);

insert into dz_yw_table_column (ID, TABLE_CODE, COLUMN_NAME, COLUMN_ALIAS, DISPLAY_ORDER)
values ('2079', 'YW_P_GRETJZYM', 'XB', '儿童性别', null);

insert into dz_yw_table_column (ID, TABLE_CODE, COLUMN_NAME, COLUMN_ALIAS, DISPLAY_ORDER)
values ('2080', 'YW_P_GRETJZYM', 'CSRQ', '出生日期', null);

insert into dz_yw_table_column (ID, TABLE_CODE, COLUMN_NAME, COLUMN_ALIAS, DISPLAY_ORDER)
values ('2081', 'YW_P_GRETJZYM', 'ZHYMJZRQ', '最后一次疫苗接种日期', null);

insert into dz_yw_table_column (ID, TABLE_CODE, COLUMN_NAME, COLUMN_ALIAS, DISPLAY_ORDER)
values ('2082', 'YW_P_GRETJZYM', 'CS', '接种疫苗次数', null);

insert into dz_yw_table_column (ID, TABLE_CODE, COLUMN_NAME, COLUMN_ALIAS, DISPLAY_ORDER)
values ('2083', 'YW_P_GRFYQZZX', 'XM', '姓名', null);

insert into dz_yw_table_column (ID, TABLE_CODE, COLUMN_NAME, COLUMN_ALIAS, DISPLAY_ORDER)
values ('2084', 'YW_P_GRFYQZZX', 'SFZH', '身份证号', null);

insert into dz_yw_table_column (ID, TABLE_CODE, COLUMN_NAME, COLUMN_ALIAS, DISPLAY_ORDER)
values ('2085', 'YW_P_GRFYQZZX', 'ZJLX', '证件类型', null);

insert into dz_yw_table_column (ID, TABLE_CODE, COLUMN_NAME, COLUMN_ALIAS, DISPLAY_ORDER)
values ('2086', 'YW_P_GRFYQZZX', 'BZ', '备注', null);

insert into dz_yw_table_column (ID, TABLE_CODE, COLUMN_NAME, COLUMN_ALIAS, DISPLAY_ORDER)
values ('2087', 'YW_P_GRFYQZZX', 'AH', '案号', null);

insert into dz_yw_table_column (ID, TABLE_CODE, COLUMN_NAME, COLUMN_ALIAS, DISPLAY_ORDER)
values ('2088', 'YW_P_GRFYQZZX', 'SLFY', '受理法院', null);

insert into dz_yw_table_column (ID, TABLE_CODE, COLUMN_NAME, COLUMN_ALIAS, DISPLAY_ORDER)
values ('2089', 'YW_P_GRFYQZZX', 'AJZT', '案件状态', null);

insert into dz_yw_table_column (ID, TABLE_CODE, COLUMN_NAME, COLUMN_ALIAS, DISPLAY_ORDER)
values ('2090', 'YW_P_GRFYQZZX', 'JARQ', '结案日期', null);

insert into dz_yw_table_column (ID, TABLE_CODE, COLUMN_NAME, COLUMN_ALIAS, DISPLAY_ORDER)
values ('2091', 'YW_P_GRGZ', 'XM', '姓名', null);

insert into dz_yw_table_column (ID, TABLE_CODE, COLUMN_NAME, COLUMN_ALIAS, DISPLAY_ORDER)
values ('2092', 'YW_P_GRGZ', 'BZ', '备注', null);

insert into dz_yw_table_column (ID, TABLE_CODE, COLUMN_NAME, COLUMN_ALIAS, DISPLAY_ORDER)
values ('2093', 'YW_P_GRGZ', 'DJJG', '登记机关', null);

insert into dz_yw_table_column (ID, TABLE_CODE, COLUMN_NAME, COLUMN_ALIAS, DISPLAY_ORDER)
values ('2094', 'YW_P_GRGZ', 'DJRQ', '登记日期', null);

insert into dz_yw_table_column (ID, TABLE_CODE, COLUMN_NAME, COLUMN_ALIAS, DISPLAY_ORDER)
values ('2095', 'YW_P_GRGZ', 'ZZJGDM', '组织机构代码', null);

insert into dz_yw_table_column (ID, TABLE_CODE, COLUMN_NAME, COLUMN_ALIAS, DISPLAY_ORDER)
values ('2096', 'YW_P_GRGZ', 'JGQCYW', '机构全称英文', null);

insert into dz_yw_table_column (ID, TABLE_CODE, COLUMN_NAME, COLUMN_ALIAS, DISPLAY_ORDER)
values ('2097', 'YW_P_GRGZ', 'JGQCZW', '机构全称中文', null);

insert into dz_yw_table_column (ID, TABLE_CODE, COLUMN_NAME, COLUMN_ALIAS, DISPLAY_ORDER)
values ('2098', 'YW_P_GRGZ', 'GSZCH', '工商注册号（单位注册号）', null);

insert into dz_yw_table_column (ID, TABLE_CODE, COLUMN_NAME, COLUMN_ALIAS, DISPLAY_ORDER)
values ('2099', 'YW_P_GRGZ', 'TYSHXYDM', '统一社会信用代码', null);

insert into dz_yw_table_column (ID, TABLE_CODE, COLUMN_NAME, COLUMN_ALIAS, DISPLAY_ORDER)
values ('2100', 'YW_P_GRGZ', 'SFZH', '身份证号', null);

insert into dz_yw_table_column (ID, TABLE_CODE, COLUMN_NAME, COLUMN_ALIAS, DISPLAY_ORDER)
values ('2101', 'YW_P_GRHEIMINGDAN', 'XM', '姓名', null);

insert into dz_yw_table_column (ID, TABLE_CODE, COLUMN_NAME, COLUMN_ALIAS, DISPLAY_ORDER)
values ('2102', 'YW_P_GRHEIMINGDAN', 'SFZH', '身份证号', null);

insert into dz_yw_table_column (ID, TABLE_CODE, COLUMN_NAME, COLUMN_ALIAS, DISPLAY_ORDER)
values ('2103', 'YW_P_GRHEIMINGDAN', 'ZJLX', '证件类型', null);

insert into dz_yw_table_column (ID, TABLE_CODE, COLUMN_NAME, COLUMN_ALIAS, DISPLAY_ORDER)
values ('2104', 'YW_P_GRHEIMINGDAN', 'BZ', '备注', null);

insert into dz_yw_table_column (ID, TABLE_CODE, COLUMN_NAME, COLUMN_ALIAS, DISPLAY_ORDER)
values ('2105', 'YW_P_GRHEIMINGDAN', 'ZYSXSS', '主要失信事实', null);

insert into dz_yw_table_column (ID, TABLE_CODE, COLUMN_NAME, COLUMN_ALIAS, DISPLAY_ORDER)
values ('2106', 'YW_P_GRHEIMINGDAN', 'XZCLJDNR', '行政处理决定内容', null);

insert into dz_yw_table_column (ID, TABLE_CODE, COLUMN_NAME, COLUMN_ALIAS, DISPLAY_ORDER)
values ('2107', 'YW_P_GRHEIMINGDAN', 'RDWH', '认定文号', null);

insert into dz_yw_table_column (ID, TABLE_CODE, COLUMN_NAME, COLUMN_ALIAS, DISPLAY_ORDER)
values ('2108', 'YW_P_GRHEIMINGDAN', 'RDDW', '认定单位', null);

insert into dz_yw_table_column (ID, TABLE_CODE, COLUMN_NAME, COLUMN_ALIAS, DISPLAY_ORDER)
values ('2109', 'YW_P_GRHEIMINGDAN', 'RDRQ', '认定日期', null);

insert into dz_yw_table_column (ID, TABLE_CODE, COLUMN_NAME, COLUMN_ALIAS, DISPLAY_ORDER)
values ('2110', 'YW_P_GRHEIMINGDAN', 'GSJZQ', '公示截止期', null);

insert into dz_yw_table_column (ID, TABLE_CODE, COLUMN_NAME, COLUMN_ALIAS, DISPLAY_ORDER)
values ('2111', 'YW_P_GRHONGMINGDAN', 'XM', '姓名', null);

insert into dz_yw_table_column (ID, TABLE_CODE, COLUMN_NAME, COLUMN_ALIAS, DISPLAY_ORDER)
values ('2112', 'YW_P_GRHONGMINGDAN', 'SFZH', '身份证号', null);

insert into dz_yw_table_column (ID, TABLE_CODE, COLUMN_NAME, COLUMN_ALIAS, DISPLAY_ORDER)
values ('2113', 'YW_P_GRHONGMINGDAN', 'ZJLX', '证件类型', null);

insert into dz_yw_table_column (ID, TABLE_CODE, COLUMN_NAME, COLUMN_ALIAS, DISPLAY_ORDER)
values ('2114', 'YW_P_GRHONGMINGDAN', 'BZ', '备注', null);

insert into dz_yw_table_column (ID, TABLE_CODE, COLUMN_NAME, COLUMN_ALIAS, DISPLAY_ORDER)
values ('2115', 'YW_P_GRHONGMINGDAN', 'RYMC', '荣誉名称', null);

insert into dz_yw_table_column (ID, TABLE_CODE, COLUMN_NAME, COLUMN_ALIAS, DISPLAY_ORDER)
values ('2116', 'YW_P_GRHONGMINGDAN', 'RYSX', '荣誉事项', null);

insert into dz_yw_table_column (ID, TABLE_CODE, COLUMN_NAME, COLUMN_ALIAS, DISPLAY_ORDER)
values ('2117', 'YW_P_GRHONGMINGDAN', 'RDWH', '认定文号', null);

insert into dz_yw_table_column (ID, TABLE_CODE, COLUMN_NAME, COLUMN_ALIAS, DISPLAY_ORDER)
values ('2118', 'YW_P_GRHONGMINGDAN', 'RDDW', '认定单位', null);

insert into dz_yw_table_column (ID, TABLE_CODE, COLUMN_NAME, COLUMN_ALIAS, DISPLAY_ORDER)
values ('2119', 'YW_P_GRHONGMINGDAN', 'RDRQ', '认定日期', null);

insert into dz_yw_table_column (ID, TABLE_CODE, COLUMN_NAME, COLUMN_ALIAS, DISPLAY_ORDER)
values ('2120', 'YW_P_GRHONGMINGDAN', 'GSJZQ', '公示截止期', null);

insert into dz_yw_table_column (ID, TABLE_CODE, COLUMN_NAME, COLUMN_ALIAS, DISPLAY_ORDER)
values ('2121', 'YW_P_GRHYDJ', 'BZ', '备注', null);

insert into dz_yw_table_column (ID, TABLE_CODE, COLUMN_NAME, COLUMN_ALIAS, DISPLAY_ORDER)
values ('2122', 'YW_P_GRHYDJ', 'DJJG', '登记机关', null);

insert into dz_yw_table_column (ID, TABLE_CODE, COLUMN_NAME, COLUMN_ALIAS, DISPLAY_ORDER)
values ('2123', 'YW_P_GRHYDJ', 'DJRQ', '登记日期', null);

insert into dz_yw_table_column (ID, TABLE_CODE, COLUMN_NAME, COLUMN_ALIAS, DISPLAY_ORDER)
values ('2124', 'YW_P_GRHYDJ', 'NANFXM', '男方姓名', null);

insert into dz_yw_table_column (ID, TABLE_CODE, COLUMN_NAME, COLUMN_ALIAS, DISPLAY_ORDER)
values ('2125', 'YW_P_GRHYDJ', 'NANFSFZH', '男方身份证号', null);

insert into dz_yw_table_column (ID, TABLE_CODE, COLUMN_NAME, COLUMN_ALIAS, DISPLAY_ORDER)
values ('2126', 'YW_P_GRHYDJ', 'NVFXM', '女方姓名', null);

insert into dz_yw_table_column (ID, TABLE_CODE, COLUMN_NAME, COLUMN_ALIAS, DISPLAY_ORDER)
values ('2127', 'YW_P_GRHYDJ', 'NVFSFZH', '女方身份证号', null);

insert into dz_yw_table_column (ID, TABLE_CODE, COLUMN_NAME, COLUMN_ALIAS, DISPLAY_ORDER)
values ('2128', 'YW_P_GRHYDJ', 'YWLX', '业务类型', null);

insert into dz_yw_table_column (ID, TABLE_CODE, COLUMN_NAME, COLUMN_ALIAS, DISPLAY_ORDER)
values ('2129', 'YW_P_GRHYDJ', 'HYZKNV', '婚姻状况（女）', null);

insert into dz_yw_table_column (ID, TABLE_CODE, COLUMN_NAME, COLUMN_ALIAS, DISPLAY_ORDER)
values ('2130', 'YW_P_GRHYDJ', 'HYZKNAN', '婚姻状况（男）', null);

insert into dz_yw_table_column (ID, TABLE_CODE, COLUMN_NAME, COLUMN_ALIAS, DISPLAY_ORDER)
values ('2131', 'YW_P_GRJBXX', 'XM', '姓名', null);

insert into dz_yw_table_column (ID, TABLE_CODE, COLUMN_NAME, COLUMN_ALIAS, DISPLAY_ORDER)
values ('2132', 'YW_P_GRJBXX', 'SFZH', '身份证号', null);

insert into dz_yw_table_column (ID, TABLE_CODE, COLUMN_NAME, COLUMN_ALIAS, DISPLAY_ORDER)
values ('2133', 'YW_P_GRJBXX', 'ZJLX', '证件类型', null);

insert into dz_yw_table_column (ID, TABLE_CODE, COLUMN_NAME, COLUMN_ALIAS, DISPLAY_ORDER)
values ('2134', 'YW_P_GRJBXX', 'BZ', '备注', null);

insert into dz_yw_table_column (ID, TABLE_CODE, COLUMN_NAME, COLUMN_ALIAS, DISPLAY_ORDER)
values ('2135', 'YW_P_GRJBXX', 'RKJLID', '人口记录ID', null);

insert into dz_yw_table_column (ID, TABLE_CODE, COLUMN_NAME, COLUMN_ALIAS, DISPLAY_ORDER)
values ('2136', 'YW_P_GRJBXX', 'XB', '性别', null);

insert into dz_yw_table_column (ID, TABLE_CODE, COLUMN_NAME, COLUMN_ALIAS, DISPLAY_ORDER)
values ('2137', 'YW_P_GRJBXX', 'CSRQ', '出生日期', null);

insert into dz_yw_table_column (ID, TABLE_CODE, COLUMN_NAME, COLUMN_ALIAS, DISPLAY_ORDER)
values ('2138', 'YW_P_GRJBXX', 'HJDZ', '户籍地址', null);

insert into dz_yw_table_column (ID, TABLE_CODE, COLUMN_NAME, COLUMN_ALIAS, DISPLAY_ORDER)
values ('2139', 'YW_P_GRJBXX', 'JFJG', '签发机关', null);

insert into dz_yw_table_column (ID, TABLE_CODE, COLUMN_NAME, COLUMN_ALIAS, DISPLAY_ORDER)
values ('2140', 'YW_P_GRJBXX', 'QFRQ', '签发日期', null);

insert into dz_yw_table_column (ID, TABLE_CODE, COLUMN_NAME, COLUMN_ALIAS, DISPLAY_ORDER)
values ('2141', 'YW_P_GRJBXX', 'MZ', '民族', null);

insert into dz_yw_table_column (ID, TABLE_CODE, COLUMN_NAME, COLUMN_ALIAS, DISPLAY_ORDER)
values ('2142', 'YW_P_GRJBXX', 'LXDH', '联系电话', null);

insert into dz_yw_table_column (ID, TABLE_CODE, COLUMN_NAME, COLUMN_ALIAS, DISPLAY_ORDER)
values ('2143', 'YW_P_GRJSZXX', 'XM', '姓名', null);

insert into dz_yw_table_column (ID, TABLE_CODE, COLUMN_NAME, COLUMN_ALIAS, DISPLAY_ORDER)
values ('2144', 'YW_P_GRJSZXX', 'SFZH', '身份证号', null);

insert into dz_yw_table_column (ID, TABLE_CODE, COLUMN_NAME, COLUMN_ALIAS, DISPLAY_ORDER)
values ('2145', 'YW_P_GRJSZXX', 'ZJLX', '证件类型', null);

insert into dz_yw_table_column (ID, TABLE_CODE, COLUMN_NAME, COLUMN_ALIAS, DISPLAY_ORDER)
values ('2146', 'YW_P_GRJSZXX', 'BZ', '备注', null);

insert into dz_yw_table_column (ID, TABLE_CODE, COLUMN_NAME, COLUMN_ALIAS, DISPLAY_ORDER)
values ('2147', 'YW_P_GRJSZXX', 'ZJCX', '准驾车型', null);

insert into dz_yw_table_column (ID, TABLE_CODE, COLUMN_NAME, COLUMN_ALIAS, DISPLAY_ORDER)
values ('2148', 'YW_P_GRJSZXX', 'JDZZT', '驾驶证状态', null);

insert into dz_yw_table_column (ID, TABLE_CODE, COLUMN_NAME, COLUMN_ALIAS, DISPLAY_ORDER)
values ('2149', 'YW_P_GRJSZXX', 'CCLZSJ', '初次领证时间', null);

insert into dz_yw_table_column (ID, TABLE_CODE, COLUMN_NAME, COLUMN_ALIAS, DISPLAY_ORDER)
values ('2150', 'YW_P_GRJSZXX', 'GXRQ', '更新日期', null);

insert into dz_yw_table_column (ID, TABLE_CODE, COLUMN_NAME, COLUMN_ALIAS, DISPLAY_ORDER)
values ('2151', 'YW_P_GRJSZXX', 'JZDZ', '居住地址', null);

insert into dz_yw_table_column (ID, TABLE_CODE, COLUMN_NAME, COLUMN_ALIAS, DISPLAY_ORDER)
values ('2152', 'YW_P_GRJTSX', 'XM', '姓名', null);

insert into dz_yw_table_column (ID, TABLE_CODE, COLUMN_NAME, COLUMN_ALIAS, DISPLAY_ORDER)
values ('2153', 'YW_P_GRJTSX', 'SFZH', '身份证号', null);

insert into dz_yw_table_column (ID, TABLE_CODE, COLUMN_NAME, COLUMN_ALIAS, DISPLAY_ORDER)
values ('2154', 'YW_P_GRJTSX', 'ZJLX', '证件类型', null);

insert into dz_yw_table_column (ID, TABLE_CODE, COLUMN_NAME, COLUMN_ALIAS, DISPLAY_ORDER)
values ('2155', 'YW_P_GRJTSX', 'BZ', '备注', null);

insert into dz_yw_table_column (ID, TABLE_CODE, COLUMN_NAME, COLUMN_ALIAS, DISPLAY_ORDER)
values ('2156', 'YW_P_GRJTSX', 'JTSXXW', '交通失信行为', null);

insert into dz_yw_table_column (ID, TABLE_CODE, COLUMN_NAME, COLUMN_ALIAS, DISPLAY_ORDER)
values ('2157', 'YW_P_GRJTSX', 'SXYZCD', '失信严重程度', null);

insert into dz_yw_table_column (ID, TABLE_CODE, COLUMN_NAME, COLUMN_ALIAS, DISPLAY_ORDER)
values ('2158', 'YW_P_GRJTSX', 'RDJG', '认定机关', null);

insert into dz_yw_table_column (ID, TABLE_CODE, COLUMN_NAME, COLUMN_ALIAS, DISPLAY_ORDER)
values ('2159', 'YW_P_GRJTSX', 'RDRQ', '认定日期', null);

insert into dz_yw_table_column (ID, TABLE_CODE, COLUMN_NAME, COLUMN_ALIAS, DISPLAY_ORDER)
values ('2160', 'YW_P_GRJTSX', 'JLYXQ', '记录有效期', null);

insert into dz_yw_table_column (ID, TABLE_CODE, COLUMN_NAME, COLUMN_ALIAS, DISPLAY_ORDER)
values ('2161', 'YW_P_GRJYZK', 'XM', '姓名', null);

insert into dz_yw_table_column (ID, TABLE_CODE, COLUMN_NAME, COLUMN_ALIAS, DISPLAY_ORDER)
values ('2162', 'YW_P_GRJYZK', 'SFZH', '身份证号', null);

insert into dz_yw_table_column (ID, TABLE_CODE, COLUMN_NAME, COLUMN_ALIAS, DISPLAY_ORDER)
values ('2163', 'YW_P_GRJYZK', 'ZJLX', '证件类型', null);

insert into dz_yw_table_column (ID, TABLE_CODE, COLUMN_NAME, COLUMN_ALIAS, DISPLAY_ORDER)
values ('2164', 'YW_P_GRJYZK', 'BZ', '备注', null);

insert into dz_yw_table_column (ID, TABLE_CODE, COLUMN_NAME, COLUMN_ALIAS, DISPLAY_ORDER)
values ('2165', 'YW_P_GRJYZK', 'JYZK', '就业状况', null);

insert into dz_yw_table_column (ID, TABLE_CODE, COLUMN_NAME, COLUMN_ALIAS, DISPLAY_ORDER)
values ('2166', 'YW_P_GRJYZK', 'DJJG', '登记机关', null);

insert into dz_yw_table_column (ID, TABLE_CODE, COLUMN_NAME, COLUMN_ALIAS, DISPLAY_ORDER)
values ('2167', 'YW_P_GRJYZK', 'DJRQ', '登记日期', null);

insert into dz_yw_table_column (ID, TABLE_CODE, COLUMN_NAME, COLUMN_ALIAS, DISPLAY_ORDER)
values ('2168', 'YW_P_GRNS', 'XM', '姓名', null);

insert into dz_yw_table_column (ID, TABLE_CODE, COLUMN_NAME, COLUMN_ALIAS, DISPLAY_ORDER)
values ('2169', 'YW_P_GRNS', 'SFZH', '身份证号', null);

insert into dz_yw_table_column (ID, TABLE_CODE, COLUMN_NAME, COLUMN_ALIAS, DISPLAY_ORDER)
values ('2170', 'YW_P_GRNS', 'ZJLX', '证件类型', null);

insert into dz_yw_table_column (ID, TABLE_CODE, COLUMN_NAME, COLUMN_ALIAS, DISPLAY_ORDER)
values ('2171', 'YW_P_GRNS', 'BZ', '备注', null);

insert into dz_yw_table_column (ID, TABLE_CODE, COLUMN_NAME, COLUMN_ALIAS, DISPLAY_ORDER)
values ('2172', 'YW_P_GRNS', 'SZ', '税种', null);

insert into dz_yw_table_column (ID, TABLE_CODE, COLUMN_NAME, COLUMN_ALIAS, DISPLAY_ORDER)
values ('2173', 'YW_P_GRNS', 'JNZT', '缴纳状态', null);

insert into dz_yw_table_column (ID, TABLE_CODE, COLUMN_NAME, COLUMN_ALIAS, DISPLAY_ORDER)
values ('2174', 'YW_P_GRNS', 'SKSSQSRQ', '税款所属起始日期', null);

insert into dz_yw_table_column (ID, TABLE_CODE, COLUMN_NAME, COLUMN_ALIAS, DISPLAY_ORDER)
values ('2175', 'YW_P_GRNS', 'SKSSZZRQ', '税款所属终止日期', null);

insert into dz_yw_table_column (ID, TABLE_CODE, COLUMN_NAME, COLUMN_ALIAS, DISPLAY_ORDER)
values ('2176', 'YW_P_GRNS', 'NSRQ', '纳税日期', null);

insert into dz_yw_table_column (ID, TABLE_CODE, COLUMN_NAME, COLUMN_ALIAS, DISPLAY_ORDER)
values ('2177', 'YW_P_GRNS', 'ZGSWJG', '主管税务机关', null);

insert into dz_yw_table_column (ID, TABLE_CODE, COLUMN_NAME, COLUMN_ALIAS, DISPLAY_ORDER)
values ('2178', 'YW_P_GRPJ', 'SFZH', '身份证号', null);

insert into dz_yw_table_column (ID, TABLE_CODE, COLUMN_NAME, COLUMN_ALIAS, DISPLAY_ORDER)
values ('2179', 'YW_P_GRPJ', 'ZJLX', '证件类型', null);

insert into dz_yw_table_column (ID, TABLE_CODE, COLUMN_NAME, COLUMN_ALIAS, DISPLAY_ORDER)
values ('2180', 'YW_P_GRPJ', 'BZ', '备注', null);

insert into dz_yw_table_column (ID, TABLE_CODE, COLUMN_NAME, COLUMN_ALIAS, DISPLAY_ORDER)
values ('2181', 'YW_P_GRPJ', 'AH', '案号', null);

insert into dz_yw_table_column (ID, TABLE_CODE, COLUMN_NAME, COLUMN_ALIAS, DISPLAY_ORDER)
values ('2182', 'YW_P_GRPJ', 'PJJG', '判决结果', null);

insert into dz_yw_table_column (ID, TABLE_CODE, COLUMN_NAME, COLUMN_ALIAS, DISPLAY_ORDER)
values ('2183', 'YW_P_GRPJ', 'ZXJG', '执行结果', null);

insert into dz_yw_table_column (ID, TABLE_CODE, COLUMN_NAME, COLUMN_ALIAS, DISPLAY_ORDER)
values ('2184', 'YW_P_GRPJ', 'PJJIGUAN', '判决机关', null);

insert into dz_yw_table_column (ID, TABLE_CODE, COLUMN_NAME, COLUMN_ALIAS, DISPLAY_ORDER)
values ('2185', 'YW_P_GRPJ', 'PJRQ', '判决日期', null);

insert into dz_yw_table_column (ID, TABLE_CODE, COLUMN_NAME, COLUMN_ALIAS, DISPLAY_ORDER)
values ('2186', 'YW_P_GRPJ', 'XM', '姓名', null);

insert into dz_yw_table_column (ID, TABLE_CODE, COLUMN_NAME, COLUMN_ALIAS, DISPLAY_ORDER)
values ('2187', 'YW_P_GRQS', 'XM', '姓名', null);

insert into dz_yw_table_column (ID, TABLE_CODE, COLUMN_NAME, COLUMN_ALIAS, DISPLAY_ORDER)
values ('2188', 'YW_P_GRQS', 'SFZH', '身份证号', null);

insert into dz_yw_table_column (ID, TABLE_CODE, COLUMN_NAME, COLUMN_ALIAS, DISPLAY_ORDER)
values ('2189', 'YW_P_GRQS', 'ZJLX', '证件类型', null);

insert into dz_yw_table_column (ID, TABLE_CODE, COLUMN_NAME, COLUMN_ALIAS, DISPLAY_ORDER)
values ('2190', 'YW_P_GRQS', 'BZ', '备注', null);

insert into dz_yw_table_column (ID, TABLE_CODE, COLUMN_NAME, COLUMN_ALIAS, DISPLAY_ORDER)
values ('2191', 'YW_P_GRQS', 'SZDM', '税种代码', null);

insert into dz_yw_table_column (ID, TABLE_CODE, COLUMN_NAME, COLUMN_ALIAS, DISPLAY_ORDER)
values ('2192', 'YW_P_GRQS', 'SZMC', '税种名称', null);

insert into dz_yw_table_column (ID, TABLE_CODE, COLUMN_NAME, COLUMN_ALIAS, DISPLAY_ORDER)
values ('2193', 'YW_P_GRQS', 'QSYE', '欠税余额', null);

insert into dz_yw_table_column (ID, TABLE_CODE, COLUMN_NAME, COLUMN_ALIAS, DISPLAY_ORDER)
values ('2194', 'YW_P_GRQS', 'ZGSWJG', '主管税务机关', null);

insert into dz_yw_table_column (ID, TABLE_CODE, COLUMN_NAME, COLUMN_ALIAS, DISPLAY_ORDER)
values ('2195', 'YW_P_GRQS', 'JZRQ', '截止日期', null);

insert into dz_yw_table_column (ID, TABLE_CODE, COLUMN_NAME, COLUMN_ALIAS, DISPLAY_ORDER)
values ('2196', 'YW_P_GRQTBLXX', 'XM', '姓名', null);

insert into dz_yw_table_column (ID, TABLE_CODE, COLUMN_NAME, COLUMN_ALIAS, DISPLAY_ORDER)
values ('2197', 'YW_P_GRQTBLXX', 'SFZH', '儿童身份证号', null);

insert into dz_yw_table_column (ID, TABLE_CODE, COLUMN_NAME, COLUMN_ALIAS, DISPLAY_ORDER)
values ('2198', 'YW_P_GRQTBLXX', 'ZJLX', '证件类型', null);

insert into dz_yw_table_column (ID, TABLE_CODE, COLUMN_NAME, COLUMN_ALIAS, DISPLAY_ORDER)
values ('2199', 'YW_P_GRQTBLXX', 'BZ', '备注', null);

insert into dz_yw_table_column (ID, TABLE_CODE, COLUMN_NAME, COLUMN_ALIAS, DISPLAY_ORDER)
values ('2200', 'YW_P_GRQTBLXX', 'SXYZCD', '失信严重程度', null);

insert into dz_yw_table_column (ID, TABLE_CODE, COLUMN_NAME, COLUMN_ALIAS, DISPLAY_ORDER)
values ('2201', 'YW_P_GRQTBLXX', 'SXXWYXRQ', '失信行为有效日期', null);

insert into dz_yw_table_column (ID, TABLE_CODE, COLUMN_NAME, COLUMN_ALIAS, DISPLAY_ORDER)
values ('2202', 'YW_P_GRQTBLXX', 'BLXWSS', '不良行为事实', null);

insert into dz_yw_table_column (ID, TABLE_CODE, COLUMN_NAME, COLUMN_ALIAS, DISPLAY_ORDER)
values ('2203', 'YW_P_GRQTBLXX', 'CFRQ', '处罚日期', null);

insert into dz_yw_table_column (ID, TABLE_CODE, COLUMN_NAME, COLUMN_ALIAS, DISPLAY_ORDER)
values ('2204', 'YW_P_GRQTBLXX', 'JZRQ', '截止日期', null);

insert into dz_yw_table_column (ID, TABLE_CODE, COLUMN_NAME, COLUMN_ALIAS, DISPLAY_ORDER)
values ('2205', 'YW_P_GRQTBLXX', 'CFDWQC', '处罚单位全称', null);

insert into dz_yw_table_column (ID, TABLE_CODE, COLUMN_NAME, COLUMN_ALIAS, DISPLAY_ORDER)
values ('2206', 'YW_P_GRQTBLXX', 'WJWH', '文件文号', null);

insert into dz_yw_table_column (ID, TABLE_CODE, COLUMN_NAME, COLUMN_ALIAS, DISPLAY_ORDER)
values ('2207', 'YW_P_GRRYXX', 'XM', '姓名', null);

insert into dz_yw_table_column (ID, TABLE_CODE, COLUMN_NAME, COLUMN_ALIAS, DISPLAY_ORDER)
values ('2208', 'YW_P_GRRYXX', 'SFZH', '身份证号', null);

insert into dz_yw_table_column (ID, TABLE_CODE, COLUMN_NAME, COLUMN_ALIAS, DISPLAY_ORDER)
values ('2209', 'YW_P_GRRYXX', 'ZJLX', '证件类型', null);

insert into dz_yw_table_column (ID, TABLE_CODE, COLUMN_NAME, COLUMN_ALIAS, DISPLAY_ORDER)
values ('2210', 'YW_P_GRRYXX', 'BZ', '备注', null);

insert into dz_yw_table_column (ID, TABLE_CODE, COLUMN_NAME, COLUMN_ALIAS, DISPLAY_ORDER)
values ('2211', 'YW_P_GRRYXX', 'PDDW', '评（认）定单位', null);

insert into dz_yw_table_column (ID, TABLE_CODE, COLUMN_NAME, COLUMN_ALIAS, DISPLAY_ORDER)
values ('2212', 'YW_P_GRRYXX', 'PDRQ', '评（认）定日期', null);

insert into dz_yw_table_column (ID, TABLE_CODE, COLUMN_NAME, COLUMN_ALIAS, DISPLAY_ORDER)
values ('2213', 'YW_P_GRRYXX', 'RYMC', '荣誉名称（含级别）', null);

insert into dz_yw_table_column (ID, TABLE_CODE, COLUMN_NAME, COLUMN_ALIAS, DISPLAY_ORDER)
values ('2214', 'YW_P_GRRYXX', 'RYSX', '荣誉事项', null);

insert into dz_yw_table_column (ID, TABLE_CODE, COLUMN_NAME, COLUMN_ALIAS, DISPLAY_ORDER)
values ('2215', 'YW_P_GRRYXX', 'ZSBH', '证书编号', null);

insert into dz_yw_table_column (ID, TABLE_CODE, COLUMN_NAME, COLUMN_ALIAS, DISPLAY_ORDER)
values ('2216', 'YW_P_GRRYXX', 'SZDWMC', '所在单位名称', null);

insert into dz_yw_table_column (ID, TABLE_CODE, COLUMN_NAME, COLUMN_ALIAS, DISPLAY_ORDER)
values ('2217', 'YW_P_GRRYXX', 'SZDWZZJGDM', '所在单位组织机构代码', null);

insert into dz_yw_table_column (ID, TABLE_CODE, COLUMN_NAME, COLUMN_ALIAS, DISPLAY_ORDER)
values ('2218', 'YW_P_GRSFBD', 'XM', '姓名', null);

insert into dz_yw_table_column (ID, TABLE_CODE, COLUMN_NAME, COLUMN_ALIAS, DISPLAY_ORDER)
values ('2219', 'YW_P_GRSFBD', 'SFZH', '身份证号', null);

insert into dz_yw_table_column (ID, TABLE_CODE, COLUMN_NAME, COLUMN_ALIAS, DISPLAY_ORDER)
values ('2220', 'YW_P_GRSFBD', 'ZJLX', '证件类型', null);

insert into dz_yw_table_column (ID, TABLE_CODE, COLUMN_NAME, COLUMN_ALIAS, DISPLAY_ORDER)
values ('2221', 'YW_P_GRSFBD', 'BZ', '备注', null);

insert into dz_yw_table_column (ID, TABLE_CODE, COLUMN_NAME, COLUMN_ALIAS, DISPLAY_ORDER)
values ('2222', 'YW_P_GRSFBD', 'BGYY', '变更原因', null);

insert into dz_yw_table_column (ID, TABLE_CODE, COLUMN_NAME, COLUMN_ALIAS, DISPLAY_ORDER)
values ('2223', 'YW_P_GRSFBD', 'BGDJJG', '变更登记机关', null);

insert into dz_yw_table_column (ID, TABLE_CODE, COLUMN_NAME, COLUMN_ALIAS, DISPLAY_ORDER)
values ('2224', 'YW_P_GRSFBD', 'BGRQ', '变更日期', null);

insert into dz_yw_table_column (ID, TABLE_CODE, COLUMN_NAME, COLUMN_ALIAS, DISPLAY_ORDER)
values ('2225', 'YW_P_GRSGSXZCF', 'XM', '姓名', null);

insert into dz_yw_table_column (ID, TABLE_CODE, COLUMN_NAME, COLUMN_ALIAS, DISPLAY_ORDER)
values ('2226', 'YW_P_GRSGSXZCF', 'SFZH', '身份证号', null);

insert into dz_yw_table_column (ID, TABLE_CODE, COLUMN_NAME, COLUMN_ALIAS, DISPLAY_ORDER)
values ('2227', 'YW_P_GRSGSXZCF', 'ZJLX', '证件类型', null);

insert into dz_yw_table_column (ID, TABLE_CODE, COLUMN_NAME, COLUMN_ALIAS, DISPLAY_ORDER)
values ('2228', 'YW_P_GRSGSXZCF', 'BZ', '备注', null);

insert into dz_yw_table_column (ID, TABLE_CODE, COLUMN_NAME, COLUMN_ALIAS, DISPLAY_ORDER)
values ('2229', 'YW_P_GRSGSXZCF', 'AJMC', '案件名称', null);

insert into dz_yw_table_column (ID, TABLE_CODE, COLUMN_NAME, COLUMN_ALIAS, DISPLAY_ORDER)
values ('2230', 'YW_P_GRSGSXZCF', 'XZCFJDSWH', '行政处罚决定书文号', null);

insert into dz_yw_table_column (ID, TABLE_CODE, COLUMN_NAME, COLUMN_ALIAS, DISPLAY_ORDER)
values ('2231', 'YW_P_GRSGSXZCF', 'XZCFBM', '行政处罚编码', null);

insert into dz_yw_table_column (ID, TABLE_CODE, COLUMN_NAME, COLUMN_ALIAS, DISPLAY_ORDER)
values ('2232', 'YW_P_GRSGSXZCF', 'CFLB', '处罚类别', null);

insert into dz_yw_table_column (ID, TABLE_CODE, COLUMN_NAME, COLUMN_ALIAS, DISPLAY_ORDER)
values ('2233', 'YW_P_GRSGSXZCF', 'SXYZCD', '失信严重程度', null);

insert into dz_yw_table_column (ID, TABLE_CODE, COLUMN_NAME, COLUMN_ALIAS, DISPLAY_ORDER)
values ('2234', 'YW_P_GRSGSXZCF', 'CFYJ', '处罚依据', null);

insert into dz_yw_table_column (ID, TABLE_CODE, COLUMN_NAME, COLUMN_ALIAS, DISPLAY_ORDER)
values ('2235', 'YW_P_GRSGSXZCF', 'CFSY', '处罚事由', null);

insert into dz_yw_table_column (ID, TABLE_CODE, COLUMN_NAME, COLUMN_ALIAS, DISPLAY_ORDER)
values ('2236', 'YW_P_GRSGSXZCF', 'CFJG', '处罚结果', null);

insert into dz_yw_table_column (ID, TABLE_CODE, COLUMN_NAME, COLUMN_ALIAS, DISPLAY_ORDER)
values ('2237', 'YW_P_GRSGSXZCF', 'CFJDRQ', '处罚决定日期', null);

insert into dz_yw_table_column (ID, TABLE_CODE, COLUMN_NAME, COLUMN_ALIAS, DISPLAY_ORDER)
values ('2238', 'YW_P_GRSGSXZCF', 'CFJGMC', '处罚机关名称', null);

insert into dz_yw_table_column (ID, TABLE_CODE, COLUMN_NAME, COLUMN_ALIAS, DISPLAY_ORDER)
values ('2239', 'YW_P_GRSGSXZCF', 'DQZT', '当前状态', null);

insert into dz_yw_table_column (ID, TABLE_CODE, COLUMN_NAME, COLUMN_ALIAS, DISPLAY_ORDER)
values ('2240', 'YW_P_GRSGSXZCF', 'GSJZQ', '公示截止期', null);

insert into dz_yw_table_column (ID, TABLE_CODE, COLUMN_NAME, COLUMN_ALIAS, DISPLAY_ORDER)
values ('2241', 'YW_P_GRSGSXZCF', 'XXSYFW', '信息使用范围', null);

insert into dz_yw_table_column (ID, TABLE_CODE, COLUMN_NAME, COLUMN_ALIAS, DISPLAY_ORDER)
values ('2242', 'YW_P_GRSGSXZXK', 'XM', '姓名', null);

insert into dz_yw_table_column (ID, TABLE_CODE, COLUMN_NAME, COLUMN_ALIAS, DISPLAY_ORDER)
values ('2243', 'YW_P_GRSGSXZXK', 'SFZH', '身份证号', null);

insert into dz_yw_table_column (ID, TABLE_CODE, COLUMN_NAME, COLUMN_ALIAS, DISPLAY_ORDER)
values ('2244', 'YW_P_GRSGSXZXK', 'ZJLX', '证件类型', null);

insert into dz_yw_table_column (ID, TABLE_CODE, COLUMN_NAME, COLUMN_ALIAS, DISPLAY_ORDER)
values ('2245', 'YW_P_GRSGSXZXK', 'BZ', '备注', null);

insert into dz_yw_table_column (ID, TABLE_CODE, COLUMN_NAME, COLUMN_ALIAS, DISPLAY_ORDER)
values ('2246', 'YW_P_GRSGSXZXK', 'XMMC', '项目名称', null);

insert into dz_yw_table_column (ID, TABLE_CODE, COLUMN_NAME, COLUMN_ALIAS, DISPLAY_ORDER)
values ('2247', 'YW_P_GRSGSXZXK', 'XZXKJDSWH', '行政许可决定书文号', null);

insert into dz_yw_table_column (ID, TABLE_CODE, COLUMN_NAME, COLUMN_ALIAS, DISPLAY_ORDER)
values ('2248', 'YW_P_GRSGSXZXK', 'XZXKBM', '行政许可编码', null);

insert into dz_yw_table_column (ID, TABLE_CODE, COLUMN_NAME, COLUMN_ALIAS, DISPLAY_ORDER)
values ('2249', 'YW_P_GRSGSXZXK', 'SPLB', '审批类别', null);

insert into dz_yw_table_column (ID, TABLE_CODE, COLUMN_NAME, COLUMN_ALIAS, DISPLAY_ORDER)
values ('2250', 'YW_P_GRSGSXZXK', 'XKNR', '许可内容', null);

insert into dz_yw_table_column (ID, TABLE_CODE, COLUMN_NAME, COLUMN_ALIAS, DISPLAY_ORDER)
values ('2251', 'YW_P_GRSGSXZXK', 'XKJDRQ', '许可决定日期', null);

insert into dz_yw_table_column (ID, TABLE_CODE, COLUMN_NAME, COLUMN_ALIAS, DISPLAY_ORDER)
values ('2252', 'YW_P_GRSGSXZXK', 'XKJG', '许可机关', null);

insert into dz_yw_table_column (ID, TABLE_CODE, COLUMN_NAME, COLUMN_ALIAS, DISPLAY_ORDER)
values ('2253', 'YW_P_GRSGSXZXK', 'XKJZQ', '许可截止期', null);

insert into dz_yw_table_column (ID, TABLE_CODE, COLUMN_NAME, COLUMN_ALIAS, DISPLAY_ORDER)
values ('2254', 'YW_P_GRSGSXZXK', 'DQZT', '当前状态', null);

insert into dz_yw_table_column (ID, TABLE_CODE, COLUMN_NAME, COLUMN_ALIAS, DISPLAY_ORDER)
values ('2255', 'YW_P_GRSGSXZXK', 'XXSYFW', '信息使用范围', null);

insert into dz_yw_table_column (ID, TABLE_CODE, COLUMN_NAME, COLUMN_ALIAS, DISPLAY_ORDER)
values ('2256', 'YW_P_GRSQJZRYXX', 'XM', '姓名', null);

insert into dz_yw_table_column (ID, TABLE_CODE, COLUMN_NAME, COLUMN_ALIAS, DISPLAY_ORDER)
values ('2257', 'YW_P_GRSQJZRYXX', 'SFZH', '身份证号', null);

insert into dz_yw_table_column (ID, TABLE_CODE, COLUMN_NAME, COLUMN_ALIAS, DISPLAY_ORDER)
values ('2258', 'YW_P_GRSQJZRYXX', 'ZJLX', '证件类型', null);

insert into dz_yw_table_column (ID, TABLE_CODE, COLUMN_NAME, COLUMN_ALIAS, DISPLAY_ORDER)
values ('2259', 'YW_P_GRSQJZRYXX', 'BZ', '备注', null);

insert into dz_yw_table_column (ID, TABLE_CODE, COLUMN_NAME, COLUMN_ALIAS, DISPLAY_ORDER)
values ('2260', 'YW_P_GRSQJZRYXX', 'FXLB', '服刑类别', null);

insert into dz_yw_table_column (ID, TABLE_CODE, COLUMN_NAME, COLUMN_ALIAS, DISPLAY_ORDER)
values ('2261', 'YW_P_GRSQJZRYXX', 'SQJZLX', '社区矫正类型', null);

insert into dz_yw_table_column (ID, TABLE_CODE, COLUMN_NAME, COLUMN_ALIAS, DISPLAY_ORDER)
values ('2262', 'YW_P_GRSQJZRYXX', 'JYQK', '就业情况', null);

insert into dz_yw_table_column (ID, TABLE_CODE, COLUMN_NAME, COLUMN_ALIAS, DISPLAY_ORDER)
values ('2263', 'YW_P_GRSQJZRYXX', 'JZQSRQ', '矫正起始日期', null);

insert into dz_yw_table_column (ID, TABLE_CODE, COLUMN_NAME, COLUMN_ALIAS, DISPLAY_ORDER)
values ('2264', 'YW_P_GRSQJZRYXX', 'JZZZRQ', '矫正终止日期', null);

insert into dz_yw_table_column (ID, TABLE_CODE, COLUMN_NAME, COLUMN_ALIAS, DISPLAY_ORDER)
values ('2265', 'YW_P_GRSQJZRYXX', 'PJJG', '判决机关', null);

insert into dz_yw_table_column (ID, TABLE_CODE, COLUMN_NAME, COLUMN_ALIAS, DISPLAY_ORDER)
values ('2266', 'YW_P_GRSQJZRYXX', 'PJRQ', '判决日期', null);

insert into dz_yw_table_column (ID, TABLE_CODE, COLUMN_NAME, COLUMN_ALIAS, DISPLAY_ORDER)
values ('2267', 'YW_P_GRSYWY', 'XM', '姓名', null);

insert into dz_yw_table_column (ID, TABLE_CODE, COLUMN_NAME, COLUMN_ALIAS, DISPLAY_ORDER)
values ('2268', 'YW_P_GRSYWY', 'SFZH', '身份证号', null);

insert into dz_yw_table_column (ID, TABLE_CODE, COLUMN_NAME, COLUMN_ALIAS, DISPLAY_ORDER)
values ('2269', 'YW_P_GRSYWY', 'ZJLX', '证件类型', null);

insert into dz_yw_table_column (ID, TABLE_CODE, COLUMN_NAME, COLUMN_ALIAS, DISPLAY_ORDER)
values ('2270', 'YW_P_GRSYWY', 'BZ', '备注', null);

insert into dz_yw_table_column (ID, TABLE_CODE, COLUMN_NAME, COLUMN_ALIAS, DISPLAY_ORDER)
values ('2271', 'YW_P_GRSYWY', 'ZHH', '账户号', null);

insert into dz_yw_table_column (ID, TABLE_CODE, COLUMN_NAME, COLUMN_ALIAS, DISPLAY_ORDER)
values ('2272', 'YW_P_GRSYWY', 'SXYZCD', '失信严重程度', null);

insert into dz_yw_table_column (ID, TABLE_CODE, COLUMN_NAME, COLUMN_ALIAS, DISPLAY_ORDER)
values ('2273', 'YW_P_GRSYWY', 'QFJE', '欠费金额', null);

insert into dz_yw_table_column (ID, TABLE_CODE, COLUMN_NAME, COLUMN_ALIAS, DISPLAY_ORDER)
values ('2274', 'YW_P_GRSYWY', 'BZQQFBJRQ', '本账期欠费补缴日期', null);

insert into dz_yw_table_column (ID, TABLE_CODE, COLUMN_NAME, COLUMN_ALIAS, DISPLAY_ORDER)
values ('2275', 'YW_P_GRSYWY', 'SXXWYXQ', '失信行为有效期', null);

insert into dz_yw_table_column (ID, TABLE_CODE, COLUMN_NAME, COLUMN_ALIAS, DISPLAY_ORDER)
values ('2276', 'YW_P_GRSYWY', 'ZQSJ', '账期时间', null);

insert into dz_yw_table_column (ID, TABLE_CODE, COLUMN_NAME, COLUMN_ALIAS, DISPLAY_ORDER)
values ('2277', 'YW_P_GRXHFZAJ', 'XM', '姓名', null);

insert into dz_yw_table_column (ID, TABLE_CODE, COLUMN_NAME, COLUMN_ALIAS, DISPLAY_ORDER)
values ('2278', 'YW_P_GRXHFZAJ', 'SFZH', '身份证号', null);

insert into dz_yw_table_column (ID, TABLE_CODE, COLUMN_NAME, COLUMN_ALIAS, DISPLAY_ORDER)
values ('2279', 'YW_P_GRXHFZAJ', 'ZJLX', '证件类型', null);

insert into dz_yw_table_column (ID, TABLE_CODE, COLUMN_NAME, COLUMN_ALIAS, DISPLAY_ORDER)
values ('2280', 'YW_P_GRXHFZAJ', 'BZ', '备注', null);

insert into dz_yw_table_column (ID, TABLE_CODE, COLUMN_NAME, COLUMN_ALIAS, DISPLAY_ORDER)
values ('2281', 'YW_P_GRXHFZAJ', 'ZW', '职务', null);

insert into dz_yw_table_column (ID, TABLE_CODE, COLUMN_NAME, COLUMN_ALIAS, DISPLAY_ORDER)
values ('2282', 'YW_P_GRXHFZAJ', 'AJXZ', '案件性质', null);

insert into dz_yw_table_column (ID, TABLE_CODE, COLUMN_NAME, COLUMN_ALIAS, DISPLAY_ORDER)
values ('2283', 'YW_P_GRXHFZAJ', 'AJZY', '案情摘要', null);

insert into dz_yw_table_column (ID, TABLE_CODE, COLUMN_NAME, COLUMN_ALIAS, DISPLAY_ORDER)
values ('2284', 'YW_P_GRXHFZAJ', 'CLQK', '处理情况', null);

insert into dz_yw_table_column (ID, TABLE_CODE, COLUMN_NAME, COLUMN_ALIAS, DISPLAY_ORDER)
values ('2285', 'YW_P_GRXHFZAJ', 'HYLY', '行业领域', null);

insert into dz_yw_table_column (ID, TABLE_CODE, COLUMN_NAME, COLUMN_ALIAS, DISPLAY_ORDER)
values ('2286', 'YW_P_GRXHFZAJ', 'PJJG', '判决结果', null);

insert into dz_yw_table_column (ID, TABLE_CODE, COLUMN_NAME, COLUMN_ALIAS, DISPLAY_ORDER)
values ('2287', 'YW_P_GRXHFZAJ', 'SAJE', '涉案金额', null);

insert into dz_yw_table_column (ID, TABLE_CODE, COLUMN_NAME, COLUMN_ALIAS, DISPLAY_ORDER)
values ('2288', 'YW_P_GRXHFZAJ', 'SSDW', '所属单位', null);

insert into dz_yw_table_column (ID, TABLE_CODE, COLUMN_NAME, COLUMN_ALIAS, DISPLAY_ORDER)
values ('2289', 'YW_P_GRXHFZAJ', 'XXTGBMQC', '信息提供部门全称', null);

insert into dz_yw_table_column (ID, TABLE_CODE, COLUMN_NAME, COLUMN_ALIAS, DISPLAY_ORDER)
values ('2290', 'YW_P_GRXIANXIE', 'XM', '姓名', null);

insert into dz_yw_table_column (ID, TABLE_CODE, COLUMN_NAME, COLUMN_ALIAS, DISPLAY_ORDER)
values ('2291', 'YW_P_GRXIANXIE', 'SFZH', '身份证号', null);

insert into dz_yw_table_column (ID, TABLE_CODE, COLUMN_NAME, COLUMN_ALIAS, DISPLAY_ORDER)
values ('2292', 'YW_P_GRXIANXIE', 'ZJLX', '证件类型', null);

insert into dz_yw_table_column (ID, TABLE_CODE, COLUMN_NAME, COLUMN_ALIAS, DISPLAY_ORDER)
values ('2293', 'YW_P_GRXIANXIE', 'BZ', '备注', null);

insert into dz_yw_table_column (ID, TABLE_CODE, COLUMN_NAME, COLUMN_ALIAS, DISPLAY_ORDER)
values ('2294', 'YW_P_GRXIANXIE', 'JLID', '记录ID', null);

insert into dz_yw_table_column (ID, TABLE_CODE, COLUMN_NAME, COLUMN_ALIAS, DISPLAY_ORDER)
values ('2295', 'YW_P_GRXIANXIE', 'XXM', '献血码', null);

insert into dz_yw_table_column (ID, TABLE_CODE, COLUMN_NAME, COLUMN_ALIAS, DISPLAY_ORDER)
values ('2296', 'YW_P_GRXIANXIE', 'XXRQ', '献血日期', null);

insert into dz_yw_table_column (ID, TABLE_CODE, COLUMN_NAME, COLUMN_ALIAS, DISPLAY_ORDER)
values ('2297', 'YW_P_GRXIANXIE', 'XXLX', '献血类型', null);

insert into dz_yw_table_column (ID, TABLE_CODE, COLUMN_NAME, COLUMN_ALIAS, DISPLAY_ORDER)
values ('2298', 'YW_P_GRXIANXIE', 'XYLX', '血液类型', null);

insert into dz_yw_table_column (ID, TABLE_CODE, COLUMN_NAME, COLUMN_ALIAS, DISPLAY_ORDER)
values ('2299', 'YW_P_GRXIANXIE', 'XXL', '献血量', null);

insert into dz_yw_table_column (ID, TABLE_CODE, COLUMN_NAME, COLUMN_ALIAS, DISPLAY_ORDER)
values ('2300', 'YW_P_GRXIANXIE', 'ZSXXL', '折算献血量', null);

insert into dz_yw_table_column (ID, TABLE_CODE, COLUMN_NAME, COLUMN_ALIAS, DISPLAY_ORDER)
values ('2301', 'YW_P_GRXL', 'XM', '姓名', null);

insert into dz_yw_table_column (ID, TABLE_CODE, COLUMN_NAME, COLUMN_ALIAS, DISPLAY_ORDER)
values ('2302', 'YW_P_GRXL', 'SFZH', '身份证号', null);

insert into dz_yw_table_column (ID, TABLE_CODE, COLUMN_NAME, COLUMN_ALIAS, DISPLAY_ORDER)
values ('2303', 'YW_P_GRXL', 'ZJLX', '证件类型', null);

insert into dz_yw_table_column (ID, TABLE_CODE, COLUMN_NAME, COLUMN_ALIAS, DISPLAY_ORDER)
values ('2304', 'YW_P_GRXL', 'BZ', '备注', null);

insert into dz_yw_table_column (ID, TABLE_CODE, COLUMN_NAME, COLUMN_ALIAS, DISPLAY_ORDER)
values ('2305', 'YW_P_GRXL', 'XL', '学历', null);

insert into dz_yw_table_column (ID, TABLE_CODE, COLUMN_NAME, COLUMN_ALIAS, DISPLAY_ORDER)
values ('2306', 'YW_P_GRXL', 'XLBYXX', '学历毕业学校', null);

insert into dz_yw_table_column (ID, TABLE_CODE, COLUMN_NAME, COLUMN_ALIAS, DISPLAY_ORDER)
values ('2307', 'YW_P_GRXL', 'XLBYSJ', '学历毕业时间', null);

insert into dz_yw_table_column (ID, TABLE_CODE, COLUMN_NAME, COLUMN_ALIAS, DISPLAY_ORDER)
values ('2308', 'YW_P_GRXL', 'XLBYZY', '学历毕业专业', null);

insert into dz_yw_table_column (ID, TABLE_CODE, COLUMN_NAME, COLUMN_ALIAS, DISPLAY_ORDER)
values ('2309', 'YW_P_GRXL', 'XW', '学位', null);

insert into dz_yw_table_column (ID, TABLE_CODE, COLUMN_NAME, COLUMN_ALIAS, DISPLAY_ORDER)
values ('2310', 'YW_P_GRXL', 'XWBYXX', '学位毕业信息', null);

insert into dz_yw_table_column (ID, TABLE_CODE, COLUMN_NAME, COLUMN_ALIAS, DISPLAY_ORDER)
values ('2311', 'YW_P_GRXL', 'XWBYSJ', '学位毕业时间', null);

insert into dz_yw_table_column (ID, TABLE_CODE, COLUMN_NAME, COLUMN_ALIAS, DISPLAY_ORDER)
values ('2312', 'YW_P_GRXL', 'XWBYZY', '学位毕业专业', null);

insert into dz_yw_table_column (ID, TABLE_CODE, COLUMN_NAME, COLUMN_ALIAS, DISPLAY_ORDER)
values ('2313', 'YW_P_GRXYPJ', 'XM', '姓名', null);

insert into dz_yw_table_column (ID, TABLE_CODE, COLUMN_NAME, COLUMN_ALIAS, DISPLAY_ORDER)
values ('2314', 'YW_P_GRXYPJ', 'SFZH', '身份证号', null);

insert into dz_yw_table_column (ID, TABLE_CODE, COLUMN_NAME, COLUMN_ALIAS, DISPLAY_ORDER)
values ('2315', 'YW_P_GRXYPJ', 'ZJLX', '证件类型', null);

insert into dz_yw_table_column (ID, TABLE_CODE, COLUMN_NAME, COLUMN_ALIAS, DISPLAY_ORDER)
values ('2316', 'YW_P_GRXYPJ', 'BZ', '备注', null);

insert into dz_yw_table_column (ID, TABLE_CODE, COLUMN_NAME, COLUMN_ALIAS, DISPLAY_ORDER)
values ('2317', 'YW_P_GRXYPJ', 'PDJB', '评定级别', null);

insert into dz_yw_table_column (ID, TABLE_CODE, COLUMN_NAME, COLUMN_ALIAS, DISPLAY_ORDER)
values ('2318', 'YW_P_GRXYPJ', 'PDSJ', '评定时间', null);

insert into dz_yw_table_column (ID, TABLE_CODE, COLUMN_NAME, COLUMN_ALIAS, DISPLAY_ORDER)
values ('2319', 'YW_P_GRXZCF', 'XM', '姓名', null);

insert into dz_yw_table_column (ID, TABLE_CODE, COLUMN_NAME, COLUMN_ALIAS, DISPLAY_ORDER)
values ('2320', 'YW_P_GRXZCF', 'SFZH', '身份证号', null);

insert into dz_yw_table_column (ID, TABLE_CODE, COLUMN_NAME, COLUMN_ALIAS, DISPLAY_ORDER)
values ('2321', 'YW_P_GRXZCF', 'ZJLX', '证件类型', null);

insert into dz_yw_table_column (ID, TABLE_CODE, COLUMN_NAME, COLUMN_ALIAS, DISPLAY_ORDER)
values ('2322', 'YW_P_GRXZCF', 'BZ', '备注', null);

insert into dz_yw_table_column (ID, TABLE_CODE, COLUMN_NAME, COLUMN_ALIAS, DISPLAY_ORDER)
values ('2323', 'YW_P_GRXZCF', 'CFWH', '处罚文号', null);

insert into dz_yw_table_column (ID, TABLE_CODE, COLUMN_NAME, COLUMN_ALIAS, DISPLAY_ORDER)
values ('2324', 'YW_P_GRXZCF', 'CFMC', '处罚名称', null);

insert into dz_yw_table_column (ID, TABLE_CODE, COLUMN_NAME, COLUMN_ALIAS, DISPLAY_ORDER)
values ('2325', 'YW_P_GRXZCF', 'CFSY', '处罚事由', null);

insert into dz_yw_table_column (ID, TABLE_CODE, COLUMN_NAME, COLUMN_ALIAS, DISPLAY_ORDER)
values ('2326', 'YW_P_GRXZCF', 'CFYJ', '处罚依据', null);

insert into dz_yw_table_column (ID, TABLE_CODE, COLUMN_NAME, COLUMN_ALIAS, DISPLAY_ORDER)
values ('2327', 'YW_P_GRXZCF', 'CFZL', '处罚种类', null);

insert into dz_yw_table_column (ID, TABLE_CODE, COLUMN_NAME, COLUMN_ALIAS, DISPLAY_ORDER)
values ('2328', 'YW_P_GRXZCF', 'CFJG', '处罚结果', null);

insert into dz_yw_table_column (ID, TABLE_CODE, COLUMN_NAME, COLUMN_ALIAS, DISPLAY_ORDER)
values ('2329', 'YW_P_GRXZCF', 'CFDJ', '处罚等级', null);

insert into dz_yw_table_column (ID, TABLE_CODE, COLUMN_NAME, COLUMN_ALIAS, DISPLAY_ORDER)
values ('2330', 'YW_P_GRXZCF', 'CFRQ', '处罚日期', null);

insert into dz_yw_table_column (ID, TABLE_CODE, COLUMN_NAME, COLUMN_ALIAS, DISPLAY_ORDER)
values ('2331', 'YW_P_GRXZCF', 'CFSXQ', '处罚生效期', null);

insert into dz_yw_table_column (ID, TABLE_CODE, COLUMN_NAME, COLUMN_ALIAS, DISPLAY_ORDER)
values ('2332', 'YW_P_GRXZCF', 'CFJZQ', '处罚截止期', null);

insert into dz_yw_table_column (ID, TABLE_CODE, COLUMN_NAME, COLUMN_ALIAS, DISPLAY_ORDER)
values ('2333', 'YW_P_GRXZCF', 'CFJGMC', '处罚机关名称', null);

insert into dz_yw_table_column (ID, TABLE_CODE, COLUMN_NAME, COLUMN_ALIAS, DISPLAY_ORDER)
values ('2334', 'YW_P_GRXZCF', 'ZXQK', '执行情况（当前状态）', null);

insert into dz_yw_table_column (ID, TABLE_CODE, COLUMN_NAME, COLUMN_ALIAS, DISPLAY_ORDER)
values ('2335', 'YW_P_GRXZCF', 'ZXWCRQ', '执行完成日期', null);

insert into dz_yw_table_column (ID, TABLE_CODE, COLUMN_NAME, COLUMN_ALIAS, DISPLAY_ORDER)
values ('2336', 'YW_P_GRXZCF', 'GSJZQ', '公示截止期', null);

insert into dz_yw_table_column (ID, TABLE_CODE, COLUMN_NAME, COLUMN_ALIAS, DISPLAY_ORDER)
values ('2337', 'YW_P_GRXZCF', 'GXSJC', '数据更新时间戳', null);

insert into dz_yw_table_column (ID, TABLE_CODE, COLUMN_NAME, COLUMN_ALIAS, DISPLAY_ORDER)
values ('2338', 'YW_P_GRXZCF', 'XZCFBM', '行政处罚编码', null);

insert into dz_yw_table_column (ID, TABLE_CODE, COLUMN_NAME, COLUMN_ALIAS, DISPLAY_ORDER)
values ('2339', 'YW_P_GRXZCF', 'XXSYFW', '信息使用范围', null);

insert into dz_yw_table_column (ID, TABLE_CODE, COLUMN_NAME, COLUMN_ALIAS, DISPLAY_ORDER)
values ('2340', 'YW_P_GRXZXK', 'XM', '姓名', null);

insert into dz_yw_table_column (ID, TABLE_CODE, COLUMN_NAME, COLUMN_ALIAS, DISPLAY_ORDER)
values ('2341', 'YW_P_GRXZXK', 'SFZH', '身份证号', null);

insert into dz_yw_table_column (ID, TABLE_CODE, COLUMN_NAME, COLUMN_ALIAS, DISPLAY_ORDER)
values ('2342', 'YW_P_GRXZXK', 'ZJLX', '证件类型', null);

insert into dz_yw_table_column (ID, TABLE_CODE, COLUMN_NAME, COLUMN_ALIAS, DISPLAY_ORDER)
values ('2343', 'YW_P_GRXZXK', 'BZ', '备注', null);

insert into dz_yw_table_column (ID, TABLE_CODE, COLUMN_NAME, COLUMN_ALIAS, DISPLAY_ORDER)
values ('2344', 'YW_P_GRXZXK', 'XKJDSWH', '许可决定书文号', null);

insert into dz_yw_table_column (ID, TABLE_CODE, COLUMN_NAME, COLUMN_ALIAS, DISPLAY_ORDER)
values ('2345', 'YW_P_GRXZXK', 'XKZBH', '许可证编号', null);

insert into dz_yw_table_column (ID, TABLE_CODE, COLUMN_NAME, COLUMN_ALIAS, DISPLAY_ORDER)
values ('2346', 'YW_P_GRXZXK', 'XKZMC', '许可证名称', null);

insert into dz_yw_table_column (ID, TABLE_CODE, COLUMN_NAME, COLUMN_ALIAS, DISPLAY_ORDER)
values ('2347', 'YW_P_GRXZXK', 'XKZFW', '许可证内容（范围）', null);

insert into dz_yw_table_column (ID, TABLE_CODE, COLUMN_NAME, COLUMN_ALIAS, DISPLAY_ORDER)
values ('2348', 'YW_P_GRXZXK', 'ZL', '种类', null);

insert into dz_yw_table_column (ID, TABLE_CODE, COLUMN_NAME, COLUMN_ALIAS, DISPLAY_ORDER)
values ('2349', 'YW_P_GRXZXK', 'XKSXQ', '许可生效期', null);

insert into dz_yw_table_column (ID, TABLE_CODE, COLUMN_NAME, COLUMN_ALIAS, DISPLAY_ORDER)
values ('2350', 'YW_P_GRXZXK', 'XKJZQ', '许可截止期', null);

insert into dz_yw_table_column (ID, TABLE_CODE, COLUMN_NAME, COLUMN_ALIAS, DISPLAY_ORDER)
values ('2351', 'YW_P_GRXZXK', 'PZJGQC', '批准机关全称', null);

insert into dz_yw_table_column (ID, TABLE_CODE, COLUMN_NAME, COLUMN_ALIAS, DISPLAY_ORDER)
values ('2352', 'YW_P_GRXZXK', 'PZRQ', '批准(注/撤/吊销)日期', null);

insert into dz_yw_table_column (ID, TABLE_CODE, COLUMN_NAME, COLUMN_ALIAS, DISPLAY_ORDER)
values ('2353', 'YW_P_GRXZXK', 'BGHZRQ', '（变更）核准日期', null);

insert into dz_yw_table_column (ID, TABLE_CODE, COLUMN_NAME, COLUMN_ALIAS, DISPLAY_ORDER)
values ('2354', 'YW_P_GRXZXK', 'XKZDQZT', '许可证当前状态', null);

insert into dz_yw_table_column (ID, TABLE_CODE, COLUMN_NAME, COLUMN_ALIAS, DISPLAY_ORDER)
values ('2355', 'YW_P_GRXZXK', 'GXSJC', '数据更新时间戳', null);

insert into dz_yw_table_column (ID, TABLE_CODE, COLUMN_NAME, COLUMN_ALIAS, DISPLAY_ORDER)
values ('2356', 'YW_P_GRXZXK', 'XMMC', '项目名称', null);

insert into dz_yw_table_column (ID, TABLE_CODE, COLUMN_NAME, COLUMN_ALIAS, DISPLAY_ORDER)
values ('2357', 'YW_P_GRXZXK', 'SPLB', '审批类别', null);

insert into dz_yw_table_column (ID, TABLE_CODE, COLUMN_NAME, COLUMN_ALIAS, DISPLAY_ORDER)
values ('2358', 'YW_P_GRXZXK', 'DFBM', '地方编码', null);

insert into dz_yw_table_column (ID, TABLE_CODE, COLUMN_NAME, COLUMN_ALIAS, DISPLAY_ORDER)
values ('2359', 'YW_P_GRXZXK', 'GSJZQ', '公示截止期', null);

insert into dz_yw_table_column (ID, TABLE_CODE, COLUMN_NAME, COLUMN_ALIAS, DISPLAY_ORDER)
values ('2360', 'YW_P_GRYLBXZT', 'XM', '姓名', null);

insert into dz_yw_table_column (ID, TABLE_CODE, COLUMN_NAME, COLUMN_ALIAS, DISPLAY_ORDER)
values ('2361', 'YW_P_GRYLBXZT', 'SFZH', '身份证号', null);

insert into dz_yw_table_column (ID, TABLE_CODE, COLUMN_NAME, COLUMN_ALIAS, DISPLAY_ORDER)
values ('2362', 'YW_P_GRYLBXZT', 'ZJLX', '证件类型', null);

insert into dz_yw_table_column (ID, TABLE_CODE, COLUMN_NAME, COLUMN_ALIAS, DISPLAY_ORDER)
values ('2363', 'YW_P_GRYLBXZT', 'BZ', '备注', null);

insert into dz_yw_table_column (ID, TABLE_CODE, COLUMN_NAME, COLUMN_ALIAS, DISPLAY_ORDER)
values ('2364', 'YW_P_GRYLBXZT', 'YLBXZT', '养老保险状态', null);

insert into dz_yw_table_column (ID, TABLE_CODE, COLUMN_NAME, COLUMN_ALIAS, DISPLAY_ORDER)
values ('2365', 'YW_P_GRZGZC', 'XM', '姓名', null);

insert into dz_yw_table_column (ID, TABLE_CODE, COLUMN_NAME, COLUMN_ALIAS, DISPLAY_ORDER)
values ('2366', 'YW_P_GRZGZC', 'SFZH', '身份证号', null);

insert into dz_yw_table_column (ID, TABLE_CODE, COLUMN_NAME, COLUMN_ALIAS, DISPLAY_ORDER)
values ('2367', 'YW_P_GRZGZC', 'ZJLX', '证件类型', null);

insert into dz_yw_table_column (ID, TABLE_CODE, COLUMN_NAME, COLUMN_ALIAS, DISPLAY_ORDER)
values ('2368', 'YW_P_GRZGZC', 'BZ', '备注', null);

insert into dz_yw_table_column (ID, TABLE_CODE, COLUMN_NAME, COLUMN_ALIAS, DISPLAY_ORDER)
values ('2369', 'YW_P_GRZGZC', 'ZCZSMC', '注册证书名称', null);

insert into dz_yw_table_column (ID, TABLE_CODE, COLUMN_NAME, COLUMN_ALIAS, DISPLAY_ORDER)
values ('2370', 'YW_P_GRZGZC', 'ZYZGDJ', '执业资格等级', null);

insert into dz_yw_table_column (ID, TABLE_CODE, COLUMN_NAME, COLUMN_ALIAS, DISPLAY_ORDER)
values ('2371', 'YW_P_GRZGZC', 'ZCZSBH', '注册证书编号', null);

insert into dz_yw_table_column (ID, TABLE_CODE, COLUMN_NAME, COLUMN_ALIAS, DISPLAY_ORDER)
values ('2372', 'YW_P_GRZGZC', 'ZCRQ', '注册日期', null);

insert into dz_yw_table_column (ID, TABLE_CODE, COLUMN_NAME, COLUMN_ALIAS, DISPLAY_ORDER)
values ('2373', 'YW_P_GRZGZC', 'ZSSXQ', '证书生效期', null);

insert into dz_yw_table_column (ID, TABLE_CODE, COLUMN_NAME, COLUMN_ALIAS, DISPLAY_ORDER)
values ('2374', 'YW_P_GRZGZC', 'ZSJZQ', '证书截止期', null);

insert into dz_yw_table_column (ID, TABLE_CODE, COLUMN_NAME, COLUMN_ALIAS, DISPLAY_ORDER)
values ('2375', 'YW_P_GRZGZC', 'FZDW', '发证单位', null);

insert into dz_yw_table_column (ID, TABLE_CODE, COLUMN_NAME, COLUMN_ALIAS, DISPLAY_ORDER)
values ('2376', 'YW_P_GRZGZC', 'ZGZT', '资格状态', null);

insert into dz_yw_table_column (ID, TABLE_CODE, COLUMN_NAME, COLUMN_ALIAS, DISPLAY_ORDER)
values ('2377', 'YW_P_GRZGZC', 'ZYDWMC', '执业单位名称', null);

insert into dz_yw_table_column (ID, TABLE_CODE, COLUMN_NAME, COLUMN_ALIAS, DISPLAY_ORDER)
values ('2378', 'YW_P_GRZGZC', 'ZYDWZZJGDM', '执业单位组织机构代码', null);

insert into dz_yw_table_column (ID, TABLE_CODE, COLUMN_NAME, COLUMN_ALIAS, DISPLAY_ORDER)
values ('2379', 'YW_P_GRZGZC', 'ZYDWGSZCH', '执业单位工商注册号', null);

insert into dz_yw_table_column (ID, TABLE_CODE, COLUMN_NAME, COLUMN_ALIAS, DISPLAY_ORDER)
values ('2380', 'YW_P_GRZGZC', 'ZYDWTYSHXYDM', '执业单位统一社会信用代码', null);

insert into dz_yw_table_column (ID, TABLE_CODE, COLUMN_NAME, COLUMN_ALIAS, DISPLAY_ORDER)
values ('2381', 'YW_P_GRZGZCX', 'XM', '姓名', null);

insert into dz_yw_table_column (ID, TABLE_CODE, COLUMN_NAME, COLUMN_ALIAS, DISPLAY_ORDER)
values ('2382', 'YW_P_GRZGZCX', 'SFZH', '身份证号', null);

insert into dz_yw_table_column (ID, TABLE_CODE, COLUMN_NAME, COLUMN_ALIAS, DISPLAY_ORDER)
values ('2383', 'YW_P_GRZGZCX', 'ZJLX', '证件类型', null);

insert into dz_yw_table_column (ID, TABLE_CODE, COLUMN_NAME, COLUMN_ALIAS, DISPLAY_ORDER)
values ('2384', 'YW_P_GRZGZCX', 'BZ', '备注', null);

insert into dz_yw_table_column (ID, TABLE_CODE, COLUMN_NAME, COLUMN_ALIAS, DISPLAY_ORDER)
values ('2385', 'YW_P_GRZGZCX', 'ZSBH', '证书编号', null);

insert into dz_yw_table_column (ID, TABLE_CODE, COLUMN_NAME, COLUMN_ALIAS, DISPLAY_ORDER)
values ('2386', 'YW_P_GRZGZCX', 'ZGMC', '资格名称', null);

insert into dz_yw_table_column (ID, TABLE_CODE, COLUMN_NAME, COLUMN_ALIAS, DISPLAY_ORDER)
values ('2387', 'YW_P_GRZGZCX', 'ZCXLX', '注（撤）销类型', null);

insert into dz_yw_table_column (ID, TABLE_CODE, COLUMN_NAME, COLUMN_ALIAS, DISPLAY_ORDER)
values ('2388', 'YW_P_GRZGZCX', 'ZCXRQ', '注（撤）销日期', null);

insert into dz_yw_table_column (ID, TABLE_CODE, COLUMN_NAME, COLUMN_ALIAS, DISPLAY_ORDER)
values ('2389', 'YW_P_GRZGZCX', 'ZCXJG', '注（撤）销机关', null);

insert into dz_yw_table_column (ID, TABLE_CODE, COLUMN_NAME, COLUMN_ALIAS, DISPLAY_ORDER)
values ('2390', 'YW_P_GRZYFWSC', 'XM', '姓名', null);

insert into dz_yw_table_column (ID, TABLE_CODE, COLUMN_NAME, COLUMN_ALIAS, DISPLAY_ORDER)
values ('2391', 'YW_P_GRZYFWSC', 'SFZH', '身份证号', null);

insert into dz_yw_table_column (ID, TABLE_CODE, COLUMN_NAME, COLUMN_ALIAS, DISPLAY_ORDER)
values ('2392', 'YW_P_GRZYFWSC', 'ZJLX', '证件类型', null);

insert into dz_yw_table_column (ID, TABLE_CODE, COLUMN_NAME, COLUMN_ALIAS, DISPLAY_ORDER)
values ('2393', 'YW_P_GRZYFWSC', 'BZ', '备注', null);

insert into dz_yw_table_column (ID, TABLE_CODE, COLUMN_NAME, COLUMN_ALIAS, DISPLAY_ORDER)
values ('2394', 'YW_P_GRZYFWSC', 'ZZMM', '政治面貌', null);

insert into dz_yw_table_column (ID, TABLE_CODE, COLUMN_NAME, COLUMN_ALIAS, DISPLAY_ORDER)
values ('2395', 'YW_P_GRZYFWSC', 'GZDW', '工作单位', null);

insert into dz_yw_table_column (ID, TABLE_CODE, COLUMN_NAME, COLUMN_ALIAS, DISPLAY_ORDER)
values ('2396', 'YW_P_GRZYFWSC', 'FWSC', '服务时长', null);

insert into dz_yw_table_column (ID, TABLE_CODE, COLUMN_NAME, COLUMN_ALIAS, DISPLAY_ORDER)
values ('2397', 'YW_P_GRZYHZXX', 'XM', '姓名', null);

insert into dz_yw_table_column (ID, TABLE_CODE, COLUMN_NAME, COLUMN_ALIAS, DISPLAY_ORDER)
values ('2398', 'YW_P_GRZYHZXX', 'SFZH', '身份证号', null);

insert into dz_yw_table_column (ID, TABLE_CODE, COLUMN_NAME, COLUMN_ALIAS, DISPLAY_ORDER)
values ('2399', 'YW_P_GRZYHZXX', 'ZJLX', '证件类型', null);

insert into dz_yw_table_column (ID, TABLE_CODE, COLUMN_NAME, COLUMN_ALIAS, DISPLAY_ORDER)
values ('2400', 'YW_P_GRZYHZXX', 'BZ', '备注', null);

insert into dz_yw_table_column (ID, TABLE_CODE, COLUMN_NAME, COLUMN_ALIAS, DISPLAY_ORDER)
values ('2401', 'YW_P_GRZYHZXX', 'ZYMC', '职业名称', null);

insert into dz_yw_table_column (ID, TABLE_CODE, COLUMN_NAME, COLUMN_ALIAS, DISPLAY_ORDER)
values ('2402', 'YW_P_GRZYJSZG', 'XM', '姓名', null);

insert into dz_yw_table_column (ID, TABLE_CODE, COLUMN_NAME, COLUMN_ALIAS, DISPLAY_ORDER)
values ('2403', 'YW_P_GRZYJSZG', 'SFZH', '身份证号', null);

insert into dz_yw_table_column (ID, TABLE_CODE, COLUMN_NAME, COLUMN_ALIAS, DISPLAY_ORDER)
values ('2404', 'YW_P_GRZYJSZG', 'ZJLX', '证件类型', null);

insert into dz_yw_table_column (ID, TABLE_CODE, COLUMN_NAME, COLUMN_ALIAS, DISPLAY_ORDER)
values ('2405', 'YW_P_GRZYJSZG', 'BZ', '备注', null);

insert into dz_yw_table_column (ID, TABLE_CODE, COLUMN_NAME, COLUMN_ALIAS, DISPLAY_ORDER)
values ('2406', 'YW_P_GRZYJSZG', 'ZYJSZGMC', '专业技术资格名称', null);

insert into dz_yw_table_column (ID, TABLE_CODE, COLUMN_NAME, COLUMN_ALIAS, DISPLAY_ORDER)
values ('2407', 'YW_P_GRZYJSZG', 'ZYLB', '专业类别', null);

insert into dz_yw_table_column (ID, TABLE_CODE, COLUMN_NAME, COLUMN_ALIAS, DISPLAY_ORDER)
values ('2408', 'YW_P_GRZYJSZG', 'QDRQ', '取得日期', null);

insert into dz_yw_table_column (ID, TABLE_CODE, COLUMN_NAME, COLUMN_ALIAS, DISPLAY_ORDER)
values ('2409', 'YW_P_GRZYJSZG', 'SPDW', '审批单位', null);

insert into dz_yw_table_column (ID, TABLE_CODE, COLUMN_NAME, COLUMN_ALIAS, DISPLAY_ORDER)
values ('2410', 'YW_P_GRZYZFW', 'ZZMM', '政治面貌', null);

insert into dz_yw_table_column (ID, TABLE_CODE, COLUMN_NAME, COLUMN_ALIAS, DISPLAY_ORDER)
values ('2411', 'YW_P_GRZYZFW', 'GZDW', '工作单位', null);

insert into dz_yw_table_column (ID, TABLE_CODE, COLUMN_NAME, COLUMN_ALIAS, DISPLAY_ORDER)
values ('2412', 'YW_P_GRZYZFW', 'FWSC', '服务时长', null);

insert into dz_yw_table_column (ID, TABLE_CODE, COLUMN_NAME, COLUMN_ALIAS, DISPLAY_ORDER)
values ('2413', 'YW_P_GRZYZFW', 'XM', '姓名', null);

insert into dz_yw_table_column (ID, TABLE_CODE, COLUMN_NAME, COLUMN_ALIAS, DISPLAY_ORDER)
values ('2414', 'YW_P_GRZYZFW', 'SFZH', '儿童身份证号', null);

insert into dz_yw_table_column (ID, TABLE_CODE, COLUMN_NAME, COLUMN_ALIAS, DISPLAY_ORDER)
values ('2415', 'YW_P_GRZYZFW', 'ZJLX', '证件类型', null);

insert into dz_yw_table_column (ID, TABLE_CODE, COLUMN_NAME, COLUMN_ALIAS, DISPLAY_ORDER)
values ('2416', 'YW_P_GRZYZFW', 'BZ', '备注', null);

insert into dz_yw_table_column (ID, TABLE_CODE, COLUMN_NAME, COLUMN_ALIAS, DISPLAY_ORDER)
values ('2417', 'YW_P_GRZYZFW', 'JF', '积分', null);

insert into dz_yw_table_column (ID, TABLE_CODE, COLUMN_NAME, COLUMN_ALIAS, DISPLAY_ORDER)
values ('2418', 'YW_P_GRZYZYZG', 'XM', '姓名', null);

insert into dz_yw_table_column (ID, TABLE_CODE, COLUMN_NAME, COLUMN_ALIAS, DISPLAY_ORDER)
values ('2419', 'YW_P_GRZYZYZG', 'SFZH', '身份证号', null);

insert into dz_yw_table_column (ID, TABLE_CODE, COLUMN_NAME, COLUMN_ALIAS, DISPLAY_ORDER)
values ('2420', 'YW_P_GRZYZYZG', 'ZJLX', '证件类型', null);

insert into dz_yw_table_column (ID, TABLE_CODE, COLUMN_NAME, COLUMN_ALIAS, DISPLAY_ORDER)
values ('2421', 'YW_P_GRZYZYZG', 'BZ', '备注', null);

insert into dz_yw_table_column (ID, TABLE_CODE, COLUMN_NAME, COLUMN_ALIAS, DISPLAY_ORDER)
values ('2422', 'YW_P_GRZYZYZG', 'ZCZSMC', '注册证书名称', null);

insert into dz_yw_table_column (ID, TABLE_CODE, COLUMN_NAME, COLUMN_ALIAS, DISPLAY_ORDER)
values ('2423', 'YW_P_GRZYZYZG', 'ZYZGDJ', '执业资格等级', null);

insert into dz_yw_table_column (ID, TABLE_CODE, COLUMN_NAME, COLUMN_ALIAS, DISPLAY_ORDER)
values ('2424', 'YW_P_GRZYZYZG', 'ZCRQ', '注册日期', null);

insert into dz_yw_table_column (ID, TABLE_CODE, COLUMN_NAME, COLUMN_ALIAS, DISPLAY_ORDER)
values ('2425', 'YW_P_GRZYZYZG', 'ZCYXQZ', '注册有效期至', null);

insert into dz_yw_table_column (ID, TABLE_CODE, COLUMN_NAME, COLUMN_ALIAS, DISPLAY_ORDER)
values ('2426', 'YW_P_GRZYZYZG', 'FZDW', '发证单位', null);

insert into dz_yw_table_column (ID, TABLE_CODE, COLUMN_NAME, COLUMN_ALIAS, DISPLAY_ORDER)
values ('2427', 'YW_P_GRZYZYZG', 'ZYDWMC', '执业单位名称', null);

insert into dz_yw_table_column (ID, TABLE_CODE, COLUMN_NAME, COLUMN_ALIAS, DISPLAY_ORDER)
values ('10001', 'yw_l_xzcf', 'zzjgdm', '组织机构代码', null);

insert into dz_yw_table_column (ID, TABLE_CODE, COLUMN_NAME, COLUMN_ALIAS, DISPLAY_ORDER)
values ('10002', 'yw_l_xzcf', 'jgqcyw', '机构全称英文', null);

insert into dz_yw_table_column (ID, TABLE_CODE, COLUMN_NAME, COLUMN_ALIAS, DISPLAY_ORDER)
values ('10003', 'yw_l_xzcf', 'jgqc', '机构全称中文', null);

insert into dz_yw_table_column (ID, TABLE_CODE, COLUMN_NAME, COLUMN_ALIAS, DISPLAY_ORDER)
values ('10004', 'yw_l_xzcf', 'gszch', '工商注册号', null);

insert into dz_yw_table_column (ID, TABLE_CODE, COLUMN_NAME, COLUMN_ALIAS, DISPLAY_ORDER)
values ('10005', 'yw_l_xzcf', 'tyshxydm', '统一社会信用代码', null);

insert into dz_yw_table_column (ID, TABLE_CODE, COLUMN_NAME, COLUMN_ALIAS, DISPLAY_ORDER)
values ('10006', 'yw_l_xzcf', 'bz', '备注', null);

insert into dz_yw_table_column (ID, TABLE_CODE, COLUMN_NAME, COLUMN_ALIAS, DISPLAY_ORDER)
values ('10007', 'yw_l_xzcf', 'xzcfbm', '行政处罚编码', null);

insert into dz_yw_table_column (ID, TABLE_CODE, COLUMN_NAME, COLUMN_ALIAS, DISPLAY_ORDER)
values ('10008', 'yw_l_xzcf', 'cfjdswh', '处罚决定书文号', null);

insert into dz_yw_table_column (ID, TABLE_CODE, COLUMN_NAME, COLUMN_ALIAS, DISPLAY_ORDER)
values ('10009', 'yw_l_xzcf', 'cfmc', '处罚名称', null);

insert into dz_yw_table_column (ID, TABLE_CODE, COLUMN_NAME, COLUMN_ALIAS, DISPLAY_ORDER)
values ('10010', 'yw_l_xzcf', 'cfsy', '处罚事由', null);

insert into dz_yw_table_column (ID, TABLE_CODE, COLUMN_NAME, COLUMN_ALIAS, DISPLAY_ORDER)
values ('10011', 'yw_l_xzcf', 'cfyj', '处罚依据', null);

insert into dz_yw_table_column (ID, TABLE_CODE, COLUMN_NAME, COLUMN_ALIAS, DISPLAY_ORDER)
values ('10012', 'yw_l_xzcf', 'wfxwlx', '违法行为类型', null);

insert into dz_yw_table_column (ID, TABLE_CODE, COLUMN_NAME, COLUMN_ALIAS, DISPLAY_ORDER)
values ('10013', 'yw_l_xzcf', 'cfzl', '处罚种类', null);

insert into dz_yw_table_column (ID, TABLE_CODE, COLUMN_NAME, COLUMN_ALIAS, DISPLAY_ORDER)
values ('10014', 'yw_l_xzcf', 'cfjg', '处罚结果', null);

insert into dz_yw_table_column (ID, TABLE_CODE, COLUMN_NAME, COLUMN_ALIAS, DISPLAY_ORDER)
values ('10015', 'yw_l_xzcf', 'cfdj', '处罚等级', null);

insert into dz_yw_table_column (ID, TABLE_CODE, COLUMN_NAME, COLUMN_ALIAS, DISPLAY_ORDER)
values ('10016', 'yw_l_xzcf', 'cfjdrq', '处罚决定日期', null);

insert into dz_yw_table_column (ID, TABLE_CODE, COLUMN_NAME, COLUMN_ALIAS, DISPLAY_ORDER)
values ('10017', 'yw_l_xzcf', 'syyxq', '使用有效期', null);

insert into dz_yw_table_column (ID, TABLE_CODE, COLUMN_NAME, COLUMN_ALIAS, DISPLAY_ORDER)
values ('10018', 'yw_l_xzcf', 'cfcsz', '处罚承受者名称', null);

insert into dz_yw_table_column (ID, TABLE_CODE, COLUMN_NAME, COLUMN_ALIAS, DISPLAY_ORDER)
values ('10019', 'yw_l_xzcf', 'cfcszzjlx', '处罚承受者证件类型', null);

insert into dz_yw_table_column (ID, TABLE_CODE, COLUMN_NAME, COLUMN_ALIAS, DISPLAY_ORDER)
values ('10020', 'yw_l_xzcf', 'cfcszzjhm', '处罚承受者证件号码', null);

insert into dz_yw_table_column (ID, TABLE_CODE, COLUMN_NAME, COLUMN_ALIAS, DISPLAY_ORDER)
values ('10021', 'yw_l_xzcf', 'cfjdjgmc', '处罚决定机关名称', null);

insert into dz_yw_table_column (ID, TABLE_CODE, COLUMN_NAME, COLUMN_ALIAS, DISPLAY_ORDER)
values ('10022', 'yw_l_xzcf', 'zxqk', '执行情况', null);

insert into dz_yw_table_column (ID, TABLE_CODE, COLUMN_NAME, COLUMN_ALIAS, DISPLAY_ORDER)
values ('10023', 'yw_l_xzcf', 'zxwcrq', '执行完成日期', null);

insert into dz_yw_table_column (ID, TABLE_CODE, COLUMN_NAME, COLUMN_ALIAS, DISPLAY_ORDER)
values ('10024', 'yw_l_xzcf', 'fkje', '罚款金额（元）', null);

insert into dz_yw_table_column (ID, TABLE_CODE, COLUMN_NAME, COLUMN_ALIAS, DISPLAY_ORDER)
values ('10025', 'yw_l_xzcf', 'msje', '没收金额（元）', null);

insert into dz_yw_table_column (ID, TABLE_CODE, COLUMN_NAME, COLUMN_ALIAS, DISPLAY_ORDER)
values ('10026', 'yw_l_xzcf', 'jhdwqc', '交换单位全称', null);

insert into dz_yw_table_column (ID, TABLE_CODE, COLUMN_NAME, COLUMN_ALIAS, DISPLAY_ORDER)
values ('10027', 'YW_L_ZZZCDX', 'zzjgdm', '组织机构代码', null);

insert into dz_yw_table_column (ID, TABLE_CODE, COLUMN_NAME, COLUMN_ALIAS, DISPLAY_ORDER)
values ('10028', 'YW_L_ZZZCDX', 'jgqcyw', '机构全称英文', null);

insert into dz_yw_table_column (ID, TABLE_CODE, COLUMN_NAME, COLUMN_ALIAS, DISPLAY_ORDER)
values ('10029', 'YW_L_ZZZCDX', 'jgqc', '机构全称中文', null);

insert into dz_yw_table_column (ID, TABLE_CODE, COLUMN_NAME, COLUMN_ALIAS, DISPLAY_ORDER)
values ('10030', 'YW_L_ZZZCDX', 'gszch', '工商注册号', null);

insert into dz_yw_table_column (ID, TABLE_CODE, COLUMN_NAME, COLUMN_ALIAS, DISPLAY_ORDER)
values ('10031', 'YW_L_ZZZCDX', 'tyshxydm', '统一社会信用代码', null);

insert into dz_yw_table_column (ID, TABLE_CODE, COLUMN_NAME, COLUMN_ALIAS, DISPLAY_ORDER)
values ('10032', 'YW_L_ZZZCDX', 'bz', '备注', null);

insert into dz_yw_table_column (ID, TABLE_CODE, COLUMN_NAME, COLUMN_ALIAS, DISPLAY_ORDER)
values ('10033', 'YW_L_ZZZCDX', 'zl', '种类', null);

insert into dz_yw_table_column (ID, TABLE_CODE, COLUMN_NAME, COLUMN_ALIAS, DISPLAY_ORDER)
values ('10034', 'YW_L_ZZZCDX', 'zsbh', '资质证书编号', null);

insert into dz_yw_table_column (ID, TABLE_CODE, COLUMN_NAME, COLUMN_ALIAS, DISPLAY_ORDER)
values ('10035', 'YW_L_ZZZCDX', 'zzmc', '资质名称', null);

insert into dz_yw_table_column (ID, TABLE_CODE, COLUMN_NAME, COLUMN_ALIAS, DISPLAY_ORDER)
values ('10036', 'YW_L_ZZZCDX', 'zyfw', '执业范围', null);

insert into dz_yw_table_column (ID, TABLE_CODE, COLUMN_NAME, COLUMN_ALIAS, DISPLAY_ORDER)
values ('10037', 'YW_L_ZZZCDX', 'zcdxyy', '注（撤、吊）销原因', null);

insert into dz_yw_table_column (ID, TABLE_CODE, COLUMN_NAME, COLUMN_ALIAS, DISPLAY_ORDER)
values ('10038', 'YW_L_ZZZCDX', 'pzjgqc', '注（撤、吊）销批准机关全称', null);

insert into dz_yw_table_column (ID, TABLE_CODE, COLUMN_NAME, COLUMN_ALIAS, DISPLAY_ORDER)
values ('10039', 'YW_L_ZZZCDX', 'pzrq', '注（撤、吊）销批准日期', null);

insert into dz_yw_table_column (ID, TABLE_CODE, COLUMN_NAME, COLUMN_ALIAS, DISPLAY_ORDER)
values ('10040', 'YW_L_ZZZCDX', 'qlbm', '权力编码', null);

insert into dz_yw_table_column (ID, TABLE_CODE, COLUMN_NAME, COLUMN_ALIAS, DISPLAY_ORDER)
values ('10041', 'YW_L_ZZZCDX', 'qlmc', '权力名称', null);

insert into dz_yw_table_column (ID, TABLE_CODE, COLUMN_NAME, COLUMN_ALIAS, DISPLAY_ORDER)
values ('10042', 'YW_L_ZZZCDX', 'jhdwqc', '交换单位全称', null);

insert into dz_yw_table_column (ID, TABLE_CODE, COLUMN_NAME, COLUMN_ALIAS, DISPLAY_ORDER)
values ('10043', 'YW_L_ZZDJBG', 'zzjgdm', '组织机构代码', null);

insert into dz_yw_table_column (ID, TABLE_CODE, COLUMN_NAME, COLUMN_ALIAS, DISPLAY_ORDER)
values ('10044', 'YW_L_ZZDJBG', 'jgqcyw', '机构全称英文', null);

insert into dz_yw_table_column (ID, TABLE_CODE, COLUMN_NAME, COLUMN_ALIAS, DISPLAY_ORDER)
values ('10045', 'YW_L_ZZDJBG', 'jgqc', '机构全称中文', null);

insert into dz_yw_table_column (ID, TABLE_CODE, COLUMN_NAME, COLUMN_ALIAS, DISPLAY_ORDER)
values ('10046', 'YW_L_ZZDJBG', 'gszch', '工商注册号', null);

insert into dz_yw_table_column (ID, TABLE_CODE, COLUMN_NAME, COLUMN_ALIAS, DISPLAY_ORDER)
values ('10047', 'YW_L_ZZDJBG', 'tyshxydm', '统一社会信用代码', null);

insert into dz_yw_table_column (ID, TABLE_CODE, COLUMN_NAME, COLUMN_ALIAS, DISPLAY_ORDER)
values ('10048', 'YW_L_ZZDJBG', 'bz', '备注', null);

insert into dz_yw_table_column (ID, TABLE_CODE, COLUMN_NAME, COLUMN_ALIAS, DISPLAY_ORDER)
values ('10049', 'YW_L_ZZDJBG', 'zl', '种类', null);

insert into dz_yw_table_column (ID, TABLE_CODE, COLUMN_NAME, COLUMN_ALIAS, DISPLAY_ORDER)
values ('10050', 'YW_L_ZZDJBG', 'zsbh', '资质证书编号', null);

insert into dz_yw_table_column (ID, TABLE_CODE, COLUMN_NAME, COLUMN_ALIAS, DISPLAY_ORDER)
values ('10051', 'YW_L_ZZDJBG', 'zzmc', '资质名称', null);

insert into dz_yw_table_column (ID, TABLE_CODE, COLUMN_NAME, COLUMN_ALIAS, DISPLAY_ORDER)
values ('10052', 'YW_L_ZZDJBG', 'zyfw', '执业范围', null);

insert into dz_yw_table_column (ID, TABLE_CODE, COLUMN_NAME, COLUMN_ALIAS, DISPLAY_ORDER)
values ('10053', 'YW_L_ZZDJBG', 'zzdj', '资质等级', null);

insert into dz_yw_table_column (ID, TABLE_CODE, COLUMN_NAME, COLUMN_ALIAS, DISPLAY_ORDER)
values ('10054', 'YW_L_ZZDJBG', 'zzsxq', '资质生效期', null);

insert into dz_yw_table_column (ID, TABLE_CODE, COLUMN_NAME, COLUMN_ALIAS, DISPLAY_ORDER)
values ('10055', 'YW_L_ZZDJBG', 'zzjzq', '资质截止期', null);

insert into dz_yw_table_column (ID, TABLE_CODE, COLUMN_NAME, COLUMN_ALIAS, DISPLAY_ORDER)
values ('10056', 'YW_L_ZZDJBG', 'rdjgqc', '认定机关全称', null);

insert into dz_yw_table_column (ID, TABLE_CODE, COLUMN_NAME, COLUMN_ALIAS, DISPLAY_ORDER)
values ('10057', 'YW_L_ZZDJBG', 'rdrq', '认定日期', null);

insert into dz_yw_table_column (ID, TABLE_CODE, COLUMN_NAME, COLUMN_ALIAS, DISPLAY_ORDER)
values ('10058', 'YW_L_ZZDJBG', 'bghzrq', '变更核准日期', null);

insert into dz_yw_table_column (ID, TABLE_CODE, COLUMN_NAME, COLUMN_ALIAS, DISPLAY_ORDER)
values ('10059', 'YW_L_ZZDJBG', 'qlbm', '权力编码', null);

insert into dz_yw_table_column (ID, TABLE_CODE, COLUMN_NAME, COLUMN_ALIAS, DISPLAY_ORDER)
values ('10060', 'YW_L_ZZDJBG', 'qlmc', '权力名称', null);

insert into dz_yw_table_column (ID, TABLE_CODE, COLUMN_NAME, COLUMN_ALIAS, DISPLAY_ORDER)
values ('10061', 'YW_L_ZZDJBG', 'jhdwqc', '交换单位全称', null);

insert into dz_yw_table_column (ID, TABLE_CODE, COLUMN_NAME, COLUMN_ALIAS, DISPLAY_ORDER)
values ('10062', 'YW_L_XZXKZCDX', 'zzjgdm', '组织机构代码', null);

insert into dz_yw_table_column (ID, TABLE_CODE, COLUMN_NAME, COLUMN_ALIAS, DISPLAY_ORDER)
values ('10063', 'YW_L_XZXKZCDX', 'jgqcyw', '机构全称英文', null);

insert into dz_yw_table_column (ID, TABLE_CODE, COLUMN_NAME, COLUMN_ALIAS, DISPLAY_ORDER)
values ('10064', 'YW_L_XZXKZCDX', 'jgqc', '机构全称中文', null);

insert into dz_yw_table_column (ID, TABLE_CODE, COLUMN_NAME, COLUMN_ALIAS, DISPLAY_ORDER)
values ('10065', 'YW_L_XZXKZCDX', 'gszch', '工商注册号', null);

insert into dz_yw_table_column (ID, TABLE_CODE, COLUMN_NAME, COLUMN_ALIAS, DISPLAY_ORDER)
values ('10066', 'YW_L_XZXKZCDX', 'tyshxydm', '统一社会信用代码', null);

insert into dz_yw_table_column (ID, TABLE_CODE, COLUMN_NAME, COLUMN_ALIAS, DISPLAY_ORDER)
values ('10067', 'YW_L_XZXKZCDX', 'bz', '备注', null);

insert into dz_yw_table_column (ID, TABLE_CODE, COLUMN_NAME, COLUMN_ALIAS, DISPLAY_ORDER)
values ('10068', 'YW_L_XZXKZCDX', 'zl', '种类', null);

insert into dz_yw_table_column (ID, TABLE_CODE, COLUMN_NAME, COLUMN_ALIAS, DISPLAY_ORDER)
values ('10069', 'YW_L_XZXKZCDX', 'xkzbh', '许可证编号', null);

insert into dz_yw_table_column (ID, TABLE_CODE, COLUMN_NAME, COLUMN_ALIAS, DISPLAY_ORDER)
values ('10070', 'YW_L_XZXKZCDX', 'xkzmc', '许可证名称', null);

insert into dz_yw_table_column (ID, TABLE_CODE, COLUMN_NAME, COLUMN_ALIAS, DISPLAY_ORDER)
values ('10071', 'YW_L_XZXKZCDX', 'xknr', '许可内容', null);

insert into dz_yw_table_column (ID, TABLE_CODE, COLUMN_NAME, COLUMN_ALIAS, DISPLAY_ORDER)
values ('10072', 'YW_L_XZXKZCDX', 'zcdxyy', '注（撤、吊）销原因', null);

insert into dz_yw_table_column (ID, TABLE_CODE, COLUMN_NAME, COLUMN_ALIAS, DISPLAY_ORDER)
values ('10073', 'YW_L_XZXKZCDX', 'pzjgqc', '注（撤、吊）销批准机关全称', null);

insert into dz_yw_table_column (ID, TABLE_CODE, COLUMN_NAME, COLUMN_ALIAS, DISPLAY_ORDER)
values ('10074', 'YW_L_XZXKZCDX', 'pzrq', '注（撤、吊）销批准日期', null);

insert into dz_yw_table_column (ID, TABLE_CODE, COLUMN_NAME, COLUMN_ALIAS, DISPLAY_ORDER)
values ('10075', 'YW_L_XZXKZCDX', 'qlbm', '权力编码', null);

insert into dz_yw_table_column (ID, TABLE_CODE, COLUMN_NAME, COLUMN_ALIAS, DISPLAY_ORDER)
values ('10076', 'YW_L_XZXKZCDX', 'qlmc', '权力名称', null);

insert into dz_yw_table_column (ID, TABLE_CODE, COLUMN_NAME, COLUMN_ALIAS, DISPLAY_ORDER)
values ('10077', 'YW_L_XZXKZCDX', 'jhdwqc', '交换单位全称', null);

insert into dz_yw_table_column (ID, TABLE_CODE, COLUMN_NAME, COLUMN_ALIAS, DISPLAY_ORDER)
values ('10078', 'YW_L_XZXKDJBG', 'zzjgdm', '组织机构代码', null);

insert into dz_yw_table_column (ID, TABLE_CODE, COLUMN_NAME, COLUMN_ALIAS, DISPLAY_ORDER)
values ('10079', 'YW_L_XZXKDJBG', 'jgqcyw', '机构全称英文', null);

insert into dz_yw_table_column (ID, TABLE_CODE, COLUMN_NAME, COLUMN_ALIAS, DISPLAY_ORDER)
values ('10080', 'YW_L_XZXKDJBG', 'jgqc', '机构全称中文', null);

insert into dz_yw_table_column (ID, TABLE_CODE, COLUMN_NAME, COLUMN_ALIAS, DISPLAY_ORDER)
values ('10081', 'YW_L_XZXKDJBG', 'gszch', '工商注册号', null);

insert into dz_yw_table_column (ID, TABLE_CODE, COLUMN_NAME, COLUMN_ALIAS, DISPLAY_ORDER)
values ('10082', 'YW_L_XZXKDJBG', 'tyshxydm', '统一社会信用代码', null);

insert into dz_yw_table_column (ID, TABLE_CODE, COLUMN_NAME, COLUMN_ALIAS, DISPLAY_ORDER)
values ('10083', 'YW_L_XZXKDJBG', 'bz', '备注', null);

insert into dz_yw_table_column (ID, TABLE_CODE, COLUMN_NAME, COLUMN_ALIAS, DISPLAY_ORDER)
values ('10084', 'YW_L_XZXKDJBG', 'xzxkbm', '行政许可编码', null);

insert into dz_yw_table_column (ID, TABLE_CODE, COLUMN_NAME, COLUMN_ALIAS, DISPLAY_ORDER)
values ('10085', 'YW_L_XZXKDJBG', 'zl', '种类', null);

insert into dz_yw_table_column (ID, TABLE_CODE, COLUMN_NAME, COLUMN_ALIAS, DISPLAY_ORDER)
values ('10086', 'YW_L_XZXKDJBG', 'xkzbh', '许可证编号', null);

insert into dz_yw_table_column (ID, TABLE_CODE, COLUMN_NAME, COLUMN_ALIAS, DISPLAY_ORDER)
values ('10087', 'YW_L_XZXKDJBG', 'xkzmc', '许可证名称', null);

insert into dz_yw_table_column (ID, TABLE_CODE, COLUMN_NAME, COLUMN_ALIAS, DISPLAY_ORDER)
values ('10088', 'YW_L_XZXKDJBG', 'xknr', '许可内容', null);

insert into dz_yw_table_column (ID, TABLE_CODE, COLUMN_NAME, COLUMN_ALIAS, DISPLAY_ORDER)
values ('10089', 'YW_L_XZXKDJBG', 'splb', '审批类别', null);

insert into dz_yw_table_column (ID, TABLE_CODE, COLUMN_NAME, COLUMN_ALIAS, DISPLAY_ORDER)
values ('10090', 'YW_L_XZXKDJBG', 'xksxq', '许可生效期', null);

insert into dz_yw_table_column (ID, TABLE_CODE, COLUMN_NAME, COLUMN_ALIAS, DISPLAY_ORDER)
values ('10091', 'YW_L_XZXKDJBG', 'xkjzq', '许可截止期', null);

insert into dz_yw_table_column (ID, TABLE_CODE, COLUMN_NAME, COLUMN_ALIAS, DISPLAY_ORDER)
values ('10092', 'YW_L_XZXKDJBG', 'pzjgqc', '批准机关全称', null);

insert into dz_yw_table_column (ID, TABLE_CODE, COLUMN_NAME, COLUMN_ALIAS, DISPLAY_ORDER)
values ('10093', 'YW_L_XZXKDJBG', 'pzrq', '批准日期', null);

insert into dz_yw_table_column (ID, TABLE_CODE, COLUMN_NAME, COLUMN_ALIAS, DISPLAY_ORDER)
values ('10094', 'YW_L_XZXKDJBG', 'bghzrq', '变更核准日期', null);

insert into dz_yw_table_column (ID, TABLE_CODE, COLUMN_NAME, COLUMN_ALIAS, DISPLAY_ORDER)
values ('10095', 'YW_L_XZXKDJBG', 'qlbm', '权力编码', null);

insert into dz_yw_table_column (ID, TABLE_CODE, COLUMN_NAME, COLUMN_ALIAS, DISPLAY_ORDER)
values ('10096', 'YW_L_XZXKDJBG', 'qlmc', '权力名称', null);

insert into dz_yw_table_column (ID, TABLE_CODE, COLUMN_NAME, COLUMN_ALIAS, DISPLAY_ORDER)
values ('10097', 'YW_L_XZXKDJBG', 'jhdwqc', '交换单位全称', null);

insert into dz_yw_table_column (ID, TABLE_CODE, COLUMN_NAME, COLUMN_ALIAS, DISPLAY_ORDER)
values ('10098', 'YW_L_XKZZNJ', 'zzjgdm', '组织机构代码', null);

insert into dz_yw_table_column (ID, TABLE_CODE, COLUMN_NAME, COLUMN_ALIAS, DISPLAY_ORDER)
values ('10099', 'YW_L_XKZZNJ', 'jgqcyw', '机构全称英文', null);

insert into dz_yw_table_column (ID, TABLE_CODE, COLUMN_NAME, COLUMN_ALIAS, DISPLAY_ORDER)
values ('10100', 'YW_L_XKZZNJ', 'jgqc', '机构全称中文', null);

insert into dz_yw_table_column (ID, TABLE_CODE, COLUMN_NAME, COLUMN_ALIAS, DISPLAY_ORDER)
values ('10101', 'YW_L_XKZZNJ', 'gszch', '工商注册号', null);

insert into dz_yw_table_column (ID, TABLE_CODE, COLUMN_NAME, COLUMN_ALIAS, DISPLAY_ORDER)
values ('10102', 'YW_L_XKZZNJ', 'tyshxydm', '统一社会信用代码', null);

insert into dz_yw_table_column (ID, TABLE_CODE, COLUMN_NAME, COLUMN_ALIAS, DISPLAY_ORDER)
values ('10103', 'YW_L_XKZZNJ', 'bz', '备注', null);

insert into dz_yw_table_column (ID, TABLE_CODE, COLUMN_NAME, COLUMN_ALIAS, DISPLAY_ORDER)
values ('10104', 'YW_L_XKZZNJ', 'zsbh', '证书编号', null);

insert into dz_yw_table_column (ID, TABLE_CODE, COLUMN_NAME, COLUMN_ALIAS, DISPLAY_ORDER)
values ('10105', 'YW_L_XKZZNJ', 'njnd', '年检年度', null);

insert into dz_yw_table_column (ID, TABLE_CODE, COLUMN_NAME, COLUMN_ALIAS, DISPLAY_ORDER)
values ('10106', 'YW_L_XKZZNJ', 'njjg', '年检结果', null);

insert into dz_yw_table_column (ID, TABLE_CODE, COLUMN_NAME, COLUMN_ALIAS, DISPLAY_ORDER)
values ('10107', 'YW_L_XKZZNJ', 'njjgqc', '年检机关全称', null);

insert into dz_yw_table_column (ID, TABLE_CODE, COLUMN_NAME, COLUMN_ALIAS, DISPLAY_ORDER)
values ('10108', 'YW_L_XKZZNJ', 'njsxmc', '年检事项名称', null);

insert into dz_yw_table_column (ID, TABLE_CODE, COLUMN_NAME, COLUMN_ALIAS, DISPLAY_ORDER)
values ('10109', 'YW_L_XKZZNJ', 'njrq', '年检日期', null);

insert into dz_yw_table_column (ID, TABLE_CODE, COLUMN_NAME, COLUMN_ALIAS, DISPLAY_ORDER)
values ('10110', 'YW_L_XKZZNJ', 'qlbm', '权力编码', null);

insert into dz_yw_table_column (ID, TABLE_CODE, COLUMN_NAME, COLUMN_ALIAS, DISPLAY_ORDER)
values ('10111', 'YW_L_XKZZNJ', 'qlmc', '权力名称', null);

insert into dz_yw_table_column (ID, TABLE_CODE, COLUMN_NAME, COLUMN_ALIAS, DISPLAY_ORDER)
values ('10112', 'YW_L_XKZZNJ', 'jhdwqc', '交换单位全称', null);

insert into dz_yw_table_column (ID, TABLE_CODE, COLUMN_NAME, COLUMN_ALIAS, DISPLAY_ORDER)
values ('10113', 'YW_L_SJSFQYXX', 'zzjgdm', '组织机构代码', null);

insert into dz_yw_table_column (ID, TABLE_CODE, COLUMN_NAME, COLUMN_ALIAS, DISPLAY_ORDER)
values ('10114', 'YW_L_SJSFQYXX', 'jgqcyw', '机构全称英文', null);

insert into dz_yw_table_column (ID, TABLE_CODE, COLUMN_NAME, COLUMN_ALIAS, DISPLAY_ORDER)
values ('10115', 'YW_L_SJSFQYXX', 'jgqc', '机构全称中文', null);

insert into dz_yw_table_column (ID, TABLE_CODE, COLUMN_NAME, COLUMN_ALIAS, DISPLAY_ORDER)
values ('10116', 'YW_L_SJSFQYXX', 'gszch', '工商注册号', null);

insert into dz_yw_table_column (ID, TABLE_CODE, COLUMN_NAME, COLUMN_ALIAS, DISPLAY_ORDER)
values ('10117', 'YW_L_SJSFQYXX', 'tyshxydm', '统一社会信用代码', null);

insert into dz_yw_table_column (ID, TABLE_CODE, COLUMN_NAME, COLUMN_ALIAS, DISPLAY_ORDER)
values ('10118', 'YW_L_SJSFQYXX', 'bz', '备注', null);

insert into dz_yw_table_column (ID, TABLE_CODE, COLUMN_NAME, COLUMN_ALIAS, DISPLAY_ORDER)
values ('10119', 'YW_L_SJSFQYXX', 'rdrq', '认定日期', null);

insert into dz_yw_table_column (ID, TABLE_CODE, COLUMN_NAME, COLUMN_ALIAS, DISPLAY_ORDER)
values ('10120', 'YW_L_SJSFQYXX', 'rdbm', '市级认定部门', null);

insert into dz_yw_table_column (ID, TABLE_CODE, COLUMN_NAME, COLUMN_ALIAS, DISPLAY_ORDER)
values ('10121', 'YW_L_SJSFQYXX', 'jhdwqc', '交换单位全称', null);

insert into dz_yw_table_column (ID, TABLE_CODE, COLUMN_NAME, COLUMN_ALIAS, DISPLAY_ORDER)
values ('10122', 'YW_L_SGSXZXK', 'zzjgdm', '组织机构代码', null);

insert into dz_yw_table_column (ID, TABLE_CODE, COLUMN_NAME, COLUMN_ALIAS, DISPLAY_ORDER)
values ('10123', 'YW_L_SGSXZXK', 'jgqcyw', '机构全称英文', null);

insert into dz_yw_table_column (ID, TABLE_CODE, COLUMN_NAME, COLUMN_ALIAS, DISPLAY_ORDER)
values ('10124', 'YW_L_SGSXZXK', 'jgqc', '机构全称中文', null);

insert into dz_yw_table_column (ID, TABLE_CODE, COLUMN_NAME, COLUMN_ALIAS, DISPLAY_ORDER)
values ('10125', 'YW_L_SGSXZXK', 'gszch', '工商注册号', null);

insert into dz_yw_table_column (ID, TABLE_CODE, COLUMN_NAME, COLUMN_ALIAS, DISPLAY_ORDER)
values ('10126', 'YW_L_SGSXZXK', 'tyshxydm', '统一社会信用代码', null);

insert into dz_yw_table_column (ID, TABLE_CODE, COLUMN_NAME, COLUMN_ALIAS, DISPLAY_ORDER)
values ('10127', 'YW_L_SGSXZXK', 'bz', '备注', null);

insert into dz_yw_table_column (ID, TABLE_CODE, COLUMN_NAME, COLUMN_ALIAS, DISPLAY_ORDER)
values ('10128', 'YW_L_SGSXZXK', 'xkjdswh', '许可决定书文号', null);

insert into dz_yw_table_column (ID, TABLE_CODE, COLUMN_NAME, COLUMN_ALIAS, DISPLAY_ORDER)
values ('10129', 'YW_L_SGSXZXK', 'xmmc', '项目名称', null);

insert into dz_yw_table_column (ID, TABLE_CODE, COLUMN_NAME, COLUMN_ALIAS, DISPLAY_ORDER)
values ('10130', 'YW_L_SGSXZXK', 'xzxkbm', '行政许可编码', null);

insert into dz_yw_table_column (ID, TABLE_CODE, COLUMN_NAME, COLUMN_ALIAS, DISPLAY_ORDER)
values ('10131', 'YW_L_SGSXZXK', 'splb', '审批类别', null);

insert into dz_yw_table_column (ID, TABLE_CODE, COLUMN_NAME, COLUMN_ALIAS, DISPLAY_ORDER)
values ('10132', 'YW_L_SGSXZXK', 'xknr', '许可内容', null);

insert into dz_yw_table_column (ID, TABLE_CODE, COLUMN_NAME, COLUMN_ALIAS, DISPLAY_ORDER)
values ('10133', 'YW_L_SGSXZXK', 'xzxdrmc', '行政相对人名称', null);

insert into dz_yw_table_column (ID, TABLE_CODE, COLUMN_NAME, COLUMN_ALIAS, DISPLAY_ORDER)
values ('10134', 'YW_L_SGSXZXK', 'swdjh', '税务登记码', null);

insert into dz_yw_table_column (ID, TABLE_CODE, COLUMN_NAME, COLUMN_ALIAS, DISPLAY_ORDER)
values ('10135', 'YW_L_SGSXZXK', 'fddbrmc', '法定代表人名称', null);

insert into dz_yw_table_column (ID, TABLE_CODE, COLUMN_NAME, COLUMN_ALIAS, DISPLAY_ORDER)
values ('10136', 'YW_L_SGSXZXK', 'fddbrsfzh', '居民身份证号', null);

insert into dz_yw_table_column (ID, TABLE_CODE, COLUMN_NAME, COLUMN_ALIAS, DISPLAY_ORDER)
values ('10137', 'YW_L_SGSXZXK', 'xksxq', '许可决定日期', null);

insert into dz_yw_table_column (ID, TABLE_CODE, COLUMN_NAME, COLUMN_ALIAS, DISPLAY_ORDER)
values ('10138', 'YW_L_SGSXZXK', 'xkjzq', '许可截止期', null);

insert into dz_yw_table_column (ID, TABLE_CODE, COLUMN_NAME, COLUMN_ALIAS, DISPLAY_ORDER)
values ('10139', 'YW_L_SGSXZXK', 'xkjg', '许可机关', null);

insert into dz_yw_table_column (ID, TABLE_CODE, COLUMN_NAME, COLUMN_ALIAS, DISPLAY_ORDER)
values ('10140', 'YW_L_SGSXZXK', 'dqzt', '登记状态', null);

insert into dz_yw_table_column (ID, TABLE_CODE, COLUMN_NAME, COLUMN_ALIAS, DISPLAY_ORDER)
values ('10141', 'YW_L_SGSXZXK', 'dfbm', '地方编码', null);

insert into dz_yw_table_column (ID, TABLE_CODE, COLUMN_NAME, COLUMN_ALIAS, DISPLAY_ORDER)
values ('10142', 'YW_L_SGSXZXK', 'gxsjc', '数据更新时间戳', null);

insert into dz_yw_table_column (ID, TABLE_CODE, COLUMN_NAME, COLUMN_ALIAS, DISPLAY_ORDER)
values ('10143', 'YW_L_SGSXZXK', 'syfw', '信息使用范围', null);

insert into dz_yw_table_column (ID, TABLE_CODE, COLUMN_NAME, COLUMN_ALIAS, DISPLAY_ORDER)
values ('10144', 'YW_L_SGSXZXK', 'gsjzq', '公示截止期', null);

insert into dz_yw_table_column (ID, TABLE_CODE, COLUMN_NAME, COLUMN_ALIAS, DISPLAY_ORDER)
values ('10145', 'YW_L_SGSXZXK', 'xzxdrswdjh', '行政相对人税务登记号', null);

insert into dz_yw_table_column (ID, TABLE_CODE, COLUMN_NAME, COLUMN_ALIAS, DISPLAY_ORDER)
values ('10146', 'YW_L_SGSXZCF', 'zzjgdm', '组织机构代码', null);

insert into dz_yw_table_column (ID, TABLE_CODE, COLUMN_NAME, COLUMN_ALIAS, DISPLAY_ORDER)
values ('10147', 'YW_L_SGSXZCF', 'jgqcyw', '机构全称英文', null);

insert into dz_yw_table_column (ID, TABLE_CODE, COLUMN_NAME, COLUMN_ALIAS, DISPLAY_ORDER)
values ('10148', 'YW_L_SGSXZCF', 'jgqc', '机构全称中文', null);

insert into dz_yw_table_column (ID, TABLE_CODE, COLUMN_NAME, COLUMN_ALIAS, DISPLAY_ORDER)
values ('10149', 'YW_L_SGSXZCF', 'gszch', '工商登记码', null);

insert into dz_yw_table_column (ID, TABLE_CODE, COLUMN_NAME, COLUMN_ALIAS, DISPLAY_ORDER)
values ('10150', 'YW_L_SGSXZCF', 'tyshxydm', '统一社会信用代码', null);

insert into dz_yw_table_column (ID, TABLE_CODE, COLUMN_NAME, COLUMN_ALIAS, DISPLAY_ORDER)
values ('10151', 'YW_L_SGSXZCF', 'bz', '备注', null);

insert into dz_yw_table_column (ID, TABLE_CODE, COLUMN_NAME, COLUMN_ALIAS, DISPLAY_ORDER)
values ('10152', 'YW_L_SGSXZCF', 'cfjdswh', '行政处罚决定书文号', null);

insert into dz_yw_table_column (ID, TABLE_CODE, COLUMN_NAME, COLUMN_ALIAS, DISPLAY_ORDER)
values ('10153', 'YW_L_SGSXZCF', 'ajmc', '处罚名称', null);

insert into dz_yw_table_column (ID, TABLE_CODE, COLUMN_NAME, COLUMN_ALIAS, DISPLAY_ORDER)
values ('10154', 'YW_L_SGSXZCF', 'cfbm', '行政处罚编码', null);

insert into dz_yw_table_column (ID, TABLE_CODE, COLUMN_NAME, COLUMN_ALIAS, DISPLAY_ORDER)
values ('10155', 'YW_L_SGSXZCF', 'cfsy', '处罚事由', null);

insert into dz_yw_table_column (ID, TABLE_CODE, COLUMN_NAME, COLUMN_ALIAS, DISPLAY_ORDER)
values ('10156', 'YW_L_SGSXZCF', 'cfyj', '处罚依据', null);

insert into dz_yw_table_column (ID, TABLE_CODE, COLUMN_NAME, COLUMN_ALIAS, DISPLAY_ORDER)
values ('10157', 'YW_L_SGSXZCF', 'cfzl', '处罚类别1', null);

insert into dz_yw_table_column (ID, TABLE_CODE, COLUMN_NAME, COLUMN_ALIAS, DISPLAY_ORDER)
values ('10158', 'YW_L_SGSXZCF', 'cfjg', '处罚结果', null);

insert into dz_yw_table_column (ID, TABLE_CODE, COLUMN_NAME, COLUMN_ALIAS, DISPLAY_ORDER)
values ('10159', 'YW_L_SGSXZCF', 'cfdj', '处罚等级', null);

insert into dz_yw_table_column (ID, TABLE_CODE, COLUMN_NAME, COLUMN_ALIAS, DISPLAY_ORDER)
values ('10160', 'YW_L_SGSXZCF', 'cfsxq', '处罚生效期', null);

insert into dz_yw_table_column (ID, TABLE_CODE, COLUMN_NAME, COLUMN_ALIAS, DISPLAY_ORDER)
values ('10161', 'YW_L_SGSXZCF', 'cfjzq', '处罚截止期', null);

insert into dz_yw_table_column (ID, TABLE_CODE, COLUMN_NAME, COLUMN_ALIAS, DISPLAY_ORDER)
values ('10162', 'YW_L_SGSXZCF', 'xzxdrmc', '行政相对人名称', null);

insert into dz_yw_table_column (ID, TABLE_CODE, COLUMN_NAME, COLUMN_ALIAS, DISPLAY_ORDER)
values ('10163', 'YW_L_SGSXZCF', 'fddbrmc', '法定代表人姓名', null);

insert into dz_yw_table_column (ID, TABLE_CODE, COLUMN_NAME, COLUMN_ALIAS, DISPLAY_ORDER)
values ('10164', 'YW_L_SGSXZCF', 'fddbrsfzh', '居民身份证号', null);

insert into dz_yw_table_column (ID, TABLE_CODE, COLUMN_NAME, COLUMN_ALIAS, DISPLAY_ORDER)
values ('10165', 'YW_L_SGSXZCF', 'cfjgmc', '处罚机关', null);

insert into dz_yw_table_column (ID, TABLE_CODE, COLUMN_NAME, COLUMN_ALIAS, DISPLAY_ORDER)
values ('10166', 'YW_L_SGSXZCF', 'dqzt', '登记状态', null);

insert into dz_yw_table_column (ID, TABLE_CODE, COLUMN_NAME, COLUMN_ALIAS, DISPLAY_ORDER)
values ('10167', 'YW_L_SGSXZCF', 'dfbm', '地方编码', null);

insert into dz_yw_table_column (ID, TABLE_CODE, COLUMN_NAME, COLUMN_ALIAS, DISPLAY_ORDER)
values ('10168', 'YW_L_SGSXZCF', 'gxsjc', '数据更新时间戳', null);

insert into dz_yw_table_column (ID, TABLE_CODE, COLUMN_NAME, COLUMN_ALIAS, DISPLAY_ORDER)
values ('10169', 'YW_L_SGSXZCF', 'syfw', '信息使用范围', null);

insert into dz_yw_table_column (ID, TABLE_CODE, COLUMN_NAME, COLUMN_ALIAS, DISPLAY_ORDER)
values ('10170', 'YW_L_SGSXZCF', 'gsjzq', '公示截止期', null);

insert into dz_yw_table_column (ID, TABLE_CODE, COLUMN_NAME, COLUMN_ALIAS, DISPLAY_ORDER)
values ('10171', 'YW_L_SGSXZCF', 'xzxdrswdjh', '税务登记号', null);

insert into dz_yw_table_column (ID, TABLE_CODE, COLUMN_NAME, COLUMN_ALIAS, DISPLAY_ORDER)
values ('10172', 'YW_L_SGSXZCF', 'cflb2', '处罚类别2', null);

insert into dz_yw_table_column (ID, TABLE_CODE, COLUMN_NAME, COLUMN_ALIAS, DISPLAY_ORDER)
values ('10173', 'YW_L_QYXYGBXX', 'zzjgdm', '组织机构代码', null);

insert into dz_yw_table_column (ID, TABLE_CODE, COLUMN_NAME, COLUMN_ALIAS, DISPLAY_ORDER)
values ('10174', 'YW_L_QYXYGBXX', 'jgqcyw', '机构全称英文', null);

insert into dz_yw_table_column (ID, TABLE_CODE, COLUMN_NAME, COLUMN_ALIAS, DISPLAY_ORDER)
values ('10175', 'YW_L_QYXYGBXX', 'jgqc', '机构全称中文', null);

insert into dz_yw_table_column (ID, TABLE_CODE, COLUMN_NAME, COLUMN_ALIAS, DISPLAY_ORDER)
values ('10176', 'YW_L_QYXYGBXX', 'gszch', '工商注册号', null);

insert into dz_yw_table_column (ID, TABLE_CODE, COLUMN_NAME, COLUMN_ALIAS, DISPLAY_ORDER)
values ('10177', 'YW_L_QYXYGBXX', 'tyshxydm', '统一社会信用代码', null);

insert into dz_yw_table_column (ID, TABLE_CODE, COLUMN_NAME, COLUMN_ALIAS, DISPLAY_ORDER)
values ('10178', 'YW_L_QYXYGBXX', 'bz', '备注', null);

insert into dz_yw_table_column (ID, TABLE_CODE, COLUMN_NAME, COLUMN_ALIAS, DISPLAY_ORDER)
values ('10179', 'YW_L_QYXYGBXX', 'gbrdbmqc', '贯标认定部门全称', null);

insert into dz_yw_table_column (ID, TABLE_CODE, COLUMN_NAME, COLUMN_ALIAS, DISPLAY_ORDER)
values ('10180', 'YW_L_QYXYGBXX', 'gbrq', '贯标日期', null);

insert into dz_yw_table_column (ID, TABLE_CODE, COLUMN_NAME, COLUMN_ALIAS, DISPLAY_ORDER)
values ('10181', 'YW_L_QYXYGBXX', 'jhdwqc', '交换单位全称', null);

insert into dz_yw_table_column (ID, TABLE_CODE, COLUMN_NAME, COLUMN_ALIAS, DISPLAY_ORDER)
values ('10182', 'YW_L_QYSWDJ', 'zzjgdm', '组织机构代码', null);

insert into dz_yw_table_column (ID, TABLE_CODE, COLUMN_NAME, COLUMN_ALIAS, DISPLAY_ORDER)
values ('10183', 'YW_L_QYSWDJ', 'jgqcyw', '机构全称英文', null);

insert into dz_yw_table_column (ID, TABLE_CODE, COLUMN_NAME, COLUMN_ALIAS, DISPLAY_ORDER)
values ('10184', 'YW_L_QYSWDJ', 'jgqc', '机构全称中文', null);

insert into dz_yw_table_column (ID, TABLE_CODE, COLUMN_NAME, COLUMN_ALIAS, DISPLAY_ORDER)
values ('10185', 'YW_L_QYSWDJ', 'gszch', '工商注册号', null);

insert into dz_yw_table_column (ID, TABLE_CODE, COLUMN_NAME, COLUMN_ALIAS, DISPLAY_ORDER)
values ('10186', 'YW_L_QYSWDJ', 'tyshxydm', '统一社会信用代码', null);

insert into dz_yw_table_column (ID, TABLE_CODE, COLUMN_NAME, COLUMN_ALIAS, DISPLAY_ORDER)
values ('10187', 'YW_L_QYSWDJ', 'bz', '备注', null);

insert into dz_yw_table_column (ID, TABLE_CODE, COLUMN_NAME, COLUMN_ALIAS, DISPLAY_ORDER)
values ('10188', 'YW_L_QYSWDJ', 'swglm', '税务管理码', null);

insert into dz_yw_table_column (ID, TABLE_CODE, COLUMN_NAME, COLUMN_ALIAS, DISPLAY_ORDER)
values ('10189', 'YW_L_QYSWDJ', 'nsrsbh', '纳税人识别号', null);

insert into dz_yw_table_column (ID, TABLE_CODE, COLUMN_NAME, COLUMN_ALIAS, DISPLAY_ORDER)
values ('10190', 'YW_L_QYSWDJ', 'fddbrxm', '法定代表人姓名', null);

insert into dz_yw_table_column (ID, TABLE_CODE, COLUMN_NAME, COLUMN_ALIAS, DISPLAY_ORDER)
values ('10191', 'YW_L_QYSWDJ', 'fddbrzjlx', '法定代表人证件名称', null);

insert into dz_yw_table_column (ID, TABLE_CODE, COLUMN_NAME, COLUMN_ALIAS, DISPLAY_ORDER)
values ('10192', 'YW_L_QYSWDJ', 'fddbrzjhm', '法定代表人证件号码', null);

insert into dz_yw_table_column (ID, TABLE_CODE, COLUMN_NAME, COLUMN_ALIAS, DISPLAY_ORDER)
values ('10193', 'YW_L_QYSWDJ', 'djzclx', '登记注册类型', null);

insert into dz_yw_table_column (ID, TABLE_CODE, COLUMN_NAME, COLUMN_ALIAS, DISPLAY_ORDER)
values ('10194', 'YW_L_QYSWDJ', 'shjg', '审核结果', null);

insert into dz_yw_table_column (ID, TABLE_CODE, COLUMN_NAME, COLUMN_ALIAS, DISPLAY_ORDER)
values ('10195', 'YW_L_QYSWDJ', 'shsj', '审核时间', null);

insert into dz_yw_table_column (ID, TABLE_CODE, COLUMN_NAME, COLUMN_ALIAS, DISPLAY_ORDER)
values ('10196', 'YW_L_QYSWDJ', 'shdw', '审核单位', null);

insert into dz_yw_table_column (ID, TABLE_CODE, COLUMN_NAME, COLUMN_ALIAS, DISPLAY_ORDER)
values ('10197', 'YW_L_QYSWDJ', 'qy', '区域', null);

insert into dz_yw_table_column (ID, TABLE_CODE, COLUMN_NAME, COLUMN_ALIAS, DISPLAY_ORDER)
values ('10198', 'YW_L_QYCBQJ', 'zzjgdm', '组织机构代码', null);

insert into dz_yw_table_column (ID, TABLE_CODE, COLUMN_NAME, COLUMN_ALIAS, DISPLAY_ORDER)
values ('10199', 'YW_L_QYCBQJ', 'jgqcyw', '机构全称英文', null);

insert into dz_yw_table_column (ID, TABLE_CODE, COLUMN_NAME, COLUMN_ALIAS, DISPLAY_ORDER)
values ('10200', 'YW_L_QYCBQJ', 'jgqc', '机构全称中文', null);

insert into dz_yw_table_column (ID, TABLE_CODE, COLUMN_NAME, COLUMN_ALIAS, DISPLAY_ORDER)
values ('10201', 'YW_L_QYCBQJ', 'gszch', '工商注册号', null);

insert into dz_yw_table_column (ID, TABLE_CODE, COLUMN_NAME, COLUMN_ALIAS, DISPLAY_ORDER)
values ('10202', 'YW_L_QYCBQJ', 'tyshxydm', '统一社会信用代码', null);

insert into dz_yw_table_column (ID, TABLE_CODE, COLUMN_NAME, COLUMN_ALIAS, DISPLAY_ORDER)
values ('10203', 'YW_L_QYCBQJ', 'bz', '备注', null);

insert into dz_yw_table_column (ID, TABLE_CODE, COLUMN_NAME, COLUMN_ALIAS, DISPLAY_ORDER)
values ('10204', 'YW_L_QYCBQJ', 'byqjje', '本月欠缴金额（元）', null);

insert into dz_yw_table_column (ID, TABLE_CODE, COLUMN_NAME, COLUMN_ALIAS, DISPLAY_ORDER)
values ('10205', 'YW_L_QYCBQJ', 'qjny', '欠缴年月', null);

insert into dz_yw_table_column (ID, TABLE_CODE, COLUMN_NAME, COLUMN_ALIAS, DISPLAY_ORDER)
values ('10206', 'YW_L_QYCBQJ', 'ljqjje', '累计欠缴金额合计（元）', null);

insert into dz_yw_table_column (ID, TABLE_CODE, COLUMN_NAME, COLUMN_ALIAS, DISPLAY_ORDER)
values ('10207', 'YW_L_QYCBQJ', 'ljqjys', '累计欠缴月数', null);

insert into dz_yw_table_column (ID, TABLE_CODE, COLUMN_NAME, COLUMN_ALIAS, DISPLAY_ORDER)
values ('10208', 'YW_L_QYCBQJ', 'jbjgqc', '经办机关全称', null);

insert into dz_yw_table_column (ID, TABLE_CODE, COLUMN_NAME, COLUMN_ALIAS, DISPLAY_ORDER)
values ('10209', 'YW_L_QYCBQJ', 'rdrq', '认定日期', null);

insert into dz_yw_table_column (ID, TABLE_CODE, COLUMN_NAME, COLUMN_ALIAS, DISPLAY_ORDER)
values ('10210', 'YW_L_QYCBQJ', 'sfbj', '是否补缴', null);

insert into dz_yw_table_column (ID, TABLE_CODE, COLUMN_NAME, COLUMN_ALIAS, DISPLAY_ORDER)
values ('10211', 'YW_L_QYCBQJ', 'sxyzcd', '失信严重程度', null);

insert into dz_yw_table_column (ID, TABLE_CODE, COLUMN_NAME, COLUMN_ALIAS, DISPLAY_ORDER)
values ('10212', 'YW_L_QYCBQJ', 'sxxwyxq', '失信行为有效期', null);

insert into dz_yw_table_column (ID, TABLE_CODE, COLUMN_NAME, COLUMN_ALIAS, DISPLAY_ORDER)
values ('10213', 'YW_L_QYCBQJ', 'tcqdm', '统筹区代码', null);

insert into dz_yw_table_column (ID, TABLE_CODE, COLUMN_NAME, COLUMN_ALIAS, DISPLAY_ORDER)
values ('10214', 'YW_L_QYCBQJ', 'tcqmc', '统筹区名称', null);

insert into dz_yw_table_column (ID, TABLE_CODE, COLUMN_NAME, COLUMN_ALIAS, DISPLAY_ORDER)
values ('10215', 'YW_L_QYCBQJ', 'lb', '类别', null);

insert into dz_yw_table_column (ID, TABLE_CODE, COLUMN_NAME, COLUMN_ALIAS, DISPLAY_ORDER)
values ('10216', 'YW_L_QYCBQJ', 'dwbm', '单位编码', null);

insert into dz_yw_table_column (ID, TABLE_CODE, COLUMN_NAME, COLUMN_ALIAS, DISPLAY_ORDER)
values ('10217', 'YW_L_QYCBQJ', 'jhdwqc', '交换单位全称', null);

insert into dz_yw_table_column (ID, TABLE_CODE, COLUMN_NAME, COLUMN_ALIAS, DISPLAY_ORDER)
values ('10218', 'YW_L_QYCBJF', 'zzjgdm', '组织机构代码', null);

insert into dz_yw_table_column (ID, TABLE_CODE, COLUMN_NAME, COLUMN_ALIAS, DISPLAY_ORDER)
values ('10219', 'YW_L_QYCBJF', 'jgqcyw', '机构全称英文', null);

insert into dz_yw_table_column (ID, TABLE_CODE, COLUMN_NAME, COLUMN_ALIAS, DISPLAY_ORDER)
values ('10220', 'YW_L_QYCBJF', 'jgqc', '机构全称中文', null);

insert into dz_yw_table_column (ID, TABLE_CODE, COLUMN_NAME, COLUMN_ALIAS, DISPLAY_ORDER)
values ('10221', 'YW_L_QYCBJF', 'gszch', '工商注册号', null);

insert into dz_yw_table_column (ID, TABLE_CODE, COLUMN_NAME, COLUMN_ALIAS, DISPLAY_ORDER)
values ('10222', 'YW_L_QYCBJF', 'tyshxydm', '统一社会信用代码', null);

insert into dz_yw_table_column (ID, TABLE_CODE, COLUMN_NAME, COLUMN_ALIAS, DISPLAY_ORDER)
values ('10223', 'YW_L_QYCBJF', 'bz', '备注', null);

insert into dz_yw_table_column (ID, TABLE_CODE, COLUMN_NAME, COLUMN_ALIAS, DISPLAY_ORDER)
values ('10224', 'YW_L_QYCBJF', 'jfny', '缴费年月', null);

insert into dz_yw_table_column (ID, TABLE_CODE, COLUMN_NAME, COLUMN_ALIAS, DISPLAY_ORDER)
values ('10225', 'YW_L_QYCBJF', 'swjfjs', '单位缴费基数', null);

insert into dz_yw_table_column (ID, TABLE_CODE, COLUMN_NAME, COLUMN_ALIAS, DISPLAY_ORDER)
values ('10226', 'YW_L_QYCBJF', 'grjfjs', '个人缴费基数', null);

insert into dz_yw_table_column (ID, TABLE_CODE, COLUMN_NAME, COLUMN_ALIAS, DISPLAY_ORDER)
values ('10227', 'YW_L_QYCBJF', 'byyjje', '本月应缴金额合计（元）', null);

insert into dz_yw_table_column (ID, TABLE_CODE, COLUMN_NAME, COLUMN_ALIAS, DISPLAY_ORDER)
values ('10228', 'YW_L_QYCBJF', 'bysjje', '本月实缴金额合计（元）', null);

insert into dz_yw_table_column (ID, TABLE_CODE, COLUMN_NAME, COLUMN_ALIAS, DISPLAY_ORDER)
values ('10229', 'YW_L_QYCBJF', 'tcqdm', '统筹区代码', null);

insert into dz_yw_table_column (ID, TABLE_CODE, COLUMN_NAME, COLUMN_ALIAS, DISPLAY_ORDER)
values ('10230', 'YW_L_QYCBJF', 'tcqmc', '统筹区名称', null);

insert into dz_yw_table_column (ID, TABLE_CODE, COLUMN_NAME, COLUMN_ALIAS, DISPLAY_ORDER)
values ('10231', 'YW_L_QYCBJF', 'cbrs', '参保人数', null);

insert into dz_yw_table_column (ID, TABLE_CODE, COLUMN_NAME, COLUMN_ALIAS, DISPLAY_ORDER)
values ('10232', 'YW_L_QYCBJF', 'lb', '类别', null);

insert into dz_yw_table_column (ID, TABLE_CODE, COLUMN_NAME, COLUMN_ALIAS, DISPLAY_ORDER)
values ('10233', 'YW_L_QYCBJF', 'dwbm', '单位编码', null);

insert into dz_yw_table_column (ID, TABLE_CODE, COLUMN_NAME, COLUMN_ALIAS, DISPLAY_ORDER)
values ('10234', 'YW_L_QYCB', 'zzjgdm', '组织机构代码', null);

insert into dz_yw_table_column (ID, TABLE_CODE, COLUMN_NAME, COLUMN_ALIAS, DISPLAY_ORDER)
values ('10235', 'YW_L_QYCB', 'jgqcyw', '机构全称英文', null);

insert into dz_yw_table_column (ID, TABLE_CODE, COLUMN_NAME, COLUMN_ALIAS, DISPLAY_ORDER)
values ('10236', 'YW_L_QYCB', 'jgqc', '机构全称中文', null);

insert into dz_yw_table_column (ID, TABLE_CODE, COLUMN_NAME, COLUMN_ALIAS, DISPLAY_ORDER)
values ('10237', 'YW_L_QYCB', 'gszch', '工商注册号', null);

insert into dz_yw_table_column (ID, TABLE_CODE, COLUMN_NAME, COLUMN_ALIAS, DISPLAY_ORDER)
values ('10238', 'YW_L_QYCB', 'tyshxydm', '统一社会信用代码', null);

insert into dz_yw_table_column (ID, TABLE_CODE, COLUMN_NAME, COLUMN_ALIAS, DISPLAY_ORDER)
values ('10239', 'YW_L_QYCB', 'bz', '备注', null);

insert into dz_yw_table_column (ID, TABLE_CODE, COLUMN_NAME, COLUMN_ALIAS, DISPLAY_ORDER)
values ('10240', 'YW_L_QYCB', 'shbxdjzbh', '社会保险登记证编号', null);

insert into dz_yw_table_column (ID, TABLE_CODE, COLUMN_NAME, COLUMN_ALIAS, DISPLAY_ORDER)
values ('10241', 'YW_L_QYCB', 'dwcbjfzt', '单位参保缴费状态', null);

insert into dz_yw_table_column (ID, TABLE_CODE, COLUMN_NAME, COLUMN_ALIAS, DISPLAY_ORDER)
values ('10242', 'YW_L_QYCB', 'cbqsrq', '参保起始日期', null);

insert into dz_yw_table_column (ID, TABLE_CODE, COLUMN_NAME, COLUMN_ALIAS, DISPLAY_ORDER)
values ('10243', 'YW_L_QYCB', 'jbjgdm', '经办机关代码', null);

insert into dz_yw_table_column (ID, TABLE_CODE, COLUMN_NAME, COLUMN_ALIAS, DISPLAY_ORDER)
values ('10244', 'YW_L_QYCB', 'jbjgmc', '经办机关名称', null);

insert into dz_yw_table_column (ID, TABLE_CODE, COLUMN_NAME, COLUMN_ALIAS, DISPLAY_ORDER)
values ('10245', 'YW_L_QYCB', 'dwbm', '单位编码', null);

insert into dz_yw_table_column (ID, TABLE_CODE, COLUMN_NAME, COLUMN_ALIAS, DISPLAY_ORDER)
values ('10246', 'YW_L_QYBZRY', 'zzjgdm', '组织机构代码', null);

insert into dz_yw_table_column (ID, TABLE_CODE, COLUMN_NAME, COLUMN_ALIAS, DISPLAY_ORDER)
values ('10247', 'YW_L_QYBZRY', 'jgqcyw', '机构全称英文', null);

insert into dz_yw_table_column (ID, TABLE_CODE, COLUMN_NAME, COLUMN_ALIAS, DISPLAY_ORDER)
values ('10248', 'YW_L_QYBZRY', 'jgqc', '机构全称中文', null);

insert into dz_yw_table_column (ID, TABLE_CODE, COLUMN_NAME, COLUMN_ALIAS, DISPLAY_ORDER)
values ('10249', 'YW_L_QYBZRY', 'gszch', '工商注册号', null);

insert into dz_yw_table_column (ID, TABLE_CODE, COLUMN_NAME, COLUMN_ALIAS, DISPLAY_ORDER)
values ('10250', 'YW_L_QYBZRY', 'tyshxydm', '统一社会信用代码', null);

insert into dz_yw_table_column (ID, TABLE_CODE, COLUMN_NAME, COLUMN_ALIAS, DISPLAY_ORDER)
values ('10251', 'YW_L_QYBZRY', 'bz', '备注', null);

insert into dz_yw_table_column (ID, TABLE_CODE, COLUMN_NAME, COLUMN_ALIAS, DISPLAY_ORDER)
values ('10252', 'YW_L_QYBZRY', 'bzwjh', '表彰文件号', null);

insert into dz_yw_table_column (ID, TABLE_CODE, COLUMN_NAME, COLUMN_ALIAS, DISPLAY_ORDER)
values ('10253', 'YW_L_QYBZRY', 'bzmc', '表彰名称', null);

insert into dz_yw_table_column (ID, TABLE_CODE, COLUMN_NAME, COLUMN_ALIAS, DISPLAY_ORDER)
values ('10254', 'YW_L_QYBZRY', 'rydj', '荣誉等级', null);

insert into dz_yw_table_column (ID, TABLE_CODE, COLUMN_NAME, COLUMN_ALIAS, DISPLAY_ORDER)
values ('10255', 'YW_L_QYBZRY', 'rynr', '荣誉内容', null);

insert into dz_yw_table_column (ID, TABLE_CODE, COLUMN_NAME, COLUMN_ALIAS, DISPLAY_ORDER)
values ('10256', 'YW_L_QYBZRY', 'rdjgqc', '认定机关全称', null);

insert into dz_yw_table_column (ID, TABLE_CODE, COLUMN_NAME, COLUMN_ALIAS, DISPLAY_ORDER)
values ('10257', 'YW_L_QYBZRY', 'rdrq', '认定日期', null);

insert into dz_yw_table_column (ID, TABLE_CODE, COLUMN_NAME, COLUMN_ALIAS, DISPLAY_ORDER)
values ('10258', 'YW_L_QYBZRY', 'jhdwqc', '交换单位全称', null);

insert into dz_yw_table_column (ID, TABLE_CODE, COLUMN_NAME, COLUMN_ALIAS, DISPLAY_ORDER)
values ('10259', 'YW_L_QS', 'zzjgdm', '组织机构代码', null);

insert into dz_yw_table_column (ID, TABLE_CODE, COLUMN_NAME, COLUMN_ALIAS, DISPLAY_ORDER)
values ('10260', 'YW_L_QS', 'jgqcyw', '机构全称英文', null);

insert into dz_yw_table_column (ID, TABLE_CODE, COLUMN_NAME, COLUMN_ALIAS, DISPLAY_ORDER)
values ('10261', 'YW_L_QS', 'jgqc', '机构全称中文', null);

insert into dz_yw_table_column (ID, TABLE_CODE, COLUMN_NAME, COLUMN_ALIAS, DISPLAY_ORDER)
values ('10262', 'YW_L_QS', 'gszch', '工商注册号', null);

insert into dz_yw_table_column (ID, TABLE_CODE, COLUMN_NAME, COLUMN_ALIAS, DISPLAY_ORDER)
values ('10263', 'YW_L_QS', 'tyshxydm', '统一社会信用代码', null);

insert into dz_yw_table_column (ID, TABLE_CODE, COLUMN_NAME, COLUMN_ALIAS, DISPLAY_ORDER)
values ('10264', 'YW_L_QS', 'bz', '备注', null);

insert into dz_yw_table_column (ID, TABLE_CODE, COLUMN_NAME, COLUMN_ALIAS, DISPLAY_ORDER)
values ('10265', 'YW_L_QS', 'qsszdm', '欠税税种代码', null);

insert into dz_yw_table_column (ID, TABLE_CODE, COLUMN_NAME, COLUMN_ALIAS, DISPLAY_ORDER)
values ('10266', 'YW_L_QS', 'qsszmc', '欠税税种名称', null);

insert into dz_yw_table_column (ID, TABLE_CODE, COLUMN_NAME, COLUMN_ALIAS, DISPLAY_ORDER)
values ('10267', 'YW_L_QS', 'zjjgqc', '征缴机关全称', null);

insert into dz_yw_table_column (ID, TABLE_CODE, COLUMN_NAME, COLUMN_ALIAS, DISPLAY_ORDER)
values ('10268', 'YW_L_QS', 'dqqsje', '当期欠税金额（元）', null);

insert into dz_yw_table_column (ID, TABLE_CODE, COLUMN_NAME, COLUMN_ALIAS, DISPLAY_ORDER)
values ('10269', 'YW_L_QS', 'ljqsje', '累计欠税金额合计', null);

insert into dz_yw_table_column (ID, TABLE_CODE, COLUMN_NAME, COLUMN_ALIAS, DISPLAY_ORDER)
values ('10270', 'YW_L_QS', 'qsksrq', '欠税开始日期', null);

insert into dz_yw_table_column (ID, TABLE_CODE, COLUMN_NAME, COLUMN_ALIAS, DISPLAY_ORDER)
values ('10271', 'YW_L_QS', 'qsjzrq', '欠税截止日期', null);

insert into dz_yw_table_column (ID, TABLE_CODE, COLUMN_NAME, COLUMN_ALIAS, DISPLAY_ORDER)
values ('10272', 'YW_L_QS', 'nsrsbh', '纳税人识别号', null);

insert into dz_yw_table_column (ID, TABLE_CODE, COLUMN_NAME, COLUMN_ALIAS, DISPLAY_ORDER)
values ('10273', 'YW_L_QS', 'fddbrmc', '法定代表人名称', null);

insert into dz_yw_table_column (ID, TABLE_CODE, COLUMN_NAME, COLUMN_ALIAS, DISPLAY_ORDER)
values ('10274', 'YW_L_QS', 'fddbrzjlx', '法定代表人证件类型', null);

insert into dz_yw_table_column (ID, TABLE_CODE, COLUMN_NAME, COLUMN_ALIAS, DISPLAY_ORDER)
values ('10275', 'YW_L_QS', 'fddbrzjhm', '法定代表人证件号码', null);

insert into dz_yw_table_column (ID, TABLE_CODE, COLUMN_NAME, COLUMN_ALIAS, DISPLAY_ORDER)
values ('10276', 'YW_L_QS', 'djzclx', '登记注册类型', null);

insert into dz_yw_table_column (ID, TABLE_CODE, COLUMN_NAME, COLUMN_ALIAS, DISPLAY_ORDER)
values ('10277', 'YW_L_QS', 'jhdwqc', '交换单位全称', null);

insert into dz_yw_table_column (ID, TABLE_CODE, COLUMN_NAME, COLUMN_ALIAS, DISPLAY_ORDER)
values ('10278', 'YW_L_QJF', 'zzjgdm', '组织机构代码', null);

insert into dz_yw_table_column (ID, TABLE_CODE, COLUMN_NAME, COLUMN_ALIAS, DISPLAY_ORDER)
values ('10279', 'YW_L_QJF', 'jgqcyw', '机构全称英文', null);

insert into dz_yw_table_column (ID, TABLE_CODE, COLUMN_NAME, COLUMN_ALIAS, DISPLAY_ORDER)
values ('10280', 'YW_L_QJF', 'jgqc', '机构全称中文', null);

insert into dz_yw_table_column (ID, TABLE_CODE, COLUMN_NAME, COLUMN_ALIAS, DISPLAY_ORDER)
values ('10281', 'YW_L_QJF', 'gszch', '工商注册号', null);

insert into dz_yw_table_column (ID, TABLE_CODE, COLUMN_NAME, COLUMN_ALIAS, DISPLAY_ORDER)
values ('10282', 'YW_L_QJF', 'tyshxydm', '统一社会信用代码', null);

insert into dz_yw_table_column (ID, TABLE_CODE, COLUMN_NAME, COLUMN_ALIAS, DISPLAY_ORDER)
values ('10283', 'YW_L_QJF', 'bz', '备注', null);

insert into dz_yw_table_column (ID, TABLE_CODE, COLUMN_NAME, COLUMN_ALIAS, DISPLAY_ORDER)
values ('10284', 'YW_L_QJF', 'qjlxmc', '欠缴类型名称', null);

insert into dz_yw_table_column (ID, TABLE_CODE, COLUMN_NAME, COLUMN_ALIAS, DISPLAY_ORDER)
values ('10285', 'YW_L_QJF', 'qfsd', '欠费时段', null);

insert into dz_yw_table_column (ID, TABLE_CODE, COLUMN_NAME, COLUMN_ALIAS, DISPLAY_ORDER)
values ('10286', 'YW_L_QJF', 'qfje', '欠费金额（元）', null);

insert into dz_yw_table_column (ID, TABLE_CODE, COLUMN_NAME, COLUMN_ALIAS, DISPLAY_ORDER)
values ('10287', 'YW_L_QJF', 'qfjsrq', '欠费开始日期', null);

insert into dz_yw_table_column (ID, TABLE_CODE, COLUMN_NAME, COLUMN_ALIAS, DISPLAY_ORDER)
values ('10288', 'YW_L_QJF', 'qfjzrq', '欠费截止日期', null);

insert into dz_yw_table_column (ID, TABLE_CODE, COLUMN_NAME, COLUMN_ALIAS, DISPLAY_ORDER)
values ('10289', 'YW_L_QJF', 'qfl', '欠费量', null);

insert into dz_yw_table_column (ID, TABLE_CODE, COLUMN_NAME, COLUMN_ALIAS, DISPLAY_ORDER)
values ('10290', 'YW_L_QJF', 'rdbmqc', '认定部门全称', null);

insert into dz_yw_table_column (ID, TABLE_CODE, COLUMN_NAME, COLUMN_ALIAS, DISPLAY_ORDER)
values ('10291', 'YW_L_QJF', 'rdrq', '认定日期', null);

insert into dz_yw_table_column (ID, TABLE_CODE, COLUMN_NAME, COLUMN_ALIAS, DISPLAY_ORDER)
values ('10292', 'YW_L_QJF', 'jhdwqc', '交换单位全称', null);

insert into dz_yw_table_column (ID, TABLE_CODE, COLUMN_NAME, COLUMN_ALIAS, DISPLAY_ORDER)
values ('10293', 'YW_L_DSJSGG', 'zzjgdm', '组织机构代码', null);

insert into dz_yw_table_column (ID, TABLE_CODE, COLUMN_NAME, COLUMN_ALIAS, DISPLAY_ORDER)
values ('10294', 'YW_L_DSJSGG', 'jgqcyw', '机构全称英文', null);

insert into dz_yw_table_column (ID, TABLE_CODE, COLUMN_NAME, COLUMN_ALIAS, DISPLAY_ORDER)
values ('10295', 'YW_L_DSJSGG', 'jgqc', '机构全称中文', null);

insert into dz_yw_table_column (ID, TABLE_CODE, COLUMN_NAME, COLUMN_ALIAS, DISPLAY_ORDER)
values ('10296', 'YW_L_DSJSGG', 'gszch', '工商注册号', null);

insert into dz_yw_table_column (ID, TABLE_CODE, COLUMN_NAME, COLUMN_ALIAS, DISPLAY_ORDER)
values ('10297', 'YW_L_DSJSGG', 'tyshxydm', '统一社会信用代码', null);

insert into dz_yw_table_column (ID, TABLE_CODE, COLUMN_NAME, COLUMN_ALIAS, DISPLAY_ORDER)
values ('10298', 'YW_L_DSJSGG', 'bz', '备注', null);

insert into dz_yw_table_column (ID, TABLE_CODE, COLUMN_NAME, COLUMN_ALIAS, DISPLAY_ORDER)
values ('10299', 'YW_L_DSJSGG', 'xm', '姓名', null);

insert into dz_yw_table_column (ID, TABLE_CODE, COLUMN_NAME, COLUMN_ALIAS, DISPLAY_ORDER)
values ('10300', 'YW_L_DSJSGG', 'zjlx', '证件类型', null);

insert into dz_yw_table_column (ID, TABLE_CODE, COLUMN_NAME, COLUMN_ALIAS, DISPLAY_ORDER)
values ('10301', 'YW_L_DSJSGG', 'zjhm', '证件号码', null);

insert into dz_yw_table_column (ID, TABLE_CODE, COLUMN_NAME, COLUMN_ALIAS, DISPLAY_ORDER)
values ('10302', 'YW_L_DSJSGG', 'zwlx', '职务类型', null);

insert into dz_yw_table_column (ID, TABLE_CODE, COLUMN_NAME, COLUMN_ALIAS, DISPLAY_ORDER)
values ('10303', 'YW_L_DSJSGG', 'gj', '国籍', null);

insert into dz_yw_table_column (ID, TABLE_CODE, COLUMN_NAME, COLUMN_ALIAS, DISPLAY_ORDER)
values ('10304', 'YW_L_DSJSGG', 'bghzrq', '（变更）核准日期', null);

insert into dz_yw_table_column (ID, TABLE_CODE, COLUMN_NAME, COLUMN_ALIAS, DISPLAY_ORDER)
values ('10305', 'YW_L_FRHYPD', 'zzjgdm', '组织机构代码', null);

insert into dz_yw_table_column (ID, TABLE_CODE, COLUMN_NAME, COLUMN_ALIAS, DISPLAY_ORDER)
values ('10306', 'YW_L_FRHYPD', 'jgqcyw', '机构全称英文', null);

insert into dz_yw_table_column (ID, TABLE_CODE, COLUMN_NAME, COLUMN_ALIAS, DISPLAY_ORDER)
values ('10307', 'YW_L_FRHYPD', 'jgqc', '机构全称中文', null);

insert into dz_yw_table_column (ID, TABLE_CODE, COLUMN_NAME, COLUMN_ALIAS, DISPLAY_ORDER)
values ('10308', 'YW_L_FRHYPD', 'gszch', '工商注册号', null);

insert into dz_yw_table_column (ID, TABLE_CODE, COLUMN_NAME, COLUMN_ALIAS, DISPLAY_ORDER)
values ('10309', 'YW_L_FRHYPD', 'tyshxydm', '统一社会信用代码', null);

insert into dz_yw_table_column (ID, TABLE_CODE, COLUMN_NAME, COLUMN_ALIAS, DISPLAY_ORDER)
values ('10310', 'YW_L_FRHYPD', 'bz', '备注', null);

insert into dz_yw_table_column (ID, TABLE_CODE, COLUMN_NAME, COLUMN_ALIAS, DISPLAY_ORDER)
values ('10311', 'YW_L_FRHYPD', 'pdmc', '评定名称', null);

insert into dz_yw_table_column (ID, TABLE_CODE, COLUMN_NAME, COLUMN_ALIAS, DISPLAY_ORDER)
values ('10312', 'YW_L_FRHYPD', 'pdjg', '评定结果', null);

insert into dz_yw_table_column (ID, TABLE_CODE, COLUMN_NAME, COLUMN_ALIAS, DISPLAY_ORDER)
values ('10313', 'YW_L_FRHYPD', 'pdjgmc', '评定机关名称', null);

insert into dz_yw_table_column (ID, TABLE_CODE, COLUMN_NAME, COLUMN_ALIAS, DISPLAY_ORDER)
values ('10314', 'YW_L_FRHYPD', 'pdrq', '评定日期', null);

insert into dz_yw_table_column (ID, TABLE_CODE, COLUMN_NAME, COLUMN_ALIAS, DISPLAY_ORDER)
values ('10315', 'YW_L_FYPJ', 'zzjgdm', '组织机构代码', null);

insert into dz_yw_table_column (ID, TABLE_CODE, COLUMN_NAME, COLUMN_ALIAS, DISPLAY_ORDER)
values ('10316', 'YW_L_FYPJ', 'jgqcyw', '机构全称英文', null);

insert into dz_yw_table_column (ID, TABLE_CODE, COLUMN_NAME, COLUMN_ALIAS, DISPLAY_ORDER)
values ('10317', 'YW_L_FYPJ', 'jgqc', '机构全称中文', null);

insert into dz_yw_table_column (ID, TABLE_CODE, COLUMN_NAME, COLUMN_ALIAS, DISPLAY_ORDER)
values ('10318', 'YW_L_FYPJ', 'gszch', '工商注册号', null);

insert into dz_yw_table_column (ID, TABLE_CODE, COLUMN_NAME, COLUMN_ALIAS, DISPLAY_ORDER)
values ('10319', 'YW_L_FYPJ', 'tyshxydm', '统一社会信用代码', null);

insert into dz_yw_table_column (ID, TABLE_CODE, COLUMN_NAME, COLUMN_ALIAS, DISPLAY_ORDER)
values ('10320', 'YW_L_FYPJ', 'bz', '备注', null);

insert into dz_yw_table_column (ID, TABLE_CODE, COLUMN_NAME, COLUMN_ALIAS, DISPLAY_ORDER)
values ('10321', 'YW_L_FYPJ', 'ah', '案号', null);

insert into dz_yw_table_column (ID, TABLE_CODE, COLUMN_NAME, COLUMN_ALIAS, DISPLAY_ORDER)
values ('10322', 'YW_L_FYPJ', 'bzxrmc', '被执行人名称', null);

insert into dz_yw_table_column (ID, TABLE_CODE, COLUMN_NAME, COLUMN_ALIAS, DISPLAY_ORDER)
values ('10323', 'YW_L_FYPJ', 'zxbd', '执行标的', null);

insert into dz_yw_table_column (ID, TABLE_CODE, COLUMN_NAME, COLUMN_ALIAS, DISPLAY_ORDER)
values ('10324', 'YW_L_FYPJ', 'ajzt', '案件状态', null);

insert into dz_yw_table_column (ID, TABLE_CODE, COLUMN_NAME, COLUMN_ALIAS, DISPLAY_ORDER)
values ('10325', 'YW_L_FYPJ', 'lasj', '立案时间', null);

insert into dz_yw_table_column (ID, TABLE_CODE, COLUMN_NAME, COLUMN_ALIAS, DISPLAY_ORDER)
values ('10326', 'YW_L_FYPJ', 'zxfy', '执行法院', null);

insert into dz_yw_table_column (ID, TABLE_CODE, COLUMN_NAME, COLUMN_ALIAS, DISPLAY_ORDER)
values ('10327', 'YW_L_FYZX', 'zzjgdm', '组织机构代码', null);

insert into dz_yw_table_column (ID, TABLE_CODE, COLUMN_NAME, COLUMN_ALIAS, DISPLAY_ORDER)
values ('10328', 'YW_L_FYZX', 'jgqcyw', '机构全称英文', null);

insert into dz_yw_table_column (ID, TABLE_CODE, COLUMN_NAME, COLUMN_ALIAS, DISPLAY_ORDER)
values ('10329', 'YW_L_FYZX', 'jgqc', '机构全称中文', null);

insert into dz_yw_table_column (ID, TABLE_CODE, COLUMN_NAME, COLUMN_ALIAS, DISPLAY_ORDER)
values ('10330', 'YW_L_FYZX', 'gszch', '工商注册号', null);

insert into dz_yw_table_column (ID, TABLE_CODE, COLUMN_NAME, COLUMN_ALIAS, DISPLAY_ORDER)
values ('10331', 'YW_L_FYZX', 'tyshxydm', '统一社会信用代码', null);

insert into dz_yw_table_column (ID, TABLE_CODE, COLUMN_NAME, COLUMN_ALIAS, DISPLAY_ORDER)
values ('10332', 'YW_L_FYZX', 'bz', '备注', null);

insert into dz_yw_table_column (ID, TABLE_CODE, COLUMN_NAME, COLUMN_ALIAS, DISPLAY_ORDER)
values ('10333', 'YW_L_FYZX', 'ah', '案号', null);

insert into dz_yw_table_column (ID, TABLE_CODE, COLUMN_NAME, COLUMN_ALIAS, DISPLAY_ORDER)
values ('10334', 'YW_L_FYZX', 'ay', '案由', null);

insert into dz_yw_table_column (ID, TABLE_CODE, COLUMN_NAME, COLUMN_ALIAS, DISPLAY_ORDER)
values ('10335', 'YW_L_FYZX', 'ssdw', '诉讼地位', null);

insert into dz_yw_table_column (ID, TABLE_CODE, COLUMN_NAME, COLUMN_ALIAS, DISPLAY_ORDER)
values ('10336', 'YW_L_FYZX', 'slfy', '受理法院', null);

insert into dz_yw_table_column (ID, TABLE_CODE, COLUMN_NAME, COLUMN_ALIAS, DISPLAY_ORDER)
values ('10337', 'YW_L_FYZX', 'lasj', '立案时间', null);

insert into dz_yw_table_column (ID, TABLE_CODE, COLUMN_NAME, COLUMN_ALIAS, DISPLAY_ORDER)
values ('10338', 'YW_L_FYZX', 'labd', '立案标的', null);

insert into dz_yw_table_column (ID, TABLE_CODE, COLUMN_NAME, COLUMN_ALIAS, DISPLAY_ORDER)
values ('10339', 'YW_L_FYZX', 'zxyjwh', '执行依据文号', null);

insert into dz_yw_table_column (ID, TABLE_CODE, COLUMN_NAME, COLUMN_ALIAS, DISPLAY_ORDER)
values ('10340', 'YW_L_FYZX', 'jarq', '结案日期', null);

insert into dz_yw_table_column (ID, TABLE_CODE, COLUMN_NAME, COLUMN_ALIAS, DISPLAY_ORDER)
values ('10341', 'YW_L_FYZX', 'jafs', '结案方式', null);

insert into dz_yw_table_column (ID, TABLE_CODE, COLUMN_NAME, COLUMN_ALIAS, DISPLAY_ORDER)
values ('10342', 'YW_L_FZCHRD', 'zzjgdm', '组织机构代码', null);

insert into dz_yw_table_column (ID, TABLE_CODE, COLUMN_NAME, COLUMN_ALIAS, DISPLAY_ORDER)
values ('10343', 'YW_L_FZCHRD', 'jgqcyw', '机构全称英文', null);

insert into dz_yw_table_column (ID, TABLE_CODE, COLUMN_NAME, COLUMN_ALIAS, DISPLAY_ORDER)
values ('10344', 'YW_L_FZCHRD', 'jgqc', '机构全称中文', null);

insert into dz_yw_table_column (ID, TABLE_CODE, COLUMN_NAME, COLUMN_ALIAS, DISPLAY_ORDER)
values ('10345', 'YW_L_FZCHRD', 'gszch', '工商注册号', null);

insert into dz_yw_table_column (ID, TABLE_CODE, COLUMN_NAME, COLUMN_ALIAS, DISPLAY_ORDER)
values ('10346', 'YW_L_FZCHRD', 'tyshxydm', '统一社会信用代码', null);

insert into dz_yw_table_column (ID, TABLE_CODE, COLUMN_NAME, COLUMN_ALIAS, DISPLAY_ORDER)
values ('10347', 'YW_L_FZCHRD', 'bz', '备注', null);

insert into dz_yw_table_column (ID, TABLE_CODE, COLUMN_NAME, COLUMN_ALIAS, DISPLAY_ORDER)
values ('10348', 'YW_L_FZCHRD', 'swglm', '税务管理码', null);

insert into dz_yw_table_column (ID, TABLE_CODE, COLUMN_NAME, COLUMN_ALIAS, DISPLAY_ORDER)
values ('10349', 'YW_L_FZCHRD', 'nsrsbh', '纳税人识别号', null);

insert into dz_yw_table_column (ID, TABLE_CODE, COLUMN_NAME, COLUMN_ALIAS, DISPLAY_ORDER)
values ('10350', 'YW_L_FZCHRD', 'nsrmc', '纳税人名称', null);

insert into dz_yw_table_column (ID, TABLE_CODE, COLUMN_NAME, COLUMN_ALIAS, DISPLAY_ORDER)
values ('10351', 'YW_L_FZCHRD', 'nsrzt', '纳税人状态', null);

insert into dz_yw_table_column (ID, TABLE_CODE, COLUMN_NAME, COLUMN_ALIAS, DISPLAY_ORDER)
values ('10352', 'YW_L_FZCHRD', 'fddbrxm', '法定代表人姓名', null);

insert into dz_yw_table_column (ID, TABLE_CODE, COLUMN_NAME, COLUMN_ALIAS, DISPLAY_ORDER)
values ('10353', 'YW_L_FZCHRD', 'fddbrzjlx', '法定代表人证件名称', null);

insert into dz_yw_table_column (ID, TABLE_CODE, COLUMN_NAME, COLUMN_ALIAS, DISPLAY_ORDER)
values ('10354', 'YW_L_FZCHRD', 'fddbrzjhm', '法定代表人证件号码', null);

insert into dz_yw_table_column (ID, TABLE_CODE, COLUMN_NAME, COLUMN_ALIAS, DISPLAY_ORDER)
values ('10355', 'YW_L_FZCHRD', 'djzclx', '登记注册类型', null);

insert into dz_yw_table_column (ID, TABLE_CODE, COLUMN_NAME, COLUMN_ALIAS, DISPLAY_ORDER)
values ('10356', 'YW_L_FZCHRD', 'zcdz', '注册地址', null);

commit;


-----------------------------------------政务端数据质量分析begin------------------------------------------
--菜单
insert into sys_menu (SYS_MENU_ID, PARENT_ID, MENU_NAME, MENU_URL, MENU_ICON, DISPLAY_ORDER)
values ('402894ba5d5e6a02015d5e7705990051', '402894ba5d5e6a02015d5e7705990004', '数据质量统计', 'dataQuality/dataQuality.action', 'fa fa-circle-o', 40102);

--权限
insert into SYS_PRIVILEGE (SYS_PRIVILEGE_ID, SYS_MENU_ID, PRIVILEGE_CODE, PRIVILEGE_NAME, DESCRIPTION, USERS_COUNT, ROLES_COUNT, ALL_USERS_COUNT, DISPLAY_ORDER)
values ('402894ba5d5e6a02015d5e7a7a900009', '402894ba5d5e6a02015d5e7705990051', 'statisAnalyze.dataQuality', '查看数据质量统计分析', null, null, null, null, null);

--角色权限表
insert into sys_role_to_privilege (SYS_ROLE_ID, SYS_PRIVILEGE_ID)
values ('8aa0bef544713ca60144713d364a0000', '402894ba5d5e6a02015d5e7a7a900009');

insert into sys_role_to_privilege (SYS_ROLE_ID, SYS_PRIVILEGE_ID)
values ('40289454547b159d01547b1efe25000c', '402894ba5d5e6a02015d5e7a7a900009');

-----------------------------------------政务端数据质量分析end--------------------------------------------
commit;

-- Create table
create table DP_DATA_REPORT_FORGET
(
  id              VARCHAR2(50) not null,
  logic_table_id  VARCHAR2(50),
  dept_id         VARCHAR2(50),
  task_begin_date DATE,
  task_end_date   DATE,
  create_date     DATE
);
-- Add comments to the table 
comment on table DP_DATA_REPORT_FORGET
  is '数据上报漏报信息(各部门的各目录每个周期只会有一次漏报，漏报一次产生一条记录)';
-- Add comments to the columns 
comment on column DP_DATA_REPORT_FORGET.id
  is '主键';
comment on column DP_DATA_REPORT_FORGET.logic_table_id
  is '目录id（DP_LOGIC_TABLE表主键）';
comment on column DP_DATA_REPORT_FORGET.dept_id
  is '部门id';
comment on column DP_DATA_REPORT_FORGET.task_begin_date
  is '漏报批次开始时间';
comment on column DP_DATA_REPORT_FORGET.task_end_date
  is '漏报批次结束时间';
comment on column DP_DATA_REPORT_FORGET.create_date
  is '创建时间';
-- Create/Recreate primary, unique and foreign key constraints 
alter table DP_DATA_REPORT_FORGET
  add constraint PK_DP_DATA_REPORT_FORGET primary key (ID);

--本存储过程统计各部门各目录的漏报记录，记录下漏报的部门和其目录，以及漏报的征集周期的开始结束时间
create or replace procedure P_DP_DATA_REPORT_FORGET is

  -- 游标(主要计算出各部门各目录上个征集周期的开始结束时间)
  CURSOR temp_list IS
    select a.id,
           a.code,
           a.name,
           a.task_period,
           a.days,
           c.dept_id,
           c.create_time,
           case a.task_period
             when '0' then
              trunc(sysdate, 'd') - 6
             when '1' then
              add_months(trunc(sysdate, 'mm'), -1)
             when '2' then
              add_months(Trunc(SYSDATE, 'Q'), -3)
             when '3' then
              (case
                when sysdate < add_months(trunc(sysdate, 'yyyy'), 6) then
                 add_months(trunc(sysdate, 'yyyy'), -6)
                else
                 trunc(sysdate, 'yyyy')
              end)
             when '4' then
              add_months(trunc(sysdate, 'yyyy'), -12)
             else
              null
           end as begintime,
           case a.task_period
             when '0' then
              trunc(sysdate, 'd')
             when '1' then
              trunc(sysdate, 'mm') - 1
             when '2' then
              Trunc(SYSDATE, 'Q') - 1
             when '3' then
              (case
                when sysdate < add_months(trunc(sysdate, 'yyyy'), 6) then
                 trunc(sysdate, 'yyyy') - 1
                else
                 add_months(trunc(sysdate, 'yyyy'), 6) - 1
              end)
             when '4' then
              trunc(sysdate, 'yyyy') - 1
             else
              null
           end as realEndtime
      from dp_logic_table a
      join dp_logic_table_dept c
        on a.id = c.logic_table_id
     where a.status = '1'
       and exists (select *
              from dp_logic_column dpc
             where a.id = dpc.logic_table_id);

  CURCOUNT number;

begin

  for line in temp_list loop
    CURCOUNT := 0;
  
    -- line.create_time <= line.realendtime，如果部门分配到目录的时间在上个征集周期内时，才统计上个周期内的漏报次数，反之不用统计
    if (line.create_time <= line.realendtime) then
    
      --查询上个征集周期内存在的上报记录次数
      select count(*)
        into CURCOUNT
        from dp_data_report_log t
       where t.create_date between line.begintime and line.realendtime
         and t.logic_table_id = line.id
         and t.dept_id = line.dept_id;
    
      --如果在目录的上个征集周期内不存在上报记录，则作为漏报处理，记录漏报信息
      if (CURCOUNT = 0) then
      
        -- 查询漏报记录表中是否已存在同周期内相同部门的相同目录，如果有就不在重复记录
        select count(*)
          into CURCOUNT
          from dp_data_report_forget t
         where t.logic_table_id = line.id
           and t.dept_id = line.dept_id
           and t.task_begin_date = line.begintime
           and t.task_end_date = line.realendtime;
      
        if (CURCOUNT = 0) then
          -- 记录漏报信息
          insert into dp_data_report_forget
            (id,
             logic_table_id,
             dept_id,
             task_begin_date,
             task_end_date,
             create_date)
          values
            (sys_guid(),
             line.id,
             line.dept_id,
             line.begintime,
             line.realendtime,
             sysdate);
        
          commit;
        end if;
      end if;
    end if;
  
  end loop;

end P_DP_DATA_REPORT_FORGET;
/

--添加定时任务，记录漏报的部门和目录的周期信息，执行频率每周一的1点
begin
  sys.dbms_scheduler.create_job(job_name        => 'p_dp_data_report_forget_job',
                                job_type        => 'STORED_PROCEDURE',
                                job_action      => 'p_dp_data_report_forget',
                                start_date      => sysdate,
                                repeat_interval => 'Freq=Weekly;Interval=1;ByHour=1;ByDay=MON;',
                                end_date        => to_date(null),
                                job_class       => 'DEFAULT_JOB_CLASS',
                                enabled         => true,
                                auto_drop       => false,
                                comments        => '记录漏报的部门和目录的周期信息');
end;
/

--上报时效统计菜单及权限
insert into sys_menu (SYS_MENU_ID, PARENT_ID, MENU_NAME, MENU_URL, MENU_ICON, DISPLAY_ORDER)
values ('4028946a603517960160351edbe20008', '2c90c281588489c00158858932fa0071', '上报时效统计', 'dp/timeliness/centerIndex.action', 'fa fa-circle-o', 320015);

insert into sys_menu (SYS_MENU_ID, PARENT_ID, MENU_NAME, MENU_URL, MENU_ICON, DISPLAY_ORDER)
values ('4028946a603517960160351ba6080003', '402894ba5d5e6a02015d5e7705990004', '上报时效统计', 'dp/timeliness/govIndex.action', 'fa fa-circle-o', 40105);
commit;

insert into sys_privilege (SYS_PRIVILEGE_ID, SYS_MENU_ID, PRIVILEGE_CODE, PRIVILEGE_NAME, DESCRIPTION, USERS_COUNT, ROLES_COUNT, ALL_USERS_COUNT, DISPLAY_ORDER)
values ('4028946a603517960160351fa3a3000b', '4028946a603517960160351ba6080003', 'statisAnalyze.timeliness', '查看上报时效性统计', null, null, null, null, null);

insert into sys_privilege (SYS_PRIVILEGE_ID, SYS_MENU_ID, PRIVILEGE_CODE, PRIVILEGE_NAME, DESCRIPTION, USERS_COUNT, ROLES_COUNT, ALL_USERS_COUNT, DISPLAY_ORDER)
values ('4028946a6035179601603520fbb2000e', '4028946a603517960160351edbe20008', 'center.statisAnalyze.timeliness', '中心-查看上报时效性统计', null, null, null, null, null);
commit;

insert into sys_role_to_privilege (SYS_ROLE_ID, SYS_PRIVILEGE_ID)
values ('8aa0bef544713ca60144713d364a0000', '4028946a603517960160351fa3a3000b');

insert into sys_role_to_privilege (SYS_ROLE_ID, SYS_PRIVILEGE_ID)
values ('8aa0bef544713ca60144713d364a0000', '4028946a6035179601603520fbb2000e');

insert into sys_role_to_privilege (SYS_ROLE_ID, SYS_PRIVILEGE_ID)
values ('40289454547b159d01547b1efe25000c', '4028946a603517960160351fa3a3000b');

insert into sys_role_to_privilege (SYS_ROLE_ID, SYS_PRIVILEGE_ID)
values ('2c90c28158761b550158762482b50015', '4028946a6035179601603520fbb2000e');
commit;


-- 法人业务表索引
Create index INX_YW_L_FRHYPD_RWBH on YW_L_FRHYPD(RWBH);
Create index INX_YW_L_FYZX_RWBH on YW_L_FYZX(RWBH);
Create index INX_YW_L_QS_RWBH on YW_L_QS(RWBH);
Create index INX_YW_L_QYCB_RWBH on YW_L_QYCB(RWBH);
Create index INX_YW_L_QYCBQJ_RWBH on YW_L_QYCBQJ(RWBH);
Create index INX_YW_L_QYSWDJ_RWBH on YW_L_QYSWDJ(RWBH);

Create index INX_YW_L_XZXKDJBG_RWBH on YW_L_XZXKDJBG(RWBH);
Create index INX_YW_L_FZJGBAXX_RWBH on YW_L_FZJGBAXX(RWBH);
Create index INX_YW_L_HEIMINGDAN_RWBH on YW_L_HEIMINGDAN(RWBH);
Create index INX_YW_L_DSJSGG_RWBH on YW_L_DSJSGG(RWBH);
Create index INX_YW_L_FYPJ_RWBH on YW_L_FYPJ(RWBH);
Create index INX_YW_L_JGBGINFO_RWBH on YW_L_JGBGINFO(RWBH);
Create index INX_YW_L_XZCF_RWBH on YW_L_XZCF(RWBH);
Create index INX_YW_L_DJGBGJILU_RWBH on YW_L_DJGBGJILU(RWBH);
Create index INX_DT_FR_FRLXFL_RWBH on DT_FR_FRLXFL(RWBH);
Create index INX_YW_L_QYXYGBXX_RWBH on YW_L_QYXYGBXX(RWBH);
Create index INX_YW_L_HONGMINGDAN_RWBH on YW_L_HONGMINGDAN(RWBH);

Create index INX_YW_L_ZZZCDX_RWBH on YW_L_ZZZCDX(RWBH);
Create index INX_YW_L_FZCHRD_RWBH on YW_L_FZCHRD(RWBH);
Create index INX_YW_L_ZZDJBG_RWBH on YW_L_ZZDJBG(RWBH);
Create index INX_YW_L_GD_RWBH on YW_L_GD(RWBH);
Create index INX_YW_L_JGBGJILU_RWBH on YW_L_JGBGJILU(RWBH);
Create index INX_YW_L_JGSLBGDJ_RWBH on YW_L_JGSLBGDJ(RWBH);
Create index INX_YW_L_QYBZRY_RWBH on YW_L_QYBZRY(RWBH);
Create index INX_YW_L_QYCBJF_RWBH on YW_L_QYCBJF(RWBH);
Create index INX_YW_L_SJSFQYXX_RWBH on YW_L_SJSFQYXX(RWBH);
Create index INX_YW_L_GDBGJILU_RWBH on YW_L_GDBGJILU(RWBH);
Create index INX_YW_L_QJF_RWBH on YW_L_QJF(RWBH);
Create index INX_YW_L_XKZZNJ_RWBH on YW_L_XKZZNJ(RWBH);
Create index INX_YW_L_XZXKZCDX_RWBH on YW_L_XZXKZCDX(RWBH);

--自然人业务表索引

Create index INX_YW_P_GRJYZK_RWBH on YW_P_GRJYZK(RWBH);
Create index INX_YW_P_GRSGSXZCF_RWBH on YW_P_GRSGSXZCF(RWBH);
Create index INX_YW_P_GRSQJZRYXX_RWBH on YW_P_GRSQJZRYXX(RWBH);
Create index INX_YW_P_GRXIANXIE_RWBH on YW_P_GRXIANXIE(RWBH);
Create index INX_YW_P_GRXZCF_RWBH on YW_P_GRXZCF(RWBH);
Create index INX_YW_P_GRYLBXZT_RWBH on YW_P_GRYLBXZT(RWBH);
Create index INX_YW_P_GRZYZFW_RWBH on YW_P_GRZYZFW(RWBH);
Create index INX_YW_P_GRHONGMINGDAN_RWBH on YW_P_GRHONGMINGDAN(RWBH);
Create index INX_YW_P_GRJBXX_RWBH on YW_P_GRJBXX(RWBH);
Create index INX_YW_P_GRQS_RWBH on YW_P_GRQS(RWBH);
Create index INX_YW_P_GRRYXX_RWBH on YW_P_GRRYXX(RWBH);
Create index INX_YW_P_GRSYWY_RWBH on YW_P_GRSYWY(RWBH);
Create index INX_YW_P_GRXYPJ_RWBH on YW_P_GRXYPJ(RWBH);
Create index INX_YW_P_GRZYFWSC_RWBH on YW_P_GRZYFWSC(RWBH);
Create index INX_YW_P_GRCL_RWBH on YW_P_GRCL(RWBH);
Create index INX_YW_P_GRDB_RWBH on YW_P_GRDB(RWBH);
Create index INX_YW_P_GRJTSX_RWBH on YW_P_GRJTSX(RWBH);
Create index INX_YW_P_GRQTBLXX_RWBH on YW_P_GRQTBLXX(RWBH);
Create index INX_YW_P_GRXZXK_RWBH on YW_P_GRXZXK(RWBH);
Create index INX_YW_P_GRCYZG_RWBH on YW_P_GRCYZG(RWBH);
Create index INX_YW_P_GRSGSXZXK_RWBH on YW_P_GRSGSXZXK(RWBH);
Create index INX_YW_P_GRZGZC_RWBH on YW_P_GRZGZC(RWBH);
Create index INX_YW_P_GRZYJSZG_RWBH on YW_P_GRZYJSZG(RWBH);
Create index INX_YW_P_GRBZDJXX_RWBH on YW_P_GRBZDJXX(RWBH);
Create index INX_YW_P_GRFYQZZX_RWBH on YW_P_GRFYQZZX(RWBH);
Create index INX_YW_P_GRGZ_RWBH on YW_P_GRGZ(RWBH);
Create index INX_YW_P_GRHEIMINGDAN_RWBH on YW_P_GRHEIMINGDAN(RWBH);
Create index INX_YW_P_GRSFBD_RWBH on YW_P_GRSFBD(RWBH);
Create index INX_YW_P_GRXL_RWBH on YW_P_GRXL(RWBH);
Create index INX_YW_P_GRZGZCX_RWBH on YW_P_GRZGZCX(RWBH);
Create index INX_YW_P_GRZYHZXX_RWBH on YW_P_GRZYHZXX(RWBH);
Create index INX_YW_P_GRDBJTCYXX_RWBH on YW_P_GRDBJTCYXX(RWBH);
Create index INX_YW_P_GRHYDJ_RWBH on YW_P_GRHYDJ(RWBH);
Create index INX_YW_P_GRXHFZAJ_RWBH on YW_P_GRXHFZAJ(RWBH);
Create index INX_YW_P_GRZYZYZG_RWBH on YW_P_GRZYZYZG(RWBH);
Create index INX_YW_P_GRDBJTXX_RWBH on YW_P_GRDBJTXX(RWBH);
Create index INX_YW_P_GRETJZYM_RWBH on YW_P_GRETJZYM(RWBH);
Create index INX_YW_P_GRJSZXX_RWBH on YW_P_GRJSZXX(RWBH);
Create index INX_YW_P_GRNS_RWBH on YW_P_GRNS(RWBH);
Create index INX_YW_P_GRPJ_RWBH on YW_P_GRPJ(RWBH);

create public database link dbl_ysk  
        connect to credit_ysk_sz identified by credit_ysk_sz  
        using '(DESCRIPTION =  
                    (ADDRESS_LIST =  
                    (ADDRESS = (PROTOCOL = TCP)(HOST = 192.168.0.31 

)(PORT = 1522))  
                    )  
                    (CONNECT_DATA =  
                        (SERVICE_NAME = citgcdev.citgc.com)  
                    )  
                )';  
                 
drop procedure p_dp_process_result_calc;
create or replace procedure p_dp_process_result_calc is
  --处理数据清洗完成后各个类型的数据量，然后记录到dp_process_result表中，供统计分析查询使用
  --有效量：  etl_type=1 and type=1  业务库表中的rwbh字段为关联条件，计算count
  --未关联量：etl_type=1 and type=4  业务库表中的rwbh字段关联条件，计算jgdj_id is null的count
  --疑问量:etl_type=0 and type=2  DP_SUMMARY_INVALID_DATA表中的logic_table_id，task_code未关联条件，计算count
  --更新量：  etl_type=0 and type=3  dp_data_size的总量-dp_data_size疑问数据量-业务库有效量

  --为了提高执行效率可以增加一些索引：
  --1、业务库所有YW_开头的表，对字段 RWBH 加索引
  --2、业务库dp_data_size表，对字段 logic_table_id和task_code加联合索引，不过此表数据量应该比较小，不加也可以，影响不大
  --PS:加了索引插入更新速度会相应变慢，可酌情处理

  -- 游标
  CURSOR handle_list IS
    select UPPER(a.table_code) table_code,
           UPPER(a.yw_table_name) yw_table_name,
           c.task_code,
           c.logic_table_id,
           c.dept_id
      from dp_ysyw_relation a
      join dp_logic_table b
        on UPPER(a.table_code) = UPPER(b.code)
      join dp_data_report_log c
        on b.id = c.logic_table_id;

  YOUXIAO_COUNT number; --有效量
  WGL_COUNT     number; --未关联量
  GENXIN_COUNT  number; --更新量
  FAIL_COUNT    number; --疑问数据量
  ALL_COUNT     number; --总量
  v_sql         varchar2(32767); --用于存放SQL的变量

  INDEX_COUNT number; --循环索引
  END_COUNT   number; --kettle执行有效到业务后，dp_process_procedure_log结束时间不为空的数量
  CREATE_TIME  varchar2(50); --创建时间，取业务库时间

begin

  INDEX_COUNT := 0;
  --删除旧数据
  delete from dp_process_result;
    --处理本kettle处理结束但是结束时间为空的批次
   update dp_process_procedure_log a set end_time=sysdate
   where  a.deal_type = '3'
   and a.end_time is  null;

  for line in handle_list loop

    INDEX_COUNT := INDEX_COUNT + 1;
    
    CREATE_TIME:='';
     v_sql := 'select min(create_time)  from ' || line.yw_table_name ||
             ' yw where yw.RWBH = ''' || line.task_code || '''';

    execute immediate v_sql
      into CREATE_TIME;
      
    if CREATE_TIME  is null  then 
       v_sql := 'select min(create_time)  from jc_' || line.table_code ||
             '@dbl_ysk ys where ys.task_code = ''' || line.task_code || '''';

    execute immediate v_sql
      into CREATE_TIME;
      end if ;

    /*---------------计算有效量并记录----------------*/
    YOUXIAO_COUNT := 0;
    --查询数据量（全量的）
    v_sql := 'select count(*)  from ' || line.yw_table_name ||
             ' yw where yw.RWBH = ''' || line.task_code || '''';

    execute immediate v_sql
      into YOUXIAO_COUNT;

    IF YOUXIAO_COUNT > 0 THEN
      --插入新数据
      insert into dp_process_result
        (type,
         process_size,
         process_time,
         table_code,
         etl_type,
         task_code,
         dept_id)
      values
        (1,
         YOUXIAO_COUNT,
         CREATE_TIME,
         line.table_code,
         '1',
         line.task_code,
         line.dept_id);
    END IF;

    /*---------------计算未关联量并记录----------------*/
    --YW_L_JGSLBGDJ机构基本信息表不需要统计未关联量,自然人表不统计未关联量
    IF line.yw_table_name != 'YW_L_JGSLBGDJ' and
       SUBSTR(line.yw_table_name, 0, 4) = 'YW_L' THEN

      WGL_COUNT := 0;
      --查询数据量（全量的）
      v_sql := 'select count(*)  from ' || line.yw_table_name ||
               ' yw where yw.RWBH = ''' || line.task_code ||
               ''' and yw.JGDJ_ID is null';
               
      execute immediate v_sql
      into WGL_COUNT;

      IF WGL_COUNT > 0 THEN

      
        --插入新数据
        insert into dp_process_result
          (type,
           process_size,
           process_time,
           table_code,
           etl_type,
           task_code,
           dept_id)
        values
          (4,
           WGL_COUNT,
           CREATE_TIME,
           line.table_code,
           '1',
           line.task_code,
           line.dept_id);
      END IF;
    END IF;

    /*---------------计算更新量并记录----------------*/
    ALL_COUNT  := 0;
    FAIL_COUNT := 0;
    END_COUNT  := 0;

    --查询数据量（全量的）
    select sum(nvl(a.all_size, 0))
      into ALL_COUNT
      from dp_data_size a
     where a.logic_table_id = line.logic_table_id
       and a.task_code = line.task_code;

    select sum(nvl(a.fail_size, 0))
      into FAIL_COUNT
      from dp_data_size a
     where a.logic_table_id = line.logic_table_id
       and a.task_code = line.task_code;

    -- 更新量 = 总量-总疑问量-总有效量
    GENXIN_COUNT := ALL_COUNT - FAIL_COUNT - YOUXIAO_COUNT ;

    select count(*)
      into END_COUNT
      from dp_process_procedure_log a
     where a.task_code = line.task_code
       and a.deal_type = '3'
       and a.end_time is not null;

    -- 如果END_COUNT为0，表示kettle还未执行完成，更新量为0
    IF END_COUNT = 0 THEN
      GENXIN_COUNT := 0;
    END IF;

    IF GENXIN_COUNT > 0 THEN
      --插入新数据
      insert into dp_process_result
        (type,
         process_size,
         process_time,
         table_code,
         etl_type,
         task_code,
         dept_id)
      values
        (3,
         GENXIN_COUNT,
         CREATE_TIME,
         line.table_code,
         '0',
         line.task_code,
         line.dept_id);
    END IF;

    --每500条提交一次事务
    IF mod(INDEX_COUNT, 500) = 0 THEN
      commit;
    END IF;
  end loop;
  -- 提交循环后不能整除的剩余事务
  commit;

end p_dp_process_result_calc;
/



------重新计算 dp_data_size 和 DP_SUMMARY_INVALID_DATA 表中数据
 create or replace procedure p_dp_data_size_calc is
  CURSOR TABLE_LIST IS
    select t.dept_id, t.id, t.code, s.code as dept_code
      from view_version_table_dept t
      join sys_department s
        on t.dept_id = s.sys_department_id
     where 'JC_' || t.code || '_E' in
           (select TABLE_NAME
              from user_tab_columns@dbl_ysk
             where UPPER(TABLE_NAME) LIKE '%_E'
             group by table_name)
     group by t.dept_id, t.id, t.code, s.code;

  v_sql varchar2(32767); --用于存放SQL的变量

BEGIN
  delete from dp_data_size; --删除dp_data_size记录
  delete from DP_SUMMARY_INVALID_DATA; -- 删除DP_SUMMARY_INVALID_DATA记录

  FOR table_row IN TABLE_LIST LOOP

    v_sql := 'insert into dp_data_size (ID, DEPT_ID, LOGIC_TABLE_ID, SUCCESS_SIZE, FAIL_SIZE, ALL_SIZE, TASK_CODE,TABLE_VERSION_ID, CREATE_TIME)
      select sys_guid(),''' || table_row.dept_id || ''',''' ||
             table_row.id || ''',
      sum(case when status<>999 and status <> -3 then 1 else 0 end) as success_size,
      sum(case when status=999 or status=-3 then 1 else 0 end) fail_size,
      count(1) as all_size,
      task_code ,
      TABLE_VERSION_ID,
      min(create_time)as create_time
      from jc_' || table_row.code ||
             '@dbl_ysk where dept_code=''' || table_row.dept_code || '''
      group by task_code,TABLE_VERSION_ID
      ';
    execute immediate v_sql;
    COMMIT;

    v_sql := 'insert into DP_SUMMARY_INVALID_DATA (ID, data_source , status , create_time , invalid_size , dept_id , logic_table_id , task_code,TABLE_VERSION_ID )
      select  sys_guid(),data_sourse,OPERATE_STATUS,min(create_time) as create_time,
      count(1) as invalid_size,
      ''' || table_row.dept_id || ''',
      ''' || table_row.id || ''',
      task_code,TABLE_VERSION_ID
      from jc_' || table_row.code ||
             '_E@dbl_ysk where dept_id=''' || table_row.dept_id || '''
      group by data_sourse,dept_id,task_code,TABLE_VERSION_ID,OPERATE_STATUS
      ';
    execute immediate v_sql;
    COMMIT;

  END LOOP;
  begin
    -- Call the procedure
    p_dp_process_result_calc;
  end;
end p_dp_data_size_calc;

/
--添加定时任务，为防止数据出现不一致，处理完dp_data_size后同时处理dp_process_result表，供统计分析查询使用
begin
  sys.dbms_scheduler.create_job(job_name        => 'p_dp_data_size_calc_job',
                                job_type        => 'STORED_PROCEDURE',
                                job_action      => 'p_dp_data_size_calc',
                                start_date      => sysdate,
                                repeat_interval => 'Freq=Minutely;Interval=30',
                                end_date        => to_date(null),
                                job_class       => 'DEFAULT_JOB_CLASS',
                                enabled         => true,
                                auto_drop       => false,
                                comments        => '处理完dp_data_size后同时处理dp_process_result表，供统计分析查询使用');
end;
/




--添加疑问数据导入文件待解析表
drop table DP_QRTZ_ERROR_FILE_PARSE;
-- Create table
create table DP_QRTZ_ERROR_FILE_PARSE
(
  id                        VARCHAR2(50) not null,
  task_code                 VARCHAR2(50),
  task_name                 VARCHAR2(250) not null,
  file_path                 VARCHAR2(250) not null,
  table_code                VARCHAR2(50) not null,
  dept_code                 VARCHAR2(50) not null,
  login_table_id            VARCHAR2(50) not null,
  table_column_code         VARCHAR2(4000) not null,
  create_time               DATE not null,
  create_user               VARCHAR2(50),
  file_name                 VARCHAR2(250) not null,
  dept_name                 VARCHAR2(250),
  status                    INTEGER default 0,
  parse_time_start          DATE,
  parse_time_end            DATE,
  parse_cnt_success         INTEGER default 0,
  parse_cnt_fail            INTEGER default 0,
  file_storage_host_name    VARCHAR2(2000),
  file_storage_host_address VARCHAR2(2000),
  file_parse_host_name      VARCHAR2(2000),
  file_parse_host_address   VARCHAR2(2000)
);
-- Add comments to the table 
comment on table DP_QRTZ_ERROR_FILE_PARSE
  is '数据上报文件定时解析表';
-- Add comments to the columns 
comment on column DP_QRTZ_ERROR_FILE_PARSE.id
  is '主键';
comment on column DP_QRTZ_ERROR_FILE_PARSE.task_code
  is '任务编号';
comment on column DP_QRTZ_ERROR_FILE_PARSE.task_name
  is '任务名称（也是表名的注释）';
comment on column DP_QRTZ_ERROR_FILE_PARSE.file_path
  is '要解析的文件路径';
comment on column DP_QRTZ_ERROR_FILE_PARSE.table_code
  is '表名编码';
comment on column DP_QRTZ_ERROR_FILE_PARSE.dept_code
  is '部门编码';
comment on column DP_QRTZ_ERROR_FILE_PARSE.login_table_id
  is '外键（关联DP_LOGIN_TABLE主键id）';
comment on column DP_QRTZ_ERROR_FILE_PARSE.table_column_code
  is '表字段编码（多个之间用逗号隔开）';
comment on column DP_QRTZ_ERROR_FILE_PARSE.create_time
  is '创建时间';
comment on column DP_QRTZ_ERROR_FILE_PARSE.create_user
  is '创建人id';
comment on column DP_QRTZ_ERROR_FILE_PARSE.file_name
  is '原始文件名';
comment on column DP_QRTZ_ERROR_FILE_PARSE.dept_name
  is '部门名称';
comment on column DP_QRTZ_ERROR_FILE_PARSE.status
  is '0：待解析，1：解析中，2：解析成功，3：解析失败，4：文件不存在';
comment on column DP_QRTZ_ERROR_FILE_PARSE.parse_time_start
  is '解析开始时间';
comment on column DP_QRTZ_ERROR_FILE_PARSE.parse_time_end
  is '解析结束时间';
comment on column DP_QRTZ_ERROR_FILE_PARSE.parse_cnt_success
  is '解析成功数据量';
comment on column DP_QRTZ_ERROR_FILE_PARSE.parse_cnt_fail
  is '解析失败数据量';
comment on column DP_QRTZ_ERROR_FILE_PARSE.file_storage_host_name
  is '文件存放主机名称';
comment on column DP_QRTZ_ERROR_FILE_PARSE.file_storage_host_address
  is '文件存放主机地址';
comment on column DP_QRTZ_ERROR_FILE_PARSE.file_parse_host_name
  is '文件解析主机名称';
comment on column DP_QRTZ_ERROR_FILE_PARSE.file_parse_host_address
  is '文件解析主机地址';
-- Create/Recreate primary, unique and foreign key constraints 
alter table DP_QRTZ_ERROR_FILE_PARSE
  add constraint PK_DP_QRTZ_ERROR_FILE_PARSE primary key (ID)
  using index;

-- 接口管理-------------------------begin-------------------
drop table LD_DATA_ACCESS_RULE;
create table LD_DATA_ACCESS_RULE
(
  id                 VARCHAR2(50) not null,
  rulecode           NUMBER,
  accesslimit        NUMBER,
  startdate          TIMESTAMP(0),
  enddate            TIMESTAMP(0),
  interfacemanagerid VARCHAR2(50)
)
;
comment on table LD_DATA_ACCESS_RULE
  is '接口访问规则';
comment on column LD_DATA_ACCESS_RULE.id
  is '主键';
comment on column LD_DATA_ACCESS_RULE.rulecode
  is '规则编码';
comment on column LD_DATA_ACCESS_RULE.accesslimit
  is '访问次数限制';
comment on column LD_DATA_ACCESS_RULE.startdate
  is '开始日期';
comment on column LD_DATA_ACCESS_RULE.enddate
  is '结束日期';
comment on column LD_DATA_ACCESS_RULE.interfacemanagerid
  is '接口ID';
alter table LD_DATA_ACCESS_RULE
  add primary key (ID);
  
drop table LD_INTERFACE_APPLY;
create table LD_INTERFACE_APPLY
(
  id                 VARCHAR2(50) not null,
  item               VARCHAR2(100),
  appname            VARCHAR2(1000),
  offeree            VARCHAR2(50),
  ipaddr             VARCHAR2(50),
  requirement        VARCHAR2(4000),
  accessrule         VARCHAR2(100),
  createuser         VARCHAR2(50),
  createdate         TIMESTAMP(0),
  status             VARCHAR2(4),
  departid           VARCHAR2(50),
  interfacemanagerid VARCHAR2(50)
)
;
comment on table LD_INTERFACE_APPLY
  is '接口申请表';
comment on column LD_INTERFACE_APPLY.id
  is '主键';
comment on column LD_INTERFACE_APPLY.item
  is '事项类别';
comment on column LD_INTERFACE_APPLY.appname
  is '应用名称';
comment on column LD_INTERFACE_APPLY.offeree
  is '相对人';
comment on column LD_INTERFACE_APPLY.ipaddr
  is '对接ip地址';
comment on column LD_INTERFACE_APPLY.requirement
  is '需求数据字段';
comment on column LD_INTERFACE_APPLY.accessrule
  is '访问频率';
comment on column LD_INTERFACE_APPLY.createuser
  is '申请人';
comment on column LD_INTERFACE_APPLY.createdate
  is '申请时间';
comment on column LD_INTERFACE_APPLY.status
  is '状态';
comment on column LD_INTERFACE_APPLY.departid
  is '应用单位';
comment on column LD_INTERFACE_APPLY.interfacemanagerid
  is '接口配置id';
alter table LD_INTERFACE_APPLY
  add primary key (ID);
  
  drop table LD_INTERFACE_MANAGER;
  create table LD_INTERFACE_MANAGER
(
  id                VARCHAR2(50) not null,
  appname           VARCHAR2(50),
  marking           VARCHAR2(50) not null,
  departmentid      VARCHAR2(50),
  ipaddr            VARCHAR2(50),
  state             NUMBER,
  incrementalstatus NUMBER,
  parameterstatus   NUMBER,
  interfacetype     NUMBER,
  sqlstring         VARCHAR2(2000),
  dictionaryid      VARCHAR2(50),
  createdate        TIMESTAMP(0) not null,
  createuserid      VARCHAR2(50),
  updatedate        TIMESTAMP(0),
  updateuserid      VARCHAR2(50),
  templeateid       VARCHAR2(50)
)
;
comment on table LD_INTERFACE_MANAGER
  is '接口管理';
comment on column LD_INTERFACE_MANAGER.id
  is '主键';
comment on column LD_INTERFACE_MANAGER.appname
  is '应用名称';
comment on column LD_INTERFACE_MANAGER.marking
  is '标识key';
comment on column LD_INTERFACE_MANAGER.departmentid
  is '部门id';
comment on column LD_INTERFACE_MANAGER.ipaddr
  is 'IP地址 为空时表示无IP限制，不为空时需要校验IP';
comment on column LD_INTERFACE_MANAGER.state
  is '状态（0：禁用 1：启用';
comment on column LD_INTERFACE_MANAGER.incrementalstatus
  is '是否增量，0否，1是';
comment on column LD_INTERFACE_MANAGER.parameterstatus
  is '是否带参数，0不带，1带';
comment on column LD_INTERFACE_MANAGER.interfacetype
  is '接口类型 0：普通接口 1：高级接口';
comment on column LD_INTERFACE_MANAGER.sqlstring
  is '高级模式接口使用的sql语句';
comment on column LD_INTERFACE_MANAGER.dictionaryid
  is '数据字典ID';
comment on column LD_INTERFACE_MANAGER.createdate
  is '创建时间';
comment on column LD_INTERFACE_MANAGER.createuserid
  is '创建人';
comment on column LD_INTERFACE_MANAGER.updatedate
  is '更新时间';
comment on column LD_INTERFACE_MANAGER.updateuserid
  is '更新人';
comment on column LD_INTERFACE_MANAGER.templeateid
  is '普通接口模板ID';
alter table LD_INTERFACE_MANAGER
  add primary key (ID);

drop table LD_INTERFACE_SHENHE;
create table LD_INTERFACE_SHENHE
(
  id                 VARCHAR2(50) not null,
  createdate         TIMESTAMP(0),
  createuser         VARCHAR2(50),
  interface_apply_id VARCHAR2(50),
  status             VARCHAR2(4),
  opinion            VARCHAR2(1000)
)
;
comment on table LD_INTERFACE_SHENHE
  is '接口申请审核表';
comment on column LD_INTERFACE_SHENHE.id
  is '主键';
comment on column LD_INTERFACE_SHENHE.createdate
  is '审核时间';
comment on column LD_INTERFACE_SHENHE.createuser
  is '审核人';
comment on column LD_INTERFACE_SHENHE.interface_apply_id
  is '外键';
comment on column LD_INTERFACE_SHENHE.status
  is '审核状态';
comment on column LD_INTERFACE_SHENHE.opinion
  is '审核意见';
alter table LD_INTERFACE_SHENHE
  add primary key (ID);

drop table LD_INTERFACE_STATISTICS;
create table LD_INTERFACE_STATISTICS
(
  id                 VARCHAR2(50) not null,
  interfacemanagerid VARCHAR2(50),
  visitdate          TIMESTAMP(0) not null,
  datacount          VARCHAR2(50),
  token              VARCHAR2(200)
)
;
comment on table LD_INTERFACE_STATISTICS
  is '接口统计';
comment on column LD_INTERFACE_STATISTICS.id
  is '主键';
comment on column LD_INTERFACE_STATISTICS.interfacemanagerid
  is '接口管理id';
comment on column LD_INTERFACE_STATISTICS.visitdate
  is '访问日期';
comment on column LD_INTERFACE_STATISTICS.datacount
  is '数据返回数量';
comment on column LD_INTERFACE_STATISTICS.token
  is '数据访问标识';
alter table LD_INTERFACE_STATISTICS
  add primary key (ID);
--删除信用报告模板用途中的字典项【接口配置】
delete from sys_dictionary a  where a.id='4028498159001426015900615d460025';
commit;
--建个顶级资源 - 接口配置
insert into sys_dictionary_group (ID, GROUP_KEY, GROUP_NAME, DESCRIPTION)
values ('4028498159001426015900659eaf0029', 'zyyt', '资源用途', '资源库中资源用途');

insert into dz_theme (ID, PARENT_ID, TYPE, TYPE_NAME, DATA_SOURCE, DATA_TABLE, STATUS, CREATE_TIME, ZYYT)
values ('ROOT_99', 'ROOT', '0', '接口配置', null, null, '1', to_timestamp('27-DEC-16 12.00.00 AM','dd-MM-yy hh:mi:ss pm'), '99');
--添加字典项 - 接口配置
insert into sys_dictionary (ID, GROUP_ID, DICT_KEY, DICT_VALUE, DICT_ORDER)
values ('402894ee5bf56f6e015bf575832c0011', '4028498159001426015900659eaf0029', '4', '接口配置', null);
commit;
-------------------------------信用信息共享start------------------------------------------
insert into SYS_MENU (SYS_MENU_ID, PARENT_ID, MENU_NAME, MENU_URL, MENU_ICON, DISPLAY_ORDER)
values ('402894ee5bec0b07015bec68f0fb0040', 'ROOT_1', '信用信息共享', null, 'fa fa-share-alt', 70);
commit;
----
-------------------------------接口申请管理start------------------------------------------
insert into sys_menu (SYS_MENU_ID, PARENT_ID, MENU_NAME, MENU_URL, MENU_ICON, DISPLAY_ORDER)
values ('402894ee5beb1b02015beb1eb8800008', 'ROOT_2', '接口申请管理', 'gov/interfaceApply/interfaceApplyList.action', 'fa fa-circle-o', 45);

insert into sys_menu (SYS_MENU_ID, PARENT_ID, MENU_NAME, MENU_URL, MENU_ICON, DISPLAY_ORDER)
values ('402894ee5bec0b07015bec69d4580045', '402894ee5bec0b07015bec68f0fb0040', '接口审核', 'center/interfaceAudit/interfaceAuditList.action', 'fa fa-circle-o', 7005);

insert into sys_menu (SYS_MENU_ID, PARENT_ID, MENU_NAME, MENU_URL, MENU_ICON, DISPLAY_ORDER)
values ('402894ee5bf101fd015bf13d32910044', '402894ee5bec0b07015bec68f0fb0040', '接口管理', 'center/interfaceManager/interfaceManagerList.action', 'fa fa-circle-o', 7010);

insert into sys_menu (SYS_MENU_ID, PARENT_ID, MENU_NAME, MENU_URL, MENU_ICON, DISPLAY_ORDER)
values ('402894ee5bfb2a62015bfb5f5c150086', '402894ee5bec0b07015bec68f0fb0040', '接口监控', 'center/interfaceMonitor/interfaceMonitorList.action', 'fa fa-circle-o', 7015);

insert into sys_menu (SYS_MENU_ID, PARENT_ID, MENU_NAME, MENU_URL, MENU_ICON, DISPLAY_ORDER)
values ('402894ee5bfb2a62015bfb9df33d00cd', '402894ee5bec0b07015bec68f0fb0040', '接口统计', 'center/interfaceStatistics/interfaceStatistics.action', 'fa fa-circle-o', 7020);

insert into sys_menu (SYS_MENU_ID, PARENT_ID, MENU_NAME, MENU_URL, MENU_ICON, DISPLAY_ORDER)
values ('402894ee5bf662dc015bf6e3d6ac0140', '402894ee5bec0b07015bec68f0fb0040', '接口测试', 'center/webservice/wsTest.action', 'fa fa-circle-o', 7090);

insert into sys_privilege (SYS_PRIVILEGE_ID, PRIVILEGE_CODE, PRIVILEGE_NAME, DESCRIPTION, USERS_COUNT, ROLES_COUNT, ALL_USERS_COUNT, DISPLAY_ORDER, SYS_MENU_ID)
values ('402894ee5beb1b02015beb1f16090010', 'gov.interface.apply.list', '接口申请管理', null, null, null, null, null, '402894ee5beb1b02015beb1eb8800008');

insert into sys_privilege (SYS_PRIVILEGE_ID, PRIVILEGE_CODE, PRIVILEGE_NAME, DESCRIPTION, USERS_COUNT, ROLES_COUNT, ALL_USERS_COUNT, DISPLAY_ORDER, SYS_MENU_ID)
values ('402894ee5bec0b07015bec6bf23c0051', 'center.interface.apply.audit', '接口申请审核', null, null, null, null, null, '402894ee5bec0b07015bec69d4580045');

insert into sys_privilege (SYS_PRIVILEGE_ID, PRIVILEGE_CODE, PRIVILEGE_NAME, DESCRIPTION, USERS_COUNT, ROLES_COUNT, ALL_USERS_COUNT, DISPLAY_ORDER, SYS_MENU_ID)
values ('402894ee5bf101fd015bf13e2082004e', 'center.interface.manager', '接口管理', null, null, null, null, null, '402894ee5bf101fd015bf13d32910044');

insert into sys_privilege (SYS_PRIVILEGE_ID, PRIVILEGE_CODE, PRIVILEGE_NAME, DESCRIPTION, USERS_COUNT, ROLES_COUNT, ALL_USERS_COUNT, DISPLAY_ORDER, SYS_MENU_ID)
values ('402894ee5bfb2a62015bfb5fce580091', 'center.webservice.monitor', '接口监控', null, null, null, null, null, '402894ee5bfb2a62015bfb5f5c150086');

insert into sys_privilege (SYS_PRIVILEGE_ID, PRIVILEGE_CODE, PRIVILEGE_NAME, DESCRIPTION, USERS_COUNT, ROLES_COUNT, ALL_USERS_COUNT, DISPLAY_ORDER, SYS_MENU_ID)
values ('402894ee5bfb2a62015bfba1a22900d7', 'center.webservice.statistics', '接口统计', null, null, null, null, null, '402894ee5bfb2a62015bfb9df33d00cd');

insert into sys_privilege (SYS_PRIVILEGE_ID, PRIVILEGE_CODE, PRIVILEGE_NAME, DESCRIPTION, USERS_COUNT, ROLES_COUNT, ALL_USERS_COUNT, DISPLAY_ORDER, SYS_MENU_ID)
values ('402894ee5bf662dc015bf6e43646014a', 'center.webservice.test', '接口测试', null, null, null, null, null, '402894ee5bf662dc015bf6e3d6ac0140');

insert into sys_role_to_privilege (SYS_ROLE_ID, SYS_PRIVILEGE_ID)
values ('8aa0bef544713ca60144713d364a0000', '402894ee5bfb2a62015bfb5fce580091');

insert into sys_role_to_privilege (SYS_ROLE_ID, SYS_PRIVILEGE_ID)
values ('2c90c28158761b550158762482b50015', '402894ee5bfb2a62015bfba1a22900d7');

insert into sys_role_to_privilege (SYS_ROLE_ID, SYS_PRIVILEGE_ID)
values ('8aa0bef544713ca60144713d364a0000', '402894ee5bf101fd015bf13e2082004e');

insert into sys_role_to_privilege (SYS_ROLE_ID, SYS_PRIVILEGE_ID)
values ('2c90c28158761b550158762482b50015', '402894ee5bfb2a62015bfb5fce580091');

insert into sys_role_to_privilege (SYS_ROLE_ID, SYS_PRIVILEGE_ID)
values ('40289454547b159d01547b1efe25000c', '402894ee5beb1b02015beb1f16090010');

insert into sys_role_to_privilege (SYS_ROLE_ID, SYS_PRIVILEGE_ID)
values ('2c90c28158761b550158762482b50015', '402894ee5bec0b07015bec6bf23c0051');

insert into sys_role_to_privilege (SYS_ROLE_ID, SYS_PRIVILEGE_ID)
values ('8aa0bef544713ca60144713d364a0000', '402894ee5bfb2a62015bfba1a22900d7');

insert into sys_role_to_privilege (SYS_ROLE_ID, SYS_PRIVILEGE_ID)
values ('8aa0bef544713ca60144713d364a0000', '402894ee5bf662dc015bf6e43646014a');

insert into sys_role_to_privilege (SYS_ROLE_ID, SYS_PRIVILEGE_ID)
values ('2c90c28158761b550158762482b50015', '402894ee5bf662dc015bf6e43646014a');

insert into sys_role_to_privilege (SYS_ROLE_ID, SYS_PRIVILEGE_ID)
values ('8aa0bef544713ca60144713d364a0000', '402894ee5beb1b02015beb1f16090010');

insert into sys_role_to_privilege (SYS_ROLE_ID, SYS_PRIVILEGE_ID)
values ('2c90c28158761b550158762482b50015', '402894ee5bf101fd015bf13e2082004e');

insert into sys_role_to_privilege (SYS_ROLE_ID, SYS_PRIVILEGE_ID)
values ('8aa0bef544713ca60144713d364a0000', '402894ee5bec0b07015bec6bf23c0051');
commit;

-- 接口管理-----------------------------------------end-----------------------


------------------------------------------- 双公示（许可、处罚） START -------------------------------------------
ALTER TABLE YW_L_SGSXZXK MODIFY STATUS DEFAULT 1;
COMMENT ON COLUMN YW_L_SGSXZXK.STATUS IS '状态（1：公示中，9：取消公示）';

COMMENT ON COLUMN YW_L_SGSXZXK.ZZJGDM IS '行政相对人代码＿2（组织机构代码）';
COMMENT ON COLUMN YW_L_SGSXZXK.GSZCH IS '行政相对人代码＿3（工商登记码）';
COMMENT ON COLUMN YW_L_SGSXZXK.TYSHXYDM IS '行政相对人代码＿1（统一社会信用代码）';
COMMENT ON COLUMN YW_L_SGSXZXK.SWDJH IS '行政相对人代码＿4（税务登记码）';
COMMENT ON COLUMN YW_L_SGSXZXK.FDDBRSFZH IS '行政相对人代码＿5（居民身份证号）';
COMMENT ON COLUMN YW_L_SGSXZXK.XKSXQ IS '许可决定日期';

ALTER TABLE YW_L_SGSXZCF MODIFY STATUS DEFAULT 1;
COMMENT ON COLUMN YW_L_SGSXZCF.STATUS IS '状态（1：公示中，9：取消公示）';

ALTER TABLE YW_L_SGSXZCF ADD CFLB2 VARCHAR2(200) NULL;
COMMENT ON COLUMN YW_L_SGSXZCF.CFLB2 IS '处罚类别2';
COMMENT ON COLUMN YW_L_SGSXZCF.ZZJGDM IS '行政相对人代码_2 (组织机构代码)';
COMMENT ON COLUMN YW_L_SGSXZCF.GSZCH IS '行政相对人代码_3 (工商登记码)';
COMMENT ON COLUMN YW_L_SGSXZCF.TYSHXYDM IS '行政相对人代码_1 (统一社会信用代码)';
COMMENT ON COLUMN YW_L_SGSXZCF.CFJDSWH IS '行政处罚决定书文号';
COMMENT ON COLUMN YW_L_SGSXZCF.AJMC IS '处罚名称';
COMMENT ON COLUMN YW_L_SGSXZCF.CFZL IS '处罚类别1';
COMMENT ON COLUMN YW_L_SGSXZCF.FDDBRMC IS '法定代表人姓名';
COMMENT ON COLUMN YW_L_SGSXZCF.FDDBRSFZH IS '行政相对人代码_5 (居民身份证号)';
COMMENT ON COLUMN YW_L_SGSXZCF.CFJGMC IS '处罚机关';
COMMENT ON COLUMN YW_L_SGSXZCF.XZXDRSWDJH IS '行政相对人代码_4 (税务登记号)';

------------------------------------------- 双公示（许可、处罚） END -------------------------------------------

------------------------------------------- 信用核查 start -------------------------------------------

-- 信用核查记录表添加起止时间
alter table DT_CREDIT_EXAMINE add SCSJ_START DATE;
COMMENT ON COLUMN "DT_CREDIT_EXAMINE"."SCSJ_START" IS '审查开始时间';
alter table DT_CREDIT_EXAMINE add SCSJ_END DATE;
COMMENT ON COLUMN "DT_CREDIT_EXAMINE"."SCSJ_END" IS '审查结束时间';

update sys_menu t set t.menu_name = '信用审查' where t.sys_menu_id = '2c90c281587574200158757500850008';
update sys_menu t set t.menu_name = '信用审查' where t.sys_menu_id = '2c90c281587574200158759cd7a2005d';
update sys_menu t set t.menu_name = '信用审查上传' where t.sys_menu_id = '402894f85986ff2d01598708c772003a';
update sys_menu t set t.menu_name = '信用审查审核' where t.sys_menu_id = '2c90c28158757420015875a7090c007f';
update sys_menu t set t.menu_name = '信用审查申请' where t.sys_menu_id = '2c90c28158757420015875885e000030';
update sys_menu t set t.menu_name = '信用审查查询' where t.sys_menu_id = '2c90c281587574200158758946380035';
------------------------------------------- 信用核查 END -------------------------------------------

-------------------- 修改公示表结构、注释 start------------------------------------------
COMMENT ON COLUMN YW_L_SGSXZCF.DQZT IS '0=正常（公示中），1=撤销（取消公示），2=异议，3=其他';
COMMENT ON COLUMN YW_L_SGSXZXK.DQZT IS '0=正常（公示中），1=撤销（取消公示），2=异议，3=其他';
COMMENT ON COLUMN YW_L_SGSXZCF.STATUS IS '数据状态（未整合("0"), 已整合("1"), 已修复("2"), 已删除("3"), 已修正("4")）';
COMMENT ON COLUMN YW_L_SGSXZXK.STATUS IS '数据状态（未整合("0"), 已整合("1"), 已修复("2"), 已删除("3"), 已修正("4")）';

ALTER TABLE YW_L_HONGMINGDAN ADD DQZT VARCHAR2(2) DEFAULT 1 NOT NULL;
COMMENT ON COLUMN YW_L_HONGMINGDAN.DQZT IS '1=待公示，2=公示中，3=已公示';
COMMENT ON COLUMN YW_L_HONGMINGDAN.STATUS IS '数据状态（未整合("0"), 已整合("1"), 已修复("2"), 已删除("3"), 已修正("4")）';
ALTER TABLE YW_L_HEIMINGDAN ADD DQZT VARCHAR2(2) DEFAULT 1 NOT NULL;
COMMENT ON COLUMN YW_L_HEIMINGDAN.DQZT IS '1=待公示，2=公示中，3=已公示';
COMMENT ON COLUMN YW_L_HEIMINGDAN.STATUS IS '数据状态（未整合("0"), 已整合("1"), 已修复("2"), 已删除("3"), 已修正("4")）';
-------------------- 修改公示表结构、注释 end------------------------------------------

-------------------- 公示表数据 状态值更新 start------------------------------------------
UPDATE YW_L_HONGMINGDAN set DQZT = '1' where STATUS = '1';
UPDATE YW_L_HONGMINGDAN set DQZT = '2' where STATUS = '2';
UPDATE YW_L_HONGMINGDAN set DQZT = '3' where STATUS = '3';
UPDATE YW_L_HEIMINGDAN set DQZT = '1' where STATUS = '1';
UPDATE YW_L_HEIMINGDAN set DQZT = '2' where STATUS = '2';
UPDATE YW_L_HEIMINGDAN set DQZT = '3' where STATUS = '3';

UPDATE YW_L_SGSXZXK set DQZT = '1' where STATUS = '9';
UPDATE YW_L_SGSXZXK set DQZT = '0' where STATUS <> '9' AND DQZT is null;
UPDATE YW_L_SGSXZXK set STATUS = '1' where STATUS = '9';

UPDATE YW_L_SGSXZCF set DQZT = '1' where STATUS = '9';
UPDATE YW_L_SGSXZCF set DQZT = '0' where STATUS <> '9' AND DQZT is null;
UPDATE YW_L_SGSXZCF set STATUS = '1' where STATUS = '9';
-------------------- 公示表数据 状态值更新 start------------------------------------------
commit;

------------------------------------------ 绩效考核 begin---------------------------------------------------------

DROP TABLE DT_ACHIEVEMENTS;
DROP TABLE DT_ACHIEVEMENTS_KPI;

-- 绩效考核
CREATE TABLE DT_ACHIEVEMENTS
(
  ID                  VARCHAR2(50) PRIMARY KEY,
  DEPT_ID             VARCHAR2(50),
  YEAR                VARCHAR2(50),
  DEPT_SCORE          NUMBER,
  CENTER_SCORE        NUMBER,
  STATUS              VARCHAR2(5),
  CREATE_ID           VARCHAR2(50),
  CREATE_TIME         DATE,
  UPDATE_ID           VARCHAR2(50),
  UPDATE_TIME         DATE
);
-- ADD COMMENTS TO THE TABLE 
COMMENT ON TABLE DT_ACHIEVEMENTS
  IS '绩效考核';
-- ADD COMMENTS TO THE COLUMNS 
COMMENT ON COLUMN DT_ACHIEVEMENTS.ID
  IS '主键';
COMMENT ON COLUMN DT_ACHIEVEMENTS.DEPT_ID
  IS '部门ID';
COMMENT ON COLUMN DT_ACHIEVEMENTS.YEAR
  IS '年度(YYYY)';
COMMENT ON COLUMN DT_ACHIEVEMENTS.DEPT_SCORE
  IS '部门自评总分';
COMMENT ON COLUMN DT_ACHIEVEMENTS.CENTER_SCORE
  IS '中心评分总分';
COMMENT ON COLUMN DT_ACHIEVEMENTS.STATUS
  IS '状态（1：部门自评，2：待评分，3：已评分）';
COMMENT ON COLUMN DT_ACHIEVEMENTS.CREATE_ID
  IS '创建人';
COMMENT ON COLUMN DT_ACHIEVEMENTS.CREATE_TIME
  IS '创建时间';
COMMENT ON COLUMN DT_ACHIEVEMENTS.UPDATE_ID
  IS '更新人';
COMMENT ON COLUMN DT_ACHIEVEMENTS.UPDATE_TIME
  IS '更新时间';

-- 绩效考核指标得分
CREATE TABLE DT_ACHIEVEMENTS_KPI
(
  ID                  VARCHAR2(50) PRIMARY KEY,
  ACHIEVEMENTS_ID     VARCHAR2(50),
  KPI_CODE            VARCHAR2(50),
  KPI_ITEM_CODE       VARCHAR2(50),
  DEPT_SCORE          NUMBER,
  DEPT_DESC           VARCHAR2(500),
  CENTER_SCORE        NUMBER,
  CENTER_DESC         VARCHAR2(500)
);
-- ADD COMMENTS TO THE TABLE 
COMMENT ON TABLE DT_ACHIEVEMENTS_KPI
  IS '绩效考核指标得分';
-- ADD COMMENTS TO THE COLUMNS 
COMMENT ON COLUMN DT_ACHIEVEMENTS_KPI.ID
  IS '主键';
COMMENT ON COLUMN DT_ACHIEVEMENTS_KPI.ACHIEVEMENTS_ID
  IS '绩效考核表ID';
COMMENT ON COLUMN DT_ACHIEVEMENTS_KPI.KPI_CODE
  IS '指标编码';
COMMENT ON COLUMN DT_ACHIEVEMENTS_KPI.KPI_ITEM_CODE
  IS '指标项编码';
COMMENT ON COLUMN DT_ACHIEVEMENTS_KPI.DEPT_SCORE
  IS '部门自评分';
COMMENT ON COLUMN DT_ACHIEVEMENTS_KPI.CENTER_SCORE
  IS '中心评分';
COMMENT ON COLUMN DT_ACHIEVEMENTS_KPI.CENTER_DESC
  IS '中心备注';

-- 绩效考核菜单及权限
insert into sys_menu (SYS_MENU_ID, PARENT_ID, MENU_NAME, MENU_URL, MENU_ICON, DISPLAY_ORDER)
values ('402894ee60392358016039348f700022', 'ROOT_1', '绩效考核管理', '/achievements/toCenterList.action', 'fa fa-circle-o', 34);

insert into sys_menu (SYS_MENU_ID, PARENT_ID, MENU_NAME, MENU_URL, MENU_ICON, DISPLAY_ORDER)
values ('402894ee603923580160392f63ad0005', 'ROOT_2', '绩效考核管理', '/achievements/toGovList.action', 'fa fa-circle-o', 91);

insert into Sys_Privilege (SYS_PRIVILEGE_ID, SYS_MENU_ID, PRIVILEGE_CODE, PRIVILEGE_NAME, DESCRIPTION, USERS_COUNT, ROLES_COUNT, ALL_USERS_COUNT, DISPLAY_ORDER)
values ('402894ee60392358016039355d890026', '402894ee60392358016039348f700022', 'center.achievements', '信用办绩效考核管理', null, null, null, null, null);

insert into Sys_Privilege (SYS_PRIVILEGE_ID, SYS_MENU_ID, PRIVILEGE_CODE, PRIVILEGE_NAME, DESCRIPTION, USERS_COUNT, ROLES_COUNT, ALL_USERS_COUNT, DISPLAY_ORDER)
values ('402894ee6039235801603935a9370028', '402894ee603923580160392f63ad0005', 'gov.achievements', '部门绩效考核管理', null, null, null, null, null);

insert into sys_role_to_privilege (SYS_ROLE_ID, SYS_PRIVILEGE_ID)
values ('2c90c28158761b550158762482b50015', '402894ee60392358016039355d890026');

insert into sys_role_to_privilege (SYS_ROLE_ID, SYS_PRIVILEGE_ID)
values ('8aa0bef544713ca60144713d364a0000', '402894ee60392358016039355d890026');

insert into sys_role_to_privilege (SYS_ROLE_ID, SYS_PRIVILEGE_ID)
values ('8aa0bef544713ca60144713d364a0000', '402894ee6039235801603935a9370028');

insert into sys_role_to_privilege (SYS_ROLE_ID, SYS_PRIVILEGE_ID)
values ('40289454547b159d01547b1efe25000c', '402894ee6039235801603935a9370028');

commit;
-------------------------------------------绩效考核 end ------------------------------------------------------

-------------------------------------------新增归集周期字典项---------------------------------------------------

insert into SYS_DICTIONARY (ID, GROUP_ID, DICT_KEY, DICT_VALUE, DICT_ORDER)
values ('402894ee58dd73780158dd7da49c0024', '402894ee58dd73780158dd7da49d001d', '5', '天', null);

insert into SYS_DICTIONARY (ID, GROUP_ID, DICT_KEY, DICT_VALUE, DICT_ORDER)
values ('402894ee58dd73780158dd7da49d0025', '402894ee58dd73780158dd7da49d001d', '6', '不限周期', null);
commit;
------------新增归集周期字典项end---------------


-------------------新增数据目录的版本控制相关表-----begin-----------------------------
alter table DP_TABLE_VERSION
   drop unique (VERSION) cascade;

alter table DP_TABLE_VERSION
   drop primary key cascade;

drop table DP_TABLE_VERSION cascade constraints;

/*==============================================================*/
/* Table: DP_TABLE_VERSION                                      */
/*==============================================================*/
create table DP_TABLE_VERSION
(
   ID                   VARCHAR2(50)         not null,
   VERSION              VARCHAR2(250)        not null,
   DESCRIPTION          VARCHAR2(2000),
   STATUS               VARCHAR2(2)          default '1' not null,
   CREATE_TIME          DATE                 not null,
   UPDATE_TIME          DATE,
   CREATE_USER          VARCHAR2(50),
   UPDATE_USER          VARCHAR2(50)
);

comment on table DP_TABLE_VERSION is
'数据目录版本';

comment on column DP_TABLE_VERSION.ID is
'主键';

comment on column DP_TABLE_VERSION.VERSION is
'版本号';

comment on column DP_TABLE_VERSION.DESCRIPTION is
'描述';

comment on column DP_TABLE_VERSION.STATUS is
'启用状态(0未启用 1已启用)';

comment on column DP_TABLE_VERSION.CREATE_TIME is
'创建时间';

comment on column DP_TABLE_VERSION.UPDATE_TIME is
'更新时间';

comment on column DP_TABLE_VERSION.CREATE_USER is
'创建人';

comment on column DP_TABLE_VERSION.UPDATE_USER is
'更新人';

alter table DP_TABLE_VERSION
   add constraint PK_DP_TABLE_VERSION primary key (ID);

alter table DP_TABLE_VERSION
   add constraint AK_WY_DP_TABLE unique (VERSION);
alter table DP_CLASSIFY_VERSION_CONFIG
   drop primary key cascade;

drop table DP_CLASSIFY_VERSION_CONFIG cascade constraints;

/*==============================================================*/
/* Table: DP_CLASSIFY_VERSION_CONFIG                            */
/*==============================================================*/
create table DP_CLASSIFY_VERSION_CONFIG
(
   ID                   VARCHAR2(50)         not null,
   LOGIC_CLASSIFY_ID    VARCHAR2(50)         not null,
   TABLE_VERSION_ID     VARCHAR2(50)         not null,
   CREATE_USER          VARCHAR2(50),
   CREATE_TIME          DATE,
   UPDATE_USER          VARCHAR2(50),
   UPDATE_TIME          DATE
);

comment on table DP_CLASSIFY_VERSION_CONFIG is
'数据目录分类版本配置';

comment on column DP_CLASSIFY_VERSION_CONFIG.ID is
'主键';

comment on column DP_CLASSIFY_VERSION_CONFIG.LOGIC_CLASSIFY_ID is
'数据分类ID（外键DP_LOGIC_CLASSIFY的id）';

comment on column DP_CLASSIFY_VERSION_CONFIG.TABLE_VERSION_ID is
'外键（DP_TABLE_VERSION表主键）';

comment on column DP_CLASSIFY_VERSION_CONFIG.CREATE_USER is
'创建人';

comment on column DP_CLASSIFY_VERSION_CONFIG.CREATE_TIME is
'创建时间';

comment on column DP_CLASSIFY_VERSION_CONFIG.UPDATE_USER is
'更新人id';

comment on column DP_CLASSIFY_VERSION_CONFIG.UPDATE_TIME is
'更新时间';

alter table DP_CLASSIFY_VERSION_CONFIG
   add constraint PK_DP_CLASSIFY_VERSION_CONFIG primary key (ID);
alter table DP_TABLE_VERSION_CONFIG
   drop primary key cascade;

drop table DP_TABLE_VERSION_CONFIG cascade constraints;

/*==============================================================*/
/* Table: DP_TABLE_VERSION_CONFIG                               */
/*==============================================================*/
create table DP_TABLE_VERSION_CONFIG
(
   ID                   VARCHAR2(50)         not null,
   LOGIC_TABLE_ID       VARCHAR2(50)         not null,
   TABLE_VERSION_ID     VARCHAR2(50)         not null,
   IS_CHECK_DATE        VARCHAR2(2)          default '0' not null,
   IS_CHECK_REPEAT      VARCHAR2(2)          default '0' not null,
   BEGIN_DATE_CODE      VARCHAR2(50),
   END_DATE_CODE        VARCHAR2(50),
   REPEAT_CODES         VARCHAR2(500),
   CREATE_TIME          DATE                 not null,
   UPDATE_TIME          DATE,
   CREATE_USER          VARCHAR2(50),
   UPDATE_USER          VARCHAR2(50)
);

comment on table DP_TABLE_VERSION_CONFIG is
'数据目录版本配置';

comment on column DP_TABLE_VERSION_CONFIG.ID is
'主键';

comment on column DP_TABLE_VERSION_CONFIG.LOGIC_TABLE_ID is
'外键（DP_LOGIC_TABLE表主键）';

comment on column DP_TABLE_VERSION_CONFIG.TABLE_VERSION_ID is
'外键（DP_TABLE_VERSION表主键）';

comment on column DP_TABLE_VERSION_CONFIG.IS_CHECK_DATE is
'是否校验日期（0否 ，1是）';

comment on column DP_TABLE_VERSION_CONFIG.IS_CHECK_REPEAT is
'是否校验重复（0否，1是）';

comment on column DP_TABLE_VERSION_CONFIG.BEGIN_DATE_CODE is
'待校验的起始日期字段编码';

comment on column DP_TABLE_VERSION_CONFIG.END_DATE_CODE is
'待校验的结束日期字段编码';

comment on column DP_TABLE_VERSION_CONFIG.REPEAT_CODES is
'用来校验数据是否重复的字段编码集，字段编码使用;分号隔开';

comment on column DP_TABLE_VERSION_CONFIG.CREATE_TIME is
'创建时间';

comment on column DP_TABLE_VERSION_CONFIG.UPDATE_TIME is
'更新时间';

comment on column DP_TABLE_VERSION_CONFIG.CREATE_USER is
'创建人';

comment on column DP_TABLE_VERSION_CONFIG.UPDATE_USER is
'更新人';

alter table DP_TABLE_VERSION_CONFIG
   add constraint PK_DP_TABLE_VERSION_CONFIG primary key (ID);
alter table DP_COLUMN_VERSION_CONFIG
   drop primary key cascade;

drop table DP_COLUMN_VERSION_CONFIG cascade constraints;

/*==============================================================*/
/* Table: DP_COLUMN_VERSION_CONFIG                              */
/*==============================================================*/
create table DP_COLUMN_VERSION_CONFIG
(
   ID                   VARCHAR2(50)         not null,
   TABLE_VERSION_CONFIG_ID VARCHAR2(50)         not null,
   LOGIC_COLUMN_ID      VARCHAR2(50)         not null,
   IS_NULLABLE          VARCHAR2(2)          default '1',
   REQUIRED_GROUP       VARCHAR2(200),
   POSTIL               VARCHAR2(400),
   FIELD_SORT           NUMBER(5)
);

comment on table DP_COLUMN_VERSION_CONFIG is
'数据目录列信息版本配置';

comment on column DP_COLUMN_VERSION_CONFIG.ID is
'主键';

comment on column DP_COLUMN_VERSION_CONFIG.TABLE_VERSION_CONFIG_ID is
'外键（DP_TABLE_VERSION_CONFIG表主键）';

comment on column DP_COLUMN_VERSION_CONFIG.LOGIC_COLUMN_ID is
'外键（DP_LOGIC_COLUMN表主键）';

comment on column DP_COLUMN_VERSION_CONFIG.IS_NULLABLE is
'是否允许为空（0否，1允许）';

comment on column DP_COLUMN_VERSION_CONFIG.REQUIRED_GROUP is
'组（多选一）';

comment on column DP_COLUMN_VERSION_CONFIG.POSTIL is
'批注';

comment on column DP_COLUMN_VERSION_CONFIG.FIELD_SORT is
'排序';

alter table DP_COLUMN_VERSION_CONFIG
   add constraint PK_DP_COLUMN_VERSION_CONFIG primary key (ID);

-------------------新增数据目录的版本控制相关表------end----------------------------=======
------------新增归集周期字典项end---------------


------版本——表——部门关系视图
create or replace view view_version_table_dept as
(
 select lt.ID,
        lt.ID                logic_table_id,
        lt.CODE,
        lt.NAME,
        lt.CREATE_ID,
        lt.CREATE_TIME,
        lt.UPDATE_ID,
        lt.UPDATE_TIME,
        ltd.DEPT_ID,
        lt.DS_TYPE,
        lt.STATUS,
        lt.MAPPED_CODE,
        lt.TASK_PERIOD,
        lt.DATA_CATEGORY,
        lt.DAYS,
        lt.TABLE_DESC,
        lt.LOGIC_CLASSIFY_ID,
        lt.TABLE_SORT,
        lt.TEMPLATE_ID,
        lt.PERSON_TYPE,
        tvc.id               table_version_config_id,
        tv.id table_version_id,
        tv.version
   from DP_TABLE_VERSION_CONFIG tvc
   join DP_TABLE_VERSION tv
     on tv.id = tvc.table_version_id
   join DP_LOGIC_TABLE lt
     on tvc.logic_table_id = lt.id
   join DP_LOGIC_TABLE_DEPT ltd
     on tvc.id = ltd.table_version_config_id
);
--归集信息配置菜单脚本
insert into sys_menu (SYS_MENU_ID, PARENT_ID, MENU_NAME, MENU_URL, MENU_ICON, DISPLAY_ORDER)
values ('402894b86729921901672b6297ad0094', '2c90c281587574200158759d3ced0062', '归集信息配置', 'schema/allocationList.action', 'fa fa-circle-o', 2550);

insert into sys_privilege (SYS_PRIVILEGE_ID, SYS_MENU_ID, PRIVILEGE_CODE, PRIVILEGE_NAME, DESCRIPTION, USERS_COUNT, ROLES_COUNT, ALL_USERS_COUNT, DISPLAY_ORDER)
values ('402894b86729921901672b641c580097', '402894b86729921901672b6297ad0094', 'allocation.list', '归集信息配置', '归集信息配置', null, null, null, null);

insert into sys_role_to_privilege (SYS_ROLE_ID, SYS_PRIVILEGE_ID)
values ('8aa0bef544713ca60144713d364a0000', '402894b86729921901672b641c580097');

insert into sys_role_to_privilege (SYS_ROLE_ID, SYS_PRIVILEGE_ID)
values ('2c90c28158761b550158762482b50015', '402894b86729921901672b641c580097');

commit;